ISO-10303-21;
HEADER;
FILE_DESCRIPTION (( 'STEP AP214' ),
    '1' );
FILE_NAME ('Fan Bracket.STEP',
    '2026-08-08T15:58:36',
    ( '' ),
    ( '' ),
    'SwSTEP 2.0',
    'SolidWorks 2026',
    '' );
FILE_SCHEMA (( 'AUTOMOTIVE_DESIGN' ));
ENDSEC;

DATA;
#1 = DIRECTION ( 'NONE',  ( 0.000000000000000000, 1.000000000000000000, -3.469446951953611033E-15 ) ) ;
#2 = DIRECTION ( 'NONE',  ( -1.349229370204183433E-16, -3.481823409827467069E-15, -1.000000000000000000 ) ) ;
#3 = DIRECTION ( 'NONE',  ( -1.000000000000000000, -9.485583311334247286E-17, 0.000000000000000000 ) ) ;
#4 = ORIENTED_EDGE ( 'NONE', *, *, #1852, .T. ) ;
#5 = DIRECTION ( 'NONE',  ( -1.349229370204183433E-16, -3.481823409827467069E-15, -1.000000000000000000 ) ) ;
#6 = ORIENTED_EDGE ( 'NONE', *, *, #1470, .F. ) ;
#7 = DIRECTION ( 'NONE',  ( 0.000000000000000000, 1.000000000000000000, -3.469446951953611033E-15 ) ) ;
#8 = PLANE ( 'NONE',  #1265 ) ;
#9 = SHAPE_DEFINITION_REPRESENTATION ( #45, #395 ) ;
#10 = VECTOR ( 'NONE', #73, 39.37007874015748143 ) ;
#11 = AXIS2_PLACEMENT_3D ( 'NONE', #1767, #223, #1776 ) ;
#12 = ORIENTED_EDGE ( 'NONE', *, *, #360, .F. ) ;
#13 = FACE_OUTER_BOUND ( 'NONE', #189, .T. ) ;
#14 = CIRCLE ( 'NONE', #419, 0.07086614173228344971 ) ;
#15 = AXIS2_PLACEMENT_3D ( 'NONE', #183, #1561, #29 ) ;
#16 = EDGE_CURVE ( 'NONE', #1006, #445, #795, .T. ) ;
#17 = VECTOR ( 'NONE', #1809, 39.37007874015748143 ) ;
#18 = DIRECTION ( 'NONE',  ( 0.000000000000000000, -3.491481338843133750E-15, -1.000000000000000000 ) ) ;
#19 = DIRECTION ( 'NONE',  ( 0.000000000000000000, 1.000000000000000000, 0.000000000000000000 ) ) ;
#20 = AXIS2_PLACEMENT_3D ( 'NONE', #755, #2136, #473 ) ;
#21 = AXIS2_PLACEMENT_3D ( 'NONE', #1037, #367, #1755 ) ;
#22 = CARTESIAN_POINT ( 'NONE',  ( 0.8858267716535432879, 1.696283471259842468, -0.1968503937007934634 ) ) ;
#23 = ORIENTED_EDGE ( 'NONE', *, *, #1128, .T. ) ;
#24 = LINE ( 'NONE', #1786, #1873 ) ;
#25 = ORIENTED_EDGE ( 'NONE', *, *, #2070, .T. ) ;
#26 = DIRECTION ( 'NONE',  ( 1.000000000000000000, 9.485583311334247286E-17, -0.000000000000000000 ) ) ;
#27 = CARTESIAN_POINT ( 'NONE',  ( -0.5590551181102362266, 1.535433070866139893, -0.2328503937007938285 ) ) ;
#28 = AXIS2_PLACEMENT_3D ( 'NONE', #1218, #872, #2114 ) ;
#29 = DIRECTION ( 'NONE',  ( 1.000000000000000000, 0.000000000000000000, 0.000000000000000000 ) ) ;
#30 = EDGE_CURVE ( 'NONE', #817, #1447, #734, .T. ) ;
#31 = DIRECTION ( 'NONE',  ( 1.686325922014974271E-15, -1.000000000000000000, 0.000000000000000000 ) ) ;
#32 = ORIENTED_EDGE ( 'NONE', *, *, #1894, .F. ) ;
#33 = CARTESIAN_POINT ( 'NONE',  ( 0.6540871251600380853, 0.04499999999999965833, -0.1318503937007876603 ) ) ;
#34 = CARTESIAN_POINT ( 'NONE',  ( -0.9448818897640000047, 5.255374059333119423E-17, 0.07086614173228303337 ) ) ;
#35 = ORIENTED_EDGE ( 'NONE', *, *, #1309, .T. ) ;
#36 = LINE ( 'NONE', #77, #2088 ) ;
#37 = DIRECTION ( 'NONE',  ( 1.349229370204183433E-16, 3.481823409827467069E-15, 1.000000000000000000 ) ) ;
#38 = CARTESIAN_POINT ( 'NONE',  ( 0.9645669291338578866, 0.000000000000000000, 0.1968503937007873017 ) ) ;
#39 = ADVANCED_FACE ( 'NONE', ( #938 ), #2145, .F. ) ;
#40 = LINE ( 'NONE', #2128, #1867 ) ;
#41 = ORIENTED_EDGE ( 'NONE', *, *, #838, .T. ) ;
#42 = CARTESIAN_POINT ( 'NONE',  ( -0.9645669291338588858, 0.000000000000000000, 0.1968503937007875793 ) ) ;
#43 = CARTESIAN_POINT ( 'NONE',  ( 5.463695987328526437E-17, 0.9055118110236217710, 0.1608503937007842166 ) ) ;
#44 = EDGE_LOOP ( 'NONE', ( #2137, #758, #739, #2151 ) ) ;
#45 = PRODUCT_DEFINITION_SHAPE ( 'NONE', 'NONE',  #558 ) ;
#46 = CARTESIAN_POINT ( 'NONE',  ( -0.9448818897640000047, 0.000000000000000000, 0.000000000000000000 ) ) ;
#47 = AXIS2_PLACEMENT_3D ( 'NONE', #2264, #698, #1224 ) ;
#48 = ORIENTED_EDGE ( 'NONE', *, *, #1900, .F. ) ;
#49 = CARTESIAN_POINT ( 'NONE',  ( -0.5987709120870595703, 0.3945560043245857629, 0.1608503937007861040 ) ) ;
#50 = CIRCLE ( 'NONE', #156, 0.1181102362204724532 ) ;
#51 = PLANE ( 'NONE',  #1549 ) ;
#52 = AXIS2_PLACEMENT_3D ( 'NONE', #440, #406, #1771 ) ;
#53 = AXIS2_PLACEMENT_3D ( 'NONE', #1025, #1348, #1017 ) ;
#54 = FACE_OUTER_BOUND ( 'NONE', #1989, .T. ) ;
#55 = CIRCLE ( 'NONE', #761, 0.1181102362204725503 ) ;
#56 = VERTEX_POINT ( 'NONE', #1837 ) ;
#57 = CARTESIAN_POINT ( 'NONE',  ( -0.9254267716535427013, -0.03599999999999999034, -0.1122503937007874597 ) ) ;
#58 = EDGE_CURVE ( 'NONE', #504, #1509, #1102, .T. ) ;
#59 = ORIENTED_EDGE ( 'NONE', *, *, #2164, .F. ) ;
#60 = DIRECTION ( 'NONE',  ( 1.349229370204183433E-16, 3.481823409827466675E-15, 1.000000000000000000 ) ) ;
#61 = CARTESIAN_POINT ( 'NONE',  ( 1.082677165354330340, -0.03599999999999999728, 0.07874015748031487627 ) ) ;
#62 = DIRECTION ( 'NONE',  ( 0.000000000000000000, 6.982962677686265922E-15, -1.000000000000000000 ) ) ;
#63 = CARTESIAN_POINT ( 'NONE',  ( 0.5709793756241108298, 1.547357328380014385, -0.1968503937007874127 ) ) ;
#64 = VERTEX_POINT ( 'NONE', #34 ) ;
#65 = CARTESIAN_POINT ( 'NONE',  ( -0.9645669291338588858, 0.000000000000000000, -0.07874015748031480688 ) ) ;
#66 = EDGE_LOOP ( 'NONE', ( #1838, #599, #1064, #2134 ) ) ;
#67 = EDGE_CURVE ( 'NONE', #2005, #64, #1277, .T. ) ;
#68 = CYLINDRICAL_SURFACE ( 'NONE', #1186, 0.07086614173228324154 ) ;
#69 = EDGE_CURVE ( 'NONE', #1329, #139, #730, .T. ) ;
#70 = ORIENTED_EDGE ( 'NONE', *, *, #2016, .T. ) ;
#71 = DIRECTION ( 'NONE',  ( 1.387778780781445676E-16, 3.492443348153763541E-15, 1.000000000000000000 ) ) ;
#72 = CARTESIAN_POINT ( 'NONE',  ( -0.8858267716535432879, -7.683322482180740425E-16, -0.1518503937007874560 ) ) ;
#73 = DIRECTION ( 'NONE',  ( 1.387778780781445676E-16, 3.492443348153763541E-15, 1.000000000000000000 ) ) ;
#74 = ORIENTED_EDGE ( 'NONE', *, *, #1339, .T. ) ;
#75 = DIRECTION ( 'NONE',  ( 0.000000000000000000, 0.000000000000000000, 1.000000000000000000 ) ) ;
#76 = ORIENTED_EDGE ( 'NONE', *, *, #972, .T. ) ;
#77 = CARTESIAN_POINT ( 'NONE',  ( 1.082677165354330340, -0.03599999999999999728, -0.1968503937007875515 ) ) ;
#78 = PRODUCT_DEFINITION_CONTEXT ( 'detailed design', #1058, 'design' ) ;
#79 = DIRECTION ( 'NONE',  ( 1.349229370204183433E-16, 3.481823409827467069E-15, 1.000000000000000000 ) ) ;
#80 = DIRECTION ( 'NONE',  ( 0.000000000000000000, 1.000000000000000000, -3.511757280635975905E-15 ) ) ;
#81 = AXIS2_PLACEMENT_3D ( 'NONE', #908, #2104, #31 ) ;
#82 = ADVANCED_FACE ( 'NONE', ( #2119 ), #8, .T. ) ;
#83 = CIRCLE ( 'NONE', #2242, 0.1377952755905511584 ) ;
#84 = CARTESIAN_POINT ( 'NONE',  ( 0.9448818897635591352, 5.255374059333119423E-17, -0.07086614173228303337 ) ) ;
#85 = VECTOR ( 'NONE', #368, 39.37007874015748143 ) ;
#86 = ORIENTED_EDGE ( 'NONE', *, *, #1470, .T. ) ;
#87 = AXIS2_PLACEMENT_3D ( 'NONE', #1155, #2152, #811 ) ;
#88 = CARTESIAN_POINT ( 'NONE',  ( 0.6540871251600381964, -6.232028235546600282E-16, -0.1518503937007875948 ) ) ;
#89 = VECTOR ( 'NONE', #1139, 39.37007874015748143 ) ;
#90 = ORIENTED_EDGE ( 'NONE', *, *, #768, .F. ) ;
#91 = DIRECTION ( 'NONE',  ( -0.000000000000000000, -0.000000000000000000, 1.000000000000000000 ) ) ;
#92 = CARTESIAN_POINT ( 'NONE',  ( 0.8858267716535432879, -5.975917486140575667E-16, -0.1122503937007874597 ) ) ;
#93 = CARTESIAN_POINT ( 'NONE',  ( 0.6418455173563942795, 1.547357328380014385, -0.2328503937007929125 ) ) ;
#94 = EDGE_CURVE ( 'NONE', #180, #2199, #373, .T. ) ;
#95 = CARTESIAN_POINT ( 'NONE',  ( 0.5590551181102362266, 0.2755905511811009845, -0.1968503937007874127 ) ) ;
#96 = VERTEX_POINT ( 'NONE', #1431 ) ;
#97 = CARTESIAN_POINT ( 'NONE',  ( -0.9448818897640000047, 0.000000000000000000, -0.07086614173228324154 ) ) ;
#98 = EDGE_LOOP ( 'NONE', ( #145, #1214, #1703, #1808 ) ) ;
#99 = ORIENTED_EDGE ( 'NONE', *, *, #127, .T. ) ;
#100 = DIRECTION ( 'NONE',  ( -1.000000000000000000, 0.000000000000000000, 0.000000000000000000 ) ) ;
#101 = FACE_OUTER_BOUND ( 'NONE', #1600, .T. ) ;
#102 = ORIENTED_EDGE ( 'NONE', *, *, #725, .T. ) ;
#103 = CARTESIAN_POINT ( 'NONE',  ( -0.3987646261355865529, 0.3436619891674209115, 0.1608503937007862428 ) ) ;
#104 = CARTESIAN_POINT ( 'NONE',  ( 0.8858267716535432879, -0.03599999999999999034, -0.1518503937007874560 ) ) ;
#105 = VERTEX_POINT ( 'NONE', #1456 ) ;
#106 = CARTESIAN_POINT ( 'NONE',  ( 0.6180871251600382754, -0.01799999999999677205, 1.040928171776253963 ) ) ;
#107 = EDGE_CURVE ( 'NONE', #953, #1413, #390, .T. ) ;
#108 = ORIENTED_EDGE ( 'NONE', *, *, #152, .F. ) ;
#109 = DIRECTION ( 'NONE',  ( -0.000000000000000000, 1.000000000000000000, -0.000000000000000000 ) ) ;
#110 = ORIENTED_EDGE ( 'NONE', *, *, #2232, .F. ) ;
#111 = CIRCLE ( 'NONE', #15, 0.07086614173228344971 ) ;
#112 =( CONVERSION_BASED_UNIT ( 'INCH', #1397 ) LENGTH_UNIT ( ) NAMED_UNIT ( #129 ) );
#113 = DIRECTION ( 'NONE',  ( -9.485583311334247286E-17, 1.000000000000000000, 0.000000000000000000 ) ) ;
#114 = ORIENTED_EDGE ( 'NONE', *, *, #179, .F. ) ;
#115 = LINE ( 'NONE', #1843, #1510 ) ;
#116 = AXIS2_PLACEMENT_3D ( 'NONE', #797, #606, #1141 ) ;
#117 = DIRECTION ( 'NONE',  ( 1.000000000000000000, 0.000000000000000000, 0.000000000000000000 ) ) ;
#118 = VECTOR ( 'NONE', #1391, 39.37007874015748143 ) ;
#119 = AXIS2_PLACEMENT_3D ( 'NONE', #1308, #1109, #434 ) ;
#120 = ORIENTED_EDGE ( 'NONE', *, *, #16, .F. ) ;
#121 = DIRECTION ( 'NONE',  ( 0.000000000000000000, -3.481067000988386044E-15, -1.000000000000000000 ) ) ;
#122 = AXIS2_PLACEMENT_3D ( 'NONE', #1919, #1065, #910 ) ;
#123 = AXIS2_PLACEMENT_3D ( 'NONE', #160, #1252, #1721 ) ;
#124 = VECTOR ( 'NONE', #412, 39.37007874015748143 ) ;
#125 = ORIENTED_EDGE ( 'NONE', *, *, #1192, .T. ) ;
#126 = CIRCLE ( 'NONE', #20, 0.07086614173228344971 ) ;
#127 = EDGE_CURVE ( 'NONE', #279, #2027, #1835, .T. ) ;
#128 = LINE ( 'NONE', #1167, #975 ) ;
#129 = DIMENSIONAL_EXPONENTS ( 1.000000000000000000, 0.000000000000000000, 0.000000000000000000, 0.000000000000000000, 0.000000000000000000, 0.000000000000000000, 0.000000000000000000 ) ;
#130 = ORIENTED_EDGE ( 'NONE', *, *, #821, .T. ) ;
#131 = FACE_OUTER_BOUND ( 'NONE', #922, .T. ) ;
#132 = ORIENTED_EDGE ( 'NONE', *, *, #1633, .T. ) ;
#133 = DIRECTION ( 'NONE',  ( -1.000000000000000000, -9.485583311334247286E-17, 0.000000000000000000 ) ) ;
#134 = ORIENTED_EDGE ( 'NONE', *, *, #660, .T. ) ;
#135 = FACE_BOUND ( 'NONE', #1441, .T. ) ;
#136 = ORIENTED_EDGE ( 'NONE', *, *, #623, .T. ) ;
#137 = CARTESIAN_POINT ( 'NONE',  ( -0.6418455173563942795, 1.547357328380016162, 0.1608503937007820794 ) ) ;
#138 = ADVANCED_FACE ( 'NONE', ( #595 ), #1574, .T. ) ;
#139 = VERTEX_POINT ( 'NONE', #1317 ) ;
#140 = CARTESIAN_POINT ( 'NONE',  ( -0.6540871251600380853, 0.04499999999999965833, -0.1318503937007874938 ) ) ;
#141 = EDGE_CURVE ( 'NONE', #750, #2027, #1472, .T. ) ;
#142 = EDGE_LOOP ( 'NONE', ( #2191, #576, #1201, #1032 ) ) ;
#143 = EDGE_CURVE ( 'NONE', #2188, #472, #1244, .T. ) ;
#144 = DIRECTION ( 'NONE',  ( 1.000000000000000000, 0.000000000000000000, 0.000000000000000000 ) ) ;
#145 = ORIENTED_EDGE ( 'NONE', *, *, #875, .F. ) ;
#146 = DIRECTION ( 'NONE',  ( 0.000000000000000000, 1.000000000000000000, -6.123233995736766036E-17 ) ) ;
#147 = ORIENTED_EDGE ( 'NONE', *, *, #334, .T. ) ;
#148 = ORIENTED_EDGE ( 'NONE', *, *, #203, .T. ) ;
#149 = FACE_BOUND ( 'NONE', #267, .T. ) ;
#150 = LINE ( 'NONE', #857, #188 ) ;
#151 = DIRECTION ( 'NONE',  ( -1.387778780781445676E-16, -3.492443348153763541E-15, -1.000000000000000000 ) ) ;
#152 = EDGE_CURVE ( 'NONE', #1507, #405, #861, .T. ) ;
#153 = VERTEX_POINT ( 'NONE', #212 ) ;
#154 = DIRECTION ( 'NONE',  ( -0.000000000000000000, -1.000000000000000000, -0.000000000000000000 ) ) ;
#155 = ORIENTED_EDGE ( 'NONE', *, *, #1704, .T. ) ;
#156 = AXIS2_PLACEMENT_3D ( 'NONE', #2234, #1488, #1352 ) ;
#157 = VECTOR ( 'NONE', #2184, 39.37007874015748143 ) ;
#158 = VERTEX_POINT ( 'NONE', #921 ) ;
#159 = VECTOR ( 'NONE', #1452, 39.37007874015748143 ) ;
#160 = CARTESIAN_POINT ( 'NONE',  ( 0.9448818897635591352, 0.000000000000000000, 0.000000000000000000 ) ) ;
#161 = AXIS2_PLACEMENT_3D ( 'NONE', #1091, #919, #2153 ) ;
#162 = LINE ( 'NONE', #1581, #1299 ) ;
#163 = DIRECTION ( 'NONE',  ( 0.000000000000000000, -1.000000000000000000, 3.469446951953614189E-15 ) ) ;
#164 = DIRECTION ( 'NONE',  ( 0.000000000000000000, 0.000000000000000000, -1.000000000000000000 ) ) ;
#165 = EDGE_CURVE ( 'NONE', #1343, #502, #1545, .T. ) ;
#166 = ORIENTED_EDGE ( 'NONE', *, *, #2062, .F. ) ;
#167 = CARTESIAN_POINT ( 'NONE',  ( 0.6180871251600380534, -0.01800000000000120601, -0.1968503937007872462 ) ) ;
#168 = EDGE_CURVE ( 'NONE', #1450, #340, #696, .T. ) ;
#169 = ORIENTED_EDGE ( 'NONE', *, *, #1633, .F. ) ;
#170 = CARTESIAN_POINT ( 'NONE',  ( -0.9645669291338587747, -0.03599999999999999728, 0.07874015748031511219 ) ) ;
#171 = ORIENTED_EDGE ( 'NONE', *, *, #1486, .F. ) ;
#172 = CARTESIAN_POINT ( 'NONE',  ( -0.5618498218562012481, 1.304276437159207935, 0.1608503937007829399 ) ) ;
#173 = CARTESIAN_POINT ( 'NONE',  ( -0.6540871251600380853, 0.000000000000000000, 8.825135599383430179E-17 ) ) ;
#174 = DIRECTION ( 'NONE',  ( 0.000000000000000000, -1.000000000000000000, 3.469446951953611033E-15 ) ) ;
#175 = VERTEX_POINT ( 'NONE', #575 ) ;
#176 = CARTESIAN_POINT ( 'NONE',  ( -0.6418455173563945015, 0.2636662936672275470, 0.1608503937007865758 ) ) ;
#177 = ORIENTED_EDGE ( 'NONE', *, *, #1029, .F. ) ;
#178 = LINE ( 'NONE', #765, #1691 ) ;
#179 = EDGE_CURVE ( 'NONE', #1447, #1865, #402, .T. ) ;
#180 = VERTEX_POINT ( 'NONE', #1981 ) ;
#181 = DIRECTION ( 'NONE',  ( 0.000000000000000000, 1.000000000000000000, -3.469446951953615372E-15 ) ) ;
#182 = DIRECTION ( 'NONE',  ( -1.000000000000000000, -4.881199242859378971E-33, 1.367178771946683974E-16 ) ) ;
#183 = CARTESIAN_POINT ( 'NONE',  ( -0.6418455173563945015, 0.2636662936672261592, -0.1968503937007874127 ) ) ;
#184 = CARTESIAN_POINT ( 'NONE',  ( -0.6299212598425196763, 1.535433070866139893, -0.1968503937007874127 ) ) ;
#185 = ORIENTED_EDGE ( 'NONE', *, *, #1995, .T. ) ;
#186 = LINE ( 'NONE', #1430, #1758 ) ;
#187 = CIRCLE ( 'NONE', #119, 0.07086614173228344971 ) ;
#188 = VECTOR ( 'NONE', #1547, 39.37007874015748143 ) ;
#189 = EDGE_LOOP ( 'NONE', ( #911, #1089, #917, #185 ) ) ;
#190 = ADVANCED_FACE ( 'NONE', ( #278 ), #1287, .F. ) ;
#191 = LINE ( 'NONE', #2112, #1267 ) ;
#192 = AXIS2_PLACEMENT_3D ( 'NONE', #1609, #1748, #1261 ) ;
#193 = CARTESIAN_POINT ( 'NONE',  ( -0.6540871251600380853, -0.03600000000000070505, -0.1318503937007872162 ) ) ;
#194 = LINE ( 'NONE', #736, #1184 ) ;
#195 = CIRCLE ( 'NONE', #235, 0.07086614173228344971 ) ;
#196 = VECTOR ( 'NONE', #204, 39.37007874015748143 ) ;
#197 = FACE_OUTER_BOUND ( 'NONE', #237, .T. ) ;
#198 = ORIENTED_EDGE ( 'NONE', *, *, #30, .F. ) ;
#199 = DIRECTION ( 'NONE',  ( -1.982541115402064913E-15, -1.000000000000000000, 3.469446951953613006E-15 ) ) ;
#200 = FACE_OUTER_BOUND ( 'NONE', #2227, .T. ) ;
#201 = EDGE_LOOP ( 'NONE', ( #318, #1067, #2047, #853 ) ) ;
#202 = DIRECTION ( 'NONE',  ( -1.000000000000000000, -9.485583311334247286E-17, 0.000000000000000000 ) ) ;
#203 = EDGE_CURVE ( 'NONE', #472, #953, #1972, .T. ) ;
#204 = DIRECTION ( 'NONE',  ( 0.000000000000000000, -1.000000000000000000, 6.123233995736766036E-17 ) ) ;
#205 = DIRECTION ( 'NONE',  ( 1.000000000000000000, 0.000000000000000000, 0.000000000000000000 ) ) ;
#206 = EDGE_CURVE ( 'NONE', #1175, #1905, #860, .T. ) ;
#207 = EDGE_CURVE ( 'NONE', #1495, #2039, #497, .T. ) ;
#208 = FACE_OUTER_BOUND ( 'NONE', #992, .T. ) ;
#209 = ADVANCED_FACE ( 'NONE', ( #1899 ), #2197, .T. ) ;
#210 = ORIENTED_EDGE ( 'NONE', *, *, #30, .T. ) ;
#211 = CYLINDRICAL_SURFACE ( 'NONE', #192, 0.07086614173228324154 ) ;
#212 = CARTESIAN_POINT ( 'NONE',  ( 0.4671242763302581591, 1.563678745198027631, -0.2328503937007929403 ) ) ;
#213 = ORIENTED_EDGE ( 'NONE', *, *, #862, .F. ) ;
#214 = DIRECTION ( 'NONE',  ( -1.387778780781445676E-16, -3.492443348153763541E-15, -1.000000000000000000 ) ) ;
#215 = DIRECTION ( 'NONE',  ( 0.000000000000000000, -1.000000000000000000, 3.469446951953614978E-15 ) ) ;
#216 = DIRECTION ( 'NONE',  ( -1.398692455658434002E-16, -3.496731139146086583E-15, -1.000000000000000000 ) ) ;
#217 = EDGE_CURVE ( 'NONE', #945, #391, #607, .T. ) ;
#218 = LINE ( 'NONE', #782, #339 ) ;
#219 = EDGE_LOOP ( 'NONE', ( #863, #1104 ) ) ;
#220 = CARTESIAN_POINT ( 'NONE',  ( 0.7677165354330708347, 1.814393707480314921, -0.2328503937007938840 ) ) ;
#221 = CARTESIAN_POINT ( 'NONE',  ( 1.082677165354330340, -0.03599999999999999728, -0.1968503937007875515 ) ) ;
#222 = CARTESIAN_POINT ( 'NONE',  ( -0.8858267716535432879, 0.04499999999999936690, -0.1518503937007875948 ) ) ;
#223 = DIRECTION ( 'NONE',  ( -1.398692455658434002E-16, -3.496731139146086583E-15, -1.000000000000000000 ) ) ;
#224 = ORIENTED_EDGE ( 'NONE', *, *, #1596, .T. ) ;
#225 = DIRECTION ( 'NONE',  ( 0.000000000000000000, -1.000000000000000000, 3.469446951953611033E-15 ) ) ;
#226 = CIRCLE ( 'NONE', #1330, 0.1181102362204724671 ) ;
#227 = CARTESIAN_POINT ( 'NONE',  ( 0.8858267716535432879, -1.128877907280515621E-16, -0.2328503937007875557 ) ) ;
#228 =( GEOMETRIC_REPRESENTATION_CONTEXT ( 3 ) GLOBAL_UNCERTAINTY_ASSIGNED_CONTEXT ( ( #688 ) ) GLOBAL_UNIT_ASSIGNED_CONTEXT ( ( #112, #2003, #1213 ) ) REPRESENTATION_CONTEXT ( 'NONE', 'WORKASPACE' ) );
#229 = DIRECTION ( 'NONE',  ( -0.000000000000000000, 1.000000000000000000, -0.000000000000000000 ) ) ;
#230 = AXIS2_PLACEMENT_3D ( 'NONE', #827, #464, #275 ) ;
#231 = CIRCLE ( 'NONE', #2247, 0.07086614173228344971 ) ;
#232 = AXIS2_PLACEMENT_3D ( 'NONE', #430, #1313, #1459 ) ;
#233 = DIRECTION ( 'NONE',  ( 0.000000000000000000, 1.000000000000000000, 0.000000000000000000 ) ) ;
#234 = VECTOR ( 'NONE', #742, 39.37007874015748143 ) ;
#235 = AXIS2_PLACEMENT_3D ( 'NONE', #2173, #744, #439 ) ;
#236 = ADVANCED_FACE ( 'NONE', ( #2110 ), #920, .F. ) ;
#237 = EDGE_LOOP ( 'NONE', ( #147, #1134, #1851, #130 ) ) ;
#238 = LINE ( 'NONE', #280, #831 ) ;
#239 = EDGE_CURVE ( 'NONE', #799, #1708, #2124, .T. ) ;
#240 = VERTEX_POINT ( 'NONE', #1079 ) ;
#241 = DIRECTION ( 'NONE',  ( 0.000000000000000000, 0.000000000000000000, 1.000000000000000000 ) ) ;
#242 = ORIENTED_EDGE ( 'NONE', *, *, #631, .T. ) ;
#243 = DIRECTION ( 'NONE',  ( -1.419319207617387780E-16, -3.491481338843133750E-15, -1.000000000000000000 ) ) ;
#244 = CARTESIAN_POINT ( 'NONE',  ( 0.8858267716535432879, 0.04499999999999982486, -0.1968503937007877180 ) ) ;
#245 = DIRECTION ( 'NONE',  ( -0.000000000000000000, -0.000000000000000000, 1.000000000000000000 ) ) ;
#246 = ORIENTED_EDGE ( 'NONE', *, *, #311, .F. ) ;
#247 = CARTESIAN_POINT ( 'NONE',  ( -1.082677165354331228, 0.000000000000000000, -0.07874015748031483464 ) ) ;
#248 = ORIENTED_EDGE ( 'NONE', *, *, #959, .F. ) ;
#249 = EDGE_CURVE ( 'NONE', #2008, #1367, #1103, .T. ) ;
#250 = DIRECTION ( 'NONE',  ( 1.349229370204183433E-16, 3.481823409827467069E-15, 1.000000000000000000 ) ) ;
#251 = CARTESIAN_POINT ( 'NONE',  ( -0.6418455173563945015, 0.2636662936672261592, -0.1968503937007874127 ) ) ;
#252 = FACE_OUTER_BOUND ( 'NONE', #556, .T. ) ;
#253 = CARTESIAN_POINT ( 'NONE',  ( -0.9254267716535424793, -3.841661241090370213E-16, -0.1968503937007872739 ) ) ;
#254 = ORIENTED_EDGE ( 'NONE', *, *, #620, .T. ) ;
#255 = CYLINDRICAL_SURFACE ( 'NONE', #794, 0.07086614173228344971 ) ;
#256 = ORIENTED_EDGE ( 'NONE', *, *, #1349, .T. ) ;
#257 = FACE_OUTER_BOUND ( 'NONE', #1861, .T. ) ;
#258 = ADVANCED_FACE ( 'NONE', ( #200 ), #1432, .T. ) ;
#259 = DIRECTION ( 'NONE',  ( 0.000000000000000000, 6.982962677686265922E-15, -1.000000000000000000 ) ) ;
#260 = LINE ( 'NONE', #2175, #1622 ) ;
#261 = AXIS2_PLACEMENT_3D ( 'NONE', #1889, #1673, #638 ) ;
#262 = VECTOR ( 'NONE', #1217, 39.37007874015748143 ) ;
#263 = DIRECTION ( 'NONE',  ( 0.000000000000000000, -1.000000000000000000, 6.123233995736766036E-17 ) ) ;
#264 = DIRECTION ( 'NONE',  ( -1.349229370204183433E-16, -3.481823409827467069E-15, -1.000000000000000000 ) ) ;
#265 = VECTOR ( 'NONE', #62, 39.37007874015748143 ) ;
#266 = LINE ( 'NONE', #890, #894 ) ;
#267 = EDGE_LOOP ( 'NONE', ( #484, #1321 ) ) ;
#268 = AXIS2_PLACEMENT_3D ( 'NONE', #481, #490, #1883 ) ;
#269 = DIRECTION ( 'NONE',  ( 0.000000000000000000, -1.000000000000000000, 3.469446951953614189E-15 ) ) ;
#270 = AXIS2_PLACEMENT_3D ( 'NONE', #845, #1524, #967 ) ;
#271 = ORIENTED_EDGE ( 'NONE', *, *, #1796, .T. ) ;
#272 = DIRECTION ( 'NONE',  ( 0.000000000000000000, -1.000000000000000000, 3.469446951953614978E-15 ) ) ;
#273 = EDGE_LOOP ( 'NONE', ( #2263, #1347, #650, #400 ) ) ;
#274 = DIRECTION ( 'NONE',  ( 0.000000000000000000, 0.000000000000000000, 1.000000000000000000 ) ) ;
#275 = DIRECTION ( 'NONE',  ( -1.419319207617387780E-16, 0.000000000000000000, -1.000000000000000000 ) ) ;
#276 = VERTEX_POINT ( 'NONE', #1253 ) ;
#277 = CARTESIAN_POINT ( 'NONE',  ( 5.463695987328526437E-17, 0.9055118110236217710, 0.1608503937007842166 ) ) ;
#278 = FACE_OUTER_BOUND ( 'NONE', #1345, .T. ) ;
#279 = VERTEX_POINT ( 'NONE', #1084 ) ;
#280 = CARTESIAN_POINT ( 'NONE',  ( 0.9645669291338578866, -0.03599999999999999728, -0.1968503937007875515 ) ) ;
#281 = EDGE_CURVE ( 'NONE', #293, #1045, #1342, .T. ) ;
#282 = ORIENTED_EDGE ( 'NONE', *, *, #58, .F. ) ;
#283 = CARTESIAN_POINT ( 'NONE',  ( -0.9645669291338588858, -0.03599999999999999728, -0.07874015748031480688 ) ) ;
#284 = EDGE_LOOP ( 'NONE', ( #370, #580, #2017, #1884 ) ) ;
#285 = CARTESIAN_POINT ( 'NONE',  ( -1.720887113314649011E-17, 0.000000000000000000, -0.1318503937007874105 ) ) ;
#286 = FACE_BOUND ( 'NONE', #1678, .T. ) ;
#287 = ORIENTED_EDGE ( 'NONE', *, *, #1685, .T. ) ;
#288 = DIRECTION ( 'NONE',  ( 0.000000000000000000, 1.000000000000000000, -3.469446951953614978E-15 ) ) ;
#289 = DIRECTION ( 'NONE',  ( 1.614567372142003289E-15, 0.000000000000000000, -1.000000000000000000 ) ) ;
#290 = EDGE_CURVE ( 'NONE', #96, #1509, #50, .T. ) ;
#291 = ORIENTED_EDGE ( 'NONE', *, *, #547, .T. ) ;
#292 = PLANE ( 'NONE',  #1375 ) ;
#293 = VERTEX_POINT ( 'NONE', #2150 ) ;
#294 = DIRECTION ( 'NONE',  ( -1.349229370204183433E-16, -3.481823409827467069E-15, -1.000000000000000000 ) ) ;
#295 = CYLINDRICAL_SURFACE ( 'NONE', #1880, 0.1181102362204725503 ) ;
#296 = DIRECTION ( 'NONE',  ( -0.000000000000000000, -0.000000000000000000, 1.000000000000000000 ) ) ;
#297 = ORIENTED_EDGE ( 'NONE', *, *, #493, .T. ) ;
#298 = PLANE ( 'NONE',  #793 ) ;
#299 = ORIENTED_EDGE ( 'NONE', *, *, #448, .F. ) ;
#300 = CYLINDRICAL_SURFACE ( 'NONE', #1827, 0.04500000000000013711 ) ;
#301 = VECTOR ( 'NONE', #669, 39.37007874015748143 ) ;
#302 = DIRECTION ( 'NONE',  ( 0.000000000000000000, 1.000000000000000000, -3.511757280635975905E-15 ) ) ;
#303 = AXIS2_PLACEMENT_3D ( 'NONE', #347, #1897, #18 ) ;
#304 = EDGE_LOOP ( 'NONE', ( #1719, #1762, #1205, #1928 ) ) ;
#305 = CARTESIAN_POINT ( 'NONE',  ( -0.9448818897640000047, 5.255374059333119423E-17, 0.000000000000000000 ) ) ;
#306 = VECTOR ( 'NONE', #1101, 39.37007874015748143 ) ;
#307 = EDGE_CURVE ( 'NONE', #1804, #963, #83, .T. ) ;
#308 = VECTOR ( 'NONE', #648, 39.37007874015748143 ) ;
#309 = CIRCLE ( 'NONE', #1409, 0.1181102362204725503 ) ;
#310 = VERTEX_POINT ( 'NONE', #104 ) ;
#311 = EDGE_CURVE ( 'NONE', #1312, #1115, #1559, .T. ) ;
#312 = EDGE_CURVE ( 'NONE', #1588, #2057, #788, .T. ) ;
#313 = CIRCLE ( 'NONE', #1589, 0.1181102362204724532 ) ;
#314 = EDGE_LOOP ( 'NONE', ( #1750, #2044, #1874, #1967 ) ) ;
#315 = CARTESIAN_POINT ( 'NONE',  ( 0.8858267716535432879, 0.04499999999999954037, -0.1518503937007875948 ) ) ;
#316 = ORIENTED_EDGE ( 'NONE', *, *, #1939, .T. ) ;
#317 = FACE_OUTER_BOUND ( 'NONE', #1903, .T. ) ;
#318 = ORIENTED_EDGE ( 'NONE', *, *, #947, .T. ) ;
#319 = CARTESIAN_POINT ( 'NONE',  ( 0.5618498218562014701, 0.5067471848880347185, -0.1968503937007892446 ) ) ;
#320 = ORIENTED_EDGE ( 'NONE', *, *, #2241, .T. ) ;
#321 = ADVANCED_FACE ( 'NONE', ( #1860 ), #295, .F. ) ;
#322 = DIRECTION ( 'NONE',  ( 1.000000000000000000, 0.000000000000000000, 0.000000000000000000 ) ) ;
#323 = ORIENTED_EDGE ( 'NONE', *, *, #426, .T. ) ;
#324 = EDGE_CURVE ( 'NONE', #1665, #1957, #266, .T. ) ;
#325 = DIRECTION ( 'NONE',  ( 0.000000000000000000, 3.531866126560621916E-15, -1.000000000000000000 ) ) ;
#326 = DIRECTION ( 'NONE',  ( 0.000000000000000000, 1.000000000000000000, -3.469446951953614978E-15 ) ) ;
#327 = CARTESIAN_POINT ( 'NONE',  ( 1.762315940130421498E-33, 0.9055118110236204387, -0.2328503937007905811 ) ) ;
#328 = VERTEX_POINT ( 'NONE', #27 ) ;
#329 = DIRECTION ( 'NONE',  ( -0.000000000000000000, -0.000000000000000000, 1.000000000000000000 ) ) ;
#330 = EDGE_LOOP ( 'NONE', ( #343, #1856, #25, #965 ) ) ;
#331 = DIRECTION ( 'NONE',  ( 1.000000000000000000, 0.000000000000000000, 0.000000000000000000 ) ) ;
#332 = EDGE_LOOP ( 'NONE', ( #1556, #2042, #849, #948 ) ) ;
#333 = CYLINDRICAL_SURFACE ( 'NONE', #1376, 0.1181102362204725503 ) ;
#334 = EDGE_CURVE ( 'NONE', #945, #1577, #417, .T. ) ;
#335 = DIRECTION ( 'NONE',  ( 2.973811673103097369E-15, 1.000000000000000000, -3.469446951953613006E-15 ) ) ;
#336 = DIRECTION ( 'NONE',  ( 0.000000000000000000, 0.000000000000000000, 1.000000000000000000 ) ) ;
#337 = ORIENTED_EDGE ( 'NONE', *, *, #722, .F. ) ;
#338 = CARTESIAN_POINT ( 'NONE',  ( -0.8858267716535426217, -7.683322482180740425E-16, -0.1518503937007874560 ) ) ;
#339 = VECTOR ( 'NONE', #1998, 39.37007874015748143 ) ;
#340 = VERTEX_POINT ( 'NONE', #193 ) ;
#341 = AXIS2_PLACEMENT_3D ( 'NONE', #170, #2028, #1565 ) ;
#342 = AXIS2_PLACEMENT_3D ( 'NONE', #2257, #1159, #700 ) ;
#343 = ORIENTED_EDGE ( 'NONE', *, *, #408, .F. ) ;
#344 = AXIS2_PLACEMENT_3D ( 'NONE', #1614, #229, #1628 ) ;
#345 = DIRECTION ( 'NONE',  ( -1.387778780781445676E-16, -3.492443348153763541E-15, -1.000000000000000000 ) ) ;
#346 = CIRCLE ( 'NONE', #679, 0.1181102362204724116 ) ;
#347 = CARTESIAN_POINT ( 'NONE',  ( 0.8858267716535432879, 1.814393707480314921, -0.2328503937007938840 ) ) ;
#348 = DIRECTION ( 'NONE',  ( 1.349229370204183433E-16, 3.481823409827467069E-15, 1.000000000000000000 ) ) ;
#349 = VERTEX_POINT ( 'NONE', #1402 ) ;
#350 = EDGE_CURVE ( 'NONE', #2172, #474, #1232, .T. ) ;
#351 = LINE ( 'NONE', #1054, #1256 ) ;
#352 = EDGE_LOOP ( 'NONE', ( #1181, #1111, #819, #2092 ) ) ;
#353 = DIRECTION ( 'NONE',  ( -0.000000000000000000, -0.000000000000000000, 1.000000000000000000 ) ) ;
#354 = DIRECTION ( 'NONE',  ( -1.000000000000000000, -9.485583311334247286E-17, 0.000000000000000000 ) ) ;
#355 = ORIENTED_EDGE ( 'NONE', *, *, #544, .F. ) ;
#356 = FACE_OUTER_BOUND ( 'NONE', #666, .T. ) ;
#357 = LINE ( 'NONE', #723, #1870 ) ;
#358 = FACE_OUTER_BOUND ( 'NONE', #1711, .T. ) ;
#359 = CYLINDRICAL_SURFACE ( 'NONE', #707, 0.8070866141732285781 ) ;
#360 = EDGE_CURVE ( 'NONE', #963, #636, #162, .T. ) ;
#361 = ORIENTED_EDGE ( 'NONE', *, *, #1593, .T. ) ;
#362 = CARTESIAN_POINT ( 'NONE',  ( -0.6418455173563945015, 0.2636662936672261592, -0.2328503937007938285 ) ) ;
#363 = CARTESIAN_POINT ( 'NONE',  ( 0.7677165354330708347, 1.696283471259842468, -0.2328503937007934399 ) ) ;
#364 = CARTESIAN_POINT ( 'NONE',  ( 0.6418455173563942795, 1.547357328380014385, -0.2328503937007938285 ) ) ;
#365 = ORIENTED_EDGE ( 'NONE', *, *, #2190, .F. ) ;
#366 = CARTESIAN_POINT ( 'NONE',  ( -0.8858267716535432879, -7.683322482180740425E-16, -0.1518503937007874560 ) ) ;
#367 = DIRECTION ( 'NONE',  ( -0.000000000000000000, -0.000000000000000000, 1.000000000000000000 ) ) ;
#368 = DIRECTION ( 'NONE',  ( -1.000000000000000000, -7.709882115452479399E-17, 1.541976423090495880E-16 ) ) ;
#369 = DIRECTION ( 'NONE',  ( 1.387778780781445676E-16, 3.492443348153763541E-15, 1.000000000000000000 ) ) ;
#370 = ORIENTED_EDGE ( 'NONE', *, *, #1320, .F. ) ;
#371 = CARTESIAN_POINT ( 'NONE',  ( -3.513862937111218809E-17, 0.04500000000000000527, -0.2328503937007875835 ) ) ;
#372 = ADVANCED_FACE ( 'NONE', ( #532 ), #1594, .T. ) ;
#373 = LINE ( 'NONE', #1077, #234 ) ;
#374 = CIRCLE ( 'NONE', #21, 0.07086614173228344971 ) ;
#375 = VERTEX_POINT ( 'NONE', #2086 ) ;
#376 = ADVANCED_FACE ( 'NONE', ( #735 ), #1910, .F. ) ;
#377 = EDGE_CURVE ( 'NONE', #1367, #1661, #1734, .T. ) ;
#378 = DIRECTION ( 'NONE',  ( -0.000000000000000000, -1.000000000000000000, -0.000000000000000000 ) ) ;
#379 = AXIS2_PLACEMENT_3D ( 'NONE', #251, #960, #1645 ) ;
#380 = CIRCLE ( 'NONE', #2013, 0.8070866141732282451 ) ;
#381 = VECTOR ( 'NONE', #594, 39.37007874015748143 ) ;
#382 = VECTOR ( 'NONE', #2132, 39.37007874015748143 ) ;
#383 = LINE ( 'NONE', #173, #1180 ) ;
#384 = EDGE_CURVE ( 'NONE', #472, #1577, #1258, .T. ) ;
#385 = DIRECTION ( 'NONE',  ( -1.000000000000000000, 4.550480923438493133E-31, 1.349229370204183433E-16 ) ) ;
#386 = CIRCLE ( 'NONE', #270, 0.04500000000000013711 ) ;
#387 = CARTESIAN_POINT ( 'NONE',  ( 0.8858267716535432879, 0.04499999999999925587, -0.2328503937007877223 ) ) ;
#388 = EDGE_LOOP ( 'NONE', ( #365, #1888 ) ) ;
#389 = FACE_OUTER_BOUND ( 'NONE', #1687, .T. ) ;
#390 = LINE ( 'NONE', #714, #568 ) ;
#391 = VERTEX_POINT ( 'NONE', #1069 ) ;
#392 = CYLINDRICAL_SURFACE ( 'NONE', #1047, 0.1181102362204724809 ) ;
#393 = AXIS2_PLACEMENT_3D ( 'NONE', #533, #1595, #174 ) ;
#394 = ADVANCED_FACE ( 'NONE', ( #1922, #2261, #1050 ), #553, .F. ) ;
#395 = ADVANCED_BREP_SHAPE_REPRESENTATION ( 'Fan Bracket', ( #616, #1803 ), #1410 ) ;
#396 = LINE ( 'NONE', #1636, #672 ) ;
#397 = CARTESIAN_POINT ( 'NONE',  ( -0.9645669291338588858, -0.03599999999999999728, 0.1968503937007875793 ) ) ;
#398 = CARTESIAN_POINT ( 'NONE',  ( 0.8858267716535432879, 0.04499999999999954037, -0.1518503937007875948 ) ) ;
#399 = DIRECTION ( 'NONE',  ( 0.000000000000000000, 1.000000000000000000, 0.000000000000000000 ) ) ;
#400 = ORIENTED_EDGE ( 'NONE', *, *, #452, .F. ) ;
#401 = DIRECTION ( 'NONE',  ( 1.398692455658434002E-16, 3.496731139146086583E-15, 1.000000000000000000 ) ) ;
#402 = LINE ( 'NONE', #1276, #1756 ) ;
#403 = EDGE_LOOP ( 'NONE', ( #1797, #837, #548, #621 ) ) ;
#404 = DIRECTION ( 'NONE',  ( -1.000000000000000000, 0.000000000000000000, 0.000000000000000000 ) ) ;
#405 = VERTEX_POINT ( 'NONE', #1254 ) ;
#406 = DIRECTION ( 'NONE',  ( 1.261617073437677752E-16, -0.000000000000000000, 1.000000000000000000 ) ) ;
#407 = CARTESIAN_POINT ( 'NONE',  ( 0.5109558066990363967, 0.3067408989365613681, -0.1968503937007886062 ) ) ;
#408 = EDGE_CURVE ( 'NONE', #551, #310, #357, .T. ) ;
#409 = EDGE_CURVE ( 'NONE', #1450, #2039, #383, .T. ) ;
#410 = LINE ( 'NONE', #1487, #1113 ) ;
#411 = ORIENTED_EDGE ( 'NONE', *, *, #956, .T. ) ;
#412 = DIRECTION ( 'NONE',  ( -0.000000000000000000, -0.000000000000000000, 1.000000000000000000 ) ) ;
#413 = CARTESIAN_POINT ( 'NONE',  ( 0.6299212598425196763, 0.2755905511811009845, -0.1968503937007874127 ) ) ;
#414 = ORIENTED_EDGE ( 'NONE', *, *, #377, .F. ) ;
#415 = AXIS2_PLACEMENT_3D ( 'NONE', #996, #1028, #1162 ) ;
#416 = DIRECTION ( 'NONE',  ( -1.000000000000000000, 0.000000000000000000, 1.419319207617387780E-16 ) ) ;
#417 = CIRCLE ( 'NONE', #710, 0.1377952755905512139 ) ;
#418 = FACE_OUTER_BOUND ( 'NONE', #314, .T. ) ;
#419 = AXIS2_PLACEMENT_3D ( 'NONE', #982, #1824, #331 ) ;
#420 = FACE_OUTER_BOUND ( 'NONE', #1801, .T. ) ;
#421 = CIRCLE ( 'NONE', #527, 0.1181102362204724254 ) ;
#422 = VECTOR ( 'NONE', #1573, 39.37007874015748143 ) ;
#423 = AXIS2_PLACEMENT_3D ( 'NONE', #137, #836, #980 ) ;
#424 = CARTESIAN_POINT ( 'NONE',  ( -0.9645669291338587747, 0.000000000000000000, 0.07874015748031511219 ) ) ;
#425 = CARTESIAN_POINT ( 'NONE',  ( 0.6418455173563945015, 0.2636662936672265478, -0.1968503937007884674 ) ) ;
#426 = EDGE_CURVE ( 'NONE', #984, #551, #1383, .T. ) ;
#427 = ORIENTED_EDGE ( 'NONE', *, *, #1027, .T. ) ;
#428 = DIRECTION ( 'NONE',  ( -1.387778780781445676E-16, -3.492443348153763541E-15, -1.000000000000000000 ) ) ;
#429 = EDGE_LOOP ( 'NONE', ( #833, #1869, #1325, #1993 ) ) ;
#430 = CARTESIAN_POINT ( 'NONE',  ( -0.6299212598425196763, 1.535433070866139893, -0.2328503937007938285 ) ) ;
#431 = CARTESIAN_POINT ( 'NONE',  ( -0.9254267716535428123, -0.03599999999999999728, -1.494163870818518229E-15 ) ) ;
#432 = DIRECTION ( 'NONE',  ( -0.000000000000000000, -1.000000000000000000, -0.000000000000000000 ) ) ;
#433 = DIRECTION ( 'NONE',  ( 1.000000000000000000, 9.485583311334247286E-17, -0.000000000000000000 ) ) ;
#434 = DIRECTION ( 'NONE',  ( 0.000000000000000000, 0.000000000000000000, 1.000000000000000000 ) ) ;
#435 = EDGE_LOOP ( 'NONE', ( #451, #2195, #2033, #1053 ) ) ;
#436 = LINE ( 'NONE', #1126, #17 ) ;
#437 = EDGE_CURVE ( 'NONE', #1639, #1371, #374, .T. ) ;
#438 = EDGE_LOOP ( 'NONE', ( #48, #59, #2204, #680 ) ) ;
#439 = DIRECTION ( 'NONE',  ( 1.000000000000000000, 0.000000000000000000, 0.000000000000000000 ) ) ;
#440 = CARTESIAN_POINT ( 'NONE',  ( 1.082677165354330340, -0.03599999999999999728, 0.1968503937007873017 ) ) ;
#441 = FACE_OUTER_BOUND ( 'NONE', #304, .T. ) ;
#442 = LINE ( 'NONE', #1153, #10 ) ;
#443 = ORIENTED_EDGE ( 'NONE', *, *, #875, .T. ) ;
#444 = DIRECTION ( 'NONE',  ( 0.000000000000000000, -1.000000000000000000, 3.469446951953617344E-15 ) ) ;
#445 = VERTEX_POINT ( 'NONE', #1085 ) ;
#446 = EDGE_CURVE ( 'NONE', #1905, #105, #880, .T. ) ;
#447 = CARTESIAN_POINT ( 'NONE',  ( -0.9448818897640000047, 5.255374059333119423E-17, -0.07086614173228303337 ) ) ;
#448 = EDGE_CURVE ( 'NONE', #1543, #1318, #313, .T. ) ;
#449 = CARTESIAN_POINT ( 'NONE',  ( 0.8858267716535432879, 0.04499999999999954037, -0.1518503937007875948 ) ) ;
#450 = CIRCLE ( 'NONE', #931, 0.1181102362204724116 ) ;
#451 = ORIENTED_EDGE ( 'NONE', *, *, #972, .F. ) ;
#452 = EDGE_CURVE ( 'NONE', #633, #506, #150, .T. ) ;
#453 = VECTOR ( 'NONE', #1933, 39.37007874015748143 ) ;
#454 = LINE ( 'NONE', #952, #1178 ) ;
#455 = CIRCLE ( 'NONE', #2201, 0.08100000000000014133 ) ;
#456 = CIRCLE ( 'NONE', #344, 0.07086614173228303337 ) ;
#457 = ORIENTED_EDGE ( 'NONE', *, *, #168, .F. ) ;
#458 = CARTESIAN_POINT ( 'NONE',  ( -0.6540871251600380853, 0.04499999999999965833, -0.1318503937007874938 ) ) ;
#459 = CIRCLE ( 'NONE', #719, 0.04500000000000013711 ) ;
#460 = ORIENTED_EDGE ( 'NONE', *, *, #1952, .F. ) ;
#461 = DIRECTION ( 'NONE',  ( 0.000000000000000000, 1.000000000000000000, -3.469446951953611033E-15 ) ) ;
#462 = ORIENTED_EDGE ( 'NONE', *, *, #886, .F. ) ;
#463 = LINE ( 'NONE', #1334, #896 ) ;
#464 = DIRECTION ( 'NONE',  ( 1.000000000000000000, -4.968531377387017123E-31, -1.419319207617387780E-16 ) ) ;
#465 = EDGE_CURVE ( 'NONE', #1865, #2097, #2251, .T. ) ;
#466 = EDGE_CURVE ( 'NONE', #1577, #1158, #1468, .T. ) ;
#467 = ORIENTED_EDGE ( 'NONE', *, *, #141, .F. ) ;
#468 = CARTESIAN_POINT ( 'NONE',  ( -0.9254267716535424793, -0.03599999999999999034, -0.1968503937007872739 ) ) ;
#469 = DIRECTION ( 'NONE',  ( -0.000000000000000000, -0.000000000000000000, 1.000000000000000000 ) ) ;
#470 = ORIENTED_EDGE ( 'NONE', *, *, #1606, .F. ) ;
#471 = CARTESIAN_POINT ( 'NONE',  ( 0.8858267716535432879, 1.814393707480314921, -0.2328503937007938840 ) ) ;
#472 = VERTEX_POINT ( 'NONE', #1461 ) ;
#473 = DIRECTION ( 'NONE',  ( 1.000000000000000000, 0.000000000000000000, 0.000000000000000000 ) ) ;
#474 = VERTEX_POINT ( 'NONE', #1791 ) ;
#475 = DIRECTION ( 'NONE',  ( -0.000000000000000000, -0.000000000000000000, 1.000000000000000000 ) ) ;
#476 = ORIENTED_EDGE ( 'NONE', *, *, #2146, .F. ) ;
#477 = ADVANCED_FACE ( 'NONE', ( #418 ), #1282, .F. ) ;
#478 = LINE ( 'NONE', #1853, #1906 ) ;
#479 = EDGE_CURVE ( 'NONE', #1804, #375, #1483, .T. ) ;
#480 = ORIENTED_EDGE ( 'NONE', *, *, #1446, .F. ) ;
#481 = CARTESIAN_POINT ( 'NONE',  ( 0.000000000000000000, 0.000000000000000000, 0.000000000000000000 ) ) ;
#482 = ORIENTED_EDGE ( 'NONE', *, *, #1606, .T. ) ;
#483 = DIRECTION ( 'NONE',  ( 0.000000000000000000, -1.000000000000000000, 3.372651844029939471E-15 ) ) ;
#484 = ORIENTED_EDGE ( 'NONE', *, *, #1593, .F. ) ;
#485 = PLANE ( 'NONE',  #1479 ) ;
#486 = ORIENTED_EDGE ( 'NONE', *, *, #848, .T. ) ;
#487 = CARTESIAN_POINT ( 'NONE',  ( -0.6180871251600379424, 0.04500000000000438372, 1.040928171776253963 ) ) ;
#488 = VECTOR ( 'NONE', #182, 39.37007874015748143 ) ;
#489 = ORIENTED_EDGE ( 'NONE', *, *, #2237, .T. ) ;
#490 = DIRECTION ( 'NONE',  ( 0.000000000000000000, 1.000000000000000000, 0.000000000000000000 ) ) ;
#491 = AXIS2_PLACEMENT_3D ( 'NONE', #362, #353, #1740 ) ;
#492 = CIRCLE ( 'NONE', #2202, 0.1181102362204724116 ) ;
#493 = EDGE_CURVE ( 'NONE', #1045, #873, #396, .T. ) ;
#494 = AXIS2_PLACEMENT_3D ( 'NONE', #629, #1328, #269 ) ;
#495 = EDGE_LOOP ( 'NONE', ( #1649, #1540, #884, #699 ) ) ;
#496 = AXIS2_PLACEMENT_3D ( 'NONE', #1331, #2182, #461 ) ;
#497 = CIRCLE ( 'NONE', #1651, 0.04500000000000013711 ) ;
#498 = VERTEX_POINT ( 'NONE', #759 ) ;
#499 = CARTESIAN_POINT ( 'NONE',  ( -0.7007874015748031260, 1.535433070866139893, -0.2328503937007938285 ) ) ;
#500 = EDGE_LOOP ( 'NONE', ( #1542, #1405 ) ) ;
#501 = LINE ( 'NONE', #818, #2080 ) ;
#502 = VERTEX_POINT ( 'NONE', #1096 ) ;
#503 = CARTESIAN_POINT ( 'NONE',  ( 0.5987709120870595703, 1.416467617722656280, -0.1968503937007924087 ) ) ;
#504 = VERTEX_POINT ( 'NONE', #61 ) ;
#505 = EDGE_CURVE ( 'NONE', #1564, #817, #600, .T. ) ;
#506 = VERTEX_POINT ( 'NONE', #771 ) ;
#507 = CYLINDRICAL_SURFACE ( 'NONE', #971, 0.1181102362204724532 ) ;
#508 = CARTESIAN_POINT ( 'NONE',  ( -0.9645669291338588858, -0.03599999999999999728, -0.1968503937007872462 ) ) ;
#509 = CYLINDRICAL_SURFACE ( 'NONE', #786, 0.07086614173228344971 ) ;
#510 = CARTESIAN_POINT ( 'NONE',  ( 0.9254267716535433674, -2.987958743070287834E-16, -0.1968503937007875237 ) ) ;
#511 = ORIENTED_EDGE ( 'NONE', *, *, #1553, .F. ) ;
#512 = LINE ( 'NONE', #1700, #2129 ) ;
#513 = VERTEX_POINT ( 'NONE', #1985 ) ;
#514 = LINE ( 'NONE', #2266, #1620 ) ;
#515 = ORIENTED_EDGE ( 'NONE', *, *, #1713, .F. ) ;
#516 = DIRECTION ( 'NONE',  ( 0.000000000000000000, 1.000000000000000000, -3.511757280635975905E-15 ) ) ;
#517 = EDGE_CURVE ( 'NONE', #504, #573, #1943, .T. ) ;
#518 = DIRECTION ( 'NONE',  ( 1.349229370204183433E-16, 3.481823409827467069E-15, 1.000000000000000000 ) ) ;
#519 = CARTESIAN_POINT ( 'NONE',  ( 0.5109558066990363967, 0.3067408989365612015, -0.2328503937007885827 ) ) ;
#520 = DIRECTION ( 'NONE',  ( -0.000000000000000000, -0.000000000000000000, 1.000000000000000000 ) ) ;
#521 = ORIENTED_EDGE ( 'NONE', *, *, #517, .F. ) ;
#522 = DIRECTION ( 'NONE',  ( -0.000000000000000000, -0.000000000000000000, 1.000000000000000000 ) ) ;
#523 = EDGE_LOOP ( 'NONE', ( #1978, #2035 ) ) ;
#524 = AXIS2_PLACEMENT_3D ( 'NONE', #918, #401, #897 ) ;
#525 = DIRECTION ( 'NONE',  ( -1.349229370204183433E-16, -3.481823409827467069E-15, -1.000000000000000000 ) ) ;
#526 = PRODUCT_CONTEXT ( 'NONE', #587, 'mechanical' ) ;
#527 = AXIS2_PLACEMENT_3D ( 'NONE', #1898, #19, #336 ) ;
#528 = CIRCLE ( 'NONE', #81, 0.08100000000000014133 ) ;
#529 = ORIENTED_EDGE ( 'NONE', *, *, #94, .T. ) ;
#530 = AXIS2_PLACEMENT_3D ( 'NONE', #1176, #622, #483 ) ;
#531 = CARTESIAN_POINT ( 'NONE',  ( 5.463695987328526437E-17, 0.9055118110236217710, 0.1608503937007842166 ) ) ;
#532 = FACE_OUTER_BOUND ( 'NONE', #1278, .T. ) ;
#533 = CARTESIAN_POINT ( 'NONE',  ( -0.6418455173563942795, 1.547357328380014607, -0.1968503937007927140 ) ) ;
#534 = ADVANCED_FACE ( 'NONE', ( #1131 ), #1969, .F. ) ;
#535 = ORIENTED_EDGE ( 'NONE', *, *, #792, .T. ) ;
#536 = CARTESIAN_POINT ( 'NONE',  ( 2.498001805406575160E-18, 1.712598425196849128, -0.1968503937007933524 ) ) ;
#537 = EDGE_LOOP ( 'NONE', ( #1161, #732, #1931, #1142 ) ) ;
#538 = CARTESIAN_POINT ( 'NONE',  ( -0.8858267716535426217, 0.04499999999999936690, -0.1518503937007875948 ) ) ;
#539 = CARTESIAN_POINT ( 'NONE',  ( 0.6180871251600380534, -8.117876940332200414E-16, -0.2328503937007874725 ) ) ;
#540 = ORIENTED_EDGE ( 'NONE', *, *, #1674, .F. ) ;
#541 = FACE_OUTER_BOUND ( 'NONE', #403, .T. ) ;
#542 = CARTESIAN_POINT ( 'NONE',  ( 0.6540871251600381964, -6.232028235546600282E-16, -0.1518503937007875948 ) ) ;
#543 = CARTESIAN_POINT ( 'NONE',  ( 4.996003610813211951E-18, 0.9055118110236205498, -0.1968503937007905491 ) ) ;
#544 = EDGE_CURVE ( 'NONE', #2199, #895, #2147, .T. ) ;
#545 = DIRECTION ( 'NONE',  ( -1.387778780781445676E-16, -3.492443348153763541E-15, -1.000000000000000000 ) ) ;
#546 = EDGE_CURVE ( 'NONE', #474, #953, #1372, .T. ) ;
#547 = EDGE_CURVE ( 'NONE', #1959, #1957, #569, .T. ) ;
#548 = ORIENTED_EDGE ( 'NONE', *, *, #848, .F. ) ;
#549 = CARTESIAN_POINT ( 'NONE',  ( -0.8858267716535432879, -0.03600000000000077444, -0.1518503937007873728 ) ) ;
#550 = EDGE_CURVE ( 'NONE', #2192, #674, #2138, .T. ) ;
#551 = VERTEX_POINT ( 'NONE', #1314 ) ;
#552 = DIRECTION ( 'NONE',  ( -3.098146588023065658E-32, 1.000000000000000000, -3.481823409827466675E-15 ) ) ;
#553 = PLANE ( 'NONE',  #598 ) ;
#554 = CARTESIAN_POINT ( 'NONE',  ( -0.6540871251600380853, 0.04499999999999939465, -0.1518503937007875948 ) ) ;
#555 = DIRECTION ( 'NONE',  ( -0.000000000000000000, 0.000000000000000000, 1.000000000000000000 ) ) ;
#556 = EDGE_LOOP ( 'NONE', ( #291, #242, #1385, #1681 ) ) ;
#557 = CARTESIAN_POINT ( 'NONE',  ( 0.9448818897635591352, 5.255374059333119423E-17, 0.000000000000000000 ) ) ;
#558 = PRODUCT_DEFINITION ( 'UNKNOWN', '', #762, #78 ) ;
#559 = DIRECTION ( 'NONE',  ( -1.000000000000000000, 0.000000000000000000, 1.419319207617387780E-16 ) ) ;
#560 = AXIS2_PLACEMENT_3D ( 'NONE', #2163, #233, #1133 ) ;
#561 = EDGE_CURVE ( 'NONE', #939, #1164, #1335, .T. ) ;
#562 = VECTOR ( 'NONE', #661, 39.37007874015748143 ) ;
#563 = ORIENTED_EDGE ( 'NONE', *, *, #660, .F. ) ;
#564 = LINE ( 'NONE', #1820, #1727 ) ;
#565 = CIRCLE ( 'NONE', #2165, 0.07086614173228303337 ) ;
#566 = AXIS2_PLACEMENT_3D ( 'NONE', #1637, #1825, #1781 ) ;
#567 = VECTOR ( 'NONE', #2043, 39.37007874015748143 ) ;
#568 = VECTOR ( 'NONE', #2094, 39.37007874015748143 ) ;
#569 = LINE ( 'NONE', #789, #1075 ) ;
#570 = CYLINDRICAL_SURFACE ( 'NONE', #1337, 0.07086614173228324154 ) ;
#571 = CIRCLE ( 'NONE', #943, 0.1181102362204725503 ) ;
#572 = CARTESIAN_POINT ( 'NONE',  ( 0.9254267716535433674, -5.975917486140575667E-16, -0.1122503937007874597 ) ) ;
#573 = VERTEX_POINT ( 'NONE', #925 ) ;
#574 = PLANE ( 'NONE',  #637 ) ;
#575 = CARTESIAN_POINT ( 'NONE',  ( 0.6540871251600380853, 0.04499999999999981098, -0.1968503937007876903 ) ) ;
#576 = ORIENTED_EDGE ( 'NONE', *, *, #2210, .T. ) ;
#577 = EDGE_CURVE ( 'NONE', #810, #1739, #1805, .T. ) ;
#578 = LINE ( 'NONE', #1603, #2208 ) ;
#579 = ADVANCED_FACE ( 'NONE', ( #1961 ), #950, .T. ) ;
#580 = ORIENTED_EDGE ( 'NONE', *, *, #165, .F. ) ;
#581 = DIRECTION ( 'NONE',  ( 0.000000000000000000, -1.000000000000000000, 3.469446951953614189E-15 ) ) ;
#582 = DIRECTION ( 'NONE',  ( 0.000000000000000000, -6.123233995736766036E-17, -1.000000000000000000 ) ) ;
#583 = FACE_OUTER_BOUND ( 'NONE', #929, .T. ) ;
#584 = ORIENTED_EDGE ( 'NONE', *, *, #2177, .T. ) ;
#585 = DIRECTION ( 'NONE',  ( 0.000000000000000000, 0.000000000000000000, 1.000000000000000000 ) ) ;
#586 = ORIENTED_EDGE ( 'NONE', *, *, #1446, .T. ) ;
#587 = APPLICATION_CONTEXT ( 'automotive_design' ) ;
#588 = CARTESIAN_POINT ( 'NONE',  ( -0.8858267716535426217, 0.04499999999999993588, -0.2328503937007875835 ) ) ;
#589 = CARTESIAN_POINT ( 'NONE',  ( 4.996003610813211951E-18, 0.9055118110236205498, -0.1968503937007905491 ) ) ;
#590 = DIRECTION ( 'NONE',  ( -9.485583311334247286E-17, 1.000000000000000000, 0.000000000000000000 ) ) ;
#591 = EDGE_CURVE ( 'NONE', #1454, #1537, #2244, .T. ) ;
#592 = DIRECTION ( 'NONE',  ( -0.000000000000000000, -0.000000000000000000, 1.000000000000000000 ) ) ;
#593 = ORIENTED_EDGE ( 'NONE', *, *, #1147, .T. ) ;
#594 = DIRECTION ( 'NONE',  ( -1.349229370204183433E-16, -3.481067000988386044E-15, -1.000000000000000000 ) ) ;
#595 = FACE_OUTER_BOUND ( 'NONE', #1920, .T. ) ;
#596 = VERTEX_POINT ( 'NONE', #1436 ) ;
#597 = DIRECTION ( 'NONE',  ( 0.000000000000000000, 1.000000000000000000, -3.469446951953617344E-15 ) ) ;
#598 = AXIS2_PLACEMENT_3D ( 'NONE', #2099, #694, #1392 ) ;
#599 = ORIENTED_EDGE ( 'NONE', *, *, #1992, .T. ) ;
#600 = LINE ( 'NONE', #1306, #196 ) ;
#601 = VECTOR ( 'NONE', #993, 39.37007874015748143 ) ;
#602 = DIRECTION ( 'NONE',  ( -1.000000000000000000, 4.387963747601389454E-31, 1.349229370204183433E-16 ) ) ;
#603 = VECTOR ( 'NONE', #1404, 39.37007874015748143 ) ;
#604 = CIRCLE ( 'NONE', #1876, 0.07086614173228344971 ) ;
#605 = EDGE_CURVE ( 'NONE', #674, #1474, #1007, .T. ) ;
#606 = DIRECTION ( 'NONE',  ( -1.419319207617387780E-16, 0.000000000000000000, -1.000000000000000000 ) ) ;
#607 = CIRCLE ( 'NONE', #1305, 0.1181102362204724532 ) ;
#608 = ORIENTED_EDGE ( 'NONE', *, *, #1796, .F. ) ;
#609 = DIRECTION ( 'NONE',  ( 0.000000000000000000, -1.000000000000000000, 6.123233995736766036E-17 ) ) ;
#610 = ORIENTED_EDGE ( 'NONE', *, *, #107, .T. ) ;
#611 = FACE_BOUND ( 'NONE', #523, .T. ) ;
#612 = DIRECTION ( 'NONE',  ( 0.000000000000000000, 0.000000000000000000, -1.000000000000000000 ) ) ;
#613 = CARTESIAN_POINT ( 'NONE',  ( 0.8858267716535432879, 1.696283471259842468, -0.2328503937007934677 ) ) ;
#614 = DIRECTION ( 'NONE',  ( 0.000000000000000000, 1.000000000000000000, -3.511757280635974327E-15 ) ) ;
#615 = ADVANCED_FACE ( 'NONE', ( #826 ), #1718, .F. ) ;
#616 = MANIFOLD_SOLID_BREP ( 'Boss-Extrude1', #1227 ) ;
#617 = ORIENTED_EDGE ( 'NONE', *, *, #1566, .T. ) ;
#618 = DIRECTION ( 'NONE',  ( -0.000000000000000000, -0.000000000000000000, 1.000000000000000000 ) ) ;
#619 = EDGE_CURVE ( 'NONE', #56, #1495, #514, .T. ) ;
#620 = EDGE_CURVE ( 'NONE', #1747, #1166, #14, .T. ) ;
#621 = ORIENTED_EDGE ( 'NONE', *, *, #465, .F. ) ;
#622 = DIRECTION ( 'NONE',  ( 1.305181626700271197E-16, 3.372651844029939471E-15, 1.000000000000000000 ) ) ;
#623 = EDGE_CURVE ( 'NONE', #1588, #310, #2077, .T. ) ;
#624 = LINE ( 'NONE', #1670, #1617 ) ;
#625 = FACE_BOUND ( 'NONE', #388, .T. ) ;
#626 = DIRECTION ( 'NONE',  ( -1.398692455658434002E-16, -3.496731139146086583E-15, -1.000000000000000000 ) ) ;
#627 = CARTESIAN_POINT ( 'NONE',  ( -1.082677165354331228, -0.03599999999999999728, -0.07874015748031483464 ) ) ;
#628 = ORIENTED_EDGE ( 'NONE', *, *, #168, .T. ) ;
#629 = CARTESIAN_POINT ( 'NONE',  ( 4.996003610813211951E-18, 0.9055118110236205498, -0.1968503937007905491 ) ) ;
#630 = ORIENTED_EDGE ( 'NONE', *, *, #1660, .T. ) ;
#631 = EDGE_CURVE ( 'NONE', #1957, #817, #463, .T. ) ;
#632 = APPLICATION_PROTOCOL_DEFINITION ( 'draft international standard', 'automotive_design', 1998, #587 ) ;
#633 = VERTEX_POINT ( 'NONE', #1033 ) ;
#634 = CARTESIAN_POINT ( 'NONE',  ( 0.8858267716535432879, -5.975917486140575667E-16, -0.1518503937007874560 ) ) ;
#635 = CARTESIAN_POINT ( 'NONE',  ( -0.9448818897640000047, 5.255374059333119423E-17, 0.000000000000000000 ) ) ;
#636 = VERTEX_POINT ( 'NONE', #2018 ) ;
#637 = AXIS2_PLACEMENT_3D ( 'NONE', #33, #1275, #1958 ) ;
#638 = DIRECTION ( 'NONE',  ( 0.000000000000000000, -3.478047214155884410E-15, -1.000000000000000000 ) ) ;
#639 = AXIS2_PLACEMENT_3D ( 'NONE', #1021, #1202, #1857 ) ;
#640 = AXIS2_PLACEMENT_3D ( 'NONE', #1062, #3, #1424 ) ;
#641 = EDGE_LOOP ( 'NONE', ( #563, #323, #515, #2076 ) ) ;
#642 = DIRECTION ( 'NONE',  ( -1.349229370204183433E-16, -3.481823409827467069E-15, -1.000000000000000000 ) ) ;
#643 = AXIS2_PLACEMENT_3D ( 'NONE', #283, #2014, #1690 ) ;
#644 = ORIENTED_EDGE ( 'NONE', *, *, #179, .T. ) ;
#645 = CARTESIAN_POINT ( 'NONE',  ( 0.000000000000000000, 0.000000000000000000, 0.000000000000000000 ) ) ;
#646 = EDGE_CURVE ( 'NONE', #180, #2060, #1046, .T. ) ;
#647 = ORIENTED_EDGE ( 'NONE', *, *, #281, .T. ) ;
#648 = DIRECTION ( 'NONE',  ( -1.349229370204183433E-16, -3.481067000988386044E-15, -1.000000000000000000 ) ) ;
#649 = ADVANCED_FACE ( 'NONE', ( #877 ), #1493, .T. ) ;
#650 = ORIENTED_EDGE ( 'NONE', *, *, #1872, .T. ) ;
#651 = CARTESIAN_POINT ( 'NONE',  ( -0.6418455173563945015, 0.2636662936672261592, -0.1968503937007874127 ) ) ;
#652 = EDGE_LOOP ( 'NONE', ( #246, #1191, #1672, #361 ) ) ;
#653 = PLANE ( 'NONE',  #268 ) ;
#654 = EDGE_LOOP ( 'NONE', ( #2259, #1288, #1177, #628, #1701, #470 ) ) ;
#655 = CARTESIAN_POINT ( 'NONE',  ( 0.6540871251600380853, 0.04499999999999930445, -0.2328503937007876667 ) ) ;
#656 = ORIENTED_EDGE ( 'NONE', *, *, #1427, .F. ) ;
#657 = FACE_OUTER_BOUND ( 'NONE', #828, .T. ) ;
#658 = ORIENTED_EDGE ( 'NONE', *, *, #377, .T. ) ;
#659 = DIRECTION ( 'NONE',  ( -1.387778780781445676E-16, -3.492443348153763541E-15, -1.000000000000000000 ) ) ;
#660 = EDGE_CURVE ( 'NONE', #984, #158, #969, .T. ) ;
#661 = DIRECTION ( 'NONE',  ( 0.000000000000000000, -1.000000000000000000, 6.123233995736766036E-17 ) ) ;
#662 = ORIENTED_EDGE ( 'NONE', *, *, #740, .F. ) ;
#663 = CARTESIAN_POINT ( 'NONE',  ( 0.9448818897635591352, -0.03600000000000075362, 0.07086614173228344971 ) ) ;
#664 = ORIENTED_EDGE ( 'NONE', *, *, #561, .F. ) ;
#665 = CARTESIAN_POINT ( 'NONE',  ( -0.8858267716535432879, 1.696283471259842468, -0.1968503937007932136 ) ) ;
#666 = EDGE_LOOP ( 'NONE', ( #783, #1502, #844, #1203 ) ) ;
#667 = PLANE ( 'NONE',  #230 ) ;
#668 = ORIENTED_EDGE ( 'NONE', *, *, #1539, .F. ) ;
#669 = DIRECTION ( 'NONE',  ( -1.349229370204183433E-16, -3.481067000988386044E-15, -1.000000000000000000 ) ) ;
#670 = AXIS2_PLACEMENT_3D ( 'NONE', #651, #1341, #2031 ) ;
#671 = CARTESIAN_POINT ( 'NONE',  ( -0.6540871251600380853, 0.04499999999999939465, -0.1518503937007875948 ) ) ;
#672 = VECTOR ( 'NONE', #1290, 39.37007874015748143 ) ;
#673 = EDGE_CURVE ( 'NONE', #1564, #1959, #624, .T. ) ;
#674 = VERTEX_POINT ( 'NONE', #1849 ) ;
#675 = DIRECTION ( 'NONE',  ( 0.000000000000000000, -1.000000000000000000, 3.469446951953611033E-15 ) ) ;
#676 = CIRCLE ( 'NONE', #1795, 0.08100000000000014133 ) ;
#677 = AXIS2_PLACEMENT_3D ( 'NONE', #2066, #2238, #146 ) ;
#678 = ORIENTED_EDGE ( 'NONE', *, *, #2070, .F. ) ;
#679 = AXIS2_PLACEMENT_3D ( 'NONE', #1015, #294, #272 ) ;
#680 = ORIENTED_EDGE ( 'NONE', *, *, #2190, .T. ) ;
#681 = PLANE ( 'NONE',  #1982 ) ;
#682 = DIRECTION ( 'NONE',  ( -1.349229370204183433E-16, 0.000000000000000000, -1.000000000000000000 ) ) ;
#683 = CARTESIAN_POINT ( 'NONE',  ( -0.6540871251600380853, 0.04499999999999942935, -0.1968503937007877180 ) ) ;
#684 = DIRECTION ( 'NONE',  ( -1.398692455658434002E-16, -3.496731139146086583E-15, -1.000000000000000000 ) ) ;
#685 = ORIENTED_EDGE ( 'NONE', *, *, #915, .F. ) ;
#686 = DIRECTION ( 'NONE',  ( 0.000000000000000000, -1.000000000000000000, 3.469446951953611033E-15 ) ) ;
#687 = ORIENTED_EDGE ( 'NONE', *, *, #334, .F. ) ;
#688 = UNCERTAINTY_MEASURE_WITH_UNIT (LENGTH_MEASURE( 1.000000000000000082E-05 ), #112, 'distance_accuracy_value', 'NONE');
#689 = PRESENTATION_STYLE_ASSIGNMENT (( #1839 ) ) ;
#690 = DIRECTION ( 'NONE',  ( -1.387778780781445676E-16, -3.492443348153763541E-15, -1.000000000000000000 ) ) ;
#691 = ORIENTED_EDGE ( 'NONE', *, *, #1269, .T. ) ;
#692 = CARTESIAN_POINT ( 'NONE',  ( 1.762315940130421498E-33, 0.9055118110236204387, -0.2328503937007905811 ) ) ;
#693 = EDGE_CURVE ( 'NONE', #873, #799, #1323, .T. ) ;
#694 = DIRECTION ( 'NONE',  ( 0.000000000000000000, 1.000000000000000000, 0.000000000000000000 ) ) ;
#695 = LINE ( 'NONE', #2073, #2122 ) ;
#696 = LINE ( 'NONE', #1765, #1403 ) ;
#697 = ORIENTED_EDGE ( 'NONE', *, *, #1349, .F. ) ;
#698 = DIRECTION ( 'NONE',  ( -1.000000000000000000, -1.686325922014969341E-15, 1.349229370204242104E-16 ) ) ;
#699 = ORIENTED_EDGE ( 'NONE', *, *, #1749, .T. ) ;
#700 = DIRECTION ( 'NONE',  ( 1.000000000000000000, 0.000000000000000000, 0.000000000000000000 ) ) ;
#701 = EDGE_LOOP ( 'NONE', ( #2225, #1100, #668, #1281 ) ) ;
#702 = EDGE_CURVE ( 'NONE', #1450, #158, #2193, .T. ) ;
#703 = CARTESIAN_POINT ( 'NONE',  ( 0.8858267716535432879, 0.04499999999999938077, -0.1968503937007877180 ) ) ;
#704 = DIRECTION ( 'NONE',  ( 0.000000000000000000, 0.000000000000000000, 1.000000000000000000 ) ) ;
#705 = LINE ( 'NONE', #1086, #603 ) ;
#706 = EDGE_LOOP ( 'NONE', ( #297, #882, #1093, #647 ) ) ;
#707 = AXIS2_PLACEMENT_3D ( 'NONE', #1598, #1773, #1946 ) ;
#708 = CARTESIAN_POINT ( 'NONE',  ( -0.9448818897640000047, -0.03600000000000075362, 0.000000000000000000 ) ) ;
#709 = CARTESIAN_POINT ( 'NONE',  ( 0.9645669291338578866, -0.03599999999999999728, 0.07874015748031487627 ) ) ;
#710 = AXIS2_PLACEMENT_3D ( 'NONE', #1208, #1560, #335 ) ;
#711 = ORIENTED_EDGE ( 'NONE', *, *, #2083, .F. ) ;
#712 = VECTOR ( 'NONE', #259, 39.37007874015748143 ) ;
#713 = LINE ( 'NONE', #1412, #790 ) ;
#714 = CARTESIAN_POINT ( 'NONE',  ( -0.6581669341744073032, 1.372636087353879653, 0.1608503937007826901 ) ) ;
#715 = CIRCLE ( 'NONE', #1406, 0.8070866141732283561 ) ;
#716 = DIRECTION ( 'NONE',  ( -1.349229370204183433E-16, -3.481823409827467069E-15, -1.000000000000000000 ) ) ;
#717 = CIRCLE ( 'NONE', #2085, 0.1181102362204724532 ) ;
#718 = ORIENTED_EDGE ( 'NONE', *, *, #493, .F. ) ;
#719 = AXIS2_PLACEMENT_3D ( 'NONE', #1399, #202, #1231 ) ;
#720 = PLANE ( 'NONE',  #1119 ) ;
#721 = CARTESIAN_POINT ( 'NONE',  ( -0.7127116590886779512, 0.2636662936672261592, -0.1968503937007874127 ) ) ;
#722 = EDGE_CURVE ( 'NONE', #1002, #750, #1260, .T. ) ;
#723 = CARTESIAN_POINT ( 'NONE',  ( -0.8858267716535432879, -0.03600000000000077444, -0.1518503937007873728 ) ) ;
#724 = CARTESIAN_POINT ( 'NONE',  ( -0.4671242763302586587, 0.2473448768492138294, -0.1968503937007881899 ) ) ;
#725 = EDGE_CURVE ( 'NONE', #2060, #506, #1621, .T. ) ;
#726 = EDGE_CURVE ( 'NONE', #175, #2256, #178, .T. ) ;
#727 = CARTESIAN_POINT ( 'NONE',  ( -0.5109558066990360636, 1.504282723110681230, 0.1608503937007822182 ) ) ;
#728 = ORIENTED_EDGE ( 'NONE', *, *, #2102, .T. ) ;
#729 = DIRECTION ( 'NONE',  ( 1.419319207617387780E-16, 3.491481338843133750E-15, 1.000000000000000000 ) ) ;
#730 = LINE ( 'NONE', #1787, #2207 ) ;
#731 = DIRECTION ( 'NONE',  ( 0.000000000000000000, 0.000000000000000000, 1.000000000000000000 ) ) ;
#732 = ORIENTED_EDGE ( 'NONE', *, *, #1379, .F. ) ;
#733 = CARTESIAN_POINT ( 'NONE',  ( -0.9645669291338588858, -0.03599999999999999728, -0.07874015748031480688 ) ) ;
#734 = LINE ( 'NONE', #431, #89 ) ;
#735 = FACE_OUTER_BOUND ( 'NONE', #706, .T. ) ;
#736 = CARTESIAN_POINT ( 'NONE',  ( 0.9448818897635591352, 0.000000000000000000, -0.07086614173228324154 ) ) ;
#737 = ADVANCED_FACE ( 'NONE', ( #2093 ), #574, .T. ) ;
#738 = CYLINDRICAL_SURFACE ( 'NONE', #1118, 0.1377952755905512139 ) ;
#739 = ORIENTED_EDGE ( 'NONE', *, *, #67, .T. ) ;
#740 = EDGE_CURVE ( 'NONE', #2060, #1665, #455, .T. ) ;
#741 = CARTESIAN_POINT ( 'NONE',  ( 0.5618498218562012481, 1.304276437159207935, 0.1608503937007827733 ) ) ;
#742 = DIRECTION ( 'NONE',  ( -0.000000000000000000, 1.000000000000000000, -3.500644076907614841E-15 ) ) ;
#743 = ORIENTED_EDGE ( 'NONE', *, *, #2159, .T. ) ;
#744 = DIRECTION ( 'NONE',  ( -0.000000000000000000, -0.000000000000000000, 1.000000000000000000 ) ) ;
#745 = DIRECTION ( 'NONE',  ( 0.000000000000000000, -1.000000000000000000, 3.469446951953613794E-15 ) ) ;
#746 = CARTESIAN_POINT ( 'NONE',  ( 0.7127116590886777292, 1.547357328380014385, -0.1968503937007874127 ) ) ;
#747 = DIRECTION ( 'NONE',  ( 1.000000000000000000, 0.000000000000000000, 0.000000000000000000 ) ) ;
#748 = DIRECTION ( 'NONE',  ( -0.000000000000000000, -0.000000000000000000, 1.000000000000000000 ) ) ;
#749 = ADVANCED_FACE ( 'NONE', ( #1775 ), #1930, .F. ) ;
#750 = VERTEX_POINT ( 'NONE', #2118 ) ;
#751 = DIRECTION ( 'NONE',  ( -1.349229370204183433E-16, -3.481067000988386044E-15, -1.000000000000000000 ) ) ;
#752 = VECTOR ( 'NONE', #1294, 39.37007874015748143 ) ;
#753 = AXIS2_PLACEMENT_3D ( 'NONE', #398, #927, #812 ) ;
#754 = ORIENTED_EDGE ( 'NONE', *, *, #1660, .F. ) ;
#755 = CARTESIAN_POINT ( 'NONE',  ( -0.6299212598425196763, 1.535433070866139893, -0.1968503937007874127 ) ) ;
#756 = STYLED_ITEM ( 'NONE', ( #689 ), #616 ) ;
#757 = AXIS2_PLACEMENT_3D ( 'NONE', #554, #385, #1571 ) ;
#758 = ORIENTED_EDGE ( 'NONE', *, *, #1280, .F. ) ;
#759 = CARTESIAN_POINT ( 'NONE',  ( -0.8858267716535426217, -7.683322482180740425E-16, -0.1518503937007874560 ) ) ;
#760 = FACE_OUTER_BOUND ( 'NONE', #66, .T. ) ;
#761 = AXIS2_PLACEMENT_3D ( 'NONE', #1579, #1558, #1769 ) ;
#762 = PRODUCT_DEFINITION_FORMATION_WITH_SPECIFIED_SOURCE ( 'ANY', '', #1094, .NOT_KNOWN. ) ;
#763 = CARTESIAN_POINT ( 'NONE',  ( 4.996003610813211951E-18, 0.9055118110236205498, -0.1968503937007905491 ) ) ;
#764 = ORIENTED_EDGE ( 'NONE', *, *, #1738, .T. ) ;
#765 = CARTESIAN_POINT ( 'NONE',  ( 0.6540871251600380853, 0.04499999999999965833, -0.1318503937007876603 ) ) ;
#766 = DIRECTION ( 'NONE',  ( -1.000000000000000000, 0.000000000000000000, 1.419319207617387780E-16 ) ) ;
#767 = ORIENTED_EDGE ( 'NONE', *, *, #408, .T. ) ;
#768 = EDGE_CURVE ( 'NONE', #513, #158, #24, .T. ) ;
#769 = PLANE ( 'NONE',  #1340 ) ;
#770 = ORIENTED_EDGE ( 'NONE', *, *, #69, .F. ) ;
#771 = CARTESIAN_POINT ( 'NONE',  ( -0.6540871251600380853, 0.04499999999999995670, -0.2328503937007874725 ) ) ;
#772 = EDGE_CURVE ( 'NONE', #1355, #1623, #565, .T. ) ;
#773 = CARTESIAN_POINT ( 'NONE',  ( 0.6540871251600381964, -0.03600000000000070505, -0.1318503937007873827 ) ) ;
#774 = CYLINDRICAL_SURFACE ( 'NONE', #1219, 0.8070866141732285781 ) ;
#775 = ORIENTED_EDGE ( 'NONE', *, *, #207, .F. ) ;
#776 = CARTESIAN_POINT ( 'NONE',  ( 0.8858267716535432879, -5.975917486140575667E-16, -0.1518503937007874560 ) ) ;
#777 = ORIENTED_EDGE ( 'NONE', *, *, #2222, .F. ) ;
#778 = CARTESIAN_POINT ( 'NONE',  ( -0.9645669291338588858, 0.000000000000000000, -0.1968503937007872462 ) ) ;
#779 = EDGE_CURVE ( 'NONE', #1708, #1151, #2131, .T. ) ;
#780 = DIRECTION ( 'NONE',  ( -0.000000000000000000, -1.000000000000000000, -0.000000000000000000 ) ) ;
#781 = CARTESIAN_POINT ( 'NONE',  ( -0.9448818897640000047, 0.000000000000000000, 0.000000000000000000 ) ) ;
#782 = CARTESIAN_POINT ( 'NONE',  ( -0.9254267716535424793, -3.841661241090370213E-16, -0.1968503937007872739 ) ) ;
#783 = ORIENTED_EDGE ( 'NONE', *, *, #796, .T. ) ;
#784 = CARTESIAN_POINT ( 'NONE',  ( 0.4671242763302581591, 1.563678745198027631, -0.1968503937007929083 ) ) ;
#785 = ORIENTED_EDGE ( 'NONE', *, *, #2102, .F. ) ;
#786 = AXIS2_PLACEMENT_3D ( 'NONE', #2196, #1019, #144 ) ;
#787 = DIRECTION ( 'NONE',  ( -1.398692455658434002E-16, -3.496731139146086583E-15, -1.000000000000000000 ) ) ;
#788 = CIRCLE ( 'NONE', #753, 0.04500000000000013711 ) ;
#789 = CARTESIAN_POINT ( 'NONE',  ( -0.8858267716535426217, -7.683322482180740425E-16, -0.1122503937007874597 ) ) ;
#790 = VECTOR ( 'NONE', #1248, 39.37007874015748143 ) ;
#791 = DIRECTION ( 'NONE',  ( 0.000000000000000000, 0.000000000000000000, 1.000000000000000000 ) ) ;
#792 = EDGE_CURVE ( 'NONE', #1665, #1846, #1090, .T. ) ;
#793 = AXIS2_PLACEMENT_3D ( 'NONE', #1196, #816, #2194 ) ;
#794 = AXIS2_PLACEMENT_3D ( 'NONE', #964, #852, #1729 ) ;
#795 = CIRCLE ( 'NONE', #1914, 0.1377952755905510474 ) ;
#796 = EDGE_CURVE ( 'NONE', #636, #1537, #1182, .T. ) ;
#797 = CARTESIAN_POINT ( 'NONE',  ( 1.082677165354330340, -0.03599999999999999728, -0.1968503937007875515 ) ) ;
#798 = EDGE_CURVE ( 'NONE', #1158, #1318, #2126, .T. ) ;
#799 = VERTEX_POINT ( 'NONE', #220 ) ;
#800 = CARTESIAN_POINT ( 'NONE',  ( -0.5109558066990360636, 1.504282723110679898, -0.2328503937007926072 ) ) ;
#801 = ADVANCED_FACE ( 'NONE', ( #389 ), #211, .F. ) ;
#802 = VERTEX_POINT ( 'NONE', #1238 ) ;
#803 =( CONVERSION_BASED_UNIT ( 'INCH', #2228 ) LENGTH_UNIT ( ) NAMED_UNIT ( #2135 ) );
#804 = SURFACE_SIDE_STYLE ('',( #1204 ) ) ;
#805 = CARTESIAN_POINT ( 'NONE',  ( -0.7007874015748031260, 1.535433070866139893, -0.1968503937007874127 ) ) ;
#806 = ORIENTED_EDGE ( 'NONE', *, *, #1689, .T. ) ;
#807 = DIRECTION ( 'NONE',  ( -1.387778780781445676E-16, -3.492443348153763541E-15, -1.000000000000000000 ) ) ;
#808 = ADVANCED_FACE ( 'NONE', ( #1601 ), #1576, .T. ) ;
#809 = EDGE_CURVE ( 'NONE', #1534, #1312, #1477, .T. ) ;
#810 = VERTEX_POINT ( 'NONE', #42 ) ;
#811 = DIRECTION ( 'NONE',  ( 0.000000000000000000, -1.000000000000000000, 3.469446951953614978E-15 ) ) ;
#812 = DIRECTION ( 'NONE',  ( 0.000000000000000000, -1.000000000000000000, 0.000000000000000000 ) ) ;
#813 = ORIENTED_EDGE ( 'NONE', *, *, #725, .F. ) ;
#814 = ORIENTED_EDGE ( 'NONE', *, *, #1280, .T. ) ;
#815 = DIRECTION ( 'NONE',  ( 1.000000000000000000, 0.000000000000000000, 0.000000000000000000 ) ) ;
#816 = DIRECTION ( 'NONE',  ( 1.000000000000000000, -0.000000000000000000, 0.000000000000000000 ) ) ;
#817 = VERTEX_POINT ( 'NONE', #57 ) ;
#818 = CARTESIAN_POINT ( 'NONE',  ( 0.5987709120870595703, 1.416467617722657613, 0.1608503937007823847 ) ) ;
#819 = ORIENTED_EDGE ( 'NONE', *, *, #605, .F. ) ;
#820 = LINE ( 'NONE', #1966, #1303 ) ;
#821 = EDGE_CURVE ( 'NONE', #1318, #945, #186, .T. ) ;
#822 = ORIENTED_EDGE ( 'NONE', *, *, #1749, .F. ) ;
#823 = EDGE_CURVE ( 'NONE', #1708, #1198, #713, .T. ) ;
#824 = CARTESIAN_POINT ( 'NONE',  ( 0.6180871251600382754, 0.04500000000000448780, 1.040928171776253741 ) ) ;
#825 = ORIENTED_EDGE ( 'NONE', *, *, #2210, .F. ) ;
#826 = FACE_OUTER_BOUND ( 'NONE', #98, .T. ) ;
#827 = CARTESIAN_POINT ( 'NONE',  ( -0.8858267716535432879, 1.814393707480314921, -0.2328503937007936342 ) ) ;
#828 = EDGE_LOOP ( 'NONE', ( #1965, #355, #1500, #1240 ) ) ;
#829 = CYLINDRICAL_SURFACE ( 'NONE', #1295, 0.8070866141732285781 ) ;
#830 = CARTESIAN_POINT ( 'NONE',  ( -0.3987646261355866084, 0.3436619891674195792, -0.2328503937007885827 ) ) ;
#831 = VECTOR ( 'NONE', #1319, 39.37007874015748143 ) ;
#832 = AXIS2_PLACEMENT_3D ( 'NONE', #1655, #1157, #1356 ) ;
#833 = ORIENTED_EDGE ( 'NONE', *, *, #1192, .F. ) ;
#834 = DIRECTION ( 'NONE',  ( -1.000000000000000000, 0.000000000000000000, 1.419319207617387780E-16 ) ) ;
#835 = ORIENTED_EDGE ( 'NONE', *, *, #550, .F. ) ;
#836 = DIRECTION ( 'NONE',  ( -1.387778780781445676E-16, -3.492443348153763541E-15, -1.000000000000000000 ) ) ;
#837 = ORIENTED_EDGE ( 'NONE', *, *, #1995, .F. ) ;
#838 = EDGE_CURVE ( 'NONE', #1739, #139, #2046, .T. ) ;
#839 = CARTESIAN_POINT ( 'NONE',  ( 0.5618498218562011370, 1.304276437159206603, -0.1968503937007920201 ) ) ;
#840 = ORIENTED_EDGE ( 'NONE', *, *, #1752, .T. ) ;
#841 = FACE_OUTER_BOUND ( 'NONE', #2231, .T. ) ;
#842 = ORIENTED_EDGE ( 'NONE', *, *, #1738, .F. ) ;
#843 = CARTESIAN_POINT ( 'NONE',  ( -0.5109558066990360636, 1.504282723110679898, -0.1968503937007925753 ) ) ;
#844 = ORIENTED_EDGE ( 'NONE', *, *, #307, .T. ) ;
#845 = CARTESIAN_POINT ( 'NONE',  ( 0.6540871251600380853, 0.04499999999999951261, -0.1518503937007875948 ) ) ;
#846 = VERTEX_POINT ( 'NONE', #800 ) ;
#847 = DIRECTION ( 'NONE',  ( -1.349229370204183433E-16, -3.481823409827467069E-15, -1.000000000000000000 ) ) ;
#848 = EDGE_CURVE ( 'NONE', #2097, #997, #717, .T. ) ;
#849 = ORIENTED_EDGE ( 'NONE', *, *, #1147, .F. ) ;
#850 = CYLINDRICAL_SURFACE ( 'NONE', #261, 0.08100000000000014133 ) ;
#851 = ORIENTED_EDGE ( 'NONE', *, *, #1992, .F. ) ;
#852 = DIRECTION ( 'NONE',  ( -0.000000000000000000, -0.000000000000000000, 1.000000000000000000 ) ) ;
#853 = ORIENTED_EDGE ( 'NONE', *, *, #886, .T. ) ;
#854 = ORIENTED_EDGE ( 'NONE', *, *, #2237, .F. ) ;
#855 = FACE_BOUND ( 'NONE', #1526, .T. ) ;
#856 = EDGE_CURVE ( 'NONE', #1543, #375, #1185, .T. ) ;
#857 = CARTESIAN_POINT ( 'NONE',  ( 0.6540871251600380853, 0.04499999999999930445, -0.2328503937007876667 ) ) ;
#858 = CARTESIAN_POINT ( 'NONE',  ( -0.6540871251600380853, 0.000000000000000000, -0.1318503937007873272 ) ) ;
#859 = AXIS2_PLACEMENT_3D ( 'NONE', #1757, #348, #1393 ) ;
#860 = LINE ( 'NONE', #510, #562 ) ;
#861 = CIRCLE ( 'NONE', #11, 0.8070866141732282451 ) ;
#862 = EDGE_CURVE ( 'NONE', #502, #1343, #604, .T. ) ;
#863 = ORIENTED_EDGE ( 'NONE', *, *, #2164, .T. ) ;
#864 = EDGE_CURVE ( 'NONE', #349, #1074, #1798, .T. ) ;
#865 = LINE ( 'NONE', #1555, #974 ) ;
#866 = VECTOR ( 'NONE', #1515, 39.37007874015748143 ) ;
#867 = VECTOR ( 'NONE', #329, 39.37007874015748143 ) ;
#868 = ORIENTED_EDGE ( 'NONE', *, *, #1082, .T. ) ;
#869 = ORIENTED_EDGE ( 'NONE', *, *, #2002, .T. ) ;
#870 = CARTESIAN_POINT ( 'NONE',  ( -0.3987646261355862753, 1.467361632879823130, 0.1608503937007823292 ) ) ;
#871 = DIRECTION ( 'NONE',  ( 0.000000000000000000, -1.000000000000000000, 3.469446951953614978E-15 ) ) ;
#872 = DIRECTION ( 'NONE',  ( 1.349229370204183433E-16, 3.481823409827467069E-15, 1.000000000000000000 ) ) ;
#873 = VERTEX_POINT ( 'NONE', #1297 ) ;
#874 = PLANE ( 'NONE',  #47 ) ;
#875 = EDGE_CURVE ( 'NONE', #1312, #1534, #231, .T. ) ;
#876 = ORIENTED_EDGE ( 'NONE', *, *, #1262, .T. ) ;
#877 = FACE_OUTER_BOUND ( 'NONE', #1353, .T. ) ;
#878 = ORIENTED_EDGE ( 'NONE', *, *, #956, .F. ) ;
#879 = CARTESIAN_POINT ( 'NONE',  ( 0.6180871251600380534, 0.04499999999999930445, -0.2328503937007876667 ) ) ;
#880 = LINE ( 'NONE', #2072, #262 ) ;
#881 = FACE_OUTER_BOUND ( 'NONE', #1641, .T. ) ;
#882 = ORIENTED_EDGE ( 'NONE', *, *, #693, .T. ) ;
#883 = DIRECTION ( 'NONE',  ( 0.000000000000000000, 1.000000000000000000, -3.469446951953613006E-15 ) ) ;
#884 = ORIENTED_EDGE ( 'NONE', *, *, #1292, .T. ) ;
#885 = DIRECTION ( 'NONE',  ( -1.387778780781445676E-16, -3.492443348153763541E-15, -1.000000000000000000 ) ) ;
#886 = EDGE_CURVE ( 'NONE', #1588, #1612, #1666, .T. ) ;
#887 = EDGE_LOOP ( 'NONE', ( #1608, #76, #155, #35 ) ) ;
#888 = EDGE_CURVE ( 'NONE', #802, #2209, #1286, .T. ) ;
#889 = DIRECTION ( 'NONE',  ( 0.000000000000000000, 1.000000000000000000, 0.000000000000000000 ) ) ;
#890 = CARTESIAN_POINT ( 'NONE',  ( -0.8858267716535426217, -0.03599999999999999728, 0.000000000000000000 ) ) ;
#891 = DIRECTION ( 'NONE',  ( -0.000000000000000000, -0.000000000000000000, 1.000000000000000000 ) ) ;
#892 = CIRCLE ( 'NONE', #1615, 0.8070866141732283561 ) ;
#893 = CARTESIAN_POINT ( 'NONE',  ( 0.9254267716535433674, -2.987958743070287834E-16, -0.1968503937007875237 ) ) ;
#894 = VECTOR ( 'NONE', #704, 39.37007874015748143 ) ;
#895 = VERTEX_POINT ( 'NONE', #1799 ) ;
#896 = VECTOR ( 'NONE', #100, 39.37007874015748143 ) ;
#897 = DIRECTION ( 'NONE',  ( 0.000000000000000000, 1.000000000000000000, -3.469446951953615372E-15 ) ) ;
#898 = CARTESIAN_POINT ( 'NONE',  ( 1.082677165354330340, -0.03599999999999999728, 0.1968503937007873017 ) ) ;
#899 = VECTOR ( 'NONE', #1814, 39.37007874015748143 ) ;
#900 = CIRCLE ( 'NONE', #2168, 0.07086614173228303337 ) ;
#901 = ORIENTED_EDGE ( 'NONE', *, *, #2235, .F. ) ;
#902 = AXIS2_PLACEMENT_3D ( 'NONE', #1812, #250, #957 ) ;
#903 = LINE ( 'NONE', #2248, #1552 ) ;
#904 = VECTOR ( 'NONE', #71, 39.37007874015748143 ) ;
#905 = ADVANCED_FACE ( 'NONE', ( #2142 ), #1640, .T. ) ;
#906 = DIRECTION ( 'NONE',  ( -1.387778780781445676E-16, -3.492443348153763541E-15, -1.000000000000000000 ) ) ;
#907 = CARTESIAN_POINT ( 'NONE',  ( -0.5987709120870596813, 0.3945560043245843751, -0.2328503937007887215 ) ) ;
#908 = CARTESIAN_POINT ( 'NONE',  ( 0.6540871251600380853, 0.04499999999999951261, -0.1518503937007875948 ) ) ;
#909 = EDGE_LOOP ( 'NONE', ( #299, #1895, #1059, #2216 ) ) ;
#910 = DIRECTION ( 'NONE',  ( 1.686325922014969341E-15, -1.000000000000000000, 0.000000000000000000 ) ) ;
#911 = ORIENTED_EDGE ( 'NONE', *, *, #69, .T. ) ;
#912 = CARTESIAN_POINT ( 'NONE',  ( -1.082677165354331228, -0.03599999999999999728, 0.1968503937007875793 ) ) ;
#913 = CARTESIAN_POINT ( 'NONE',  ( -0.8858267716535432879, 1.696283471259842468, -0.2328503937007932179 ) ) ;
#914 = CARTESIAN_POINT ( 'NONE',  ( 0.6418455173563942795, 1.547357328380014385, -0.1968503937007874127 ) ) ;
#915 = EDGE_CURVE ( 'NONE', #1507, #1006, #1080, .T. ) ;
#916 = CARTESIAN_POINT ( 'NONE',  ( 0.7127116590886777292, 1.547357328380014385, -0.1968503937007874127 ) ) ;
#917 = ORIENTED_EDGE ( 'NONE', *, *, #1417, .F. ) ;
#918 = CARTESIAN_POINT ( 'NONE',  ( 0.6418455173563945015, 0.2636662936672264368, -0.2328503937007884439 ) ) ;
#919 = DIRECTION ( 'NONE',  ( -0.000000000000000000, -0.000000000000000000, 1.000000000000000000 ) ) ;
#920 = CYLINDRICAL_SURFACE ( 'NONE', #968, 0.8070866141732285781 ) ;
#921 = CARTESIAN_POINT ( 'NONE',  ( 0.6540871251600381964, 0.000000000000000000, -0.1318503937007874938 ) ) ;
#922 = EDGE_LOOP ( 'NONE', ( #977, #70, #718, #617, #1195, #924, #1489, #851, #2069, #171, #1626, #1327 ) ) ;
#923 = DIRECTION ( 'NONE',  ( 0.000000000000000000, 1.000000000000000000, -3.469446951953613006E-15 ) ) ;
#924 = ORIENTED_EDGE ( 'NONE', *, *, #1644, .F. ) ;
#925 = CARTESIAN_POINT ( 'NONE',  ( 0.9645669291338578866, -0.03599999999999999728, 0.1968503937007873017 ) ) ;
#926 = CARTESIAN_POINT ( 'NONE',  ( 0.9448818897635591352, -0.03600000000000075362, -0.07086614173228344971 ) ) ;
#927 = DIRECTION ( 'NONE',  ( 1.000000000000000000, 9.485583311334247286E-17, -0.000000000000000000 ) ) ;
#928 = CARTESIAN_POINT ( 'NONE',  ( 2.498001805406535101E-18, 1.712598425196848684, -0.2328503937007934399 ) ) ;
#929 = EDGE_LOOP ( 'NONE', ( #644, #1675, #1983, #74 ) ) ;
#930 = DIRECTION ( 'NONE',  ( 1.000000000000000000, 0.000000000000000000, 0.000000000000000000 ) ) ;
#931 = AXIS2_PLACEMENT_3D ( 'NONE', #1426, #5, #1760 ) ;
#932 = EDGE_CURVE ( 'NONE', #1474, #96, #238, .T. ) ;
#933 = VECTOR ( 'NONE', #243, 39.37007874015748143 ) ;
#934 = ORIENTED_EDGE ( 'NONE', *, *, #16, .T. ) ;
#935 = FACE_BOUND ( 'NONE', #1380, .T. ) ;
#936 = CIRCLE ( 'NONE', #1551, 0.1181102362204724116 ) ;
#937 = AXIS2_PLACEMENT_3D ( 'NONE', #449, #2029, #113 ) ;
#938 = FACE_OUTER_BOUND ( 'NONE', #1285, .T. ) ;
#939 = VERTEX_POINT ( 'NONE', #784 ) ;
#940 = AXIS2_PLACEMENT_3D ( 'NONE', #1643, #296, #322 ) ;
#941 = DIRECTION ( 'NONE',  ( -1.000000000000000000, 4.941818843099990564E-31, 1.419319207617387780E-16 ) ) ;
#942 = DIRECTION ( 'NONE',  ( -1.349229370204183433E-16, -3.481067000988386044E-15, -1.000000000000000000 ) ) ;
#943 = AXIS2_PLACEMENT_3D ( 'NONE', #1994, #1778, #225 ) ;
#944 = LINE ( 'NONE', #1807, #752 ) ;
#945 = VERTEX_POINT ( 'NONE', #1676 ) ;
#946 = CARTESIAN_POINT ( 'NONE',  ( 0.5987709120870597923, 0.3945560043245847082, -0.1968503937007889115 ) ) ;
#947 = EDGE_CURVE ( 'NONE', #1612, #1301, #1465, .T. ) ;
#948 = ORIENTED_EDGE ( 'NONE', *, *, #1821, .T. ) ;
#949 = FACE_BOUND ( 'NONE', #1381, .T. ) ;
#950 = PLANE ( 'NONE',  #52 ) ;
#951 = PLANE ( 'NONE',  #566 ) ;
#952 = CARTESIAN_POINT ( 'NONE',  ( 0.8858267716535432879, 1.280553747030123384E-17, -0.1968503937007875515 ) ) ;
#953 = VERTEX_POINT ( 'NONE', #1499 ) ;
#954 = CARTESIAN_POINT ( 'NONE',  ( 0.6418455173563942795, 1.547357328380014385, -0.2328503937007938285 ) ) ;
#955 = EDGE_LOOP ( 'NONE', ( #529, #2223, #511, #1429 ) ) ;
#956 = EDGE_CURVE ( 'NONE', #1081, #1367, #1143, .T. ) ;
#957 = DIRECTION ( 'NONE',  ( 0.000000000000000000, -1.000000000000000000, 3.469446951953614978E-15 ) ) ;
#958 = EDGE_CURVE ( 'NONE', #1509, #674, #820, .T. ) ;
#959 = EDGE_CURVE ( 'NONE', #328, #1166, #1980, .T. ) ;
#960 = DIRECTION ( 'NONE',  ( -0.000000000000000000, -0.000000000000000000, 1.000000000000000000 ) ) ;
#961 = CARTESIAN_POINT ( 'NONE',  ( -0.9254267716535427013, -7.683322482180740425E-16, -0.1122503937007874597 ) ) ;
#962 = DIRECTION ( 'NONE',  ( -1.387778780781445676E-16, -3.492443348153763541E-15, -1.000000000000000000 ) ) ;
#963 = VERTEX_POINT ( 'NONE', #946 ) ;
#964 = CARTESIAN_POINT ( 'NONE',  ( -0.6299212598425196763, 1.535433070866139893, -0.1968503937007874127 ) ) ;
#965 = ORIENTED_EDGE ( 'NONE', *, *, #1841, .F. ) ;
#966 = CIRCLE ( 'NONE', #859, 0.1181102362204725503 ) ;
#967 = DIRECTION ( 'NONE',  ( 3.035386659626950060E-15, -1.000000000000000000, 0.000000000000000000 ) ) ;
#968 = AXIS2_PLACEMENT_3D ( 'NONE', #43, #1445, #2133 ) ;
#969 = LINE ( 'NONE', #1658, #157 ) ;
#970 = DIRECTION ( 'NONE',  ( -0.000000000000000000, 1.000000000000000000, -0.000000000000000000 ) ) ;
#971 = AXIS2_PLACEMENT_3D ( 'NONE', #733, #889, #1390 ) ;
#972 = EDGE_CURVE ( 'NONE', #1164, #1389, #1990, .T. ) ;
#973 = EDGE_LOOP ( 'NONE', ( #2079, #1774, #316, #1999 ) ) ;
#974 = VECTOR ( 'NONE', #1042, 39.37007874015748143 ) ;
#975 = VECTOR ( 'NONE', #2206, 39.37007874015748143 ) ;
#976 = DIRECTION ( 'NONE',  ( 1.349229370204183433E-16, 3.481823409827467069E-15, 1.000000000000000000 ) ) ;
#977 = ORIENTED_EDGE ( 'NONE', *, *, #1365, .F. ) ;
#978 = DIRECTION ( 'NONE',  ( -0.000000000000000000, -0.000000000000000000, 1.000000000000000000 ) ) ;
#979 = EDGE_LOOP ( 'NONE', ( #656, #4, #1364, #767, #1333, #785, #1491, #166, #1136, #282, #1699, #854, #41, #770, #320, #114, #198, #1011, #1706, #535 ) ) ;
#980 = DIRECTION ( 'NONE',  ( 0.000000000000000000, 1.000000000000000000, -3.469446951953617344E-15 ) ) ;
#981 = ORIENTED_EDGE ( 'NONE', *, *, #1689, .F. ) ;
#982 = CARTESIAN_POINT ( 'NONE',  ( -0.6299212598425196763, 1.535433070866139893, -0.1968503937007874127 ) ) ;
#983 = DIRECTION ( 'NONE',  ( -1.387778780781445676E-16, -3.492443348153763541E-15, -1.000000000000000000 ) ) ;
#984 = VERTEX_POINT ( 'NONE', #88 ) ;
#985 = EDGE_CURVE ( 'NONE', #2256, #2008, #436, .T. ) ;
#986 = CARTESIAN_POINT ( 'NONE',  ( 0.9645669291338578866, 0.000000000000000000, -0.1968503937007875515 ) ) ;
#987 = DIRECTION ( 'NONE',  ( 0.000000000000000000, -1.000000000000000000, 3.469446951953614583E-15 ) ) ;
#988 = ORIENTED_EDGE ( 'NONE', *, *, #505, .T. ) ;
#989 = DIRECTION ( 'NONE',  ( -0.000000000000000000, -1.000000000000000000, -0.000000000000000000 ) ) ;
#990 = ORIENTED_EDGE ( 'NONE', *, *, #792, .F. ) ;
#991 = FACE_OUTER_BOUND ( 'NONE', #1715, .T. ) ;
#992 = EDGE_LOOP ( 'NONE', ( #711, #2065, #254, #248 ) ) ;
#993 = DIRECTION ( 'NONE',  ( 1.000000000000000000, 0.000000000000000000, -1.305181626700271197E-16 ) ) ;
#994 = PLANE ( 'NONE',  #937 ) ;
#995 = ORIENTED_EDGE ( 'NONE', *, *, #702, .T. ) ;
#996 = CARTESIAN_POINT ( 'NONE',  ( 0.3987646261355860533, 1.467361632879821576, -0.1968503937007925753 ) ) ;
#997 = VERTEX_POINT ( 'NONE', #247 ) ;
#998 = CARTESIAN_POINT ( 'NONE',  ( 1.400271336371032591E-16, -0.01799999999999677205, 1.040928171776253963 ) ) ;
#999 = ADVANCED_FACE ( 'NONE', ( #1817 ), #255, .F. ) ;
#1000 = ORIENTED_EDGE ( 'NONE', *, *, #1309, .F. ) ;
#1001 = CARTESIAN_POINT ( 'NONE',  ( 1.082677165354330340, 0.000000000000000000, 0.07874015748031487627 ) ) ;
#1002 = VERTEX_POINT ( 'NONE', #1541 ) ;
#1003 = VECTOR ( 'NONE', #1987, 39.37007874015748143 ) ;
#1004 = FACE_BOUND ( 'NONE', #1602, .T. ) ;
#1005 = VECTOR ( 'NONE', #1531, 39.37007874015748143 ) ;
#1006 = VERTEX_POINT ( 'NONE', #2254 ) ;
#1007 = CIRCLE ( 'NONE', #1831, 0.1181102362204724532 ) ;
#1008 = DIRECTION ( 'NONE',  ( -1.387778780781445676E-16, -3.492443348153763541E-15, -1.000000000000000000 ) ) ;
#1009 = VECTOR ( 'NONE', #609, 39.37007874015748143 ) ;
#1010 = CIRCLE ( 'NONE', #1696, 0.8070866141732282451 ) ;
#1011 = ORIENTED_EDGE ( 'NONE', *, *, #631, .F. ) ;
#1012 = DIRECTION ( 'NONE',  ( 0.000000000000000000, 0.000000000000000000, 1.000000000000000000 ) ) ;
#1013 = ORIENTED_EDGE ( 'NONE', *, *, #1320, .T. ) ;
#1014 = ADVANCED_FACE ( 'NONE', ( #1716 ), #1508, .T. ) ;
#1015 = CARTESIAN_POINT ( 'NONE',  ( -0.5618498218562013591, 1.304276437159206603, -0.1968503937007918536 ) ) ;
#1016 = ORIENTED_EDGE ( 'NONE', *, *, #1486, .T. ) ;
#1017 = DIRECTION ( 'NONE',  ( 0.000000000000000000, -1.000000000000000000, 3.469446951953611033E-15 ) ) ;
#1018 = ORIENTED_EDGE ( 'NONE', *, *, #1052, .T. ) ;
#1019 = DIRECTION ( 'NONE',  ( -0.000000000000000000, -0.000000000000000000, 1.000000000000000000 ) ) ;
#1020 = VERTEX_POINT ( 'NONE', #663 ) ;
#1021 = CARTESIAN_POINT ( 'NONE',  ( -0.3987646261355863309, 1.467361632879821576, -0.1968503937007924642 ) ) ;
#1022 = ORIENTED_EDGE ( 'NONE', *, *, #1578, .F. ) ;
#1023 = EDGE_CURVE ( 'NONE', #1144, #2097, #1386, .T. ) ;
#1024 = EDGE_LOOP ( 'NONE', ( #1357, #1779, #2218, #1419 ) ) ;
#1025 = CARTESIAN_POINT ( 'NONE',  ( -0.7677165354330707236, 1.696283471259842468, -0.2328503937007932179 ) ) ;
#1026 = EDGE_CURVE ( 'NONE', #498, #1665, #1174, .T. ) ;
#1027 = EDGE_CURVE ( 'NONE', #895, #293, #309, .T. ) ;
#1028 = DIRECTION ( 'NONE',  ( -1.349229370204183433E-16, -3.481823409827467069E-15, -1.000000000000000000 ) ) ;
#1029 = EDGE_CURVE ( 'NONE', #64, #2209, #900, .T. ) ;
#1030 = ORIENTED_EDGE ( 'NONE', *, *, #1939, .F. ) ;
#1031 = CYLINDRICAL_SURFACE ( 'NONE', #1656, 0.1181102362204725503 ) ;
#1032 = ORIENTED_EDGE ( 'NONE', *, *, #1163, .F. ) ;
#1033 = CARTESIAN_POINT ( 'NONE',  ( -0.6180871251600382754, 0.04499999999999930445, -0.2328503937007874725 ) ) ;
#1034 = ORIENTED_EDGE ( 'NONE', *, *, #58, .T. ) ;
#1035 = DIRECTION ( 'NONE',  ( 0.000000000000000000, 1.000000000000000000, -3.469446951953611033E-15 ) ) ;
#1036 = EDGE_CURVE ( 'NONE', #1534, #1557, #1211, .T. ) ;
#1037 = CARTESIAN_POINT ( 'NONE',  ( 0.6418455173563942795, 1.547357328380014385, -0.1968503937007874127 ) ) ;
#1038 = DIRECTION ( 'NONE',  ( 1.349229370204183433E-16, 3.481823409827467069E-15, 1.000000000000000000 ) ) ;
#1039 = VECTOR ( 'NONE', #748, 39.37007874015748143 ) ;
#1040 = ADVANCED_FACE ( 'NONE', ( #1378 ), #1031, .T. ) ;
#1041 = ORIENTED_EDGE ( 'NONE', *, *, #726, .F. ) ;
#1042 = DIRECTION ( 'NONE',  ( -1.387778780781445676E-16, -3.492443348153763541E-15, -1.000000000000000000 ) ) ;
#1043 = VECTOR ( 'NONE', #780, 39.37007874015748143 ) ;
#1044 = VECTOR ( 'NONE', #1097, 39.37007874015748143 ) ;
#1045 = VERTEX_POINT ( 'NONE', #2055 ) ;
#1046 = LINE ( 'NONE', #1731, #712 ) ;
#1047 = AXIS2_PLACEMENT_3D ( 'NONE', #1095, #214, #923 ) ;
#1048 = ORIENTED_EDGE ( 'NONE', *, *, #2041, .F. ) ;
#1049 = DIRECTION ( 'NONE',  ( -1.387778780781445676E-16, -3.492443348153763541E-15, -1.000000000000000000 ) ) ;
#1050 = FACE_OUTER_BOUND ( 'NONE', #979, .T. ) ;
#1051 = CARTESIAN_POINT ( 'NONE',  ( 0.9448818897635591352, 5.255374059333119423E-17, 0.07086614173228303337 ) ) ;
#1052 = EDGE_CURVE ( 'NONE', #1661, #633, #512, .T. ) ;
#1053 = ORIENTED_EDGE ( 'NONE', *, *, #2041, .T. ) ;
#1054 = CARTESIAN_POINT ( 'NONE',  ( 0.6581669341744071922, 1.372636087353880097, 0.1608503937007825235 ) ) ;
#1055 = EDGE_CURVE ( 'NONE', #2192, #504, #1902, .T. ) ;
#1056 = VERTEX_POINT ( 'NONE', #843 ) ;
#1057 = DIRECTION ( 'NONE',  ( -1.387778780781445676E-16, -3.492443348153763541E-15, -1.000000000000000000 ) ) ;
#1058 = APPLICATION_CONTEXT ( 'automotive_design' ) ;
#1059 = ORIENTED_EDGE ( 'NONE', *, *, #217, .F. ) ;
#1060 = CARTESIAN_POINT ( 'NONE',  ( 0.6418455173563945015, 0.2636662936672278246, 0.1608503937007863815 ) ) ;
#1061 = CARTESIAN_POINT ( 'NONE',  ( -0.5987709120870595703, 1.416467617722657835, 0.1608503937007825235 ) ) ;
#1062 = CARTESIAN_POINT ( 'NONE',  ( -0.8858267716535432879, 0.04499999999999936690, -0.1518503937007875948 ) ) ;
#1063 = CARTESIAN_POINT ( 'NONE',  ( -0.9254267716535424793, -3.841661241090370213E-16, -0.1968503937007872739 ) ) ;
#1064 = ORIENTED_EDGE ( 'NONE', *, *, #1497, .T. ) ;
#1065 = DIRECTION ( 'NONE',  ( -1.000000000000000000, -1.686325922014969341E-15, 1.349229370204242104E-16 ) ) ;
#1066 = EDGE_CURVE ( 'NONE', #240, #1918, #865, .T. ) ;
#1067 = ORIENTED_EDGE ( 'NONE', *, *, #1855, .T. ) ;
#1068 = DIRECTION ( 'NONE',  ( -1.387778780781445676E-16, -3.492443348153763541E-15, -1.000000000000000000 ) ) ;
#1069 = CARTESIAN_POINT ( 'NONE',  ( -0.4671242763302586587, 0.2473448768492136907, -0.2328503937007882496 ) ) ;
#1070 = CARTESIAN_POINT ( 'NONE',  ( 0.8858267716535432879, -5.975917486140575667E-16, -0.1518503937007874560 ) ) ;
#1071 = AXIS2_PLACEMENT_3D ( 'NONE', #184, #522, #1586 ) ;
#1072 = CARTESIAN_POINT ( 'NONE',  ( 0.8858267716535432879, 0.04499999999999982486, -0.1968503937007877180 ) ) ;
#1073 = AXIS2_PLACEMENT_3D ( 'NONE', #709, #1408, #1975 ) ;
#1074 = VERTEX_POINT ( 'NONE', #503 ) ;
#1075 = VECTOR ( 'NONE', #1484, 39.37007874015748143 ) ;
#1076 = CARTESIAN_POINT ( 'NONE',  ( -0.6418455173563945015, 0.2636662936672262703, -0.1968503937007881899 ) ) ;
#1077 = CARTESIAN_POINT ( 'NONE',  ( -0.8858267716535432879, 1.814393707480314921, -0.1968503937007936300 ) ) ;
#1078 = AXIS2_PLACEMENT_3D ( 'NONE', #1243, #970, #1469 ) ;
#1079 = CARTESIAN_POINT ( 'NONE',  ( -0.4671242763302581591, 1.563678745198027631, -0.1968503937007927695 ) ) ;
#1080 = CIRCLE ( 'NONE', #87, 0.1181102362204724116 ) ;
#1081 = VERTEX_POINT ( 'NONE', #167 ) ;
#1082 = EDGE_CURVE ( 'NONE', #293, #799, #1344, .T. ) ;
#1083 = CARTESIAN_POINT ( 'NONE',  ( -0.9448818897640000047, -0.03600000000000075362, 0.07086614173228344971 ) ) ;
#1084 = CARTESIAN_POINT ( 'NONE',  ( 0.5590551181102362266, 0.2755905511811009845, -0.1968503937007874127 ) ) ;
#1085 = CARTESIAN_POINT ( 'NONE',  ( 0.5109558066990360636, 1.504282723110679898, -0.2328503937007927460 ) ) ;
#1086 = CARTESIAN_POINT ( 'NONE',  ( -0.6180871251600379424, -0.01799999999999677205, 1.040928171776254185 ) ) ;
#1087 = DIRECTION ( 'NONE',  ( -0.000000000000000000, -0.000000000000000000, 1.000000000000000000 ) ) ;
#1088 = LINE ( 'NONE', #572, #422 ) ;
#1089 = ORIENTED_EDGE ( 'NONE', *, *, #1235, .T. ) ;
#1090 = LINE ( 'NONE', #549, #1512 ) ;
#1091 = CARTESIAN_POINT ( 'NONE',  ( 0.6299212598425196763, 0.2755905511811009845, -0.1968503937007874127 ) ) ;
#1092 = CARTESIAN_POINT ( 'NONE',  ( -0.6581669341744071922, 0.4383875346933637784, 0.1608503937007859375 ) ) ;
#1093 = ORIENTED_EDGE ( 'NONE', *, *, #1082, .F. ) ;
#1094 = PRODUCT ( 'Fan Bracket', 'Fan Bracket', '', ( #526 ) ) ;
#1095 = CARTESIAN_POINT ( 'NONE',  ( 0.3987646261355866084, 0.3436619891674208560, 0.1608503937007861317 ) ) ;
#1096 = CARTESIAN_POINT ( 'NONE',  ( 0.5709793756241108298, 1.547357328380014385, -0.2328503937007938285 ) ) ;
#1097 = DIRECTION ( 'NONE',  ( 1.000000000000000000, -0.000000000000000000, -1.261617073437677999E-16 ) ) ;
#1098 = CARTESIAN_POINT ( 'NONE',  ( 0.9254267716535433674, -5.975917486140575667E-16, -0.1122503937007874597 ) ) ;
#1099 = EDGE_CURVE ( 'NONE', #1056, #240, #1761, .T. ) ;
#1100 = ORIENTED_EDGE ( 'NONE', *, *, #1128, .F. ) ;
#1101 = DIRECTION ( 'NONE',  ( 1.000000000000000000, 7.709882115452465840E-17, -1.349229370204186144E-16 ) ) ;
#1102 = LINE ( 'NONE', #898, #382 ) ;
#1103 = LINE ( 'NONE', #539, #1688 ) ;
#1104 = ORIENTED_EDGE ( 'NONE', *, *, #2083, .T. ) ;
#1105 = FACE_BOUND ( 'NONE', #219, .T. ) ;
#1106 = DIRECTION ( 'NONE',  ( 0.000000000000000000, 1.000000000000000000, 0.000000000000000000 ) ) ;
#1107 = LINE ( 'NONE', #1504, #1374 ) ;
#1108 = ADVANCED_FACE ( 'NONE', ( #1891 ), #292, .T. ) ;
#1109 = DIRECTION ( 'NONE',  ( -0.000000000000000000, 1.000000000000000000, -0.000000000000000000 ) ) ;
#1110 = VECTOR ( 'NONE', #592, 39.37007874015748143 ) ;
#1111 = ORIENTED_EDGE ( 'NONE', *, *, #932, .F. ) ;
#1112 = DIRECTION ( 'NONE',  ( 1.000000000000000000, -4.550480923438493133E-31, -1.349229370204183433E-16 ) ) ;
#1113 = VECTOR ( 'NONE', #2149, 39.37007874015748143 ) ;
#1114 = AXIS2_PLACEMENT_3D ( 'NONE', #1076, #525, #199 ) ;
#1115 = VERTEX_POINT ( 'NONE', #1522 ) ;
#1116 = VECTOR ( 'NONE', #26, 39.37007874015748143 ) ;
#1117 = DIRECTION ( 'NONE',  ( -0.000000000000000000, 1.000000000000000000, -0.000000000000000000 ) ) ;
#1118 = AXIS2_PLACEMENT_3D ( 'NONE', #176, #545, #883 ) ;
#1119 = AXIS2_PLACEMENT_3D ( 'NONE', #912, #1480, #241 ) ;
#1120 = ORIENTED_EDGE ( 'NONE', *, *, #217, .T. ) ;
#1121 = CARTESIAN_POINT ( 'NONE',  ( -0.5618498218562013591, 1.304276437159206603, -0.2328503937007918856 ) ) ;
#1122 = PLANE ( 'NONE',  #2127 ) ;
#1123 = DIRECTION ( 'NONE',  ( 0.000000000000000000, 0.000000000000000000, 1.000000000000000000 ) ) ;
#1124 = ADVANCED_FACE ( 'NONE', ( #135, #2217, #2226 ), #653, .T. ) ;
#1125 = ORIENTED_EDGE ( 'NONE', *, *, #864, .T. ) ;
#1126 = CARTESIAN_POINT ( 'NONE',  ( 0.6540871251600380853, 0.04499999999999930445, -0.2328503937007876667 ) ) ;
#1127 = EDGE_CURVE ( 'NONE', #1230, #963, #936, .T. ) ;
#1128 = EDGE_CURVE ( 'NONE', #846, #1056, #1737, .T. ) ;
#1129 = ORIENTED_EDGE ( 'NONE', *, *, #646, .T. ) ;
#1130 = DIRECTION ( 'NONE',  ( -1.000000000000000000, -1.112950625218957446E-32, 1.349229370204183433E-16 ) ) ;
#1131 = FACE_OUTER_BOUND ( 'NONE', #652, .T. ) ;
#1132 = LINE ( 'NONE', #1291, #1759 ) ;
#1133 = DIRECTION ( 'NONE',  ( 0.000000000000000000, 0.000000000000000000, 1.000000000000000000 ) ) ;
#1134 = ORIENTED_EDGE ( 'NONE', *, *, #466, .T. ) ;
#1135 = DIRECTION ( 'NONE',  ( -1.349229370204183433E-16, 0.000000000000000000, -1.000000000000000000 ) ) ;
#1136 = ORIENTED_EDGE ( 'NONE', *, *, #290, .T. ) ;
#1137 = ADVANCED_FACE ( 'NONE', ( #197 ), #738, .T. ) ;
#1138 = CARTESIAN_POINT ( 'NONE',  ( -0.5987709120870595703, 1.416467617722656502, -0.1968503937007922699 ) ) ;
#1139 = DIRECTION ( 'NONE',  ( 1.614567372142003289E-15, 0.000000000000000000, -1.000000000000000000 ) ) ;
#1140 = DIRECTION ( 'NONE',  ( 0.000000000000000000, 1.000000000000000000, 0.000000000000000000 ) ) ;
#1141 = DIRECTION ( 'NONE',  ( -1.000000000000000000, 0.000000000000000000, 1.419319207617387780E-16 ) ) ;
#1142 = ORIENTED_EDGE ( 'NONE', *, *, #1425, .F. ) ;
#1143 = LINE ( 'NONE', #106, #381 ) ;
#1144 = VERTEX_POINT ( 'NONE', #1063 ) ;
#1145 = CIRCLE ( 'NONE', #28, 0.1181102362204725503 ) ;
#1146 = AXIS2_PLACEMENT_3D ( 'NONE', #413, #469, #117 ) ;
#1147 = EDGE_CURVE ( 'NONE', #1591, #105, #1088, .T. ) ;
#1148 = ORIENTED_EDGE ( 'NONE', *, *, #577, .T. ) ;
#1149 = CARTESIAN_POINT ( 'NONE',  ( 0.7677165354330708347, 1.814393707480314921, -0.2328503937007938840 ) ) ;
#1150 = DIRECTION ( 'NONE',  ( 5.204170427930422861E-15, -1.000000000000000000, 3.469446951953614978E-15 ) ) ;
#1151 = VERTEX_POINT ( 'NONE', #22 ) ;
#1152 = AXIS2_PLACEMENT_3D ( 'NONE', #1702, #91, #1847 ) ;
#1153 = CARTESIAN_POINT ( 'NONE',  ( 0.5109558066990363967, 0.3067408989365625893, 0.1608503937007862428 ) ) ;
#1154 = EDGE_LOOP ( 'NONE', ( #540, #1396, #136, #1890 ) ) ;
#1155 = CARTESIAN_POINT ( 'NONE',  ( 0.5618498218562011370, 1.304276437159206603, -0.2328503937007920521 ) ) ;
#1156 = EDGE_LOOP ( 'NONE', ( #1736, #764, #2052, #876 ) ) ;
#1157 = DIRECTION ( 'NONE',  ( 1.349229370204183433E-16, 3.481823409827467069E-15, 1.000000000000000000 ) ) ;
#1158 = VERTEX_POINT ( 'NONE', #2091 ) ;
#1159 = DIRECTION ( 'NONE',  ( -0.000000000000000000, -0.000000000000000000, 1.000000000000000000 ) ) ;
#1160 = DIRECTION ( 'NONE',  ( 0.000000000000000000, 0.000000000000000000, 1.000000000000000000 ) ) ;
#1161 = ORIENTED_EDGE ( 'NONE', *, *, #479, .F. ) ;
#1162 = DIRECTION ( 'NONE',  ( -3.469446951953611033E-15, -1.000000000000000000, 3.469446951953611033E-15 ) ) ;
#1163 = EDGE_CURVE ( 'NONE', #551, #2256, #528, .T. ) ;
#1164 = VERTEX_POINT ( 'NONE', #536 ) ;
#1165 = DIRECTION ( 'NONE',  ( -0.000000000000000000, 1.000000000000000000, -0.000000000000000000 ) ) ;
#1166 = VERTEX_POINT ( 'NONE', #1407 ) ;
#1167 = CARTESIAN_POINT ( 'NONE',  ( 1.082677165354330340, -0.03599999999999999728, 0.1968503937007873017 ) ) ;
#1168 = ORIENTED_EDGE ( 'NONE', *, *, #143, .T. ) ;
#1169 = CYLINDRICAL_SURFACE ( 'NONE', #1585, 0.1181102362204724116 ) ;
#1170 = EDGE_LOOP ( 'NONE', ( #988, #210, #1338, #2067 ) ) ;
#1171 = DIRECTION ( 'NONE',  ( -0.000000000000000000, -0.000000000000000000, 1.000000000000000000 ) ) ;
#1172 = EDGE_CURVE ( 'NONE', #175, #276, #2075, .T. ) ;
#1173 = ORIENTED_EDGE ( 'NONE', *, *, #1023, .T. ) ;
#1174 = LINE ( 'NONE', #338, #1947 ) ;
#1175 = VERTEX_POINT ( 'NONE', #893 ) ;
#1176 = CARTESIAN_POINT ( 'NONE',  ( -1.676398892375697745E-17, -4.337355425982311661E-16, -0.1318503937007874105 ) ) ;
#1177 = ORIENTED_EDGE ( 'NONE', *, *, #409, .F. ) ;
#1178 = VECTOR ( 'NONE', #1463, 39.37007874015748143 ) ;
#1179 = CARTESIAN_POINT ( 'NONE',  ( -0.6540871251600380853, -0.03600000000000077444, -0.1518503937007872895 ) ) ;
#1180 = VECTOR ( 'NONE', #682, 39.37007874015748143 ) ;
#1181 = ORIENTED_EDGE ( 'NONE', *, *, #290, .F. ) ;
#1182 = CIRCLE ( 'NONE', #524, 0.1377952755905511306 ) ;
#1183 = DIRECTION ( 'NONE',  ( 0.000000000000000000, 1.000000000000000000, -3.511757280635974327E-15 ) ) ;
#1184 = VECTOR ( 'NONE', #1911, 39.37007874015748143 ) ;
#1185 = CIRCLE ( 'NONE', #494, 0.8070866141732283561 ) ;
#1186 = AXIS2_PLACEMENT_3D ( 'NONE', #46, #1117, #1435 ) ;
#1187 = VERTEX_POINT ( 'NONE', #1236 ) ;
#1188 = CARTESIAN_POINT ( 'NONE',  ( 1.082677165354330340, 0.000000000000000000, -0.1968503937007875515 ) ) ;
#1189 = AXIS2_PLACEMENT_3D ( 'NONE', #2157, #1627, #1780 ) ;
#1190 = ADVANCED_FACE ( 'NONE', ( #1926 ), #359, .F. ) ;
#1191 = ORIENTED_EDGE ( 'NONE', *, *, #809, .F. ) ;
#1192 = EDGE_CURVE ( 'NONE', #1158, #2188, #450, .T. ) ;
#1193 = DIRECTION ( 'NONE',  ( 0.000000000000000000, 0.000000000000000000, 1.000000000000000000 ) ) ;
#1194 = ADVANCED_FACE ( 'NONE', ( #208 ), #1746, .F. ) ;
#1195 = ORIENTED_EDGE ( 'NONE', *, *, #94, .F. ) ;
#1196 = CARTESIAN_POINT ( 'NONE',  ( 1.082677165354330340, -0.03599999999999999728, 0.1968503937007873017 ) ) ;
#1197 = EDGE_CURVE ( 'NONE', #1343, #1639, #2115, .T. ) ;
#1198 = VERTEX_POINT ( 'NONE', #387 ) ;
#1199 = CIRCLE ( 'NONE', #393, 0.1377952755905512972 ) ;
#1200 = CARTESIAN_POINT ( 'NONE',  ( 0.6581669341744071922, 1.372636087353878320, -0.2328503937007923297 ) ) ;
#1201 = ORIENTED_EDGE ( 'NONE', *, *, #726, .T. ) ;
#1202 = DIRECTION ( 'NONE',  ( -1.349229370204183433E-16, -3.481823409827467069E-15, -1.000000000000000000 ) ) ;
#1203 = ORIENTED_EDGE ( 'NONE', *, *, #360, .T. ) ;
#1204 = SURFACE_STYLE_FILL_AREA ( #2068 ) ;
#1205 = ORIENTED_EDGE ( 'NONE', *, *, #547, .F. ) ;
#1206 = EDGE_CURVE ( 'NONE', #1959, #498, #1273, .T. ) ;
#1207 = CYLINDRICAL_SURFACE ( 'NONE', #2246, 0.8070866141732285781 ) ;
#1208 = CARTESIAN_POINT ( 'NONE',  ( -0.6418455173563945015, 0.2636662936672261592, -0.2328503937007882496 ) ) ;
#1209 = CARTESIAN_POINT ( 'NONE',  ( 0.8858267716535432879, 0.04499999999999982486, -0.1968503937007877180 ) ) ;
#1210 = ORIENTED_EDGE ( 'NONE', *, *, #2255, .T. ) ;
#1211 = LINE ( 'NONE', #1533, #867 ) ;
#1212 = ORIENTED_EDGE ( 'NONE', *, *, #1662, .F. ) ;
#1213 =( NAMED_UNIT ( * ) SI_UNIT ( $, .STERADIAN. ) SOLID_ANGLE_UNIT ( ) );
#1214 = ORIENTED_EDGE ( 'NONE', *, *, #311, .T. ) ;
#1215 = FACE_OUTER_BOUND ( 'NONE', #1505, .T. ) ;
#1216 = ADVANCED_FACE ( 'NONE', ( #1956 ), #1917, .T. ) ;
#1217 = DIRECTION ( 'NONE',  ( 0.000000000000000000, 0.000000000000000000, 1.000000000000000000 ) ) ;
#1218 = CARTESIAN_POINT ( 'NONE',  ( -0.7677165354330707236, 1.696283471259842468, -0.1968503937007932136 ) ) ;
#1219 = AXIS2_PLACEMENT_3D ( 'NONE', #1453, #807, #614 ) ;
#1220 = EDGE_CURVE ( 'NONE', #802, #2005, #1720, .T. ) ;
#1221 = PRESENTATION_LAYER_ASSIGNMENT (  '', '', ( #756 ) ) ;
#1222 = ORIENTED_EDGE ( 'NONE', *, *, #985, .F. ) ;
#1223 = VECTOR ( 'NONE', #475, 39.37007874015748143 ) ;
#1224 = DIRECTION ( 'NONE',  ( 1.686325922014969341E-15, -1.000000000000000000, 0.000000000000000000 ) ) ;
#1225 = VECTOR ( 'NONE', #369, 39.37007874015748143 ) ;
#1226 = EDGE_LOOP ( 'NONE', ( #120, #86, #2268, #1296 ) ) ;
#1227 = CLOSED_SHELL ( 'NONE', ( #2089, #801, #1194, #190, #615, #1501, #1973, #737, #808, #394, #1124, #258, #1511, #1528, #1597, #2116, #1868, #1401, #82, #2059, #1927, #579, #209, #1819, #1782, #2020, #1014, #1216, #1885, #1770, #477, #1913, #376, #2269, #1363, #1137, #1433, #2058, #1190, #2106, #236, #1599, #534, #39, #999, #1428, #1458, #2178, #1924, #749, #321, #2032, #2056, #1040, #1823, #649, #1963, #138, #1293, #1988, #1810, #1634, #905, #1246, #2258, #1667, #372, #1108 ) ) ;
#1228 = CARTESIAN_POINT ( 'NONE',  ( 0.8858267716535432879, 1.696283471259842468, -0.2328503937007934677 ) ) ;
#1229 = VECTOR ( 'NONE', #1130, 39.37007874015748143 ) ;
#1230 = VERTEX_POINT ( 'NONE', #1607 ) ;
#1231 = DIRECTION ( 'NONE',  ( 0.000000000000000000, -1.000000000000000000, 0.000000000000000000 ) ) ;
#1232 = LINE ( 'NONE', #1061, #2161 ) ;
#1233 = CYLINDRICAL_SURFACE ( 'NONE', #1444, 0.07086614173228344971 ) ;
#1234 = ORIENTED_EDGE ( 'NONE', *, *, #947, .F. ) ;
#1235 = EDGE_CURVE ( 'NONE', #139, #596, #40, .T. ) ;
#1236 = CARTESIAN_POINT ( 'NONE',  ( 0.6581669341744071922, 1.372636087353878542, -0.1968503937007922699 ) ) ;
#1237 = ORIENTED_EDGE ( 'NONE', *, *, #312, .T. ) ;
#1238 = CARTESIAN_POINT ( 'NONE',  ( -0.9448818897640000047, -0.03600000000000075362, -0.07086614173228344971 ) ) ;
#1239 = DIRECTION ( 'NONE',  ( 0.000000000000000000, -3.478047214155884410E-15, -1.000000000000000000 ) ) ;
#1240 = ORIENTED_EDGE ( 'NONE', *, *, #281, .F. ) ;
#1241 = CYLINDRICAL_SURFACE ( 'NONE', #1836, 0.1377952755905511306 ) ;
#1242 = CARTESIAN_POINT ( 'NONE',  ( -3.183481153071443421E-17, -0.01800000000000120601, -0.2328503937007873614 ) ) ;
#1243 = CARTESIAN_POINT ( 'NONE',  ( 0.9448818897635591352, -0.03600000000000075362, 0.000000000000000000 ) ) ;
#1244 = LINE ( 'NONE', #1092, #1332 ) ;
#1245 = CARTESIAN_POINT ( 'NONE',  ( -0.8858267716535426217, -7.683322482180740425E-16, -0.1122503937007874597 ) ) ;
#1246 = ADVANCED_FACE ( 'NONE', ( #1395 ), #874, .T. ) ;
#1247 = ORIENTED_EDGE ( 'NONE', *, *, #1220, .T. ) ;
#1248 = DIRECTION ( 'NONE',  ( -0.000000000000000000, -1.000000000000000000, 3.481823409827466675E-15 ) ) ;
#1249 = DIRECTION ( 'NONE',  ( -0.000000000000000000, -0.000000000000000000, 1.000000000000000000 ) ) ;
#1250 = DIRECTION ( 'NONE',  ( 0.000000000000000000, -1.000000000000000000, 3.469446951953613794E-15 ) ) ;
#1251 = ORIENTED_EDGE ( 'NONE', *, *, #823, .T. ) ;
#1252 = DIRECTION ( 'NONE',  ( -0.000000000000000000, 1.000000000000000000, -0.000000000000000000 ) ) ;
#1253 = CARTESIAN_POINT ( 'NONE',  ( 0.6180871251600382754, 0.04500000000000017875, -0.1968503937007877735 ) ) ;
#1254 = CARTESIAN_POINT ( 'NONE',  ( 0.6581669341744074142, 0.4383875346933626127, -0.2328503937007890545 ) ) ;
#1255 = DIRECTION ( 'NONE',  ( -0.000000000000000000, 1.000000000000000000, -3.500644076907614841E-15 ) ) ;
#1256 = VECTOR ( 'NONE', #962, 39.37007874015748143 ) ;
#1257 = DIRECTION ( 'NONE',  ( -1.000000000000000000, -7.709882115452479399E-17, 1.541976423090495880E-16 ) ) ;
#1258 = CIRCLE ( 'NONE', #1582, 0.1181102362204724116 ) ;
#1259 = ORIENTED_EDGE ( 'NONE', *, *, #350, .F. ) ;
#1260 = CIRCLE ( 'NONE', #1300, 0.07086614173228344971 ) ;
#1261 = DIRECTION ( 'NONE',  ( 0.000000000000000000, 0.000000000000000000, 1.000000000000000000 ) ) ;
#1262 = EDGE_CURVE ( 'NONE', #1187, #1507, #351, .T. ) ;
#1263 = VECTOR ( 'NONE', #942, 39.37007874015748143 ) ;
#1264 = VECTOR ( 'NONE', #834, 39.37007874015748143 ) ;
#1265 = AXIS2_PLACEMENT_3D ( 'NONE', #221, #1938, #559 ) ;
#1266 = ORIENTED_EDGE ( 'NONE', *, *, #2267, .F. ) ;
#1267 = VECTOR ( 'NONE', #552, 39.37007874015748143 ) ;
#1268 = EDGE_CURVE ( 'NONE', #349, #445, #410, .T. ) ;
#1269 = EDGE_CURVE ( 'NONE', #1413, #2188, #892, .T. ) ;
#1270 = DIRECTION ( 'NONE',  ( -1.000000000000000000, -7.709882115452479399E-17, 1.541976423090495880E-16 ) ) ;
#1271 = CARTESIAN_POINT ( 'NONE',  ( 0.9645669291338578866, -0.03599999999999999728, 0.07874015748031487627 ) ) ;
#1272 = DIRECTION ( 'NONE',  ( -0.000000000000000000, 1.000000000000000000, -0.000000000000000000 ) ) ;
#1273 = LINE ( 'NONE', #1245, #1438 ) ;
#1274 = EDGE_LOOP ( 'NONE', ( #878, #743, #1575, #414 ) ) ;
#1275 = DIRECTION ( 'NONE',  ( 4.543424691002655477E-31, -1.000000000000000000, 3.481067000988386044E-15 ) ) ;
#1276 = CARTESIAN_POINT ( 'NONE',  ( 1.082677165354330340, -0.03599999999999999728, -0.1968503937007875515 ) ) ;
#1277 = LINE ( 'NONE', #2108, #2249 ) ;
#1278 = EDGE_LOOP ( 'NONE', ( #901, #1016, #411, #2265 ) ) ;
#1279 = FACE_OUTER_BOUND ( 'NONE', #973, .T. ) ;
#1280 = EDGE_CURVE ( 'NONE', #2005, #802, #187, .T. ) ;
#1281 = ORIENTED_EDGE ( 'NONE', *, *, #1066, .F. ) ;
#1282 = PLANE ( 'NONE',  #2171 ) ;
#1283 = DIRECTION ( 'NONE',  ( 0.000000000000000000, 1.000000000000000000, -6.123233995736766036E-17 ) ) ;
#1284 = CARTESIAN_POINT ( 'NONE',  ( 0.8858267716535432879, -0.03599999999999999034, -0.1122503937007874597 ) ) ;
#1285 = EDGE_LOOP ( 'NONE', ( #1789, #1677, #1567, #132 ) ) ;
#1286 = LINE ( 'NONE', #97, #2049 ) ;
#1287 = CYLINDRICAL_SURFACE ( 'NONE', #1146, 0.07086614173228344971 ) ;
#1288 = ORIENTED_EDGE ( 'NONE', *, *, #207, .T. ) ;
#1289 = DIRECTION ( 'NONE',  ( 0.000000000000000000, 1.000000000000000000, -3.511757280635975905E-15 ) ) ;
#1290 = DIRECTION ( 'NONE',  ( 1.000000000000000000, -0.000000000000000000, -1.349229370204183433E-16 ) ) ;
#1291 = CARTESIAN_POINT ( 'NONE',  ( 0.6581669341744075252, 0.4383875346933641115, 0.1608503937007857709 ) ) ;
#1292 = EDGE_CURVE ( 'NONE', #1020, #1623, #1616, .T. ) ;
#1293 = ADVANCED_FACE ( 'NONE', ( #2187 ), #1794, .T. ) ;
#1294 = DIRECTION ( 'NONE',  ( 1.387778780781445676E-16, 3.492443348153763541E-15, 1.000000000000000000 ) ) ;
#1295 = AXIS2_PLACEMENT_3D ( 'NONE', #277, #151, #1183 ) ;
#1296 = ORIENTED_EDGE ( 'NONE', *, *, #1268, .T. ) ;
#1297 = CARTESIAN_POINT ( 'NONE',  ( 0.7677165354330708347, 1.814393707480314921, -0.1968503937007938520 ) ) ;
#1298 = DIRECTION ( 'NONE',  ( 0.000000000000000000, -1.000000000000000000, 3.372651844029939471E-15 ) ) ;
#1299 = VECTOR ( 'NONE', #1415, 39.37007874015748143 ) ;
#1300 = AXIS2_PLACEMENT_3D ( 'NONE', #1679, #1420, #930 ) ;
#1301 = VERTEX_POINT ( 'NONE', #1284 ) ;
#1302 = LINE ( 'NONE', #1960, #1915 ) ;
#1303 = VECTOR ( 'NONE', #1311, 39.37007874015748143 ) ;
#1304 = CIRCLE ( 'NONE', #1517, 0.07086614173228344971 ) ;
#1305 = AXIS2_PLACEMENT_3D ( 'NONE', #830, #1520, #1250 ) ;
#1306 = CARTESIAN_POINT ( 'NONE',  ( -0.9254267716535427013, -7.683322482180740425E-16, -0.1122503937007874597 ) ) ;
#1307 = CARTESIAN_POINT ( 'NONE',  ( -0.6180871251600379424, 3.622320836815233538E-15, 1.040928171776253963 ) ) ;
#1308 = CARTESIAN_POINT ( 'NONE',  ( -0.9448818897640000047, -0.03600000000000075362, 0.000000000000000000 ) ) ;
#1309 = EDGE_CURVE ( 'NONE', #153, #939, #944, .T. ) ;
#1310 = VERTEX_POINT ( 'NONE', #1629 ) ;
#1311 = DIRECTION ( 'NONE',  ( 0.000000000000000000, 1.000000000000000000, 0.000000000000000000 ) ) ;
#1312 = VERTEX_POINT ( 'NONE', #1316 ) ;
#1313 = DIRECTION ( 'NONE',  ( -0.000000000000000000, -0.000000000000000000, 1.000000000000000000 ) ) ;
#1314 = CARTESIAN_POINT ( 'NONE',  ( 0.6540871251600381964, -0.03600000000000076750, -0.1518503937007872895 ) ) ;
#1315 = CARTESIAN_POINT ( 'NONE',  ( 1.082677165354330340, 0.000000000000000000, 0.1968503937007873017 ) ) ;
#1316 = CARTESIAN_POINT ( 'NONE',  ( -0.7127116590886779512, 0.2636662936672261592, -0.2328503937007938285 ) ) ;
#1317 = CARTESIAN_POINT ( 'NONE',  ( -1.082677165354331228, -0.03599999999999999728, 0.07874015748031511219 ) ) ;
#1318 = VERTEX_POINT ( 'NONE', #1974 ) ;
#1319 = DIRECTION ( 'NONE',  ( -0.000000000000000000, -1.000000000000000000, -0.000000000000000000 ) ) ;
#1320 = EDGE_CURVE ( 'NONE', #502, #1371, #2140, .T. ) ;
#1321 = ORIENTED_EDGE ( 'NONE', *, *, #1525, .F. ) ;
#1322 =( NAMED_UNIT ( * ) PLANE_ANGLE_UNIT ( ) SI_UNIT ( $, .RADIAN. ) );
#1323 = LINE ( 'NONE', #1149, #2082 ) ;
#1324 = CARTESIAN_POINT ( 'NONE',  ( -2.655963327173589548E-17, -6.853983090211549256E-16, -0.1968503937007874127 ) ) ;
#1325 = ORIENTED_EDGE ( 'NONE', *, *, #384, .F. ) ;
#1326 = DIRECTION ( 'NONE',  ( 0.000000000000000000, 1.000000000000000000, 0.000000000000000000 ) ) ;
#1327 = ORIENTED_EDGE ( 'NONE', *, *, #2177, .F. ) ;
#1328 = DIRECTION ( 'NONE',  ( 1.349229370204183433E-16, 3.481823409827467069E-15, 1.000000000000000000 ) ) ;
#1329 = VERTEX_POINT ( 'NONE', #627 ) ;
#1330 = AXIS2_PLACEMENT_3D ( 'NONE', #424, #1326, #1123 ) ;
#1331 = CARTESIAN_POINT ( 'NONE',  ( -0.6418455173563942795, 1.547357328380014607, -0.2328503937007927460 ) ) ;
#1332 = VECTOR ( 'NONE', #1788, 39.37007874015748143 ) ;
#1333 = ORIENTED_EDGE ( 'NONE', *, *, #1855, .F. ) ;
#1334 = CARTESIAN_POINT ( 'NONE',  ( 0.000000000000000000, -0.03599999999999999728, -0.1122503937007874597 ) ) ;
#1335 = CIRCLE ( 'NONE', #1546, 0.8070866141732283561 ) ;
#1336 = DIRECTION ( 'NONE',  ( -0.000000000000000000, 1.000000000000000000, -0.000000000000000000 ) ) ;
#1337 = AXIS2_PLACEMENT_3D ( 'NONE', #781, #1272, #791 ) ;
#1338 = ORIENTED_EDGE ( 'NONE', *, *, #1339, .F. ) ;
#1339 = EDGE_CURVE ( 'NONE', #1144, #1447, #1815, .T. ) ;
#1340 = AXIS2_PLACEMENT_3D ( 'NONE', #1968, #60, #2144 ) ;
#1341 = DIRECTION ( 'NONE',  ( -0.000000000000000000, -0.000000000000000000, 1.000000000000000000 ) ) ;
#1342 = LINE ( 'NONE', #1362, #1005 ) ;
#1343 = VERTEX_POINT ( 'NONE', #1647 ) ;
#1344 = LINE ( 'NONE', #471, #567 ) ;
#1345 = EDGE_LOOP ( 'NONE', ( #337, #1398, #99, #467 ) ) ;
#1346 = PLANE ( 'NONE',  #530 ) ;
#1347 = ORIENTED_EDGE ( 'NONE', *, *, #619, .T. ) ;
#1348 = DIRECTION ( 'NONE',  ( 1.419319207617387780E-16, 3.491481338843133750E-15, 1.000000000000000000 ) ) ;
#1349 = EDGE_CURVE ( 'NONE', #596, #810, #226, .T. ) ;
#1350 = ORIENTED_EDGE ( 'NONE', *, *, #1055, .F. ) ;
#1351 = FACE_OUTER_BOUND ( 'NONE', #1478, .T. ) ;
#1352 = DIRECTION ( 'NONE',  ( 0.000000000000000000, 0.000000000000000000, 1.000000000000000000 ) ) ;
#1353 = EDGE_LOOP ( 'NONE', ( #1892, #1513, #697, #2143 ) ) ;
#1354 = CARTESIAN_POINT ( 'NONE',  ( -0.7677165354330707236, 1.696283471259842468, -0.2328503937007932179 ) ) ;
#1355 = VERTEX_POINT ( 'NONE', #84 ) ;
#1356 = DIRECTION ( 'NONE',  ( 0.000000000000000000, -1.000000000000000000, 3.469446951953614189E-15 ) ) ;
#1357 = ORIENTED_EDGE ( 'NONE', *, *, #239, .F. ) ;
#1358 = DIRECTION ( 'NONE',  ( 1.000000000000000000, 0.000000000000000000, -1.305181626700271197E-16 ) ) ;
#1359 = ORIENTED_EDGE ( 'NONE', *, *, #605, .T. ) ;
#1360 = EDGE_CURVE ( 'NONE', #1002, #279, #2006, .T. ) ;
#1361 = CARTESIAN_POINT ( 'NONE',  ( 0.4671242763302583811, 0.2473448768492136907, -0.2328503937007883606 ) ) ;
#1362 = CARTESIAN_POINT ( 'NONE',  ( -0.7677165354330707236, 1.814393707480314921, -0.2328503937007936342 ) ) ;
#1363 = ADVANCED_FACE ( 'NONE', ( #54 ), #774, .F. ) ;
#1364 = ORIENTED_EDGE ( 'NONE', *, *, #1713, .T. ) ;
#1365 = EDGE_CURVE ( 'NONE', #1151, #2057, #454, .T. ) ;
#1366 = CARTESIAN_POINT ( 'NONE',  ( 1.082677165354330340, -0.03599999999999999728, 0.07874015748031487627 ) ) ;
#1367 = VERTEX_POINT ( 'NONE', #1496 ) ;
#1368 = ORIENTED_EDGE ( 'NONE', *, *, #985, .T. ) ;
#1369 = VECTOR ( 'NONE', #263, 39.37007874015748143 ) ;
#1370 = FACE_OUTER_BOUND ( 'NONE', #2213, .T. ) ;
#1371 = VERTEX_POINT ( 'NONE', #1638 ) ;
#1372 = CIRCLE ( 'NONE', #1723, 0.1181102362204724116 ) ;
#1373 = DIRECTION ( 'NONE',  ( 1.000000000000000000, 0.000000000000000000, 0.000000000000000000 ) ) ;
#1374 = VECTOR ( 'NONE', #325, 39.37007874015748143 ) ;
#1375 = AXIS2_PLACEMENT_3D ( 'NONE', #998, #1684, #121 ) ;
#1376 = AXIS2_PLACEMENT_3D ( 'NONE', #870, #1049, #1035 ) ;
#1377 = EDGE_LOOP ( 'NONE', ( #1434, #1518, #608, #2186, #2012, #1692, #1173, #486, #1464, #256, #840, #630, #1411, #1359, #1940, #1717, #981, #462, #460, #134 ) ) ;
#1378 = FACE_OUTER_BOUND ( 'NONE', #1024, .T. ) ;
#1379 = EDGE_CURVE ( 'NONE', #1537, #1804, #442, .T. ) ;
#1380 = EDGE_LOOP ( 'NONE', ( #2001, #443 ) ) ;
#1381 = EDGE_LOOP ( 'NONE', ( #1048, #1421, #1210, #1532, #1768, #1828, #687, #1120, #476, #1949, #1822, #1785, #108, #2090, #934, #1523, #1529 ) ) ;
#1382 = FACE_OUTER_BOUND ( 'NONE', #495, .T. ) ;
#1383 = LINE ( 'NONE', #542, #453 ) ;
#1384 = FACE_OUTER_BOUND ( 'NONE', #330, .T. ) ;
#1385 = ORIENTED_EDGE ( 'NONE', *, *, #505, .F. ) ;
#1386 = LINE ( 'NONE', #1188, #1264 ) ;
#1387 = ORIENTED_EDGE ( 'NONE', *, *, #1752, .F. ) ;
#1388 = EDGE_CURVE ( 'NONE', #1144, #1564, #218, .T. ) ;
#1389 = VERTEX_POINT ( 'NONE', #928 ) ;
#1390 = DIRECTION ( 'NONE',  ( 0.000000000000000000, 0.000000000000000000, 1.000000000000000000 ) ) ;
#1391 = DIRECTION ( 'NONE',  ( -0.000000000000000000, -0.000000000000000000, 1.000000000000000000 ) ) ;
#1392 = DIRECTION ( 'NONE',  ( 0.000000000000000000, -0.000000000000000000, 1.000000000000000000 ) ) ;
#1393 = DIRECTION ( 'NONE',  ( 0.000000000000000000, -1.000000000000000000, 3.469446951953611033E-15 ) ) ;
#1394 = ORIENTED_EDGE ( 'NONE', *, *, #1685, .F. ) ;
#1395 = FACE_OUTER_BOUND ( 'NONE', #142, .T. ) ;
#1396 = ORIENTED_EDGE ( 'NONE', *, *, #312, .F. ) ;
#1397 = LENGTH_MEASURE_WITH_UNIT ( LENGTH_MEASURE( 0.02539999999999999897 ), #1893 );
#1398 = ORIENTED_EDGE ( 'NONE', *, *, #1360, .T. ) ;
#1399 = CARTESIAN_POINT ( 'NONE',  ( -0.8858267716535426217, 0.04499999999999936690, -0.1518503937007875948 ) ) ;
#1400 = CIRCLE ( 'NONE', #415, 0.1181102362204725503 ) ;
#1401 = ADVANCED_FACE ( 'NONE', ( #583 ), #1471, .T. ) ;
#1402 = CARTESIAN_POINT ( 'NONE',  ( 0.5109558066990360636, 1.504282723110679898, -0.1968503937007927140 ) ) ;
#1403 = VECTOR ( 'NONE', #1298, 39.37007874015748143 ) ;
#1404 = DIRECTION ( 'NONE',  ( -1.349229370204183433E-16, -3.481067000988386044E-15, -1.000000000000000000 ) ) ;
#1405 = ORIENTED_EDGE ( 'NONE', *, *, #2222, .T. ) ;
#1406 = AXIS2_PLACEMENT_3D ( 'NONE', #543, #1038, #163 ) ;
#1407 = CARTESIAN_POINT ( 'NONE',  ( -0.5590551181102362266, 1.535433070866139893, -0.1968503937007874127 ) ) ;
#1408 = DIRECTION ( 'NONE',  ( 0.000000000000000000, 1.000000000000000000, 0.000000000000000000 ) ) ;
#1409 = AXIS2_PLACEMENT_3D ( 'NONE', #1354, #642, #675 ) ;
#1410 =( GEOMETRIC_REPRESENTATION_CONTEXT ( 3 ) GLOBAL_UNCERTAINTY_ASSIGNED_CONTEXT ( ( #2183 ) ) GLOBAL_UNIT_ASSIGNED_CONTEXT ( ( #803, #1322, #1834 ) ) REPRESENTATION_CONTEXT ( 'NONE', 'WORKASPACE' ) );
#1411 = ORIENTED_EDGE ( 'NONE', *, *, #550, .T. ) ;
#1412 = CARTESIAN_POINT ( 'NONE',  ( 0.8858267716535432879, -1.128877907280515621E-16, -0.2328503937007875557 ) ) ;
#1413 = VERTEX_POINT ( 'NONE', #1826 ) ;
#1414 = CARTESIAN_POINT ( 'NONE',  ( 1.082677165354330340, 0.000000000000000000, -0.1968503937007875515 ) ) ;
#1415 = DIRECTION ( 'NONE',  ( -1.387778780781445676E-16, -3.492443348153763541E-15, -1.000000000000000000 ) ) ;
#1416 = CARTESIAN_POINT ( 'NONE',  ( -0.6180871251600380534, -0.01800000000000120601, -0.2328503937007872782 ) ) ;
#1417 = EDGE_CURVE ( 'NONE', #997, #596, #1964, .T. ) ;
#1418 = DIRECTION ( 'NONE',  ( 0.000000000000000000, 0.000000000000000000, -1.000000000000000000 ) ) ;
#1419 = ORIENTED_EDGE ( 'NONE', *, *, #779, .F. ) ;
#1420 = DIRECTION ( 'NONE',  ( -0.000000000000000000, -0.000000000000000000, 1.000000000000000000 ) ) ;
#1421 = ORIENTED_EDGE ( 'NONE', *, *, #1539, .T. ) ;
#1422 = CYLINDRICAL_SURFACE ( 'NONE', #123, 0.07086614173228324154 ) ;
#1423 = CARTESIAN_POINT ( 'NONE',  ( -0.5618498218562011370, 0.5067471848880342744, -0.2328503937007890823 ) ) ;
#1424 = DIRECTION ( 'NONE',  ( 0.000000000000000000, -3.414809992080318866E-15, -1.000000000000000000 ) ) ;
#1425 = EDGE_CURVE ( 'NONE', #375, #1454, #478, .T. ) ;
#1426 = CARTESIAN_POINT ( 'NONE',  ( -0.5618498218562011370, 0.5067471848880343854, -0.1968503937007891058 ) ) ;
#1427 = EDGE_CURVE ( 'NONE', #340, #1846, #115, .T. ) ;
#1428 = ADVANCED_FACE ( 'NONE', ( #1548 ), #2022, .F. ) ;
#1429 = ORIENTED_EDGE ( 'NONE', *, *, #646, .F. ) ;
#1430 = CARTESIAN_POINT ( 'NONE',  ( -0.5109558066990363967, 0.3067408989365624783, 0.1608503937007864093 ) ) ;
#1431 = CARTESIAN_POINT ( 'NONE',  ( 0.9645669291338578866, -0.03599999999999999728, -0.1968503937007875515 ) ) ;
#1432 = CYLINDRICAL_SURFACE ( 'NONE', #2078, 0.08100000000000014133 ) ;
#1433 = ADVANCED_FACE ( 'NONE', ( #317 ), #829, .F. ) ;
#1434 = ORIENTED_EDGE ( 'NONE', *, *, #702, .F. ) ;
#1435 = DIRECTION ( 'NONE',  ( 0.000000000000000000, 0.000000000000000000, 1.000000000000000000 ) ) ;
#1436 = CARTESIAN_POINT ( 'NONE',  ( -1.082677165354331228, 0.000000000000000000, 0.07874015748031511219 ) ) ;
#1437 = DIRECTION ( 'NONE',  ( 4.543424691002655477E-31, -1.000000000000000000, 3.481067000988386044E-15 ) ) ;
#1438 = VECTOR ( 'NONE', #1418, 39.37007874015748143 ) ;
#1439 = DIRECTION ( 'NONE',  ( -1.156482317317871725E-15, -1.000000000000000000, 3.469446951953614978E-15 ) ) ;
#1440 = AXIS2_PLACEMENT_3D ( 'NONE', #327, #684, #302 ) ;
#1441 = EDGE_LOOP ( 'NONE', ( #177, #1030 ) ) ;
#1442 = AXIS2_PLACEMENT_3D ( 'NONE', #741, #1057, #7 ) ;
#1443 = DIRECTION ( 'NONE',  ( -1.686325922014969735E-15, 1.000000000000000000, -3.372651844029939471E-15 ) ) ;
#1444 = AXIS2_PLACEMENT_3D ( 'NONE', #914, #1725, #1923 ) ;
#1445 = DIRECTION ( 'NONE',  ( -1.387778780781445676E-16, -3.492443348153763541E-15, -1.000000000000000000 ) ) ;
#1446 = EDGE_CURVE ( 'NONE', #939, #349, #1400, .T. ) ;
#1447 = VERTEX_POINT ( 'NONE', #468 ) ;
#1448 = AXIS2_PLACEMENT_3D ( 'NONE', #1449, #1642, #597 ) ;
#1449 = CARTESIAN_POINT ( 'NONE',  ( 0.6418455173563942795, 1.547357328380015717, 0.1608503937007819129 ) ) ;
#1450 = VERTEX_POINT ( 'NONE', #858 ) ;
#1451 = DIRECTION ( 'NONE',  ( 1.419319207617387780E-16, 0.000000000000000000, 1.000000000000000000 ) ) ;
#1452 = DIRECTION ( 'NONE',  ( 1.000000000000000000, 0.000000000000000000, 0.000000000000000000 ) ) ;
#1453 = CARTESIAN_POINT ( 'NONE',  ( 5.463695987328526437E-17, 0.9055118110236217710, 0.1608503937007842166 ) ) ;
#1454 = VERTEX_POINT ( 'NONE', #1361 ) ;
#1455 = DIRECTION ( 'NONE',  ( 1.000000000000000000, 9.485583311334247286E-17, -0.000000000000000000 ) ) ;
#1456 = CARTESIAN_POINT ( 'NONE',  ( 0.9254267716535433674, -0.03599999999999999034, -0.1122503937007874597 ) ) ;
#1457 = ORIENTED_EDGE ( 'NONE', *, *, #1644, .T. ) ;
#1458 = ADVANCED_FACE ( 'NONE', ( #2252 ), #2040, .F. ) ;
#1459 = DIRECTION ( 'NONE',  ( 1.000000000000000000, 0.000000000000000000, 0.000000000000000000 ) ) ;
#1460 = EDGE_CURVE ( 'NONE', #1371, #1639, #1648, .T. ) ;
#1461 = CARTESIAN_POINT ( 'NONE',  ( -0.6581669341744071922, 0.4383875346933624462, -0.2328503937007888602 ) ) ;
#1462 = LINE ( 'NONE', #1997, #899 ) ;
#1463 = DIRECTION ( 'NONE',  ( -0.000000000000000000, -1.000000000000000000, 3.481823409827466675E-15 ) ) ;
#1464 = ORIENTED_EDGE ( 'NONE', *, *, #1417, .T. ) ;
#1465 = LINE ( 'NONE', #2169, #1009 ) ;
#1466 = ORIENTED_EDGE ( 'NONE', *, *, #2146, .T. ) ;
#1467 = LINE ( 'NONE', #2155, #1229 ) ;
#1468 = LINE ( 'NONE', #49, #904 ) ;
#1469 = DIRECTION ( 'NONE',  ( 0.000000000000000000, 0.000000000000000000, 1.000000000000000000 ) ) ;
#1470 = EDGE_CURVE ( 'NONE', #1006, #1074, #501, .T. ) ;
#1471 = PLANE ( 'NONE',  #116 ) ;
#1472 = LINE ( 'NONE', #2101, #1830 ) ;
#1473 = VECTOR ( 'NONE', #1171, 39.37007874015748143 ) ;
#1474 = VERTEX_POINT ( 'NONE', #986 ) ;
#1475 = CARTESIAN_POINT ( 'NONE',  ( 0.6418455173563942795, 1.547357328380014385, -0.1968503937007928806 ) ) ;
#1476 = VECTOR ( 'NONE', #1106, 39.37007874015748143 ) ;
#1477 = CIRCLE ( 'NONE', #491, 0.07086614173228344971 ) ;
#1478 = EDGE_LOOP ( 'NONE', ( #213, #1013, #2154, #2130 ) ) ;
#1479 = AXIS2_PLACEMENT_3D ( 'NONE', #1324, #2004, #1695 ) ;
#1480 = DIRECTION ( 'NONE',  ( -1.000000000000000000, 0.000000000000000000, 0.000000000000000000 ) ) ;
#1481 = VECTOR ( 'NONE', #154, 39.37007874015748143 ) ;
#1482 = CIRCLE ( 'NONE', #496, 0.1377952755905512972 ) ;
#1483 = CIRCLE ( 'NONE', #1189, 0.1181102362204724532 ) ;
#1484 = DIRECTION ( 'NONE',  ( 0.000000000000000000, -1.000000000000000000, 6.123233995736766036E-17 ) ) ;
#1485 = CARTESIAN_POINT ( 'NONE',  ( 1.762315940130421498E-33, 0.9055118110236204387, -0.2328503937007905811 ) ) ;
#1486 = EDGE_CURVE ( 'NONE', #276, #1081, #2215, .T. ) ;
#1487 = CARTESIAN_POINT ( 'NONE',  ( 0.5109558066990359526, 1.504282723110681230, 0.1608503937007820794 ) ) ;
#1488 = DIRECTION ( 'NONE',  ( -0.000000000000000000, -1.000000000000000000, -0.000000000000000000 ) ) ;
#1489 = ORIENTED_EDGE ( 'NONE', *, *, #619, .F. ) ;
#1490 = CARTESIAN_POINT ( 'NONE',  ( -0.6418455173563945015, 0.2636662936672261592, -0.2328503937007938285 ) ) ;
#1491 = ORIENTED_EDGE ( 'NONE', *, *, #446, .F. ) ;
#1492 = LINE ( 'NONE', #824, #1948 ) ;
#1493 = CYLINDRICAL_SURFACE ( 'NONE', #341, 0.1181102362204724671 ) ;
#1494 = LINE ( 'NONE', #72, #1833 ) ;
#1495 = VERTEX_POINT ( 'NONE', #683 ) ;
#1496 = CARTESIAN_POINT ( 'NONE',  ( 0.6180871251600380534, -0.01800000000000120601, -0.2328503937007874169 ) ) ;
#1497 = EDGE_CURVE ( 'NONE', #56, #633, #1506, .T. ) ;
#1498 = ORIENTED_EDGE ( 'NONE', *, *, #856, .F. ) ;
#1499 = CARTESIAN_POINT ( 'NONE',  ( -0.6581669341744073032, 1.372636087353878320, -0.2328503937007921354 ) ) ;
#1500 = ORIENTED_EDGE ( 'NONE', *, *, #1566, .F. ) ;
#1501 = ADVANCED_FACE ( 'NONE', ( #1351 ), #509, .F. ) ;
#1502 = ORIENTED_EDGE ( 'NONE', *, *, #1379, .T. ) ;
#1503 = DIRECTION ( 'NONE',  ( -1.419319207617387780E-16, -3.491481338843133750E-15, -1.000000000000000000 ) ) ;
#1504 = CARTESIAN_POINT ( 'NONE',  ( 0.9254267716535433674, -5.975917486140575667E-16, -0.1122503937007874597 ) ) ;
#1505 = EDGE_LOOP ( 'NONE', ( #110, #1619, #2024, #1259 ) ) ;
#1506 = LINE ( 'NONE', #487, #301 ) ;
#1507 = VERTEX_POINT ( 'NONE', #1200 ) ;
#1508 = PLANE ( 'NONE',  #677 ) ;
#1509 = VERTEX_POINT ( 'NONE', #1682 ) ;
#1510 = VECTOR ( 'NONE', #1538, 39.37007874015748143 ) ;
#1511 = ADVANCED_FACE ( 'NONE', ( #1384 ), #850, .T. ) ;
#1512 = VECTOR ( 'NONE', #1455, 39.37007874015748143 ) ;
#1513 = ORIENTED_EDGE ( 'NONE', *, *, #577, .F. ) ;
#1514 = CIRCLE ( 'NONE', #2048, 0.07086614173228303337 ) ;
#1515 = DIRECTION ( 'NONE',  ( 0.000000000000000000, -1.000000000000000000, 2.655963327173581253E-15 ) ) ;
#1516 = CARTESIAN_POINT ( 'NONE',  ( -0.7007874015748031260, 1.535433070866139893, -0.1968503937007874127 ) ) ;
#1517 = AXIS2_PLACEMENT_3D ( 'NONE', #2036, #109, #1193 ) ;
#1518 = ORIENTED_EDGE ( 'NONE', *, *, #409, .T. ) ;
#1519 = DIRECTION ( 'NONE',  ( -1.387778780781445676E-16, -3.492443348153763541E-15, -1.000000000000000000 ) ) ;
#1520 = DIRECTION ( 'NONE',  ( 1.349229370204183433E-16, 3.481823409827467069E-15, 1.000000000000000000 ) ) ;
#1521 = ORIENTED_EDGE ( 'NONE', *, *, #772, .F. ) ;
#1522 = CARTESIAN_POINT ( 'NONE',  ( -0.7127116590886779512, 0.2636662936672261592, -0.1968503937007874127 ) ) ;
#1523 = ORIENTED_EDGE ( 'NONE', *, *, #2103, .T. ) ;
#1524 = DIRECTION ( 'NONE',  ( 1.000000000000000000, 1.686325922014969341E-15, -1.349229370204242104E-16 ) ) ;
#1525 = EDGE_CURVE ( 'NONE', #1115, #1557, #1580, .T. ) ;
#1526 = EDGE_LOOP ( 'NONE', ( #2229, #1632 ) ) ;
#1527 = CARTESIAN_POINT ( 'NONE',  ( 0.9254267716535433674, -0.03599999999999999034, -0.1968503937007875237 ) ) ;
#1528 = ADVANCED_FACE ( 'NONE', ( #841 ), #300, .F. ) ;
#1529 = ORIENTED_EDGE ( 'NONE', *, *, #1704, .F. ) ;
#1530 = DIRECTION ( 'NONE',  ( 0.000000000000000000, -3.414809992080318866E-15, -1.000000000000000000 ) ) ;
#1531 = DIRECTION ( 'NONE',  ( 1.419319207617387780E-16, 3.491481338843133750E-15, 1.000000000000000000 ) ) ;
#1532 = ORIENTED_EDGE ( 'NONE', *, *, #546, .T. ) ;
#1533 = CARTESIAN_POINT ( 'NONE',  ( -0.5709793756241110518, 0.2636662936672261592, -0.1968503937007874127 ) ) ;
#1534 = VERTEX_POINT ( 'NONE', #2224 ) ;
#1535 = ORIENTED_EDGE ( 'NONE', *, *, #452, .T. ) ;
#1536 = CARTESIAN_POINT ( 'NONE',  ( 0.8858267716535432879, -0.03599999999999999728, 0.000000000000000000 ) ) ;
#1537 = VERTEX_POINT ( 'NONE', #519 ) ;
#1538 = DIRECTION ( 'NONE',  ( -1.349229370204183433E-16, -3.481067000988386044E-15, -1.000000000000000000 ) ) ;
#1539 = EDGE_CURVE ( 'NONE', #1918, #846, #966, .T. ) ;
#1540 = ORIENTED_EDGE ( 'NONE', *, *, #1664, .F. ) ;
#1541 = CARTESIAN_POINT ( 'NONE',  ( 0.5590551181102362266, 0.2755905511811009845, -0.2328503937007938285 ) ) ;
#1542 = ORIENTED_EDGE ( 'NONE', *, *, #1664, .T. ) ;
#1543 = VERTEX_POINT ( 'NONE', #724 ) ;
#1544 = DIRECTION ( 'NONE',  ( 0.000000000000000000, 1.000000000000000000, -3.511757280635974327E-15 ) ) ;
#1545 = CIRCLE ( 'NONE', #2010, 0.07086614173228344971 ) ;
#1546 = AXIS2_PLACEMENT_3D ( 'NONE', #589, #1996, #581 ) ;
#1547 = DIRECTION ( 'NONE',  ( -1.000000000000000000, 0.000000000000000000, 1.305181626700271197E-16 ) ) ;
#1548 = FACE_OUTER_BOUND ( 'NONE', #429, .T. ) ;
#1549 = AXIS2_PLACEMENT_3D ( 'NONE', #961, #582, #1283 ) ;
#1550 = DIRECTION ( 'NONE',  ( -1.000000000000000000, 4.550480923438493133E-31, 1.349229370204183433E-16 ) ) ;
#1551 = AXIS2_PLACEMENT_3D ( 'NONE', #319, #1709, #1439 ) ;
#1552 = VECTOR ( 'NONE', #378, 39.37007874015748143 ) ;
#1553 = EDGE_CURVE ( 'NONE', #2060, #895, #695, .T. ) ;
#1554 = ORIENTED_EDGE ( 'NONE', *, *, #1269, .F. ) ;
#1555 = CARTESIAN_POINT ( 'NONE',  ( -0.4671242763302581591, 1.563678745198028963, 0.1608503937007820239 ) ) ;
#1556 = ORIENTED_EDGE ( 'NONE', *, *, #206, .T. ) ;
#1557 = VERTEX_POINT ( 'NONE', #1605 ) ;
#1558 = DIRECTION ( 'NONE',  ( 1.349229370204183433E-16, 3.481823409827467069E-15, 1.000000000000000000 ) ) ;
#1559 = LINE ( 'NONE', #721, #118 ) ;
#1560 = DIRECTION ( 'NONE',  ( 1.398692455658434002E-16, 3.496731139146086583E-15, 1.000000000000000000 ) ) ;
#1561 = DIRECTION ( 'NONE',  ( -0.000000000000000000, -0.000000000000000000, 1.000000000000000000 ) ) ;
#1562 = EDGE_LOOP ( 'NONE', ( #480, #1000, #2026, #1669 ) ) ;
#1563 = DIRECTION ( 'NONE',  ( 0.000000000000000000, 0.000000000000000000, 1.000000000000000000 ) ) ;
#1564 = VERTEX_POINT ( 'NONE', #1944 ) ;
#1565 = DIRECTION ( 'NONE',  ( 0.000000000000000000, 0.000000000000000000, 1.000000000000000000 ) ) ;
#1566 = EDGE_CURVE ( 'NONE', #1045, #2199, #1145, .T. ) ;
#1567 = ORIENTED_EDGE ( 'NONE', *, *, #141, .T. ) ;
#1568 = CARTESIAN_POINT ( 'NONE',  ( -0.8858267716535426217, -7.683322482180740425E-16, -0.1122503937007874597 ) ) ;
#1569 = DIRECTION ( 'NONE',  ( 0.000000000000000000, 1.000000000000000000, -3.469446951953617344E-15 ) ) ;
#1570 = CARTESIAN_POINT ( 'NONE',  ( -0.3987646261355866084, 0.3436619891674196903, -0.1968503937007886062 ) ) ;
#1571 = DIRECTION ( 'NONE',  ( 0.000000000000000000, 0.000000000000000000, -1.000000000000000000 ) ) ;
#1572 = ORIENTED_EDGE ( 'NONE', *, *, #1262, .F. ) ;
#1573 = DIRECTION ( 'NONE',  ( 0.000000000000000000, -1.000000000000000000, 6.123233995736766036E-17 ) ) ;
#1574 = CYLINDRICAL_SURFACE ( 'NONE', #1073, 0.1181102362204724254 ) ;
#1575 = ORIENTED_EDGE ( 'NONE', *, *, #1618, .T. ) ;
#1576 = PLANE ( 'NONE',  #122 ) ;
#1577 = VERTEX_POINT ( 'NONE', #907 ) ;
#1578 = EDGE_CURVE ( 'NONE', #2172, #1056, #1199, .T. ) ;
#1579 = CARTESIAN_POINT ( 'NONE',  ( 0.7677165354330708347, 1.696283471259842468, -0.1968503937007934079 ) ) ;
#1580 = CIRCLE ( 'NONE', #670, 0.07086614173228344971 ) ;
#1581 = CARTESIAN_POINT ( 'NONE',  ( 0.5987709120870599033, 0.3945560043245860959, 0.1608503937007859375 ) ) ;
#1582 = AXIS2_PLACEMENT_3D ( 'NONE', #1423, #518, #871 ) ;
#1583 = LINE ( 'NONE', #1209, #85 ) ;
#1584 = COLOUR_RGB ( '',0.7921568627450980005, 0.8196078431372548767, 0.9333333333333333481 ) ;
#1585 = AXIS2_PLACEMENT_3D ( 'NONE', #1862, #983, #2050 ) ;
#1586 = DIRECTION ( 'NONE',  ( 1.000000000000000000, 0.000000000000000000, 0.000000000000000000 ) ) ;
#1587 = AXIS2_PLACEMENT_3D ( 'NONE', #1475, #1650, #444 ) ;
#1588 = VERTEX_POINT ( 'NONE', #1070 ) ;
#1589 = AXIS2_PLACEMENT_3D ( 'NONE', #1570, #2, #2063 ) ;
#1590 = DIRECTION ( 'NONE',  ( 0.000000000000000000, -1.000000000000000000, 0.000000000000000000 ) ) ;
#1591 = VERTEX_POINT ( 'NONE', #2087 ) ;
#1592 = FACE_OUTER_BOUND ( 'NONE', #201, .T. ) ;
#1593 = EDGE_CURVE ( 'NONE', #1557, #1115, #111, .T. ) ;
#1594 = PLANE ( 'NONE',  #2045 ) ;
#1595 = DIRECTION ( 'NONE',  ( 1.349229370204183433E-16, 3.481823409827467069E-15, 1.000000000000000000 ) ) ;
#1596 = EDGE_CURVE ( 'NONE', #1730, #1355, #194, .T. ) ;
#1597 = ADVANCED_FACE ( 'NONE', ( #881 ), #1934, .F. ) ;
#1598 = CARTESIAN_POINT ( 'NONE',  ( 5.463695987328526437E-17, 0.9055118110236217710, 0.1608503937007842166 ) ) ;
#1599 = ADVANCED_FACE ( 'NONE', ( #2125 ), #1233, .F. ) ;
#1600 = EDGE_LOOP ( 'NONE', ( #835, #1710, #1034, #2021 ) ) ;
#1601 = FACE_OUTER_BOUND ( 'NONE', #641, .T. ) ;
#1602 = EDGE_LOOP ( 'NONE', ( #1554, #1886, #2156, #1668, #1266, #664, #586, #1125, #1858, #1212, #1653, #1863, #2120, #1498, #2240, #1742, #125 ) ) ;
#1603 = CARTESIAN_POINT ( 'NONE',  ( -3.513862937111218809E-17, 0.04500000000000000527, -0.2328503937007875835 ) ) ;
#1604 = CARTESIAN_POINT ( 'NONE',  ( 0.3987646261355865529, 0.3436619891674195237, -0.2328503937007886104 ) ) ;
#1605 = CARTESIAN_POINT ( 'NONE',  ( -0.5709793756241110518, 0.2636662936672261592, -0.1968503937007874127 ) ) ;
#1606 = EDGE_CURVE ( 'NONE', #506, #1846, #2166, .T. ) ;
#1607 = CARTESIAN_POINT ( 'NONE',  ( 0.6581669341744074142, 0.4383875346933627792, -0.1968503937007890225 ) ) ;
#1608 = ORIENTED_EDGE ( 'NONE', *, *, #561, .T. ) ;
#1609 = CARTESIAN_POINT ( 'NONE',  ( 0.9448818897635591352, 0.000000000000000000, 0.000000000000000000 ) ) ;
#1610 = ORIENTED_EDGE ( 'NONE', *, *, #1292, .F. ) ;
#1611 = CARTESIAN_POINT ( 'NONE',  ( -0.6581669341744071922, 0.4383875346933625017, -0.1968503937007888560 ) ) ;
#1612 = VERTEX_POINT ( 'NONE', #2100 ) ;
#1613 = CARTESIAN_POINT ( 'NONE',  ( -0.9645669291338588858, -0.03599999999999999728, 0.1968503937007875793 ) ) ;
#1614 = CARTESIAN_POINT ( 'NONE',  ( 0.9448818897635591352, 5.255374059333119423E-17, 0.000000000000000000 ) ) ;
#1615 = AXIS2_PLACEMENT_3D ( 'NONE', #763, #976, #2176 ) ;
#1616 = LINE ( 'NONE', #1663, #1003 ) ;
#1617 = VECTOR ( 'NONE', #815, 39.37007874015748143 ) ;
#1618 = EDGE_CURVE ( 'NONE', #1310, #1661, #705, .T. ) ;
#1619 = ORIENTED_EDGE ( 'NONE', *, *, #107, .F. ) ;
#1620 = VECTOR ( 'NONE', #2211, 39.37007874015748143 ) ;
#1621 = LINE ( 'NONE', #371, #306 ) ;
#1622 = VECTOR ( 'NONE', #1140, 39.37007874015748143 ) ;
#1623 = VERTEX_POINT ( 'NONE', #1051 ) ;
#1624 = AXIS2_PLACEMENT_3D ( 'NONE', #1984, #787, #1289 ) ;
#1625 = FACE_OUTER_BOUND ( 'NONE', #1697, .T. ) ;
#1626 = ORIENTED_EDGE ( 'NONE', *, *, #1172, .F. ) ;
#1627 = DIRECTION ( 'NONE',  ( -1.349229370204183433E-16, -3.481823409827467069E-15, -1.000000000000000000 ) ) ;
#1628 = DIRECTION ( 'NONE',  ( 0.000000000000000000, 0.000000000000000000, 1.000000000000000000 ) ) ;
#1629 = CARTESIAN_POINT ( 'NONE',  ( -0.6180871251600380534, -0.01800000000000120601, -0.1968503937007872462 ) ) ;
#1630 = VERTEX_POINT ( 'NONE', #38 ) ;
#1631 = CARTESIAN_POINT ( 'NONE',  ( 5.463695987328526437E-17, 1.712598425196850238, 0.1608503937007813855 ) ) ;
#1632 = ORIENTED_EDGE ( 'NONE', *, *, #1460, .F. ) ;
#1633 = EDGE_CURVE ( 'NONE', #2027, #279, #1726, .T. ) ;
#1634 = ADVANCED_FACE ( 'NONE', ( #358 ), #1745, .T. ) ;
#1635 = FACE_OUTER_BOUND ( 'NONE', #1226, .T. ) ;
#1636 = CARTESIAN_POINT ( 'NONE',  ( 0.8858267716535432879, 1.814393707480314921, -0.1968503937007938520 ) ) ;
#1637 = CARTESIAN_POINT ( 'NONE',  ( -0.8858267716535426217, -7.683322482180740425E-16, -0.1122503937007874597 ) ) ;
#1638 = CARTESIAN_POINT ( 'NONE',  ( 0.5709793756241108298, 1.547357328380014385, -0.1968503937007874127 ) ) ;
#1639 = VERTEX_POINT ( 'NONE', #746 ) ;
#1640 = PLANE ( 'NONE',  #1909 ) ;
#1641 = EDGE_LOOP ( 'NONE', ( #825, #2141, #1237, #584 ) ) ;
#1642 = DIRECTION ( 'NONE',  ( -1.387778780781445676E-16, -3.492443348153763541E-15, -1.000000000000000000 ) ) ;
#1643 = CARTESIAN_POINT ( 'NONE',  ( 0.6299212598425196763, 0.2755905511811009845, -0.1968503937007874127 ) ) ;
#1644 = EDGE_CURVE ( 'NONE', #1495, #180, #1583, .T. ) ;
#1645 = DIRECTION ( 'NONE',  ( 1.000000000000000000, 0.000000000000000000, 0.000000000000000000 ) ) ;
#1646 = FACE_OUTER_BOUND ( 'NONE', #44, .T. ) ;
#1647 = CARTESIAN_POINT ( 'NONE',  ( 0.7127116590886777292, 1.547357328380014385, -0.2328503937007938285 ) ) ;
#1648 = CIRCLE ( 'NONE', #2007, 0.07086614173228344971 ) ;
#1649 = ORIENTED_EDGE ( 'NONE', *, *, #1596, .F. ) ;
#1650 = DIRECTION ( 'NONE',  ( 1.349229370204183433E-16, 3.481823409827467069E-15, 1.000000000000000000 ) ) ;
#1651 = AXIS2_PLACEMENT_3D ( 'NONE', #671, #1550, #164 ) ;
#1652 = VECTOR ( 'NONE', #612, 39.37007874015748143 ) ;
#1653 = ORIENTED_EDGE ( 'NONE', *, *, #1127, .T. ) ;
#1654 = CIRCLE ( 'NONE', #1078, 0.07086614173228344971 ) ;
#1655 = CARTESIAN_POINT ( 'NONE',  ( 4.996003610813211951E-18, 0.9055118110236205498, -0.1968503937007905491 ) ) ;
#1656 = AXIS2_PLACEMENT_3D ( 'NONE', #1866, #2025, #686 ) ;
#1657 = CIRCLE ( 'NONE', #1152, 0.07086614173228344971 ) ;
#1658 = CARTESIAN_POINT ( 'NONE',  ( 0.6540871251600381964, 0.000000000000000000, -8.825135599383817214E-17 ) ) ;
#1659 = LINE ( 'NONE', #244, #265 ) ;
#1660 = EDGE_CURVE ( 'NONE', #1630, #2192, #421, .T. ) ;
#1661 = VERTEX_POINT ( 'NONE', #1416 ) ;
#1662 = EDGE_CURVE ( 'NONE', #1230, #1187, #715, .T. ) ;
#1663 = CARTESIAN_POINT ( 'NONE',  ( 0.9448818897635591352, 0.000000000000000000, 0.07086614173228324154 ) ) ;
#1664 = EDGE_CURVE ( 'NONE', #1020, #1730, #1654, .T. ) ;
#1665 = VERTEX_POINT ( 'NONE', #1962 ) ;
#1666 = LINE ( 'NONE', #776, #1979 ) ;
#1667 = ADVANCED_FACE ( 'NONE', ( #760 ), #1792, .T. ) ;
#1668 = ORIENTED_EDGE ( 'NONE', *, *, #1099, .T. ) ;
#1669 = ORIENTED_EDGE ( 'NONE', *, *, #1268, .F. ) ;
#1670 = CARTESIAN_POINT ( 'NONE',  ( -0.9254267716535427013, -7.683322482180740425E-16, -0.1122503937007874597 ) ) ;
#1671 = FACE_OUTER_BOUND ( 'NONE', #1154, .T. ) ;
#1672 = ORIENTED_EDGE ( 'NONE', *, *, #1036, .T. ) ;
#1673 = DIRECTION ( 'NONE',  ( -1.000000000000000000, -9.485583311334247286E-17, 0.000000000000000000 ) ) ;
#1674 = EDGE_CURVE ( 'NONE', #2057, #1198, #1659, .T. ) ;
#1675 = ORIENTED_EDGE ( 'NONE', *, *, #465, .T. ) ;
#1676 = CARTESIAN_POINT ( 'NONE',  ( -0.5109558066990363967, 0.3067408989365610905, -0.2328503937007884161 ) ) ;
#1677 = ORIENTED_EDGE ( 'NONE', *, *, #2214, .F. ) ;
#1678 = EDGE_LOOP ( 'NONE', ( #169, #1901 ) ) ;
#1679 = CARTESIAN_POINT ( 'NONE',  ( 0.6299212598425196763, 0.2755905511811009845, -0.2328503937007938285 ) ) ;
#1680 = LINE ( 'NONE', #140, #308 ) ;
#1681 = ORIENTED_EDGE ( 'NONE', *, *, #673, .T. ) ;
#1682 = CARTESIAN_POINT ( 'NONE',  ( 1.082677165354330340, -0.03599999999999999728, -0.07874015748031509832 ) ) ;
#1683 = EDGE_LOOP ( 'NONE', ( #593, #728, #1234, #806 ) ) ;
#1684 = DIRECTION ( 'NONE',  ( 4.808052899904021212E-31, -1.000000000000000000, 3.481067000988386044E-15 ) ) ;
#1685 = EDGE_CURVE ( 'NONE', #573, #1630, #260, .T. ) ;
#1686 = VECTOR ( 'NONE', #1257, 39.37007874015748143 ) ;
#1687 = EDGE_LOOP ( 'NONE', ( #777, #224, #2253, #1610 ) ) ;
#1688 = VECTOR ( 'NONE', #1766, 39.37007874015748143 ) ;
#1689 = EDGE_CURVE ( 'NONE', #1612, #1591, #1986, .T. ) ;
#1690 = DIRECTION ( 'NONE',  ( 0.000000000000000000, 0.000000000000000000, 1.000000000000000000 ) ) ;
#1691 = VECTOR ( 'NONE', #751, 39.37007874015748143 ) ;
#1692 = ORIENTED_EDGE ( 'NONE', *, *, #1388, .F. ) ;
#1693 = AXIS2_PLACEMENT_3D ( 'NONE', #1772, #891, #205 ) ;
#1694 = AXIS2_PLACEMENT_3D ( 'NONE', #1937, #989, #2189 ) ;
#1695 = DIRECTION ( 'NONE',  ( 0.000000000000000000, -1.000000000000000000, 3.481823409827466675E-15 ) ) ;
#1696 = AXIS2_PLACEMENT_3D ( 'NONE', #692, #2071, #516 ) ;
#1697 = EDGE_LOOP ( 'NONE', ( #868, #2030, #1251, #678, #1368, #2111, #658, #1018, #1535, #813, #1882, #427 ) ) ;
#1698 = CARTESIAN_POINT ( 'NONE',  ( -0.8858267716535432879, 0.04499999999999936690, -0.1518503937007875948 ) ) ;
#1699 = ORIENTED_EDGE ( 'NONE', *, *, #517, .T. ) ;
#1700 = CARTESIAN_POINT ( 'NONE',  ( -0.6180871251600380534, -8.117876940332195484E-16, -0.2328503937007873614 ) ) ;
#1701 = ORIENTED_EDGE ( 'NONE', *, *, #1427, .T. ) ;
#1702 = CARTESIAN_POINT ( 'NONE',  ( 0.6299212598425196763, 0.2755905511811009845, -0.2328503937007938285 ) ) ;
#1703 = ORIENTED_EDGE ( 'NONE', *, *, #1525, .T. ) ;
#1704 = EDGE_CURVE ( 'NONE', #1389, #153, #380, .T. ) ;
#1705 = DIRECTION ( 'NONE',  ( 0.000000000000000000, -1.000000000000000000, 0.000000000000000000 ) ) ;
#1706 = ORIENTED_EDGE ( 'NONE', *, *, #324, .F. ) ;
#1707 = CARTESIAN_POINT ( 'NONE',  ( 0.6418455173563942795, 1.547357328380014385, -0.1968503937007874127 ) ) ;
#1708 = VERTEX_POINT ( 'NONE', #613 ) ;
#1709 = DIRECTION ( 'NONE',  ( -1.349229370204183433E-16, -3.481823409827467069E-15, -1.000000000000000000 ) ) ;
#1710 = ORIENTED_EDGE ( 'NONE', *, *, #1055, .T. ) ;
#1711 = EDGE_LOOP ( 'NONE', ( #2245, #1222, #1041, #1842 ) ) ;
#1712 = CARTESIAN_POINT ( 'NONE',  ( -0.6540871251600380853, -0.03600000000000070505, -0.1318503937007872162 ) ) ;
#1713 = EDGE_CURVE ( 'NONE', #513, #551, #1955, .T. ) ;
#1714 = CARTESIAN_POINT ( 'NONE',  ( -1.082677165354331228, 0.000000000000000000, 0.1968503937007875793 ) ) ;
#1715 = EDGE_LOOP ( 'NONE', ( #1844, #23, #1022, #1777 ) ) ;
#1716 = FACE_OUTER_BOUND ( 'NONE', #1683, .T. ) ;
#1717 = ORIENTED_EDGE ( 'NONE', *, *, #1821, .F. ) ;
#1718 = CYLINDRICAL_SURFACE ( 'NONE', #342, 0.07086614173228344971 ) ;
#1719 = ORIENTED_EDGE ( 'NONE', *, *, #1026, .T. ) ;
#1720 = CIRCLE ( 'NONE', #2198, 0.07086614173228344971 ) ;
#1721 = DIRECTION ( 'NONE',  ( 0.000000000000000000, 0.000000000000000000, 1.000000000000000000 ) ) ;
#1722 = AXIS2_PLACEMENT_3D ( 'NONE', #363, #716, #2096 ) ;
#1723 = AXIS2_PLACEMENT_3D ( 'NONE', #1121, #79, #215 ) ;
#1724 = CARTESIAN_POINT ( 'NONE',  ( 0.6180871251600382754, 3.622320836815231960E-15, 1.040928171776253963 ) ) ;
#1725 = DIRECTION ( 'NONE',  ( -0.000000000000000000, -0.000000000000000000, 1.000000000000000000 ) ) ;
#1726 = CIRCLE ( 'NONE', #1693, 0.07086614173228344971 ) ;
#1727 = VECTOR ( 'NONE', #1270, 39.37007874015748143 ) ;
#1728 = ORIENTED_EDGE ( 'NONE', *, *, #740, .T. ) ;
#1729 = DIRECTION ( 'NONE',  ( 1.000000000000000000, 0.000000000000000000, 0.000000000000000000 ) ) ;
#1730 = VERTEX_POINT ( 'NONE', #926 ) ;
#1731 = CARTESIAN_POINT ( 'NONE',  ( -0.8858267716535426217, 0.04499999999999969302, -0.1968503937007874405 ) ) ;
#1732 = ORIENTED_EDGE ( 'NONE', *, *, #2162, .F. ) ;
#1733 = CYLINDRICAL_SURFACE ( 'NONE', #1878, 0.1181102362204725503 ) ;
#1734 = LINE ( 'NONE', #1242, #488 ) ;
#1735 = DIRECTION ( 'NONE',  ( 0.000000000000000000, -3.481067000988386044E-15, -1.000000000000000000 ) ) ;
#1736 = ORIENTED_EDGE ( 'NONE', *, *, #152, .T. ) ;
#1737 = LINE ( 'NONE', #727, #1225 ) ;
#1738 = EDGE_CURVE ( 'NONE', #405, #1230, #1132, .T. ) ;
#1739 = VERTEX_POINT ( 'NONE', #397 ) ;
#1740 = DIRECTION ( 'NONE',  ( 1.000000000000000000, 0.000000000000000000, 0.000000000000000000 ) ) ;
#1741 = DIRECTION ( 'NONE',  ( -0.000000000000000000, 1.000000000000000000, -0.000000000000000000 ) ) ;
#1742 = ORIENTED_EDGE ( 'NONE', *, *, #798, .F. ) ;
#1743 = DIRECTION ( 'NONE',  ( -1.387778780781445676E-16, -3.492443348153763541E-15, -1.000000000000000000 ) ) ;
#1744 = DIRECTION ( 'NONE',  ( -1.349229370204183433E-16, 0.000000000000000000, -1.000000000000000000 ) ) ;
#1745 = PLANE ( 'NONE',  #1875 ) ;
#1746 = CYLINDRICAL_SURFACE ( 'NONE', #1071, 0.07086614173228344971 ) ;
#1747 = VERTEX_POINT ( 'NONE', #805 ) ;
#1748 = DIRECTION ( 'NONE',  ( -0.000000000000000000, 1.000000000000000000, -0.000000000000000000 ) ) ;
#1749 = EDGE_CURVE ( 'NONE', #1623, #1355, #456, .T. ) ;
#1750 = ORIENTED_EDGE ( 'NONE', *, *, #823, .F. ) ;
#1751 = EDGE_CURVE ( 'NONE', #391, #1543, #1462, .T. ) ;
#1752 = EDGE_CURVE ( 'NONE', #810, #1630, #1970, .T. ) ;
#1753 = LINE ( 'NONE', #1414, #2084 ) ;
#1754 = VECTOR ( 'NONE', #2064, 39.37007874015748143 ) ;
#1755 = DIRECTION ( 'NONE',  ( 1.000000000000000000, 0.000000000000000000, 0.000000000000000000 ) ) ;
#1756 = VECTOR ( 'NONE', #766, 39.37007874015748143 ) ;
#1757 = CARTESIAN_POINT ( 'NONE',  ( -0.3987646261355863309, 1.467361632879821576, -0.2328503937007924407 ) ) ;
#1758 = VECTOR ( 'NONE', #885, 39.37007874015748143 ) ;
#1759 = VECTOR ( 'NONE', #2158, 39.37007874015748143 ) ;
#1760 = DIRECTION ( 'NONE',  ( 0.000000000000000000, -1.000000000000000000, 3.469446951953614978E-15 ) ) ;
#1761 = CIRCLE ( 'NONE', #639, 0.1181102362204725503 ) ;
#1762 = ORIENTED_EDGE ( 'NONE', *, *, #324, .T. ) ;
#1763 = AXIS2_PLACEMENT_3D ( 'NONE', #2023, #1854, #289 ) ;
#1764 = DIRECTION ( 'NONE',  ( -0.000000000000000000, 1.000000000000000000, -0.000000000000000000 ) ) ;
#1765 = CARTESIAN_POINT ( 'NONE',  ( -0.6540871251600380853, 0.04499999999999965833, -0.1318503937007874938 ) ) ;
#1766 = DIRECTION ( 'NONE',  ( 3.158625236455112155E-32, -1.000000000000000000, 3.486305868464050739E-15 ) ) ;
#1767 = CARTESIAN_POINT ( 'NONE',  ( 1.762315940130421498E-33, 0.9055118110236204387, -0.2328503937007905811 ) ) ;
#1768 = ORIENTED_EDGE ( 'NONE', *, *, #203, .F. ) ;
#1769 = DIRECTION ( 'NONE',  ( 0.000000000000000000, -1.000000000000000000, 3.469446951953611033E-15 ) ) ;
#1770 = ADVANCED_FACE ( 'NONE', ( #420 ), #1122, .F. ) ;
#1771 = DIRECTION ( 'NONE',  ( 1.000000000000000000, 0.000000000000000000, -1.261617073437677752E-16 ) ) ;
#1772 = CARTESIAN_POINT ( 'NONE',  ( 0.6299212598425196763, 0.2755905511811009845, -0.1968503937007874127 ) ) ;
#1773 = DIRECTION ( 'NONE',  ( -1.387778780781445676E-16, -3.492443348153763541E-15, -1.000000000000000000 ) ) ;
#1774 = ORIENTED_EDGE ( 'NONE', *, *, #888, .T. ) ;
#1775 = FACE_OUTER_BOUND ( 'NONE', #2037, .T. ) ;
#1776 = DIRECTION ( 'NONE',  ( 0.000000000000000000, 1.000000000000000000, -3.511757280635975905E-15 ) ) ;
#1777 = ORIENTED_EDGE ( 'NONE', *, *, #350, .T. ) ;
#1778 = DIRECTION ( 'NONE',  ( 1.349229370204183433E-16, 3.481823409827467069E-15, 1.000000000000000000 ) ) ;
#1779 = ORIENTED_EDGE ( 'NONE', *, *, #693, .F. ) ;
#1780 = DIRECTION ( 'NONE',  ( -1.156482317317871331E-15, -1.000000000000000000, 3.469446951953613794E-15 ) ) ;
#1781 = DIRECTION ( 'NONE',  ( -0.000000000000000000, 0.000000000000000000, 1.000000000000000000 ) ) ;
#1782 = ADVANCED_FACE ( 'NONE', ( #441 ), #951, .T. ) ;
#1783 = PRODUCT_RELATED_PRODUCT_CATEGORY ( 'part', '', ( #1094 ) ) ;
#1784 = DIRECTION ( 'NONE',  ( -0.000000000000000000, 1.000000000000000000, -0.000000000000000000 ) ) ;
#1785 = ORIENTED_EDGE ( 'NONE', *, *, #2162, .T. ) ;
#1786 = CARTESIAN_POINT ( 'NONE',  ( 0.6540871251600381964, -0.03600000000000070505, -0.1318503937007873827 ) ) ;
#1787 = CARTESIAN_POINT ( 'NONE',  ( -1.082677165354331228, -0.03599999999999999728, 0.1968503937007875793 ) ) ;
#1788 = DIRECTION ( 'NONE',  ( -1.387778780781445676E-16, -3.492443348153763541E-15, -1.000000000000000000 ) ) ;
#1789 = ORIENTED_EDGE ( 'NONE', *, *, #1360, .F. ) ;
#1790 = FACE_BOUND ( 'NONE', #2167, .T. ) ;
#1791 = CARTESIAN_POINT ( 'NONE',  ( -0.5987709120870595703, 1.416467617722656502, -0.2328503937007923019 ) ) ;
#1792 = PLANE ( 'NONE',  #2205 ) ;
#1793 = AXIS2_PLACEMENT_3D ( 'NONE', #2233, #1008, #288 ) ;
#1794 = CYLINDRICAL_SURFACE ( 'NONE', #560, 0.1181102362204724532 ) ;
#1795 = AXIS2_PLACEMENT_3D ( 'NONE', #315, #2185, #1705 ) ;
#1796 = EDGE_CURVE ( 'NONE', #498, #2039, #1494, .T. ) ;
#1797 = ORIENTED_EDGE ( 'NONE', *, *, #2241, .F. ) ;
#1798 = CIRCLE ( 'NONE', #1587, 0.1377952755905510474 ) ;
#1799 = CARTESIAN_POINT ( 'NONE',  ( -0.8858267716535432879, 1.696283471259842468, -0.2328503937007932179 ) ) ;
#1800 = CIRCLE ( 'NONE', #832, 0.8070866141732283561 ) ;
#1801 = EDGE_LOOP ( 'NONE', ( #2181, #1129, #1728, #2236 ) ) ;
#1802 = DIRECTION ( 'NONE',  ( 1.000000000000000000, 7.709882115452465840E-17, -1.349229370204186144E-16 ) ) ;
#1803 = AXIS2_PLACEMENT_3D ( 'NONE', #645, #731, #2109 ) ;
#1804 = VERTEX_POINT ( 'NONE', #407 ) ;
#1805 = LINE ( 'NONE', #1613, #1043 ) ;
#1806 = DIRECTION ( 'NONE',  ( 1.349229370204183433E-16, 0.000000000000000000, 1.000000000000000000 ) ) ;
#1807 = CARTESIAN_POINT ( 'NONE',  ( 0.4671242763302582701, 1.563678745198028963, 0.1608503937007818851 ) ) ;
#1808 = ORIENTED_EDGE ( 'NONE', *, *, #1036, .F. ) ;
#1809 = DIRECTION ( 'NONE',  ( -1.000000000000000000, 0.000000000000000000, 1.305181626700271197E-16 ) ) ;
#1810 = ADVANCED_FACE ( 'NONE', ( #1646 ), #570, .F. ) ;
#1811 = ORIENTED_EDGE ( 'NONE', *, *, #856, .T. ) ;
#1812 = CARTESIAN_POINT ( 'NONE',  ( 0.5618498218562014701, 0.5067471848880346075, -0.2328503937007893043 ) ) ;
#1813 = DIRECTION ( 'NONE',  ( 0.000000000000000000, 0.000000000000000000, 1.000000000000000000 ) ) ;
#1814 = DIRECTION ( 'NONE',  ( 1.387778780781445676E-16, 3.492443348153763541E-15, 1.000000000000000000 ) ) ;
#1815 = LINE ( 'NONE', #253, #1369 ) ;
#1816 = ORIENTED_EDGE ( 'NONE', *, *, #165, .T. ) ;
#1817 = FACE_OUTER_BOUND ( 'NONE', #438, .T. ) ;
#1818 = ORIENTED_EDGE ( 'NONE', *, *, #1425, .T. ) ;
#1819 = ADVANCED_FACE ( 'NONE', ( #252 ), #51, .T. ) ;
#1820 = CARTESIAN_POINT ( 'NONE',  ( 0.8858267716535432879, 0.04499999999999982486, -0.1968503937007877180 ) ) ;
#1821 = EDGE_CURVE ( 'NONE', #1591, #1175, #1107, .T. ) ;
#1822 = ORIENTED_EDGE ( 'NONE', *, *, #796, .F. ) ;
#1823 = ADVANCED_FACE ( 'NONE', ( #657 ), #1887, .T. ) ;
#1824 = DIRECTION ( 'NONE',  ( -0.000000000000000000, -0.000000000000000000, 1.000000000000000000 ) ) ;
#1825 = DIRECTION ( 'NONE',  ( -1.000000000000000000, 0.000000000000000000, -0.000000000000000000 ) ) ;
#1826 = CARTESIAN_POINT ( 'NONE',  ( -0.6581669341744073032, 1.372636087353878320, -0.1968503937007921034 ) ) ;
#1827 = AXIS2_PLACEMENT_3D ( 'NONE', #1698, #133, #1530 ) ;
#1828 = ORIENTED_EDGE ( 'NONE', *, *, #384, .T. ) ;
#1829 = CARTESIAN_POINT ( 'NONE',  ( -0.5590551181102362266, 1.535433070866139893, -0.1968503937007874127 ) ) ;
#1830 = VECTOR ( 'NONE', #520, 39.37007874015748143 ) ;
#1831 = AXIS2_PLACEMENT_3D ( 'NONE', #2123, #1954, #274 ) ;
#1832 = EDGE_LOOP ( 'NONE', ( #822, #1521 ) ) ;
#1833 = VECTOR ( 'NONE', #433, 39.37007874015748143 ) ;
#1834 =( NAMED_UNIT ( * ) SI_UNIT ( $, .STERADIAN. ) SOLID_ANGLE_UNIT ( ) );
#1835 = CIRCLE ( 'NONE', #161, 0.07086614173228344971 ) ;
#1836 = AXIS2_PLACEMENT_3D ( 'NONE', #1060, #1743, #181 ) ;
#1837 = CARTESIAN_POINT ( 'NONE',  ( -0.6180871251600377203, 0.04499999999999970690, -0.1968503937007874682 ) ) ;
#1838 = ORIENTED_EDGE ( 'NONE', *, *, #1618, .F. ) ;
#1839 = SURFACE_STYLE_USAGE ( .BOTH. , #804 ) ;
#1840 = FACE_OUTER_BOUND ( 'NONE', #955, .T. ) ;
#1841 = EDGE_CURVE ( 'NONE', #310, #1198, #676, .T. ) ;
#1842 = ORIENTED_EDGE ( 'NONE', *, *, #1172, .T. ) ;
#1843 = CARTESIAN_POINT ( 'NONE',  ( -0.6540871251600380853, -0.03600000000000070505, -0.1318503937007872162 ) ) ;
#1844 = ORIENTED_EDGE ( 'NONE', *, *, #2255, .F. ) ;
#1845 = DIRECTION ( 'NONE',  ( 0.000000000000000000, 1.000000000000000000, 0.000000000000000000 ) ) ;
#1846 = VERTEX_POINT ( 'NONE', #1179 ) ;
#1847 = DIRECTION ( 'NONE',  ( 1.000000000000000000, 0.000000000000000000, 0.000000000000000000 ) ) ;
#1848 = ORIENTED_EDGE ( 'NONE', *, *, #2062, .T. ) ;
#1849 = CARTESIAN_POINT ( 'NONE',  ( 1.082677165354330340, 0.000000000000000000, -0.07874015748031509832 ) ) ;
#1850 = LINE ( 'NONE', #366, #1116 ) ;
#1851 = ORIENTED_EDGE ( 'NONE', *, *, #798, .T. ) ;
#1852 = EDGE_CURVE ( 'NONE', #340, #513, #2221, .T. ) ;
#1853 = CARTESIAN_POINT ( 'NONE',  ( 0.4671242763302585477, 0.2473448768492149119, 0.1608503937007864371 ) ) ;
#1854 = DIRECTION ( 'NONE',  ( 1.000000000000000000, 9.886373821507288843E-32, 1.614567372142003289E-15 ) ) ;
#1855 = EDGE_CURVE ( 'NONE', #1301, #310, #2019, .T. ) ;
#1856 = ORIENTED_EDGE ( 'NONE', *, *, #1163, .T. ) ;
#1857 = DIRECTION ( 'NONE',  ( -1.734723475976805517E-15, -1.000000000000000000, 3.469446951953611033E-15 ) ) ;
#1858 = ORIENTED_EDGE ( 'NONE', *, *, #1894, .T. ) ;
#1859 = DIRECTION ( 'NONE',  ( -1.349229370204183433E-16, -3.481067000988386044E-15, -1.000000000000000000 ) ) ;
#1860 = FACE_OUTER_BOUND ( 'NONE', #1562, .T. ) ;
#1861 = EDGE_LOOP ( 'NONE', ( #995, #90, #1951, #457 ) ) ;
#1862 = CARTESIAN_POINT ( 'NONE',  ( 0.5618498218562015811, 0.5067471848880359397, 0.1608503937007855211 ) ) ;
#1863 = ORIENTED_EDGE ( 'NONE', *, *, #307, .F. ) ;
#1864 = DIRECTION ( 'NONE',  ( -0.000000000000000000, -0.000000000000000000, 1.000000000000000000 ) ) ;
#1865 = VERTEX_POINT ( 'NONE', #1877 ) ;
#1866 = CARTESIAN_POINT ( 'NONE',  ( 0.7677165354330708347, 1.696283471259842468, -0.2328503937007934677 ) ) ;
#1867 = VECTOR ( 'NONE', #399, 39.37007874015748143 ) ;
#1868 = ADVANCED_FACE ( 'NONE', ( #625, #286, #149, #855, #131, #1004 ), #485, .T. ) ;
#1869 = ORIENTED_EDGE ( 'NONE', *, *, #466, .F. ) ;
#1870 = VECTOR ( 'NONE', #1942, 39.37007874015748143 ) ;
#1871 = CYLINDRICAL_SURFACE ( 'NONE', #423, 0.1377952755905510474 ) ;
#1872 = EDGE_CURVE ( 'NONE', #1495, #506, #1680, .T. ) ;
#1873 = VECTOR ( 'NONE', #1443, 39.37007874015748143 ) ;
#1874 = ORIENTED_EDGE ( 'NONE', *, *, #1365, .T. ) ;
#1875 = AXIS2_PLACEMENT_3D ( 'NONE', #2262, #1437, #1735 ) ;
#1876 = AXIS2_PLACEMENT_3D ( 'NONE', #954, #978, #2009 ) ;
#1877 = CARTESIAN_POINT ( 'NONE',  ( -0.9645669291338588858, -0.03599999999999999728, -0.1968503937007872462 ) ) ;
#1878 = AXIS2_PLACEMENT_3D ( 'NONE', #172, #345, #1 ) ;
#1879 = ORIENTED_EDGE ( 'NONE', *, *, #862, .T. ) ;
#1880 = AXIS2_PLACEMENT_3D ( 'NONE', #2243, #690, #1929 ) ;
#1881 = DIRECTION ( 'NONE',  ( 1.387778780781445676E-16, 3.492443348153763541E-15, 1.000000000000000000 ) ) ;
#1882 = ORIENTED_EDGE ( 'NONE', *, *, #1553, .T. ) ;
#1883 = DIRECTION ( 'NONE',  ( 0.000000000000000000, -0.000000000000000000, 1.000000000000000000 ) ) ;
#1884 = ORIENTED_EDGE ( 'NONE', *, *, #437, .T. ) ;
#1885 = ADVANCED_FACE ( 'NONE', ( #1671 ), #994, .T. ) ;
#1886 = ORIENTED_EDGE ( 'NONE', *, *, #2232, .T. ) ;
#1887 = CYLINDRICAL_SURFACE ( 'NONE', #53, 0.1181102362204725503 ) ;
#1888 = ORIENTED_EDGE ( 'NONE', *, *, #620, .F. ) ;
#1889 = CARTESIAN_POINT ( 'NONE',  ( -0.8858267716535432879, 0.04499999999999936690, -0.1518503937007875948 ) ) ;
#1890 = ORIENTED_EDGE ( 'NONE', *, *, #1841, .T. ) ;
#1891 = FACE_OUTER_BOUND ( 'NONE', #1274, .T. ) ;
#1892 = ORIENTED_EDGE ( 'NONE', *, *, #838, .F. ) ;
#1893 =( LENGTH_UNIT ( ) NAMED_UNIT ( * ) SI_UNIT ( $, .METRE. ) );
#1894 = EDGE_CURVE ( 'NONE', #1074, #1187, #492, .T. ) ;
#1895 = ORIENTED_EDGE ( 'NONE', *, *, #1751, .F. ) ;
#1896 = CARTESIAN_POINT ( 'NONE',  ( 0.7007874015748031260, 0.2755905511811009845, -0.1968503937007874127 ) ) ;
#1897 = DIRECTION ( 'NONE',  ( 4.710809167886979999E-31, -1.000000000000000000, 3.491481338843133750E-15 ) ) ;
#1898 = CARTESIAN_POINT ( 'NONE',  ( 0.9645669291338578866, 0.000000000000000000, 0.07874015748031487627 ) ) ;
#1899 = FACE_OUTER_BOUND ( 'NONE', #1170, .T. ) ;
#1900 = EDGE_CURVE ( 'NONE', #1925, #1747, #2230, .T. ) ;
#1901 = ORIENTED_EDGE ( 'NONE', *, *, #127, .F. ) ;
#1902 = LINE ( 'NONE', #1366, #1481 ) ;
#1903 = EDGE_LOOP ( 'NONE', ( #1466, #2117, #1811, #1818 ) ) ;
#1904 = FILL_AREA_STYLE_COLOUR ( '', #1584 ) ;
#1905 = VERTEX_POINT ( 'NONE', #1527 ) ;
#1906 = VECTOR ( 'NONE', #659, 39.37007874015748143 ) ;
#1907 = DIRECTION ( 'NONE',  ( -1.000000000000000000, 0.000000000000000000, 1.419319207617387780E-16 ) ) ;
#1908 = VECTOR ( 'NONE', #729, 39.37007874015748143 ) ;
#1909 = AXIS2_PLACEMENT_3D ( 'NONE', #458, #1112, #1135 ) ;
#1910 = PLANE ( 'NONE',  #303 ) ;
#1911 = DIRECTION ( 'NONE',  ( -0.000000000000000000, 1.000000000000000000, -0.000000000000000000 ) ) ;
#1912 = VECTOR ( 'NONE', #2038, 39.37007874015748143 ) ;
#1913 = ADVANCED_FACE ( 'NONE', ( #1840 ), #667, .F. ) ;
#1914 = AXIS2_PLACEMENT_3D ( 'NONE', #93, #626, #1569 ) ;
#1915 = VECTOR ( 'NONE', #404, 39.37007874015748143 ) ;
#1916 = ORIENTED_EDGE ( 'NONE', *, *, #1127, .F. ) ;
#1917 = PLANE ( 'NONE',  #1971 ) ;
#1918 = VERTEX_POINT ( 'NONE', #2212 ) ;
#1919 = CARTESIAN_POINT ( 'NONE',  ( 0.6540871251600381964, -0.03600000000000070505, -0.1318503937007873827 ) ) ;
#1920 = EDGE_LOOP ( 'NONE', ( #521, #1350, #754, #1394 ) ) ;
#1921 = DIRECTION ( 'NONE',  ( -0.000000000000000000, 0.000000000000000000, -1.000000000000000000 ) ) ;
#1922 = FACE_BOUND ( 'NONE', #500, .T. ) ;
#1923 = DIRECTION ( 'NONE',  ( 1.000000000000000000, 0.000000000000000000, 0.000000000000000000 ) ) ;
#1924 = ADVANCED_FACE ( 'NONE', ( #1370 ), #1169, .F. ) ;
#1925 = VERTEX_POINT ( 'NONE', #499 ) ;
#1926 = FACE_OUTER_BOUND ( 'NONE', #1156, .T. ) ;
#1927 = ADVANCED_FACE ( 'NONE', ( #101 ), #298, .T. ) ;
#1928 = ORIENTED_EDGE ( 'NONE', *, *, #1206, .T. ) ;
#1929 = DIRECTION ( 'NONE',  ( 0.000000000000000000, 1.000000000000000000, -3.469446951953611033E-15 ) ) ;
#1930 = CYLINDRICAL_SURFACE ( 'NONE', #1442, 0.1181102362204725503 ) ;
#1931 = ORIENTED_EDGE ( 'NONE', *, *, #591, .F. ) ;
#1932 = CARTESIAN_POINT ( 'NONE',  ( -0.8858267716535426217, -0.03599999999999999034, -0.1122503937007874597 ) ) ;
#1933 = DIRECTION ( 'NONE',  ( 0.000000000000000000, -1.000000000000000000, 8.062745814634078466E-15 ) ) ;
#1934 = CYLINDRICAL_SURFACE ( 'NONE', #640, 0.04500000000000013711 ) ;
#1935 = DIRECTION ( 'NONE',  ( -1.000000000000000000, 0.000000000000000000, -0.000000000000000000 ) ) ;
#1936 = EDGE_LOOP ( 'NONE', ( #814, #1247 ) ) ;
#1937 = CARTESIAN_POINT ( 'NONE',  ( -0.9645669291338587747, -0.03599999999999999728, 0.07874015748031511219 ) ) ;
#1938 = DIRECTION ( 'NONE',  ( -1.419319207617387780E-16, 0.000000000000000000, -1.000000000000000000 ) ) ;
#1939 = EDGE_CURVE ( 'NONE', #2209, #64, #1514, .T. ) ;
#1940 = ORIENTED_EDGE ( 'NONE', *, *, #1991, .T. ) ;
#1941 = FACE_OUTER_BOUND ( 'NONE', #887, .T. ) ;
#1942 = DIRECTION ( 'NONE',  ( 1.000000000000000000, 9.485583311334247286E-17, -0.000000000000000000 ) ) ;
#1943 = CIRCLE ( 'NONE', #2011, 0.1181102362204724254 ) ;
#1944 = CARTESIAN_POINT ( 'NONE',  ( -0.9254267716535427013, -7.683322482180740425E-16, -0.1122503937007874597 ) ) ;
#1945 = AXIS2_PLACEMENT_3D ( 'NONE', #1604, #37, #745 ) ;
#1946 = DIRECTION ( 'NONE',  ( 0.000000000000000000, 1.000000000000000000, -3.511757280635974327E-15 ) ) ;
#1947 = VECTOR ( 'NONE', #2200, 39.37007874015748143 ) ;
#1948 = VECTOR ( 'NONE', #1859, 39.37007874015748143 ) ;
#1949 = ORIENTED_EDGE ( 'NONE', *, *, #591, .T. ) ;
#1950 = DIRECTION ( 'NONE',  ( 0.000000000000000000, 0.000000000000000000, 1.000000000000000000 ) ) ;
#1951 = ORIENTED_EDGE ( 'NONE', *, *, #1852, .F. ) ;
#1952 = EDGE_CURVE ( 'NONE', #984, #1588, #1850, .T. ) ;
#1953 = FACE_OUTER_BOUND ( 'NONE', #537, .T. ) ;
#1954 = DIRECTION ( 'NONE',  ( 0.000000000000000000, 1.000000000000000000, 0.000000000000000000 ) ) ;
#1955 = LINE ( 'NONE', #773, #1263 ) ;
#1956 = FACE_OUTER_BOUND ( 'NONE', #332, .T. ) ;
#1957 = VERTEX_POINT ( 'NONE', #1932 ) ;
#1958 = DIRECTION ( 'NONE',  ( 0.000000000000000000, -3.481067000988386044E-15, -1.000000000000000000 ) ) ;
#1959 = VERTEX_POINT ( 'NONE', #1568 ) ;
#1960 = CARTESIAN_POINT ( 'NONE',  ( 0.000000000000000000, -0.03599999999999999728, -0.1122503937007874597 ) ) ;
#1961 = FACE_OUTER_BOUND ( 'NONE', #2074, .T. ) ;
#1962 = CARTESIAN_POINT ( 'NONE',  ( -0.8858267716535426217, -0.03600000000000077444, -0.1518503937007873728 ) ) ;
#1963 = ADVANCED_FACE ( 'NONE', ( #541 ), #507, .T. ) ;
#1964 = LINE ( 'NONE', #1714, #1473 ) ;
#1965 = ORIENTED_EDGE ( 'NONE', *, *, #1027, .F. ) ;
#1966 = CARTESIAN_POINT ( 'NONE',  ( 1.082677165354330340, -0.03599999999999999728, -0.07874015748031509832 ) ) ;
#1967 = ORIENTED_EDGE ( 'NONE', *, *, #1674, .T. ) ;
#1968 = CARTESIAN_POINT ( 'NONE',  ( -3.166918241915849378E-17, -8.110916372195077185E-16, -0.2328503937007874169 ) ) ;
#1969 = CYLINDRICAL_SURFACE ( 'NONE', #379, 0.07086614173228344971 ) ;
#1970 = LINE ( 'NONE', #1315, #1044 ) ;
#1971 = AXIS2_PLACEMENT_3D ( 'NONE', #1098, #1935, #555 ) ;
#1972 = CIRCLE ( 'NONE', #1440, 0.8070866141732282451 ) ;
#1973 = ADVANCED_FACE ( 'NONE', ( #1941 ), #1207, .F. ) ;
#1974 = CARTESIAN_POINT ( 'NONE',  ( -0.5109558066990363967, 0.3067408989365612570, -0.1968503937007883564 ) ) ;
#1975 = DIRECTION ( 'NONE',  ( 0.000000000000000000, 0.000000000000000000, 1.000000000000000000 ) ) ;
#1976 = MECHANICAL_DESIGN_GEOMETRIC_PRESENTATION_REPRESENTATION (  '', ( #756 ), #228 ) ;
#1977 = VECTOR ( 'NONE', #1358, 39.37007874015748143 ) ;
#1978 = ORIENTED_EDGE ( 'NONE', *, *, #2214, .T. ) ;
#1979 = VECTOR ( 'NONE', #75, 39.37007874015748143 ) ;
#1980 = LINE ( 'NONE', #1829, #124 ) ;
#1981 = CARTESIAN_POINT ( 'NONE',  ( -0.8858267716535426217, 0.04499999999999921424, -0.1968503937007877180 ) ) ;
#1982 = AXIS2_PLACEMENT_3D ( 'NONE', #2081, #2061, #1921 ) ;
#1983 = ORIENTED_EDGE ( 'NONE', *, *, #1023, .F. ) ;
#1984 = CARTESIAN_POINT ( 'NONE',  ( 1.762315940130421498E-33, 0.9055118110236204387, -0.2328503937007905811 ) ) ;
#1985 = CARTESIAN_POINT ( 'NONE',  ( 0.6540871251600381964, -0.03600000000000070505, -0.1318503937007873827 ) ) ;
#1986 = LINE ( 'NONE', #92, #159 ) ;
#1987 = DIRECTION ( 'NONE',  ( -0.000000000000000000, 1.000000000000000000, -0.000000000000000000 ) ) ;
#1988 = ADVANCED_FACE ( 'NONE', ( #1382 ), #1422, .F. ) ;
#1989 = EDGE_LOOP ( 'NONE', ( #691, #1168, #148, #610 ) ) ;
#1990 = LINE ( 'NONE', #1631, #2203 ) ;
#1991 = EDGE_CURVE ( 'NONE', #1474, #1175, #1753, .T. ) ;
#1992 = EDGE_CURVE ( 'NONE', #1310, #56, #191, .T. ) ;
#1993 = ORIENTED_EDGE ( 'NONE', *, *, #143, .F. ) ;
#1994 = CARTESIAN_POINT ( 'NONE',  ( 0.3987646261355860533, 1.467361632879821576, -0.2328503937007926072 ) ) ;
#1995 = EDGE_CURVE ( 'NONE', #997, #1329, #903, .T. ) ;
#1996 = DIRECTION ( 'NONE',  ( 1.349229370204183433E-16, 3.481823409827467069E-15, 1.000000000000000000 ) ) ;
#1997 = CARTESIAN_POINT ( 'NONE',  ( -0.4671242763302586587, 0.2473448768492149119, 0.1608503937007865758 ) ) ;
#1998 = DIRECTION ( 'NONE',  ( -1.614567372142003092E-15, -4.540970734149383882E-15, 1.000000000000000000 ) ) ;
#1999 = ORIENTED_EDGE ( 'NONE', *, *, #67, .F. ) ;
#2000 = DIRECTION ( 'NONE',  ( 1.000000000000000000, 0.000000000000000000, 0.000000000000000000 ) ) ;
#2001 = ORIENTED_EDGE ( 'NONE', *, *, #809, .T. ) ;
#2002 = EDGE_CURVE ( 'NONE', #180, #498, #459, .T. ) ;
#2003 =( NAMED_UNIT ( * ) PLANE_ANGLE_UNIT ( ) SI_UNIT ( $, .RADIAN. ) );
#2004 = DIRECTION ( 'NONE',  ( 1.349229370204183433E-16, 3.481823409827466675E-15, 1.000000000000000000 ) ) ;
#2005 = VERTEX_POINT ( 'NONE', #1083 ) ;
#2006 = LINE ( 'NONE', #95, #2160 ) ;
#2007 = AXIS2_PLACEMENT_3D ( 'NONE', #1707, #1864, #1373 ) ;
#2008 = VERTEX_POINT ( 'NONE', #879 ) ;
#2009 = DIRECTION ( 'NONE',  ( 1.000000000000000000, 0.000000000000000000, 0.000000000000000000 ) ) ;
#2010 = AXIS2_PLACEMENT_3D ( 'NONE', #364, #1087, #747 ) ;
#2011 = AXIS2_PLACEMENT_3D ( 'NONE', #1271, #432, #1813 ) ;
#2012 = ORIENTED_EDGE ( 'NONE', *, *, #673, .F. ) ;
#2013 = AXIS2_PLACEMENT_3D ( 'NONE', #1485, #216, #80 ) ;
#2014 = DIRECTION ( 'NONE',  ( -0.000000000000000000, -1.000000000000000000, -0.000000000000000000 ) ) ;
#2015 = CIRCLE ( 'NONE', #232, 0.07086614173228344971 ) ;
#2016 = EDGE_CURVE ( 'NONE', #1151, #873, #55, .T. ) ;
#2017 = ORIENTED_EDGE ( 'NONE', *, *, #1197, .T. ) ;
#2018 = CARTESIAN_POINT ( 'NONE',  ( 0.5987709120870597923, 0.3945560043245846527, -0.2328503937007888880 ) ) ;
#2019 = LINE ( 'NONE', #1536, #1912 ) ;
#2020 = ADVANCED_FACE ( 'NONE', ( #1592 ), #681, .T. ) ;
#2021 = ORIENTED_EDGE ( 'NONE', *, *, #958, .T. ) ;
#2022 = CYLINDRICAL_SURFACE ( 'NONE', #1793, 0.1181102362204724116 ) ;
#2023 = CARTESIAN_POINT ( 'NONE',  ( -0.9254267716535424793, -3.841661241090370213E-16, -0.1968503937007872739 ) ) ;
#2024 = ORIENTED_EDGE ( 'NONE', *, *, #546, .F. ) ;
#2025 = DIRECTION ( 'NONE',  ( 1.419319207617387780E-16, 3.491481338843133750E-15, 1.000000000000000000 ) ) ;
#2026 = ORIENTED_EDGE ( 'NONE', *, *, #2103, .F. ) ;
#2027 = VERTEX_POINT ( 'NONE', #1896 ) ;
#2028 = DIRECTION ( 'NONE',  ( 0.000000000000000000, 1.000000000000000000, 0.000000000000000000 ) ) ;
#2029 = DIRECTION ( 'NONE',  ( 1.000000000000000000, 9.485583311334247286E-17, -0.000000000000000000 ) ) ;
#2030 = ORIENTED_EDGE ( 'NONE', *, *, #239, .T. ) ;
#2031 = DIRECTION ( 'NONE',  ( 1.000000000000000000, 0.000000000000000000, 0.000000000000000000 ) ) ;
#2032 = ADVANCED_FACE ( 'NONE', ( #2098 ), #333, .F. ) ;
#2033 = ORIENTED_EDGE ( 'NONE', *, *, #1066, .T. ) ;
#2034 = DIRECTION ( 'NONE',  ( -3.158625236455112155E-32, 1.000000000000000000, -3.486305868464050739E-15 ) ) ;
#2035 = ORIENTED_EDGE ( 'NONE', *, *, #722, .T. ) ;
#2036 = CARTESIAN_POINT ( 'NONE',  ( 0.9448818897635591352, -0.03600000000000075362, 0.000000000000000000 ) ) ;
#2037 = EDGE_LOOP ( 'NONE', ( #32, #6, #685, #1572 ) ) ;
#2038 = DIRECTION ( 'NONE',  ( -0.000000000000000000, 0.000000000000000000, -1.000000000000000000 ) ) ;
#2039 = VERTEX_POINT ( 'NONE', #2260 ) ;
#2040 = CYLINDRICAL_SURFACE ( 'NONE', #2239, 0.1181102362204724116 ) ;
#2041 = EDGE_CURVE ( 'NONE', #1918, #1389, #1010, .T. ) ;
#2042 = ORIENTED_EDGE ( 'NONE', *, *, #446, .T. ) ;
#2043 = DIRECTION ( 'NONE',  ( 1.000000000000000000, -0.000000000000000000, -1.349229370204183433E-16 ) ) ;
#2044 = ORIENTED_EDGE ( 'NONE', *, *, #779, .T. ) ;
#2045 = AXIS2_PLACEMENT_3D ( 'NONE', #1724, #2113, #1744 ) ;
#2046 = CIRCLE ( 'NONE', #1694, 0.1181102362204724671 ) ;
#2047 = ORIENTED_EDGE ( 'NONE', *, *, #623, .F. ) ;
#2048 = AXIS2_PLACEMENT_3D ( 'NONE', #635, #1336, #1160 ) ;
#2049 = VECTOR ( 'NONE', #2180, 39.37007874015748143 ) ;
#2050 = DIRECTION ( 'NONE',  ( 0.000000000000000000, 1.000000000000000000, -3.469446951953614978E-15 ) ) ;
#2051 = CIRCLE ( 'NONE', #902, 0.1181102362204724116 ) ;
#2052 = ORIENTED_EDGE ( 'NONE', *, *, #1662, .T. ) ;
#2053 = CARTESIAN_POINT ( 'NONE',  ( 0.6180871251600380534, -6.874055486453904120E-16, -0.1968503937007873017 ) ) ;
#2054 = ORIENTED_EDGE ( 'NONE', *, *, #206, .F. ) ;
#2055 = CARTESIAN_POINT ( 'NONE',  ( -0.7677165354330701685, 1.814393707480314921, -0.1968503937007936300 ) ) ;
#2056 = ADVANCED_FACE ( 'NONE', ( #1215 ), #1733, .F. ) ;
#2057 = VERTEX_POINT ( 'NONE', #703 ) ;
#2058 = ADVANCED_FACE ( 'NONE', ( #356 ), #1241, .T. ) ;
#2059 = ADVANCED_FACE ( 'NONE', ( #13 ), #720, .T. ) ;
#2060 = VERTEX_POINT ( 'NONE', #588 ) ;
#2061 = DIRECTION ( 'NONE',  ( 1.000000000000000000, 0.000000000000000000, -0.000000000000000000 ) ) ;
#2062 = EDGE_CURVE ( 'NONE', #96, #1905, #36, .T. ) ;
#2063 = DIRECTION ( 'NONE',  ( 0.000000000000000000, -1.000000000000000000, 3.469446951953613794E-15 ) ) ;
#2064 = DIRECTION ( 'NONE',  ( 3.098146588023065658E-32, -1.000000000000000000, 3.481823409827466675E-15 ) ) ;
#2065 = ORIENTED_EDGE ( 'NONE', *, *, #1900, .T. ) ;
#2066 = CARTESIAN_POINT ( 'NONE',  ( 0.8858267716535432879, -5.975917486140575667E-16, -0.1122503937007874597 ) ) ;
#2067 = ORIENTED_EDGE ( 'NONE', *, *, #1388, .T. ) ;
#2068 = FILL_AREA_STYLE ('',( #1904 ) ) ;
#2069 = ORIENTED_EDGE ( 'NONE', *, *, #2159, .F. ) ;
#2070 = EDGE_CURVE ( 'NONE', #2256, #1198, #578, .T. ) ;
#2071 = DIRECTION ( 'NONE',  ( -1.398692455658434002E-16, -3.496731139146086583E-15, -1.000000000000000000 ) ) ;
#2072 = CARTESIAN_POINT ( 'NONE',  ( 0.9254267716535433674, -0.03599999999999999728, 0.000000000000000000 ) ) ;
#2073 = CARTESIAN_POINT ( 'NONE',  ( -0.8858267716535432879, 1.814393707480314921, -0.2328503937007936342 ) ) ;
#2074 = EDGE_LOOP ( 'NONE', ( #1387, #1148, #489, #287 ) ) ;
#2075 = LINE ( 'NONE', #1072, #1686 ) ;
#2076 = ORIENTED_EDGE ( 'NONE', *, *, #768, .T. ) ;
#2077 = LINE ( 'NONE', #634, #866 ) ;
#2078 = AXIS2_PLACEMENT_3D ( 'NONE', #222, #354, #1239 ) ;
#2079 = ORIENTED_EDGE ( 'NONE', *, *, #1220, .F. ) ;
#2080 = VECTOR ( 'NONE', #1881, 39.37007874015748143 ) ;
#2081 = CARTESIAN_POINT ( 'NONE',  ( 0.8858267716535432879, -5.975917486140575667E-16, -0.1518503937007874560 ) ) ;
#2082 = VECTOR ( 'NONE', #1503, 39.37007874015748143 ) ;
#2083 = EDGE_CURVE ( 'NONE', #1925, #328, #2015, .T. ) ;
#2084 = VECTOR ( 'NONE', #1907, 39.37007874015748143 ) ;
#2085 = AXIS2_PLACEMENT_3D ( 'NONE', #65, #1845, #585 ) ;
#2086 = CARTESIAN_POINT ( 'NONE',  ( 0.4671242763302583811, 0.2473448768492138294, -0.1968503937007883287 ) ) ;
#2087 = CARTESIAN_POINT ( 'NONE',  ( 0.9254267716535433674, 0.000000000000000000, -0.1122503937007874597 ) ) ;
#2088 = VECTOR ( 'NONE', #416, 39.37007874015748143 ) ;
#2089 = ADVANCED_FACE ( 'NONE', ( #1279 ), #68, .F. ) ;
#2090 = ORIENTED_EDGE ( 'NONE', *, *, #915, .T. ) ;
#2091 = CARTESIAN_POINT ( 'NONE',  ( -0.5987709120870596813, 0.3945560043245844306, -0.1968503937007886617 ) ) ;
#2092 = ORIENTED_EDGE ( 'NONE', *, *, #958, .F. ) ;
#2093 = FACE_OUTER_BOUND ( 'NONE', #273, .T. ) ;
#2094 = DIRECTION ( 'NONE',  ( 1.387778780781445676E-16, 3.492443348153763541E-15, 1.000000000000000000 ) ) ;
#2095 = APPLICATION_PROTOCOL_DEFINITION ( 'draft international standard', 'automotive_design', 1998, #1058 ) ;
#2096 = DIRECTION ( 'NONE',  ( 0.000000000000000000, -1.000000000000000000, 3.469446951953611033E-15 ) ) ;
#2097 = VERTEX_POINT ( 'NONE', #778 ) ;
#2098 = FACE_OUTER_BOUND ( 'NONE', #701, .T. ) ;
#2099 = CARTESIAN_POINT ( 'NONE',  ( 0.000000000000000000, -0.03599999999999999728, 0.000000000000000000 ) ) ;
#2100 = CARTESIAN_POINT ( 'NONE',  ( 0.8858267716535432879, -5.975917486140575667E-16, -0.1122503937007874597 ) ) ;
#2101 = CARTESIAN_POINT ( 'NONE',  ( 0.7007874015748031260, 0.2755905511811009845, -0.1968503937007874127 ) ) ;
#2102 = EDGE_CURVE ( 'NONE', #105, #1301, #1302, .T. ) ;
#2103 = EDGE_CURVE ( 'NONE', #445, #153, #571, .T. ) ;
#2104 = DIRECTION ( 'NONE',  ( 1.000000000000000000, 1.686325922014969341E-15, -1.349229370204242104E-16 ) ) ;
#2105 = ORIENTED_EDGE ( 'NONE', *, *, #932, .T. ) ;
#2106 = ADVANCED_FACE ( 'NONE', ( #1635 ), #2121, .T. ) ;
#2107 = DIRECTION ( 'NONE',  ( -1.000000000000000000, -9.485583311334247286E-17, 0.000000000000000000 ) ) ;
#2108 = CARTESIAN_POINT ( 'NONE',  ( -0.9448818897640000047, 0.000000000000000000, 0.07086614173228324154 ) ) ;
#2109 = DIRECTION ( 'NONE',  ( 1.000000000000000000, 0.000000000000000000, 0.000000000000000000 ) ) ;
#2110 = FACE_OUTER_BOUND ( 'NONE', #435, .T. ) ;
#2111 = ORIENTED_EDGE ( 'NONE', *, *, #249, .T. ) ;
#2112 = CARTESIAN_POINT ( 'NONE',  ( -0.6180871251600380534, -6.874055486453894260E-16, -0.1968503937007873017 ) ) ;
#2113 = DIRECTION ( 'NONE',  ( 1.000000000000000000, -4.387963747601389454E-31, -1.349229370204183433E-16 ) ) ;
#2114 = DIRECTION ( 'NONE',  ( 0.000000000000000000, -1.000000000000000000, 3.469446951953611033E-15 ) ) ;
#2115 = LINE ( 'NONE', #916, #1039 ) ;
#2116 = ADVANCED_FACE ( 'NONE', ( #1105, #611, #935, #1790, #1625, #949 ), #769, .F. ) ;
#2117 = ORIENTED_EDGE ( 'NONE', *, *, #1751, .T. ) ;
#2118 = CARTESIAN_POINT ( 'NONE',  ( 0.7007874015748031260, 0.2755905511811009845, -0.2328503937007938285 ) ) ;
#2119 = FACE_OUTER_BOUND ( 'NONE', #2220, .T. ) ;
#2120 = ORIENTED_EDGE ( 'NONE', *, *, #479, .T. ) ;
#2121 = CYLINDRICAL_SURFACE ( 'NONE', #1448, 0.1377952755905510474 ) ;
#2122 = VECTOR ( 'NONE', #1255, 39.37007874015748143 ) ;
#2123 = CARTESIAN_POINT ( 'NONE',  ( 0.9645669291338578866, 0.000000000000000000, -0.07874015748031509832 ) ) ;
#2124 = CIRCLE ( 'NONE', #1722, 0.1181102362204725503 ) ;
#2125 = FACE_OUTER_BOUND ( 'NONE', #284, .T. ) ;
#2126 = CIRCLE ( 'NONE', #1114, 0.1377952755905512139 ) ;
#2127 = AXIS2_PLACEMENT_3D ( 'NONE', #2139, #2148, #590 ) ;
#2128 = CARTESIAN_POINT ( 'NONE',  ( -1.082677165354331228, -0.03599999999999999728, 0.07874015748031511219 ) ) ;
#2129 = VECTOR ( 'NONE', #2034, 39.37007874015748143 ) ;
#2130 = ORIENTED_EDGE ( 'NONE', *, *, #1197, .F. ) ;
#2131 = LINE ( 'NONE', #1228, #1908 ) ;
#2132 = DIRECTION ( 'NONE',  ( 0.000000000000000000, 0.000000000000000000, -1.000000000000000000 ) ) ;
#2133 = DIRECTION ( 'NONE',  ( 0.000000000000000000, 1.000000000000000000, -3.511757280635974327E-15 ) ) ;
#2134 = ORIENTED_EDGE ( 'NONE', *, *, #1052, .F. ) ;
#2135 = DIMENSIONAL_EXPONENTS ( 1.000000000000000000, 0.000000000000000000, 0.000000000000000000, 0.000000000000000000, 0.000000000000000000, 0.000000000000000000, 0.000000000000000000 ) ;
#2136 = DIRECTION ( 'NONE',  ( -0.000000000000000000, -0.000000000000000000, 1.000000000000000000 ) ) ;
#2137 = ORIENTED_EDGE ( 'NONE', *, *, #888, .F. ) ;
#2138 = LINE ( 'NONE', #2174, #1652 ) ;
#2139 = CARTESIAN_POINT ( 'NONE',  ( -0.8858267716535426217, 0.04499999999999936690, -0.1518503937007875948 ) ) ;
#2140 = LINE ( 'NONE', #63, #1110 ) ;
#2141 = ORIENTED_EDGE ( 'NONE', *, *, #1952, .T. ) ;
#2142 = FACE_OUTER_BOUND ( 'NONE', #654, .T. ) ;
#2143 = ORIENTED_EDGE ( 'NONE', *, *, #1235, .F. ) ;
#2144 = DIRECTION ( 'NONE',  ( 0.000000000000000000, -1.000000000000000000, 3.481823409827466675E-15 ) ) ;
#2145 = CYLINDRICAL_SURFACE ( 'NONE', #940, 0.07086614173228344971 ) ;
#2146 = EDGE_CURVE ( 'NONE', #1454, #391, #2170, .T. ) ;
#2147 = LINE ( 'NONE', #913, #933 ) ;
#2148 = DIRECTION ( 'NONE',  ( 1.000000000000000000, 9.485583311334247286E-17, -0.000000000000000000 ) ) ;
#2149 = DIRECTION ( 'NONE',  ( -1.387778780781445676E-16, -3.492443348153763541E-15, -1.000000000000000000 ) ) ;
#2150 = CARTESIAN_POINT ( 'NONE',  ( -0.7677165354330701685, 1.814393707480314921, -0.2328503937007936342 ) ) ;
#2151 = ORIENTED_EDGE ( 'NONE', *, *, #1029, .T. ) ;
#2152 = DIRECTION ( 'NONE',  ( 1.349229370204183433E-16, 3.481823409827467069E-15, 1.000000000000000000 ) ) ;
#2153 = DIRECTION ( 'NONE',  ( 1.000000000000000000, 0.000000000000000000, 0.000000000000000000 ) ) ;
#2154 = ORIENTED_EDGE ( 'NONE', *, *, #1460, .T. ) ;
#2155 = CARTESIAN_POINT ( 'NONE',  ( -2.697758579797936695E-17, -0.01800000000000108111, -0.1968503937007873017 ) ) ;
#2156 = ORIENTED_EDGE ( 'NONE', *, *, #1578, .T. ) ;
#2157 = CARTESIAN_POINT ( 'NONE',  ( 0.3987646261355865529, 0.3436619891674196348, -0.1968503937007886340 ) ) ;
#2158 = DIRECTION ( 'NONE',  ( 1.387778780781445676E-16, 3.492443348153763541E-15, 1.000000000000000000 ) ) ;
#2159 = EDGE_CURVE ( 'NONE', #1081, #1310, #1467, .T. ) ;
#2160 = VECTOR ( 'NONE', #245, 39.37007874015748143 ) ;
#2161 = VECTOR ( 'NONE', #906, 39.37007874015748143 ) ;
#2162 = EDGE_CURVE ( 'NONE', #636, #405, #2051, .T. ) ;
#2163 = CARTESIAN_POINT ( 'NONE',  ( 0.9645669291338578866, -0.03599999999999999728, -0.07874015748031509832 ) ) ;
#2164 = EDGE_CURVE ( 'NONE', #328, #1925, #195, .T. ) ;
#2165 = AXIS2_PLACEMENT_3D ( 'NONE', #557, #1764, #1950 ) ;
#2166 = CIRCLE ( 'NONE', #757, 0.08100000000000014133 ) ;
#2167 = EDGE_LOOP ( 'NONE', ( #1816, #1879 ) ) ;
#2168 = AXIS2_PLACEMENT_3D ( 'NONE', #305, #1165, #1012 ) ;
#2169 = CARTESIAN_POINT ( 'NONE',  ( 0.8858267716535432879, -5.975917486140575667E-16, -0.1122503937007874597 ) ) ;
#2170 = CIRCLE ( 'NONE', #1624, 0.8070866141732282451 ) ;
#2171 = AXIS2_PLACEMENT_3D ( 'NONE', #227, #941, #1451 ) ;
#2172 = VERTEX_POINT ( 'NONE', #1138 ) ;
#2173 = CARTESIAN_POINT ( 'NONE',  ( -0.6299212598425196763, 1.535433070866139893, -0.2328503937007938285 ) ) ;
#2174 = CARTESIAN_POINT ( 'NONE',  ( 1.082677165354330340, 0.000000000000000000, 0.1968503937007873017 ) ) ;
#2175 = CARTESIAN_POINT ( 'NONE',  ( 0.9645669291338578866, -0.03599999999999999728, 0.1968503937007873017 ) ) ;
#2176 = DIRECTION ( 'NONE',  ( 0.000000000000000000, -1.000000000000000000, 3.469446951953614189E-15 ) ) ;
#2177 = EDGE_CURVE ( 'NONE', #2057, #175, #564, .T. ) ;
#2178 = ADVANCED_FACE ( 'NONE', ( #1953 ), #392, .F. ) ;
#2179 = ORIENTED_EDGE ( 'NONE', *, *, #1991, .F. ) ;
#2180 = DIRECTION ( 'NONE',  ( -0.000000000000000000, 1.000000000000000000, -0.000000000000000000 ) ) ;
#2181 = ORIENTED_EDGE ( 'NONE', *, *, #2002, .F. ) ;
#2182 = DIRECTION ( 'NONE',  ( -1.398692455658434002E-16, -3.496731139146086583E-15, -1.000000000000000000 ) ) ;
#2183 = UNCERTAINTY_MEASURE_WITH_UNIT (LENGTH_MEASURE( 1.000000000000000082E-05 ), #803, 'distance_accuracy_value', 'NONE');
#2184 = DIRECTION ( 'NONE',  ( 1.349229370204242104E-16, 0.000000000000000000, 1.000000000000000000 ) ) ;
#2185 = DIRECTION ( 'NONE',  ( 1.000000000000000000, 9.485583311334247286E-17, -0.000000000000000000 ) ) ;
#2186 = ORIENTED_EDGE ( 'NONE', *, *, #1206, .F. ) ;
#2187 = FACE_OUTER_BOUND ( 'NONE', #352, .T. ) ;
#2188 = VERTEX_POINT ( 'NONE', #1611 ) ;
#2189 = DIRECTION ( 'NONE',  ( -1.156482317317871133E-15, 0.000000000000000000, 1.000000000000000000 ) ) ;
#2190 = EDGE_CURVE ( 'NONE', #1166, #1747, #126, .T. ) ;
#2191 = ORIENTED_EDGE ( 'NONE', *, *, #426, .F. ) ;
#2192 = VERTEX_POINT ( 'NONE', #1001 ) ;
#2193 = LINE ( 'NONE', #285, #601 ) ;
#2194 = DIRECTION ( 'NONE',  ( 0.000000000000000000, 0.000000000000000000, -1.000000000000000000 ) ) ;
#2195 = ORIENTED_EDGE ( 'NONE', *, *, #2267, .T. ) ;
#2196 = CARTESIAN_POINT ( 'NONE',  ( 0.6418455173563942795, 1.547357328380014385, -0.1968503937007874127 ) ) ;
#2197 = PLANE ( 'NONE',  #1763 ) ;
#2198 = AXIS2_PLACEMENT_3D ( 'NONE', #708, #1784, #1563 ) ;
#2199 = VERTEX_POINT ( 'NONE', #665 ) ;
#2200 = DIRECTION ( 'NONE',  ( 9.485583311334218937E-17, -1.000000000000000000, 2.655963327173581253E-15 ) ) ;
#2201 = AXIS2_PLACEMENT_3D ( 'NONE', #538, #2107, #1590 ) ;
#2202 = AXIS2_PLACEMENT_3D ( 'NONE', #839, #847, #1150 ) ;
#2203 = VECTOR ( 'NONE', #428, 39.37007874015748143 ) ;
#2204 = ORIENTED_EDGE ( 'NONE', *, *, #959, .T. ) ;
#2205 = AXIS2_PLACEMENT_3D ( 'NONE', #1307, #602, #1806 ) ;
#2206 = DIRECTION ( 'NONE',  ( 1.000000000000000000, -0.000000000000000000, -1.261617073437677999E-16 ) ) ;
#2207 = VECTOR ( 'NONE', #1249, 39.37007874015748143 ) ;
#2208 = VECTOR ( 'NONE', #1802, 39.37007874015748143 ) ;
#2209 = VERTEX_POINT ( 'NONE', #447 ) ;
#2210 = EDGE_CURVE ( 'NONE', #984, #175, #386, .T. ) ;
#2211 = DIRECTION ( 'NONE',  ( -1.000000000000000000, -7.709882115452479399E-17, 1.541976423090495880E-16 ) ) ;
#2212 = CARTESIAN_POINT ( 'NONE',  ( -0.4671242763302581591, 1.563678745198027631, -0.2328503937007928015 ) ) ;
#2213 = EDGE_LOOP ( 'NONE', ( #1916, #842, #1732, #12 ) ) ;
#2214 = EDGE_CURVE ( 'NONE', #750, #1002, #1657, .T. ) ;
#2215 = LINE ( 'NONE', #2053, #1754 ) ;
#2216 = ORIENTED_EDGE ( 'NONE', *, *, #821, .F. ) ;
#2217 = FACE_BOUND ( 'NONE', #1832, .T. ) ;
#2218 = ORIENTED_EDGE ( 'NONE', *, *, #2016, .F. ) ;
#2219 =( LENGTH_UNIT ( ) NAMED_UNIT ( * ) SI_UNIT ( $, .METRE. ) );
#2220 = EDGE_LOOP ( 'NONE', ( #2179, #2105, #1848, #2054 ) ) ;
#2221 = LINE ( 'NONE', #1712, #1977 ) ;
#2222 = EDGE_CURVE ( 'NONE', #1730, #1020, #1304, .T. ) ;
#2223 = ORIENTED_EDGE ( 'NONE', *, *, #544, .T. ) ;
#2224 = CARTESIAN_POINT ( 'NONE',  ( -0.5709793756241110518, 0.2636662936672261592, -0.2328503937007938285 ) ) ;
#2225 = ORIENTED_EDGE ( 'NONE', *, *, #1099, .F. ) ;
#2226 = FACE_OUTER_BOUND ( 'NONE', #1377, .T. ) ;
#2227 = EDGE_LOOP ( 'NONE', ( #102, #482, #990, #662 ) ) ;
#2228 = LENGTH_MEASURE_WITH_UNIT ( LENGTH_MEASURE( 0.02539999999999999897 ), #2219 );
#2229 = ORIENTED_EDGE ( 'NONE', *, *, #437, .F. ) ;
#2230 = LINE ( 'NONE', #1516, #1223 ) ;
#2231 = EDGE_LOOP ( 'NONE', ( #775, #1457, #869, #271 ) ) ;
#2232 = EDGE_CURVE ( 'NONE', #1413, #2172, #346, .T. ) ;
#2233 = CARTESIAN_POINT ( 'NONE',  ( -0.5618498218562011370, 0.5067471848880356067, 0.1608503937007857432 ) ) ;
#2234 = CARTESIAN_POINT ( 'NONE',  ( 0.9645669291338578866, -0.03599999999999999728, -0.07874015748031509832 ) ) ;
#2235 = EDGE_CURVE ( 'NONE', #276, #2008, #1492, .T. ) ;
#2236 = ORIENTED_EDGE ( 'NONE', *, *, #1026, .F. ) ;
#2237 = EDGE_CURVE ( 'NONE', #1739, #573, #128, .T. ) ;
#2238 = DIRECTION ( 'NONE',  ( 0.000000000000000000, -6.123233995736766036E-17, -1.000000000000000000 ) ) ;
#2239 = AXIS2_PLACEMENT_3D ( 'NONE', #103, #1519, #326 ) ;
#2240 = ORIENTED_EDGE ( 'NONE', *, *, #448, .T. ) ;
#2241 = EDGE_CURVE ( 'NONE', #1329, #1865, #2250, .T. ) ;
#2242 = AXIS2_PLACEMENT_3D ( 'NONE', #425, #264, #987 ) ;
#2243 = CARTESIAN_POINT ( 'NONE',  ( 0.3987646261355861643, 1.467361632879823130, 0.1608503937007822182 ) ) ;
#2244 = CIRCLE ( 'NONE', #1945, 0.1181102362204724532 ) ;
#2245 = ORIENTED_EDGE ( 'NONE', *, *, #2235, .T. ) ;
#2246 = AXIS2_PLACEMENT_3D ( 'NONE', #531, #1068, #1544 ) ;
#2247 = AXIS2_PLACEMENT_3D ( 'NONE', #1490, #618, #2000 ) ;
#2248 = CARTESIAN_POINT ( 'NONE',  ( -1.082677165354331228, -0.03599999999999999728, -0.07874015748031483464 ) ) ;
#2249 = VECTOR ( 'NONE', #1741, 39.37007874015748143 ) ;
#2250 = CIRCLE ( 'NONE', #643, 0.1181102362204724532 ) ;
#2251 = LINE ( 'NONE', #508, #1476 ) ;
#2252 = FACE_OUTER_BOUND ( 'NONE', #909, .T. ) ;
#2253 = ORIENTED_EDGE ( 'NONE', *, *, #772, .T. ) ;
#2254 = CARTESIAN_POINT ( 'NONE',  ( 0.5987709120870594592, 1.416467617722656280, -0.2328503937007924407 ) ) ;
#2255 = EDGE_CURVE ( 'NONE', #846, #474, #1482, .T. ) ;
#2256 = VERTEX_POINT ( 'NONE', #655 ) ;
#2257 = CARTESIAN_POINT ( 'NONE',  ( -0.6418455173563945015, 0.2636662936672261592, -0.1968503937007874127 ) ) ;
#2258 = ADVANCED_FACE ( 'NONE', ( #257 ), #1346, .F. ) ;
#2259 = ORIENTED_EDGE ( 'NONE', *, *, #1872, .F. ) ;
#2260 = CARTESIAN_POINT ( 'NONE',  ( -0.6540871251600380853, -7.427211732774715810E-16, -0.1518503937007874560 ) ) ;
#2261 = FACE_BOUND ( 'NONE', #1936, .T. ) ;
#2262 = CARTESIAN_POINT ( 'NONE',  ( 0.6540871251600380853, 0.04499999999999965833, -0.1318503937007876603 ) ) ;
#2263 = ORIENTED_EDGE ( 'NONE', *, *, #1497, .F. ) ;
#2264 = CARTESIAN_POINT ( 'NONE',  ( 0.6540871251600381964, -0.03600000000000070505, -0.1318503937007873827 ) ) ;
#2265 = ORIENTED_EDGE ( 'NONE', *, *, #249, .F. ) ;
#2266 = CARTESIAN_POINT ( 'NONE',  ( 0.8858267716535432879, 0.04499999999999982486, -0.1968503937007877180 ) ) ;
#2267 = EDGE_CURVE ( 'NONE', #1164, #240, #1800, .T. ) ;
#2268 = ORIENTED_EDGE ( 'NONE', *, *, #864, .F. ) ;
#2269 = ADVANCED_FACE ( 'NONE', ( #991 ), #1871, .T. ) ;
ENDSEC;
END-ISO-10303-21;
