ISO-10303-21;
HEADER;
FILE_DESCRIPTION (( 'STEP AP214' ),
    '1' );
FILE_NAME ('Interface Plate.STEP',
    '2026-08-08T15:57:51',
    ( '' ),
    ( '' ),
    'SwSTEP 2.0',
    'SolidWorks 2026',
    '' );
FILE_SCHEMA (( 'AUTOMOTIVE_DESIGN' ));
ENDSEC;

DATA;
#1 = EDGE_LOOP ( 'NONE', ( #136, #3209 ) ) ;
#2 = CARTESIAN_POINT ( 'NONE',  ( 61.91250000000002274, 1.498599999999999710, 120.6500000000000625 ) ) ;
#3 = DIRECTION ( 'NONE',  ( 0.000000000000000000, 0.000000000000000000, 1.000000000000000000 ) ) ;
#4 = DIRECTION ( 'NONE',  ( -0.000000000000000000, 1.000000000000000000, -0.000000000000000000 ) ) ;
#5 = AXIS2_PLACEMENT_3D ( 'NONE', #2851, #1598, #92 ) ;
#6 = EDGE_LOOP ( 'NONE', ( #142, #3080 ) ) ;
#7 = DIRECTION ( 'NONE',  ( 0.000000000000000000, 0.000000000000000000, 1.000000000000000000 ) ) ;
#8 = EDGE_CURVE ( 'NONE', #2441, #2728, #2233, .T. ) ;
#9 = EDGE_CURVE ( 'NONE', #1115, #1834, #2597, .T. ) ;
#10 = AXIS2_PLACEMENT_3D ( 'NONE', #1820, #3092, #1102 ) ;
#11 = DIRECTION ( 'NONE',  ( 0.000000000000000000, 0.000000000000000000, 1.000000000000000000 ) ) ;
#12 = ORIENTED_EDGE ( 'NONE', *, *, #3144, .T. ) ;
#13 = AXIS2_PLACEMENT_3D ( 'NONE', #2068, #794, #817 ) ;
#14 = CIRCLE ( 'NONE', #2543, 1.700000000000000178 ) ;
#15 = EDGE_CURVE ( 'NONE', #406, #2351, #330, .T. ) ;
#16 = VECTOR ( 'NONE', #2480, 1000.000000000000000 ) ;
#17 = CIRCLE ( 'NONE', #1817, 1.700000000000007061 ) ;
#18 = CARTESIAN_POINT ( 'NONE',  ( 46.45000000000001705, 1.498599999999999932, -123.1900000000000404 ) ) ;
#19 = DIRECTION ( 'NONE',  ( 0.000000000000000000, 0.000000000000000000, 1.000000000000000000 ) ) ;
#20 = AXIS2_PLACEMENT_3D ( 'NONE', #494, #743, #1772 ) ;
#21 = CIRCLE ( 'NONE', #1443, 1.898650000000001725 ) ;
#22 = AXIS2_PLACEMENT_3D ( 'NONE', #409, #2179, #3251 ) ;
#23 = ORIENTED_EDGE ( 'NONE', *, *, #566, .T. ) ;
#24 = DIRECTION ( 'NONE',  ( -0.000000000000000000, 1.000000000000000000, -0.000000000000000000 ) ) ;
#25 = DIRECTION ( 'NONE',  ( 0.000000000000000000, 0.000000000000000000, 1.000000000000000000 ) ) ;
#26 = CARTESIAN_POINT ( 'NONE',  ( -29.89799999999904045, 2.168404344971008868E-16, 128.7509614608546542 ) ) ;
#27 = VERTEX_POINT ( 'NONE', #2986 ) ;
#28 = VECTOR ( 'NONE', #2167, 1000.000000000000000 ) ;
#29 = CARTESIAN_POINT ( 'NONE',  ( 48.62633968473930679, 0.000000000000000000, 131.8642614608546637 ) ) ;
#30 = DIRECTION ( 'NONE',  ( -0.000000000000000000, 1.000000000000000000, -0.000000000000000000 ) ) ;
#31 = ORIENTED_EDGE ( 'NONE', *, *, #1790, .F. ) ;
#32 = ADVANCED_FACE ( 'NONE', ( #728 ), #491, .F. ) ;
#33 = DIRECTION ( 'NONE',  ( 0.000000000000000000, 0.000000000000000000, 1.000000000000000000 ) ) ;
#34 = DIRECTION ( 'NONE',  ( 0.000000000000000000, 0.000000000000000000, 1.000000000000000000 ) ) ;
#35 = DIRECTION ( 'NONE',  ( -0.000000000000000000, 1.000000000000000000, -0.000000000000000000 ) ) ;
#36 = DIRECTION ( 'NONE',  ( 0.000000000000000000, 0.000000000000000000, 1.000000000000000000 ) ) ;
#37 = DIRECTION ( 'NONE',  ( 0.000000000000000000, 0.000000000000000000, 1.000000000000000000 ) ) ;
#38 = ORIENTED_EDGE ( 'NONE', *, *, #3057, .T. ) ;
#39 = LINE ( 'NONE', #2556, #3120 ) ;
#40 = FACE_BOUND ( 'NONE', #3203, .T. ) ;
#41 = DIRECTION ( 'NONE',  ( -0.000000000000000000, 1.000000000000000000, -0.000000000000000000 ) ) ;
#42 = ORIENTED_EDGE ( 'NONE', *, *, #2457, .T. ) ;
#43 = EDGE_CURVE ( 'NONE', #2640, #1669, #1015, .T. ) ;
#44 = CARTESIAN_POINT ( 'NONE',  ( 46.45000000000001705, 4.336808689942017736E-16, 6.809999999999996945 ) ) ;
#45 = CARTESIAN_POINT ( 'NONE',  ( -77.55000000000002558, 4.336808689942017736E-16, -125.8951000000000420 ) ) ;
#46 = EDGE_CURVE ( 'NONE', #1515, #1232, #1228, .T. ) ;
#47 = FACE_OUTER_BOUND ( 'NONE', #786, .T. ) ;
#48 = CARTESIAN_POINT ( 'NONE',  ( -77.55000000000002558, 1.498599999999999932, -125.8951000000000420 ) ) ;
#49 = DIRECTION ( 'NONE',  ( -0.000000000000000000, 1.000000000000000000, -0.000000000000000000 ) ) ;
#50 = ORIENTED_EDGE ( 'NONE', *, *, #1391, .F. ) ;
#51 = EDGE_LOOP ( 'NONE', ( #749, #1594 ) ) ;
#52 = DIRECTION ( 'NONE',  ( -0.000000000000000000, 1.000000000000000000, -0.000000000000000000 ) ) ;
#53 = SURFACE_STYLE_FILL_AREA ( #1378 ) ;
#54 = DIRECTION ( 'NONE',  ( 0.000000000000000000, 0.000000000000000000, 1.000000000000000000 ) ) ;
#55 = ORIENTED_EDGE ( 'NONE', *, *, #216, .F. ) ;
#56 = VECTOR ( 'NONE', #2834, 1000.000000000000000 ) ;
#57 = CIRCLE ( 'NONE', #1343, 1.898649999999999283 ) ;
#58 = AXIS2_PLACEMENT_3D ( 'NONE', #2165, #687, #655 ) ;
#59 = DIRECTION ( 'NONE',  ( -0.000000000000000000, 1.000000000000000000, -0.000000000000000000 ) ) ;
#60 = CARTESIAN_POINT ( 'NONE',  ( -96.97771013878477220, 1.498599999999999932, -10.03685036456524315 ) ) ;
#61 = AXIS2_PLACEMENT_3D ( 'NONE', #2833, #358, #321 ) ;
#62 = AXIS2_PLACEMENT_3D ( 'NONE', #483, #257, #1266 ) ;
#63 = EDGE_CURVE ( 'NONE', #630, #3167, #1644, .T. ) ;
#64 = VECTOR ( 'NONE', #1527, 1000.000000000000000 ) ;
#65 = CARTESIAN_POINT ( 'NONE',  ( -90.97771013878475799, 1.498599999999999932, 92.37875789685847394 ) ) ;
#66 = AXIS2_PLACEMENT_3D ( 'NONE', #2049, #81, #1035 ) ;
#67 = CARTESIAN_POINT ( 'NONE',  ( -95.24999999999994316, 1.498599999999999710, 1.898650000000001725 ) ) ;
#68 = DIRECTION ( 'NONE',  ( 0.000000000000000000, 0.000000000000000000, 1.000000000000000000 ) ) ;
#69 = CIRCLE ( 'NONE', #1659, 2.705100000000002058 ) ;
#70 = EDGE_CURVE ( 'NONE', #579, #1896, #113, .T. ) ;
#71 = VERTEX_POINT ( 'NONE', #2510 ) ;
#72 = ADVANCED_FACE ( 'NONE', ( #1222 ), #3232, .F. ) ;
#73 = ORIENTED_EDGE ( 'NONE', *, *, #1573, .F. ) ;
#74 = DIRECTION ( 'NONE',  ( -0.000000000000000000, 1.000000000000000000, -0.000000000000000000 ) ) ;
#75 = DIRECTION ( 'NONE',  ( 0.000000000000000000, 0.000000000000000000, 1.000000000000000000 ) ) ;
#76 = AXIS2_PLACEMENT_3D ( 'NONE', #2450, #189, #1215 ) ;
#77 = FACE_OUTER_BOUND ( 'NONE', #2729, .T. ) ;
#78 = VERTEX_POINT ( 'NONE', #1746 ) ;
#79 = ORIENTED_EDGE ( 'NONE', *, *, #1212, .T. ) ;
#80 = ORIENTED_EDGE ( 'NONE', *, *, #2697, .T. ) ;
#81 = DIRECTION ( 'NONE',  ( -0.000000000000000000, 1.000000000000000000, -0.000000000000000000 ) ) ;
#82 = DIRECTION ( 'NONE',  ( -0.000000000000000000, 1.000000000000000000, -0.000000000000000000 ) ) ;
#83 = DIRECTION ( 'NONE',  ( -0.000000000000000000, 1.000000000000000000, -0.000000000000000000 ) ) ;
#84 = DIRECTION ( 'NONE',  ( -0.000000000000000000, 1.000000000000000000, -0.000000000000000000 ) ) ;
#85 = ADVANCED_FACE ( 'NONE', ( #755 ), #526, .F. ) ;
#86 = VERTEX_POINT ( 'NONE', #2271 ) ;
#87 = ORIENTED_EDGE ( 'NONE', *, *, #2048, .F. ) ;
#88 = DIRECTION ( 'NONE',  ( -0.000000000000000000, 1.000000000000000000, -0.000000000000000000 ) ) ;
#89 = CARTESIAN_POINT ( 'NONE',  ( -19.72299999999723141, 2.168404344971008868E-16, 127.0509614608546514 ) ) ;
#90 = EDGE_CURVE ( 'NONE', #2103, #2640, #2776, .T. ) ;
#91 = EDGE_CURVE ( 'NONE', #1274, #1076, #1381, .T. ) ;
#92 = DIRECTION ( 'NONE',  ( 0.000000000000000000, 0.000000000000000000, -1.000000000000000000 ) ) ;
#93 = DIRECTION ( 'NONE',  ( 0.000000000000000000, 0.000000000000000000, 1.000000000000000000 ) ) ;
#94 = EDGE_LOOP ( 'NONE', ( #109, #1880 ) ) ;
#95 = VERTEX_POINT ( 'NONE', #2822 ) ;
#96 = ORIENTED_EDGE ( 'NONE', *, *, #1385, .F. ) ;
#97 = CARTESIAN_POINT ( 'NONE',  ( -96.97771013878477220, 1.498599999999999932, -10.03685036456524315 ) ) ;
#98 = CYLINDRICAL_SURFACE ( 'NONE', #2396, 1.699999999999993072 ) ;
#99 = CARTESIAN_POINT ( 'NONE',  ( -95.24999999999997158, 1.498599999999999932, 120.6500000000000057 ) ) ;
#100 = DIRECTION ( 'NONE',  ( 1.000000000000000000, 0.000000000000000000, 0.000000000000000000 ) ) ;
#101 = VERTEX_POINT ( 'NONE', #2870 ) ;
#102 = ORIENTED_EDGE ( 'NONE', *, *, #521, .F. ) ;
#103 = CARTESIAN_POINT ( 'NONE',  ( 38.99613371784823812, 1.498599999999999932, 39.21048641432279425 ) ) ;
#104 = PRODUCT_DEFINITION ( 'UNKNOWN', '', #1491, #1442 ) ;
#105 = CYLINDRICAL_SURFACE ( 'NONE', #444, 1.700000000000000178 ) ;
#106 = VERTEX_POINT ( 'NONE', #1861 ) ;
#107 = EDGE_CURVE ( 'NONE', #2157, #676, #2289, .T. ) ;
#108 = EDGE_CURVE ( 'NONE', #1804, #2103, #1809, .T. ) ;
#109 = ORIENTED_EDGE ( 'NONE', *, *, #2589, .F. ) ;
#110 = CIRCLE ( 'NONE', #1700, 1.898650000000001725 ) ;
#111 = EDGE_CURVE ( 'NONE', #1818, #2754, #1116, .T. ) ;
#112 = CARTESIAN_POINT ( 'NONE',  ( 4.163336342344337027E-14, 2.168404344971008868E-16, 2.775557561562891351E-14 ) ) ;
#113 = CIRCLE ( 'NONE', #596, 1.700000000000000178 ) ;
#114 = AXIS2_PLACEMENT_3D ( 'NONE', #435, #3210, #1167 ) ;
#115 = CARTESIAN_POINT ( 'NONE',  ( 43.23877440496806912, 2.168404344971008868E-16, 34.96784572720404327 ) ) ;
#116 = CARTESIAN_POINT ( 'NONE',  ( 95.25000000000005684, 1.498599999999999710, -79.37500000000002842 ) ) ;
#117 = CIRCLE ( 'NONE', #1970, 1.700000000000000178 ) ;
#118 = VECTOR ( 'NONE', #1778, 1000.000000000000000 ) ;
#119 = AXIS2_PLACEMENT_3D ( 'NONE', #1324, #1587, #1297 ) ;
#120 = ORIENTED_EDGE ( 'NONE', *, *, #1775, .T. ) ;
#121 = CARTESIAN_POINT ( 'NONE',  ( 43.30665665595521574, 1.498599999999999932, 107.5974531664061828 ) ) ;
#122 = DIRECTION ( 'NONE',  ( -0.000000000000000000, 1.000000000000000000, -0.000000000000000000 ) ) ;
#123 = CIRCLE ( 'NONE', #1389, 1.898650000000001725 ) ;
#124 = LINE ( 'NONE', #1614, #1194 ) ;
#125 = FACE_BOUND ( 'NONE', #2528, .T. ) ;
#126 = AXIS2_PLACEMENT_3D ( 'NONE', #1354, #41, #2621 ) ;
#127 = ORIENTED_EDGE ( 'NONE', *, *, #2595, .F. ) ;
#128 = EDGE_CURVE ( 'NONE', #2040, #2631, #1488, .T. ) ;
#129 = EDGE_CURVE ( 'NONE', #710, #2669, #313, .T. ) ;
#130 = VERTEX_POINT ( 'NONE', #2088 ) ;
#131 = FACE_OUTER_BOUND ( 'NONE', #991, .T. ) ;
#132 = ADVANCED_FACE ( 'NONE', ( #542 ), #2104, .F. ) ;
#133 = CARTESIAN_POINT ( 'NONE',  ( 43.30665665595521574, 1.498599999999999932, 105.8974531664061800 ) ) ;
#134 = FACE_OUTER_BOUND ( 'NONE', #2835, .T. ) ;
#135 = EDGE_LOOP ( 'NONE', ( #541, #1534, #2468, #3116 ) ) ;
#136 = ORIENTED_EDGE ( 'NONE', *, *, #1108, .F. ) ;
#137 = CARTESIAN_POINT ( 'NONE',  ( 61.91250000000002274, 2.168404344971008868E-16, 120.6500000000000625 ) ) ;
#138 = CARTESIAN_POINT ( 'NONE',  ( 38.99613371784823812, 2.168404344971008868E-16, 37.51048641432279140 ) ) ;
#139 = DIRECTION ( 'NONE',  ( 0.000000000000000000, 0.000000000000000000, 1.000000000000000000 ) ) ;
#140 = FACE_BOUND ( 'NONE', #2334, .T. ) ;
#141 = ORIENTED_EDGE ( 'NONE', *, *, #1689, .T. ) ;
#142 = ORIENTED_EDGE ( 'NONE', *, *, #1715, .F. ) ;
#143 = VERTEX_POINT ( 'NONE', #1596 ) ;
#144 = ORIENTED_EDGE ( 'NONE', *, *, #2531, .F. ) ;
#145 = CARTESIAN_POINT ( 'NONE',  ( 50.21383968473930537, -151.9508708292634367, 127.0000000000000284 ) ) ;
#146 = EDGE_CURVE ( 'NONE', #1478, #78, #1649, .T. ) ;
#147 = DIRECTION ( 'NONE',  ( -0.000000000000000000, 1.000000000000000000, -0.000000000000000000 ) ) ;
#148 = EDGE_CURVE ( 'NONE', #2791, #2710, #363, .T. ) ;
#149 = CARTESIAN_POINT ( 'NONE',  ( 50.21383968473930537, 1.498599999999999932, 131.8642614608546637 ) ) ;
#150 = ORIENTED_EDGE ( 'NONE', *, *, #107, .T. ) ;
#151 = EDGE_LOOP ( 'NONE', ( #1538, #42 ) ) ;
#152 = DIRECTION ( 'NONE',  ( -0.000000000000000000, 1.000000000000000000, -0.000000000000000000 ) ) ;
#153 = CARTESIAN_POINT ( 'NONE',  ( 61.91250000000003695, 2.168404344971008868E-16, -79.37499999999997158 ) ) ;
#154 = DIRECTION ( 'NONE',  ( -0.000000000000000000, 1.000000000000000000, -0.000000000000000000 ) ) ;
#155 = LINE ( 'NONE', #1141, #28 ) ;
#156 = FACE_BOUND ( 'NONE', #693, .T. ) ;
#157 = ORIENTED_EDGE ( 'NONE', *, *, #3141, .T. ) ;
#158 = EDGE_LOOP ( 'NONE', ( #1851, #265, #2277, #2284 ) ) ;
#159 = ORIENTED_EDGE ( 'NONE', *, *, #3053, .T. ) ;
#160 = ORIENTED_EDGE ( 'NONE', *, *, #366, .F. ) ;
#161 = DIRECTION ( 'NONE',  ( 0.000000000000000000, 0.000000000000000000, -1.000000000000000000 ) ) ;
#162 = AXIS2_PLACEMENT_3D ( 'NONE', #2773, #2015, #2787 ) ;
#163 = CARTESIAN_POINT ( 'NONE',  ( -80.89799999999823399, 2.168404344971008868E-16, 46.35096146085461299 ) ) ;
#164 = DIRECTION ( 'NONE',  ( 0.000000000000000000, 0.000000000000000000, 1.000000000000000000 ) ) ;
#165 = CYLINDRICAL_SURFACE ( 'NONE', #2609, 1.700000000000000178 ) ;
#166 = EDGE_CURVE ( 'NONE', #1572, #3107, #700, .T. ) ;
#167 = ORIENTED_EDGE ( 'NONE', *, *, #2951, .F. ) ;
#168 = ORIENTED_EDGE ( 'NONE', *, *, #273, .F. ) ;
#169 = CIRCLE ( 'NONE', #2967, 2.110000000000000764 ) ;
#170 = LINE ( 'NONE', #2177, #171 ) ;
#171 = VECTOR ( 'NONE', #889, 1000.000000000000000 ) ;
#172 = DIRECTION ( 'NONE',  ( 0.000000000000000000, 0.000000000000000000, 1.000000000000000000 ) ) ;
#173 = CARTESIAN_POINT ( 'NONE',  ( 41.26191796937727219, 1.498599999999999932, 20.40330310867499719 ) ) ;
#174 = CYLINDRICAL_SURFACE ( 'NONE', #3224, 1.699999999999993072 ) ;
#175 = CIRCLE ( 'NONE', #2295, 1.700000000000007061 ) ;
#176 = CIRCLE ( 'NONE', #808, 1.898650000000001725 ) ;
#177 = EDGE_CURVE ( 'NONE', #3185, #180, #2443, .T. ) ;
#178 = FACE_BOUND ( 'NONE', #1, .T. ) ;
#179 = ORIENTED_EDGE ( 'NONE', *, *, #2536, .F. ) ;
#180 = VERTEX_POINT ( 'NONE', #2585 ) ;
#181 = AXIS2_PLACEMENT_3D ( 'NONE', #1990, #2493, #213 ) ;
#182 = CIRCLE ( 'NONE', #1240, 1.699999999999993072 ) ;
#183 = AXIS2_PLACEMENT_3D ( 'NONE', #1292, #978, #2306 ) ;
#184 = EDGE_LOOP ( 'NONE', ( #2376, #908, #2399, #3026 ) ) ;
#185 = ORIENTED_EDGE ( 'NONE', *, *, #2222, .T. ) ;
#186 = AXIS2_PLACEMENT_3D ( 'NONE', #3226, #970, #1985 ) ;
#187 = CARTESIAN_POINT ( 'NONE',  ( 2.775557561562891351E-14, 1.498599999999999932, 120.6500000000000199 ) ) ;
#188 = DIRECTION ( 'NONE',  ( -0.000000000000000000, -1.000000000000000000, -0.000000000000000000 ) ) ;
#189 = DIRECTION ( 'NONE',  ( -0.000000000000000000, 1.000000000000000000, -0.000000000000000000 ) ) ;
#190 = ORIENTED_EDGE ( 'NONE', *, *, #838, .F. ) ;
#191 = ORIENTED_EDGE ( 'NONE', *, *, #2001, .F. ) ;
#192 = DIRECTION ( 'NONE',  ( -0.000000000000000000, 1.000000000000000000, -0.000000000000000000 ) ) ;
#193 = CARTESIAN_POINT ( 'NONE',  ( -19.72299999999723141, 1.498599999999999932, 127.0509614608546514 ) ) ;
#194 = EDGE_CURVE ( 'NONE', #1825, #453, #39, .T. ) ;
#195 = DIRECTION ( 'NONE',  ( -0.000000000000000000, -1.000000000000000000, -0.000000000000000000 ) ) ;
#196 = DIRECTION ( 'NONE',  ( -0.000000000000000000, 1.000000000000000000, -0.000000000000000000 ) ) ;
#197 = ORIENTED_EDGE ( 'NONE', *, *, #129, .F. ) ;
#198 = EDGE_CURVE ( 'NONE', #78, #1478, #862, .T. ) ;
#199 = VERTEX_POINT ( 'NONE', #611 ) ;
#200 = ORIENTED_EDGE ( 'NONE', *, *, #1623, .T. ) ;
#201 = CARTESIAN_POINT ( 'NONE',  ( -19.72299999999723141, 1.498599999999999932, 49.75096146085460447 ) ) ;
#202 = CARTESIAN_POINT ( 'NONE',  ( -6.738082030622740248, 2.168404344971008868E-16, 24.62330310867499961 ) ) ;
#203 = EDGE_LOOP ( 'NONE', ( #1286, #843 ) ) ;
#204 = ORIENTED_EDGE ( 'NONE', *, *, #1126, .F. ) ;
#205 = DIRECTION ( 'NONE',  ( 0.000000000000000000, 0.000000000000000000, 1.000000000000000000 ) ) ;
#206 = DIRECTION ( 'NONE',  ( 0.000000000000000000, 0.000000000000000000, 1.000000000000000000 ) ) ;
#207 = PLANE ( 'NONE',  #502 ) ;
#208 = CARTESIAN_POINT ( 'NONE',  ( 51.80133968473930395, 1.498599999999999932, 127.0000000000000000 ) ) ;
#209 = ORIENTED_EDGE ( 'NONE', *, *, #726, .F. ) ;
#210 = ORIENTED_EDGE ( 'NONE', *, *, #1109, .T. ) ;
#211 = CARTESIAN_POINT ( 'NONE',  ( -19.72299999999723141, 1.498599999999999932, 48.05096146085460873 ) ) ;
#212 = ADVANCED_FACE ( 'NONE', ( #2836 ), #823, .F. ) ;
#213 = DIRECTION ( 'NONE',  ( 0.000000000000000000, 0.000000000000000000, 1.000000000000000000 ) ) ;
#214 = ORIENTED_EDGE ( 'NONE', *, *, #3041, .T. ) ;
#215 = ORIENTED_EDGE ( 'NONE', *, *, #2999, .T. ) ;
#216 = EDGE_CURVE ( 'NONE', #2919, #1633, #2866, .T. ) ;
#217 = DIRECTION ( 'NONE',  ( -0.000000000000000000, 1.000000000000000000, -0.000000000000000000 ) ) ;
#218 = CARTESIAN_POINT ( 'NONE',  ( 68.27568817180886640, 1.498599999999999932, -99.86122929887800126 ) ) ;
#219 = ORIENTED_EDGE ( 'NONE', *, *, #8, .F. ) ;
#220 = LINE ( 'NONE', #2723, #1919 ) ;
#221 = CIRCLE ( 'NONE', #2756, 1.898650000000001725 ) ;
#222 = CARTESIAN_POINT ( 'NONE',  ( -77.55000000000002558, 4.336808689942017736E-16, 4.104899999999994442 ) ) ;
#223 = CARTESIAN_POINT ( 'NONE',  ( -95.24999999999994316, 2.168404344971008868E-16, -120.6499999999999773 ) ) ;
#224 = CARTESIAN_POINT ( 'NONE',  ( -96.97771013878477220, 1.498599999999999932, 94.07875789685846257 ) ) ;
#225 = VECTOR ( 'NONE', #414, 1000.000000000000000 ) ;
#226 = AXIS2_PLACEMENT_3D ( 'NONE', #3196, #152, #1413 ) ;
#227 = ORIENTED_EDGE ( 'NONE', *, *, #3244, .T. ) ;
#228 = VERTEX_POINT ( 'NONE', #1090 ) ;
#229 = FACE_BOUND ( 'NONE', #2883, .T. ) ;
#230 = CIRCLE ( 'NONE', #3016, 1.898650000000001725 ) ;
#231 = CIRCLE ( 'NONE', #2497, 1.699999999999993072 ) ;
#232 = DIRECTION ( 'NONE',  ( 1.000000000000000000, -0.000000000000000000, -0.000000000000000000 ) ) ;
#233 = VERTEX_POINT ( 'NONE', #3061 ) ;
#234 = AXIS2_PLACEMENT_3D ( 'NONE', #792, #2794, #1806 ) ;
#235 = ORIENTED_EDGE ( 'NONE', *, *, #381, .T. ) ;
#236 = AXIS2_PLACEMENT_3D ( 'NONE', #2337, #830, #290 ) ;
#237 = EDGE_CURVE ( 'NONE', #2784, #2270, #14, .T. ) ;
#238 = AXIS2_PLACEMENT_3D ( 'NONE', #1508, #3013, #1482 ) ;
#239 = AXIS2_PLACEMENT_3D ( 'NONE', #3049, #1043, #492 ) ;
#240 = AXIS2_PLACEMENT_3D ( 'NONE', #2766, #3133, #2380 ) ;
#241 = FACE_OUTER_BOUND ( 'NONE', #2477, .T. ) ;
#242 = CARTESIAN_POINT ( 'NONE',  ( -28.50556479709977253, 2.168404344971008868E-16, 30.43818736271291314 ) ) ;
#243 = EDGE_CURVE ( 'NONE', #106, #2057, #837, .T. ) ;
#244 = CARTESIAN_POINT ( 'NONE',  ( -95.24999999999994316, 1.498599999999999932, 0.000000000000000000 ) ) ;
#245 = ORIENTED_EDGE ( 'NONE', *, *, #3205, .T. ) ;
#246 = DIRECTION ( 'NONE',  ( 0.000000000000000000, 0.000000000000000000, 1.000000000000000000 ) ) ;
#247 = CARTESIAN_POINT ( 'NONE',  ( 43.23877440496806912, 1.498599999999999932, 33.26784572720404753 ) ) ;
#248 = CARTESIAN_POINT ( 'NONE',  ( 31.27700000000278990, 2.168404344971008868E-16, 127.0509614608546514 ) ) ;
#249 = ORIENTED_EDGE ( 'NONE', *, *, #1779, .T. ) ;
#250 = ORIENTED_EDGE ( 'NONE', *, *, #2474, .F. ) ;
#251 = DIRECTION ( 'NONE',  ( 0.000000000000000000, 0.000000000000000000, 1.000000000000000000 ) ) ;
#252 = ORIENTED_EDGE ( 'NONE', *, *, #2881, .T. ) ;
#253 = EDGE_CURVE ( 'NONE', #2157, #2482, #2910, .T. ) ;
#254 = CARTESIAN_POINT ( 'NONE',  ( 101.6000000000000085, 1.498599999999999932, -128.5875000000000909 ) ) ;
#255 = CARTESIAN_POINT ( 'NONE',  ( -6.738082030622740248, 1.498599999999999932, 24.62330310867499961 ) ) ;
#256 = VERTEX_POINT ( 'NONE', #1425 ) ;
#257 = DIRECTION ( 'NONE',  ( 1.365923996832131856E-16, -0.000000000000000000, 1.000000000000000000 ) ) ;
#258 = CARTESIAN_POINT ( 'NONE',  ( -29.89799999999904045, 2.168404344971008868E-16, 48.05096146085460873 ) ) ;
#259 = DIRECTION ( 'NONE',  ( -0.000000000000000000, 1.000000000000000000, -0.000000000000000000 ) ) ;
#260 = ADVANCED_FACE ( 'NONE', ( #1139 ), #921, .F. ) ;
#261 = ORIENTED_EDGE ( 'NONE', *, *, #1486, .F. ) ;
#262 = CARTESIAN_POINT ( 'NONE',  ( 4.186588098796347751E-14, 1.498599999999999932, -1.898649999999971083 ) ) ;
#263 = FACE_BOUND ( 'NONE', #266, .T. ) ;
#264 = CYLINDRICAL_SURFACE ( 'NONE', #181, 2.705100000000002058 ) ;
#265 = ORIENTED_EDGE ( 'NONE', *, *, #304, .F. ) ;
#266 = EDGE_LOOP ( 'NONE', ( #2150, #2274 ) ) ;
#267 = CYLINDRICAL_SURFACE ( 'NONE', #2090, 2.705100000000002058 ) ;
#268 = CARTESIAN_POINT ( 'NONE',  ( 4.186588098796347751E-14, 2.168404344971008868E-16, -1.898649999999971527 ) ) ;
#269 = ORIENTED_EDGE ( 'NONE', *, *, #962, .T. ) ;
#270 = CARTESIAN_POINT ( 'NONE',  ( -6.738082030622740248, 1.498599999999999932, 20.40330310867499719 ) ) ;
#271 = LINE ( 'NONE', #3264, #337 ) ;
#272 = ADVANCED_FACE ( 'NONE', ( #2647 ), #407, .F. ) ;
#273 = EDGE_CURVE ( 'NONE', #1572, #2574, #170, .T. ) ;
#274 = DIRECTION ( 'NONE',  ( -0.000000000000000000, 1.000000000000000000, -0.000000000000000000 ) ) ;
#275 = AXIS2_PLACEMENT_3D ( 'NONE', #2458, #1986, #2983 ) ;
#276 = ORIENTED_EDGE ( 'NONE', *, *, #2280, .F. ) ;
#277 = ORIENTED_EDGE ( 'NONE', *, *, #111, .T. ) ;
#278 = AXIS2_PLACEMENT_3D ( 'NONE', #1021, #1467, #2473 ) ;
#279 = FACE_BOUND ( 'NONE', #822, .T. ) ;
#280 = EDGE_CURVE ( 'NONE', #2754, #2722, #1435, .T. ) ;
#281 = EDGE_CURVE ( 'NONE', #990, #2857, #2133, .T. ) ;
#282 = VECTOR ( 'NONE', #2211, 1000.000000000000000 ) ;
#283 = LINE ( 'NONE', #3000, #1826 ) ;
#284 = ORIENTED_EDGE ( 'NONE', *, *, #3267, .T. ) ;
#285 = ORIENTED_EDGE ( 'NONE', *, *, #3261, .T. ) ;
#286 = AXIS2_PLACEMENT_3D ( 'NONE', #1543, #2360, #296 ) ;
#287 = VECTOR ( 'NONE', #2518, 1000.000000000000000 ) ;
#288 = CIRCLE ( 'NONE', #2348, 2.110000000000000764 ) ;
#289 = AXIS2_PLACEMENT_3D ( 'NONE', #480, #3206, #1489 ) ;
#290 = DIRECTION ( 'NONE',  ( 0.000000000000000000, 0.000000000000000000, 1.000000000000000000 ) ) ;
#291 = DIRECTION ( 'NONE',  ( 0.000000000000000000, 0.000000000000000000, 1.000000000000000000 ) ) ;
#292 = VECTOR ( 'NONE', #1829, 1000.000000000000000 ) ;
#293 = CYLINDRICAL_SURFACE ( 'NONE', #1661, 1.898650000000001725 ) ;
#294 = AXIS2_PLACEMENT_3D ( 'NONE', #418, #1183, #2225 ) ;
#295 = DIRECTION ( 'NONE',  ( -0.000000000000000000, 1.000000000000000000, -0.000000000000000000 ) ) ;
#296 = DIRECTION ( 'NONE',  ( 0.000000000000000000, 0.000000000000000000, 1.000000000000000000 ) ) ;
#297 = LINE ( 'NONE', #1566, #56 ) ;
#298 = ORIENTED_EDGE ( 'NONE', *, *, #2204, .T. ) ;
#299 = ORIENTED_EDGE ( 'NONE', *, *, #2921, .T. ) ;
#300 = CARTESIAN_POINT ( 'NONE',  ( 31.27700000000278990, 2.168404344971008868E-16, 48.05096146085460873 ) ) ;
#301 = FACE_BOUND ( 'NONE', #1094, .T. ) ;
#302 = CARTESIAN_POINT ( 'NONE',  ( -101.5999999999999801, 0.000000000000000000, -128.5875000000000341 ) ) ;
#303 = ORIENTED_EDGE ( 'NONE', *, *, #2908, .F. ) ;
#304 = EDGE_CURVE ( 'NONE', #2023, #588, #1332, .T. ) ;
#305 = EDGE_CURVE ( 'NONE', #1371, #1846, #489, .T. ) ;
#306 = DIRECTION ( 'NONE',  ( 0.000000000000000000, 0.000000000000000000, 1.000000000000000000 ) ) ;
#307 = DIRECTION ( 'NONE',  ( -0.000000000000000000, 1.000000000000000000, -0.000000000000000000 ) ) ;
#308 = LINE ( 'NONE', #1313, #1653 ) ;
#309 = LINE ( 'NONE', #2374, #860 ) ;
#310 = LINE ( 'NONE', #2281, #1643 ) ;
#311 = ORIENTED_EDGE ( 'NONE', *, *, #3037, .T. ) ;
#312 = ORIENTED_EDGE ( 'NONE', *, *, #2246, .T. ) ;
#313 = LINE ( 'NONE', #801, #486 ) ;
#314 = CARTESIAN_POINT ( 'NONE',  ( -28.50556479709977253, 1.498599999999999932, 38.13818736271291243 ) ) ;
#315 = CARTESIAN_POINT ( 'NONE',  ( -96.97771013878477220, 1.498599999999999932, 92.37875789685847394 ) ) ;
#316 = ORIENTED_EDGE ( 'NONE', *, *, #2977, .F. ) ;
#317 = CARTESIAN_POINT ( 'NONE',  ( 61.91250000000003695, 2.168404344971008868E-16, -79.37499999999997158 ) ) ;
#318 = DIRECTION ( 'NONE',  ( -0.000000000000000000, 1.000000000000000000, -0.000000000000000000 ) ) ;
#319 = ADVANCED_FACE ( 'NONE', ( #2152 ), #1663, .F. ) ;
#320 = CARTESIAN_POINT ( 'NONE',  ( -90.97771013878475799, 1.498599999999999932, -10.03685036456524315 ) ) ;
#321 = DIRECTION ( 'NONE',  ( 0.000000000000000000, 0.000000000000000000, 1.000000000000000000 ) ) ;
#322 = VERTEX_POINT ( 'NONE', #636 ) ;
#323 = VERTEX_POINT ( 'NONE', #2435 ) ;
#324 = CARTESIAN_POINT ( 'NONE',  ( 43.23877440496806912, 1.498599999999999932, 34.96784572720404327 ) ) ;
#325 = FACE_OUTER_BOUND ( 'NONE', #701, .T. ) ;
#326 = DIRECTION ( 'NONE',  ( 0.000000000000000000, 0.000000000000000000, 1.000000000000000000 ) ) ;
#327 = ORIENTED_EDGE ( 'NONE', *, *, #2738, .T. ) ;
#328 = ORIENTED_EDGE ( 'NONE', *, *, #2922, .F. ) ;
#329 = AXIS2_PLACEMENT_3D ( 'NONE', #2200, #2963, #940 ) ;
#330 = CIRCLE ( 'NONE', #2025, 1.699999999999993072 ) ;
#331 = AXIS2_PLACEMENT_3D ( 'NONE', #314, #1821, #1330 ) ;
#332 = ORIENTED_EDGE ( 'NONE', *, *, #858, .T. ) ;
#333 = AXIS2_PLACEMENT_3D ( 'NONE', #1549, #1071, #2849 ) ;
#334 = CYLINDRICAL_SURFACE ( 'NONE', #119, 2.705100000000002058 ) ;
#335 = EDGE_CURVE ( 'NONE', #1921, #1115, #2671, .T. ) ;
#336 = DIRECTION ( 'NONE',  ( 0.000000000000000000, 0.000000000000000000, 1.000000000000000000 ) ) ;
#337 = VECTOR ( 'NONE', #784, 1000.000000000000000 ) ;
#338 = AXIS2_PLACEMENT_3D ( 'NONE', #3121, #869, #1876 ) ;
#339 = CARTESIAN_POINT ( 'NONE',  ( -90.97771013878475799, 1.498599999999999932, -8.336850364565249194 ) ) ;
#340 = CIRCLE ( 'NONE', #2604, 1.898650000000001725 ) ;
#341 = EDGE_CURVE ( 'NONE', #519, #376, #2392, .T. ) ;
#342 = EDGE_CURVE ( 'NONE', #2842, #979, #1125, .T. ) ;
#343 = DIRECTION ( 'NONE',  ( 0.000000000000000000, 0.000000000000000000, 1.000000000000000000 ) ) ;
#344 = VECTOR ( 'NONE', #2987, 1000.000000000000000 ) ;
#345 = AXIS2_PLACEMENT_3D ( 'NONE', #1352, #824, #75 ) ;
#346 = ORIENTED_EDGE ( 'NONE', *, *, #2636, .F. ) ;
#347 = ORIENTED_EDGE ( 'NONE', *, *, #3154, .T. ) ;
#348 = DIRECTION ( 'NONE',  ( -0.000000000000000000, 1.000000000000000000, -0.000000000000000000 ) ) ;
#349 = CYLINDRICAL_SURFACE ( 'NONE', #345, 2.110000000000000764 ) ;
#350 = CIRCLE ( 'NONE', #766, 2.705100000000002058 ) ;
#351 = CARTESIAN_POINT ( 'NONE',  ( 43.30665665595521574, 1.498599999999999932, 105.8974531664061800 ) ) ;
#352 = DIRECTION ( 'NONE',  ( 0.000000000000000000, 0.000000000000000000, 1.000000000000000000 ) ) ;
#353 = EDGE_LOOP ( 'NONE', ( #1524, #1803 ) ) ;
#354 = ORIENTED_EDGE ( 'NONE', *, *, #1629, .T. ) ;
#355 = EDGE_LOOP ( 'NONE', ( #692, #261, #1430, #610 ) ) ;
#356 = CYLINDRICAL_SURFACE ( 'NONE', #3188, 1.898650000000001725 ) ;
#357 = FACE_OUTER_BOUND ( 'NONE', #2508, .T. ) ;
#358 = DIRECTION ( 'NONE',  ( -0.000000000000000000, 1.000000000000000000, -0.000000000000000000 ) ) ;
#359 = EDGE_CURVE ( 'NONE', #2131, #2601, #1544, .T. ) ;
#360 = ADVANCED_FACE ( 'NONE', ( #2454 ), #1882, .F. ) ;
#361 = UNCERTAINTY_MEASURE_WITH_UNIT (LENGTH_MEASURE( 1.000000000000000082E-05 ), #2375, 'distance_accuracy_value', 'NONE');
#362 = ORIENTED_EDGE ( 'NONE', *, *, #3079, .T. ) ;
#363 = LINE ( 'NONE', #3108, #2293 ) ;
#364 = DIRECTION ( 'NONE',  ( 0.000000000000000000, -0.000000000000000000, 1.000000000000000000 ) ) ;
#365 = DIRECTION ( 'NONE',  ( 0.000000000000000000, 0.000000000000000000, 1.000000000000000000 ) ) ;
#366 = EDGE_CURVE ( 'NONE', #1371, #2434, #671, .T. ) ;
#367 = EDGE_CURVE ( 'NONE', #2893, #3051, #3229, .T. ) ;
#368 = CARTESIAN_POINT ( 'NONE',  ( -77.55000000000002558, 4.336808689942017736E-16, 6.809999999999996945 ) ) ;
#369 = ORIENTED_EDGE ( 'NONE', *, *, #2020, .T. ) ;
#370 = ORIENTED_EDGE ( 'NONE', *, *, #2397, .T. ) ;
#371 = VERTEX_POINT ( 'NONE', #937 ) ;
#372 = CARTESIAN_POINT ( 'NONE',  ( -80.89799999999823399, 1.498599999999999932, 49.75096146085459736 ) ) ;
#373 = CARTESIAN_POINT ( 'NONE',  ( 38.99613371784823812, 1.498599999999999932, 39.21048641432279425 ) ) ;
#374 = DIRECTION ( 'NONE',  ( -0.000000000000000000, 1.000000000000000000, -0.000000000000000000 ) ) ;
#375 = EDGE_LOOP ( 'NONE', ( #120, #3184 ) ) ;
#376 = VERTEX_POINT ( 'NONE', #121 ) ;
#377 = DIRECTION ( 'NONE',  ( -0.000000000000000000, 1.000000000000000000, -0.000000000000000000 ) ) ;
#378 = DIRECTION ( 'NONE',  ( 0.000000000000000000, 0.000000000000000000, 1.000000000000000000 ) ) ;
#379 = FACE_BOUND ( 'NONE', #1004, .T. ) ;
#380 = ORIENTED_EDGE ( 'NONE', *, *, #2362, .F. ) ;
#381 = EDGE_CURVE ( 'NONE', #798, #2700, #386, .T. ) ;
#382 = EDGE_CURVE ( 'NONE', #2722, #2754, #1231, .T. ) ;
#383 = ORIENTED_EDGE ( 'NONE', *, *, #845, .F. ) ;
#384 = VECTOR ( 'NONE', #1428, 1000.000000000000000 ) ;
#385 = CYLINDRICAL_SURFACE ( 'NONE', #762, 2.110000000000000764 ) ;
#386 = CIRCLE ( 'NONE', #2648, 1.700000000000000178 ) ;
#387 = DIRECTION ( 'NONE',  ( -0.000000000000000000, 1.000000000000000000, -0.000000000000000000 ) ) ;
#388 = DIRECTION ( 'NONE',  ( 0.000000000000000000, 0.000000000000000000, 1.000000000000000000 ) ) ;
#389 = AXIS2_PLACEMENT_3D ( 'NONE', #1457, #1739, #2781 ) ;
#390 = VERTEX_POINT ( 'NONE', #1760 ) ;
#391 = CARTESIAN_POINT ( 'NONE',  ( -90.97771013878475799, 1.498599999999999932, -10.03685036456524315 ) ) ;
#392 = CARTESIAN_POINT ( 'NONE',  ( -77.55000000000002558, 1.498599999999999932, 4.104899999999994442 ) ) ;
#393 = AXIS2_PLACEMENT_3D ( 'NONE', #368, #1838, #54 ) ;
#394 = EDGE_CURVE ( 'NONE', #2434, #965, #2082, .T. ) ;
#395 = PLANE ( 'NONE',  #557 ) ;
#396 = CIRCLE ( 'NONE', #186, 1.898650000000001725 ) ;
#397 = ORIENTED_EDGE ( 'NONE', *, *, #678, .F. ) ;
#398 = EDGE_CURVE ( 'NONE', #2415, #2828, #3223, .T. ) ;
#399 = ORIENTED_EDGE ( 'NONE', *, *, #2367, .F. ) ;
#400 = EDGE_LOOP ( 'NONE', ( #1195, #754 ) ) ;
#401 = CARTESIAN_POINT ( 'NONE',  ( 2.775557561562891351E-14, 1.498599999999999710, 120.6500000000000199 ) ) ;
#402 = CARTESIAN_POINT ( 'NONE',  ( -29.89799999999904045, 2.168404344971008868E-16, 127.0509614608546514 ) ) ;
#403 = FACE_OUTER_BOUND ( 'NONE', #1303, .T. ) ;
#404 = CARTESIAN_POINT ( 'NONE',  ( -29.89799999999904045, 2.168404344971008868E-16, 127.0509614608546514 ) ) ;
#405 = ORIENTED_EDGE ( 'NONE', *, *, #2921, .F. ) ;
#406 = VERTEX_POINT ( 'NONE', #967 ) ;
#407 = CYLINDRICAL_SURFACE ( 'NONE', #2964, 1.898650000000001725 ) ;
#408 = CARTESIAN_POINT ( 'NONE',  ( -80.89799999999823399, 1.498599999999999932, 46.35096146085461299 ) ) ;
#409 = CARTESIAN_POINT ( 'NONE',  ( 82.29600000000003490, 1.498599999999999710, 27.68600000000004258 ) ) ;
#410 = LINE ( 'NONE', #640, #1044 ) ;
#411 = LINE ( 'NONE', #1915, #928 ) ;
#412 = VERTEX_POINT ( 'NONE', #2751 ) ;
#413 = EDGE_LOOP ( 'NONE', ( #2930, #2405, #426, #235 ) ) ;
#414 = DIRECTION ( 'NONE',  ( -0.000000000000000000, 1.000000000000000000, -0.000000000000000000 ) ) ;
#415 = FACE_OUTER_BOUND ( 'NONE', #1917, .T. ) ;
#416 = CARTESIAN_POINT ( 'NONE',  ( 2.798809318014902391E-14, 1.498599999999999932, 118.7513500000000164 ) ) ;
#417 = EDGE_CURVE ( 'NONE', #1834, #143, #770, .T. ) ;
#418 = CARTESIAN_POINT ( 'NONE',  ( -90.97771013878475799, 2.168404344971008868E-16, 92.37875789685847394 ) ) ;
#419 = ORIENTED_EDGE ( 'NONE', *, *, #129, .T. ) ;
#420 = DIRECTION ( 'NONE',  ( -0.000000000000000000, 1.000000000000000000, -0.000000000000000000 ) ) ;
#421 = CYLINDRICAL_SURFACE ( 'NONE', #1135, 1.699999999999993072 ) ;
#422 = CARTESIAN_POINT ( 'NONE',  ( 68.27568817180886640, 1.498599999999999932, -101.5612292988779899 ) ) ;
#423 = CARTESIAN_POINT ( 'NONE',  ( 43.23877440496806912, 2.168404344971008868E-16, 33.26784572720404753 ) ) ;
#424 = FACE_BOUND ( 'NONE', #2523, .T. ) ;
#425 = ORIENTED_EDGE ( 'NONE', *, *, #1795, .F. ) ;
#426 = ORIENTED_EDGE ( 'NONE', *, *, #1852, .T. ) ;
#427 = ORIENTED_EDGE ( 'NONE', *, *, #1148, .F. ) ;
#428 = AXIS2_PLACEMENT_3D ( 'NONE', #674, #1450, #2690 ) ;
#429 = CYLINDRICAL_SURFACE ( 'NONE', #1869, 1.699999999999993072 ) ;
#430 = DIRECTION ( 'NONE',  ( 0.000000000000000000, 0.000000000000000000, 1.000000000000000000 ) ) ;
#431 = EDGE_CURVE ( 'NONE', #1008, #1907, #220, .T. ) ;
#432 = VERTEX_POINT ( 'NONE', #1981 ) ;
#433 = ORIENTED_EDGE ( 'NONE', *, *, #1590, .F. ) ;
#434 = AXIS2_PLACEMENT_3D ( 'NONE', #2616, #1577, #2582 ) ;
#435 = CARTESIAN_POINT ( 'NONE',  ( 100.0125000000000028, 0.000000000000000000, -128.5875000000000625 ) ) ;
#436 = DIRECTION ( 'NONE',  ( 0.000000000000000000, 0.000000000000000000, 1.000000000000000000 ) ) ;
#437 = DIRECTION ( 'NONE',  ( 0.000000000000000000, 0.000000000000000000, -1.000000000000000000 ) ) ;
#438 = CARTESIAN_POINT ( 'NONE',  ( -100.0124999999999602, 0.000000000000000000, -130.1750000000000114 ) ) ;
#439 = VECTOR ( 'NONE', #2208, 1000.000000000000000 ) ;
#440 = CIRCLE ( 'NONE', #2968, 1.699999999999993072 ) ;
#441 = FACE_BOUND ( 'NONE', #1788, .T. ) ;
#442 = EDGE_LOOP ( 'NONE', ( #3231, #2416, #1650, #773 ) ) ;
#443 = ORIENTED_EDGE ( 'NONE', *, *, #2125, .T. ) ;
#444 = AXIS2_PLACEMENT_3D ( 'NONE', #593, #2874, #2838 ) ;
#445 = CIRCLE ( 'NONE', #236, 1.700000000000007061 ) ;
#446 = VECTOR ( 'NONE', #2209, 1000.000000000000000 ) ;
#447 = ORIENTED_EDGE ( 'NONE', *, *, #1533, .F. ) ;
#448 = ORIENTED_EDGE ( 'NONE', *, *, #1852, .F. ) ;
#449 = VECTOR ( 'NONE', #2366, 1000.000000000000000 ) ;
#450 = LINE ( 'NONE', #254, #653 ) ;
#451 = DIRECTION ( 'NONE',  ( -0.000000000000000000, 1.000000000000000000, -0.000000000000000000 ) ) ;
#452 = PRODUCT_RELATED_PRODUCT_CATEGORY ( 'part', '', ( #2039 ) ) ;
#453 = VERTEX_POINT ( 'NONE', #1781 ) ;
#454 = CARTESIAN_POINT ( 'NONE',  ( 95.25000000000004263, 2.168404344971008868E-16, 2.775557561562891351E-14 ) ) ;
#455 = DIRECTION ( 'NONE',  ( -0.000000000000000000, 1.000000000000000000, -0.000000000000000000 ) ) ;
#456 = CARTESIAN_POINT ( 'NONE',  ( 49.30665665595520863, 1.498599999999999932, 107.5974531664061828 ) ) ;
#457 = EDGE_CURVE ( 'NONE', #1685, #2226, #2980, .T. ) ;
#458 = CARTESIAN_POINT ( 'NONE',  ( 49.30665665595520863, 1.498599999999999932, 105.8974531664061800 ) ) ;
#459 = VERTEX_POINT ( 'NONE', #722 ) ;
#460 = ORIENTED_EDGE ( 'NONE', *, *, #517, .T. ) ;
#461 = DIRECTION ( 'NONE',  ( 0.000000000000000000, 0.000000000000000000, 1.000000000000000000 ) ) ;
#462 = ADVANCED_FACE ( 'NONE', ( #2736 ), #468, .F. ) ;
#463 = DIRECTION ( 'NONE',  ( 0.000000000000000000, 0.000000000000000000, 1.000000000000000000 ) ) ;
#464 = EDGE_LOOP ( 'NONE', ( #2802, #2988 ) ) ;
#465 = DIRECTION ( 'NONE',  ( 0.000000000000000000, 0.000000000000000000, 1.000000000000000000 ) ) ;
#466 = CARTESIAN_POINT ( 'NONE',  ( 101.6000000000000085, 0.000000000000000000, 127.0000000000000000 ) ) ;
#467 = VERTEX_POINT ( 'NONE', #1475 ) ;
#468 = PLANE ( 'NONE',  #62 ) ;
#469 = CYLINDRICAL_SURFACE ( 'NONE', #1759, 1.898650000000001725 ) ;
#470 = CARTESIAN_POINT ( 'NONE',  ( -101.5999999999999801, 1.498599999999999932, 127.0000000000000000 ) ) ;
#471 = CARTESIAN_POINT ( 'NONE',  ( -100.0124999999999744, 1.498599999999999932, -128.5875000000000341 ) ) ;
#472 = EDGE_LOOP ( 'NONE', ( #1625, #1676, #1122, #1558 ) ) ;
#473 = ORIENTED_EDGE ( 'NONE', *, *, #599, .F. ) ;
#474 = ORIENTED_EDGE ( 'NONE', *, *, #2563, .T. ) ;
#475 = ADVANCED_FACE ( 'NONE', ( #1217 ), #2249, .F. ) ;
#476 = CYLINDRICAL_SURFACE ( 'NONE', #1978, 1.700000000000000178 ) ;
#477 = EDGE_LOOP ( 'NONE', ( #1196, #2608 ) ) ;
#478 = EDGE_LOOP ( 'NONE', ( #2115, #2363, #2622, #955 ) ) ;
#479 = EDGE_CURVE ( 'NONE', #727, #86, #1997, .T. ) ;
#480 = CARTESIAN_POINT ( 'NONE',  ( 95.25000000000002842, 2.168404344971008868E-16, 120.6500000000000341 ) ) ;
#481 = DIRECTION ( 'NONE',  ( 0.000000000000000000, 0.000000000000000000, 1.000000000000000000 ) ) ;
#482 = ORIENTED_EDGE ( 'NONE', *, *, #3267, .F. ) ;
#483 = CARTESIAN_POINT ( 'NONE',  ( 101.6000000000000085, 1.498599999999999932, -130.1750000000000398 ) ) ;
#484 = AXIS2_PLACEMENT_3D ( 'NONE', #1813, #3265, #508 ) ;
#485 = DIRECTION ( 'NONE',  ( 0.000000000000000000, 0.000000000000000000, 1.000000000000000000 ) ) ;
#486 = VECTOR ( 'NONE', #2804, 1000.000000000000000 ) ;
#487 = DIRECTION ( 'NONE',  ( -0.000000000000000000, 1.000000000000000000, -0.000000000000000000 ) ) ;
#488 = AXIS2_PLACEMENT_3D ( 'NONE', #577, #2365, #378 ) ;
#489 = CIRCLE ( 'NONE', #2712, 1.898650000000001725 ) ;
#490 = ORIENTED_EDGE ( 'NONE', *, *, #3072, .F. ) ;
#491 = CYLINDRICAL_SURFACE ( 'NONE', #1177, 1.898650000000001725 ) ;
#492 = DIRECTION ( 'NONE',  ( 0.000000000000000000, 0.000000000000000000, 1.000000000000000000 ) ) ;
#493 = AXIS2_PLACEMENT_3D ( 'NONE', #99, #1592, #2128 ) ;
#494 = CARTESIAN_POINT ( 'NONE',  ( 95.25000000000004263, 1.498599999999999932, 2.775557561562891351E-14 ) ) ;
#495 = ORIENTED_EDGE ( 'NONE', *, *, #1295, .T. ) ;
#496 = VECTOR ( 'NONE', #1230, 1000.000000000000000 ) ;
#497 = ORIENTED_EDGE ( 'NONE', *, *, #3099, .F. ) ;
#498 = CIRCLE ( 'NONE', #183, 1.898650000000001725 ) ;
#499 = VECTOR ( 'NONE', #1426, 1000.000000000000000 ) ;
#500 = ADVANCED_FACE ( 'NONE', ( #2012 ), #1742, .F. ) ;
#501 = EDGE_CURVE ( 'NONE', #233, #180, #1530, .T. ) ;
#502 = AXIS2_PLACEMENT_3D ( 'NONE', #470, #1237, #1204 ) ;
#503 = CARTESIAN_POINT ( 'NONE',  ( 62.27568817180885929, 1.498599999999999932, -103.2612292988779927 ) ) ;
#504 = CARTESIAN_POINT ( 'NONE',  ( -80.89799999999823399, 2.168404344971008868E-16, 48.05096146085460873 ) ) ;
#505 = ORIENTED_EDGE ( 'NONE', *, *, #91, .T. ) ;
#506 = DIRECTION ( 'NONE',  ( -0.000000000000000000, 1.000000000000000000, -0.000000000000000000 ) ) ;
#507 = CARTESIAN_POINT ( 'NONE',  ( 2.775557561562891351E-14, 1.498599999999999932, 122.5486500000000234 ) ) ;
#508 = DIRECTION ( 'NONE',  ( 0.000000000000000000, 0.000000000000000000, 1.000000000000000000 ) ) ;
#509 = ORIENTED_EDGE ( 'NONE', *, *, #1386, .F. ) ;
#510 = ORIENTED_EDGE ( 'NONE', *, *, #177, .F. ) ;
#511 = CARTESIAN_POINT ( 'NONE',  ( 49.30665665595520863, 1.498599999999999932, 107.5974531664061828 ) ) ;
#512 = FACE_BOUND ( 'NONE', #1728, .T. ) ;
#513 = LINE ( 'NONE', #3235, #344 ) ;
#514 = ORIENTED_EDGE ( 'NONE', *, *, #825, .F. ) ;
#515 = ORIENTED_EDGE ( 'NONE', *, *, #2240, .F. ) ;
#516 = CARTESIAN_POINT ( 'NONE',  ( -95.24999999999997158, 2.168404344971008868E-16, 120.6500000000000057 ) ) ;
#517 = EDGE_CURVE ( 'NONE', #2631, #979, #3263, .T. ) ;
#518 = LINE ( 'NONE', #1756, #64 ) ;
#519 = VERTEX_POINT ( 'NONE', #1001 ) ;
#520 = DIRECTION ( 'NONE',  ( 0.000000000000000000, 0.000000000000000000, 1.000000000000000000 ) ) ;
#521 = EDGE_CURVE ( 'NONE', #2631, #2040, #3019, .T. ) ;
#522 = EDGE_CURVE ( 'NONE', #1070, #2728, #1285, .T. ) ;
#523 = DIRECTION ( 'NONE',  ( 0.000000000000000000, 0.000000000000000000, 1.000000000000000000 ) ) ;
#524 = CARTESIAN_POINT ( 'NONE',  ( -77.55000000000002558, 1.498599999999999932, -123.1900000000000404 ) ) ;
#525 = ORIENTED_EDGE ( 'NONE', *, *, #1191, .F. ) ;
#526 = CYLINDRICAL_SURFACE ( 'NONE', #3119, 1.898650000000001725 ) ;
#527 = DIRECTION ( 'NONE',  ( 0.000000000000000000, -1.000000000000000000, 0.000000000000000000 ) ) ;
#528 = DIRECTION ( 'NONE',  ( -0.000000000000000000, 1.000000000000000000, -0.000000000000000000 ) ) ;
#529 = VERTEX_POINT ( 'NONE', #270 ) ;
#530 = DIRECTION ( 'NONE',  ( 0.000000000000000000, 0.000000000000000000, 1.000000000000000000 ) ) ;
#531 = CARTESIAN_POINT ( 'NONE',  ( 38.99613371784823812, 1.498599999999999932, 37.51048641432279140 ) ) ;
#532 = DIRECTION ( 'NONE',  ( 0.000000000000000000, 0.000000000000000000, 1.000000000000000000 ) ) ;
#533 = EDGE_CURVE ( 'NONE', #1092, #2950, #176, .T. ) ;
#534 = DIRECTION ( 'NONE',  ( 0.000000000000000000, 0.000000000000000000, 1.000000000000000000 ) ) ;
#535 = CARTESIAN_POINT ( 'NONE',  ( 101.6000000000000085, 1.498599999999999932, 127.0000000000000000 ) ) ;
#536 = CARTESIAN_POINT ( 'NONE',  ( -90.97771013878475799, 1.498599999999999932, -11.73685036456523534 ) ) ;
#537 = EDGE_CURVE ( 'NONE', #390, #2574, #2033, .T. ) ;
#538 = ADVANCED_FACE ( 'NONE', ( #1844 ), #1793, .F. ) ;
#539 = AXIS2_PLACEMENT_3D ( 'NONE', #1578, #274, #2552 ) ;
#540 = ORIENTED_EDGE ( 'NONE', *, *, #2218, .F. ) ;
#541 = ORIENTED_EDGE ( 'NONE', *, *, #2563, .F. ) ;
#542 = FACE_OUTER_BOUND ( 'NONE', #2821, .T. ) ;
#543 = AXIS2_PLACEMENT_3D ( 'NONE', #1056, #1613, #2347 ) ;
#544 = FACE_BOUND ( 'NONE', #582, .T. ) ;
#545 = CIRCLE ( 'NONE', #3228, 1.898650000000001725 ) ;
#546 = VECTOR ( 'NONE', #1351, 1000.000000000000000 ) ;
#547 = DIRECTION ( 'NONE',  ( 0.000000000000000000, 0.000000000000000000, 1.000000000000000000 ) ) ;
#548 = VERTEX_POINT ( 'NONE', #1609 ) ;
#549 = EDGE_LOOP ( 'NONE', ( #1469, #2957, #285, #2237 ) ) ;
#550 = CIRCLE ( 'NONE', #966, 1.699999999999993072 ) ;
#551 = AXIS2_PLACEMENT_3D ( 'NONE', #1716, #2469, #205 ) ;
#552 = AXIS2_PLACEMENT_3D ( 'NONE', #1252, #1726, #2954 ) ;
#553 = AXIS2_PLACEMENT_3D ( 'NONE', #632, #1635, #2171 ) ;
#554 = CARTESIAN_POINT ( 'NONE',  ( 50.21383968473930537, 1.498599999999999932, 127.0000000000000284 ) ) ;
#555 = CARTESIAN_POINT ( 'NONE',  ( -101.5999999999999801, 1.498599999999999932, -128.5875000000000341 ) ) ;
#556 = AXIS2_PLACEMENT_3D ( 'NONE', #1075, #1802, #326 ) ;
#557 = AXIS2_PLACEMENT_3D ( 'NONE', #1142, #1668, #1158 ) ;
#558 = DIRECTION ( 'NONE',  ( -0.000000000000000000, 1.000000000000000000, -0.000000000000000000 ) ) ;
#559 = LINE ( 'NONE', #1564, #2292 ) ;
#560 = CARTESIAN_POINT ( 'NONE',  ( -29.89799999999904045, 1.498599999999999932, 125.3509614608546485 ) ) ;
#561 = EDGE_LOOP ( 'NONE', ( #159, #1611 ) ) ;
#562 = DIRECTION ( 'NONE',  ( 0.000000000000000000, 0.000000000000000000, 1.000000000000000000 ) ) ;
#563 = CARTESIAN_POINT ( 'NONE',  ( -95.24999999999997158, 2.168404344971008868E-16, 122.5486500000000092 ) ) ;
#564 = CYLINDRICAL_SURFACE ( 'NONE', #976, 1.587499999999991696 ) ;
#565 = ORIENTED_EDGE ( 'NONE', *, *, #107, .F. ) ;
#566 = EDGE_CURVE ( 'NONE', #1047, #106, #1336, .T. ) ;
#567 = ADVANCED_FACE ( 'NONE', ( #1038 ), #1810, .T. ) ;
#568 = ORIENTED_EDGE ( 'NONE', *, *, #70, .T. ) ;
#569 = CARTESIAN_POINT ( 'NONE',  ( 49.30665665595520863, 1.498599999999999932, 104.1974531664061914 ) ) ;
#570 = CARTESIAN_POINT ( 'NONE',  ( 95.25000000000005684, 1.498599999999999932, -120.6499999999999488 ) ) ;
#571 = DIRECTION ( 'NONE',  ( 0.000000000000000000, -0.000000000000000000, 1.000000000000000000 ) ) ;
#572 = DIRECTION ( 'NONE',  ( -0.000000000000000000, 1.000000000000000000, -0.000000000000000000 ) ) ;
#573 = CARTESIAN_POINT ( 'NONE',  ( 68.27568817180886640, 2.168404344971008868E-16, -99.86122929887800126 ) ) ;
#574 = ORIENTED_EDGE ( 'NONE', *, *, #718, .T. ) ;
#575 = ORIENTED_EDGE ( 'NONE', *, *, #394, .T. ) ;
#576 = DIRECTION ( 'NONE',  ( 0.000000000000000000, 0.000000000000000000, 1.000000000000000000 ) ) ;
#577 = CARTESIAN_POINT ( 'NONE',  ( -77.55000000000002558, 4.336808689942017736E-16, 6.809999999999996945 ) ) ;
#578 = DIRECTION ( 'NONE',  ( -0.000000000000000000, 1.000000000000000000, -0.000000000000000000 ) ) ;
#579 = VERTEX_POINT ( 'NONE', #793 ) ;
#580 = EDGE_LOOP ( 'NONE', ( #2206, #851, #38, #2856 ) ) ;
#581 = ADVANCED_FACE ( 'NONE', ( #2798 ), #1300, .F. ) ;
#582 = EDGE_LOOP ( 'NONE', ( #1612, #879 ) ) ;
#583 = CARTESIAN_POINT ( 'NONE',  ( -100.0124999999999744, 0.000000000000000000, 133.4517614608546694 ) ) ;
#584 = CARTESIAN_POINT ( 'NONE',  ( -100.0124999999999602, 1.498599999999999932, -130.1750000000000114 ) ) ;
#585 = CARTESIAN_POINT ( 'NONE',  ( -80.89799999999823399, 2.168404344971008868E-16, 125.3509614608546201 ) ) ;
#586 = DIRECTION ( 'NONE',  ( -0.000000000000000000, 1.000000000000000000, -0.000000000000000000 ) ) ;
#587 = ORIENTED_EDGE ( 'NONE', *, *, #1895, .T. ) ;
#588 = VERTEX_POINT ( 'NONE', #2615 ) ;
#589 = CARTESIAN_POINT ( 'NONE',  ( 41.26191796937727219, 1.498599999999999932, 20.40330310867499719 ) ) ;
#590 = DIRECTION ( 'NONE',  ( 0.000000000000000000, 0.000000000000000000, 1.000000000000000000 ) ) ;
#591 = DIRECTION ( 'NONE',  ( -0.000000000000000000, 1.000000000000000000, -0.000000000000000000 ) ) ;
#592 = CIRCLE ( 'NONE', #1485, 2.705100000000002058 ) ;
#593 = CARTESIAN_POINT ( 'NONE',  ( -29.89799999999904045, 1.498599999999999932, 48.05096146085460873 ) ) ;
#594 = VERTEX_POINT ( 'NONE', #3055 ) ;
#595 = ORIENTED_EDGE ( 'NONE', *, *, #2146, .T. ) ;
#596 = AXIS2_PLACEMENT_3D ( 'NONE', #211, #2998, #3010 ) ;
#597 = ORIENTED_EDGE ( 'NONE', *, *, #1794, .T. ) ;
#598 = FACE_OUTER_BOUND ( 'NONE', #1262, .T. ) ;
#599 = EDGE_CURVE ( 'NONE', #323, #2693, #1235, .T. ) ;
#600 = ADVANCED_FACE ( 'NONE', ( #1831 ), #2566, .F. ) ;
#601 = VECTOR ( 'NONE', #960, 1000.000000000000000 ) ;
#602 = AXIS2_PLACEMENT_3D ( 'NONE', #1326, #1563, #2863 ) ;
#603 = DIRECTION ( 'NONE',  ( -0.000000000000000000, 1.000000000000000000, -0.000000000000000000 ) ) ;
#604 = AXIS2_PLACEMENT_3D ( 'NONE', #402, #2927, #3169 ) ;
#605 = CYLINDRICAL_SURFACE ( 'NONE', #61, 1.700000000000007061 ) ;
#606 = EDGE_CURVE ( 'NONE', #1207, #2722, #308, .T. ) ;
#607 = APPLICATION_PROTOCOL_DEFINITION ( 'draft international standard', 'automotive_design', 1998, #3162 ) ;
#608 = AXIS2_PLACEMENT_3D ( 'NONE', #661, #1170, #1948 ) ;
#609 = EDGE_LOOP ( 'NONE', ( #805, #996 ) ) ;
#610 = ORIENTED_EDGE ( 'NONE', *, *, #905, .T. ) ;
#611 = CARTESIAN_POINT ( 'NONE',  ( -90.97771013878475799, 2.168404344971008868E-16, 90.67875789685847110 ) ) ;
#612 = CYLINDRICAL_SURFACE ( 'NONE', #331, 1.700000000000000178 ) ;
#613 = CIRCLE ( 'NONE', #1560, 1.699999999999993072 ) ;
#614 = CARTESIAN_POINT ( 'NONE',  ( -77.55000000000002558, 1.498599999999999932, -123.1900000000000404 ) ) ;
#615 = ORIENTED_EDGE ( 'NONE', *, *, #2720, .F. ) ;
#616 = ORIENTED_EDGE ( 'NONE', *, *, #678, .T. ) ;
#617 = ORIENTED_EDGE ( 'NONE', *, *, #1032, .F. ) ;
#618 = FACE_OUTER_BOUND ( 'NONE', #158, .T. ) ;
#619 = EDGE_CURVE ( 'NONE', #1076, #1274, #231, .T. ) ;
#620 = CARTESIAN_POINT ( 'NONE',  ( -77.55000000000002558, 1.498599999999999932, 9.515099999999998559 ) ) ;
#621 = LINE ( 'NONE', #1956, #2711 ) ;
#622 = VERTEX_POINT ( 'NONE', #2341 ) ;
#623 = ADVANCED_FACE ( 'NONE', ( #47 ), #1087, .F. ) ;
#624 = ORIENTED_EDGE ( 'NONE', *, *, #2803, .F. ) ;
#625 = DIRECTION ( 'NONE',  ( -0.000000000000000000, 1.000000000000000000, -0.000000000000000000 ) ) ;
#626 = CARTESIAN_POINT ( 'NONE',  ( 43.30665665595521574, 2.168404344971008868E-16, 105.8974531664061800 ) ) ;
#627 = LINE ( 'NONE', #1884, #2926 ) ;
#628 = DIRECTION ( 'NONE',  ( 0.000000000000000000, 0.000000000000000000, 1.000000000000000000 ) ) ;
#629 = ORIENTED_EDGE ( 'NONE', *, *, #858, .F. ) ;
#630 = VERTEX_POINT ( 'NONE', #3043 ) ;
#631 = ORIENTED_EDGE ( 'NONE', *, *, #281, .F. ) ;
#632 = CARTESIAN_POINT ( 'NONE',  ( -80.89799999999823399, 1.498599999999999932, 48.05096146085460873 ) ) ;
#633 = DIRECTION ( 'NONE',  ( 0.000000000000000000, 0.000000000000000000, 1.000000000000000000 ) ) ;
#634 = CARTESIAN_POINT ( 'NONE',  ( 46.45000000000001705, 1.498599999999999932, 4.104899999999994442 ) ) ;
#635 = ORIENTED_EDGE ( 'NONE', *, *, #2304, .T. ) ;
#636 = CARTESIAN_POINT ( 'NONE',  ( -90.97771013878475799, 1.498599999999999932, 94.07875789685846257 ) ) ;
#637 = FACE_OUTER_BOUND ( 'NONE', #2632, .T. ) ;
#638 = ADVANCED_FACE ( 'NONE', ( #357 ), #2079, .F. ) ;
#639 = EDGE_CURVE ( 'NONE', #2792, #1584, #1345, .T. ) ;
#640 = CARTESIAN_POINT ( 'NONE',  ( 62.27568817180885929, 1.498599999999999932, -99.86122929887800126 ) ) ;
#641 = FACE_BOUND ( 'NONE', #6, .T. ) ;
#642 = EDGE_LOOP ( 'NONE', ( #1005, #2356 ) ) ;
#643 = ORIENTED_EDGE ( 'NONE', *, *, #91, .F. ) ;
#644 = VERTEX_POINT ( 'NONE', #2549 ) ;
#645 = CIRCLE ( 'NONE', #484, 1.700000000000007061 ) ;
#646 = DIRECTION ( 'NONE',  ( 0.000000000000000000, 0.000000000000000000, 1.000000000000000000 ) ) ;
#647 = AXIS2_PLACEMENT_3D ( 'NONE', #1735, #1243, #2004 ) ;
#648 = AXIS2_PLACEMENT_3D ( 'NONE', #2, #1234, #3028 ) ;
#649 = DIRECTION ( 'NONE',  ( 0.000000000000000000, 1.000000000000000000, 0.000000000000000000 ) ) ;
#650 = LINE ( 'NONE', #1163, #2500 ) ;
#651 = AXIS2_PLACEMENT_3D ( 'NONE', #1576, #24, #2813 ) ;
#652 = CIRCLE ( 'NONE', #2446, 1.699999999999993072 ) ;
#653 = VECTOR ( 'NONE', #3243, 1000.000000000000000 ) ;
#654 = VERTEX_POINT ( 'NONE', #2845 ) ;
#655 = DIRECTION ( 'NONE',  ( 0.000000000000000000, 0.000000000000000000, 1.000000000000000000 ) ) ;
#656 = DIRECTION ( 'NONE',  ( -0.000000000000000000, 1.000000000000000000, -0.000000000000000000 ) ) ;
#657 = CIRCLE ( 'NONE', #2352, 1.700000000000000178 ) ;
#658 = CARTESIAN_POINT ( 'NONE',  ( 95.25000000000002842, 1.498599999999999710, 120.6500000000000341 ) ) ;
#659 = VECTOR ( 'NONE', #2603, 1000.000000000000000 ) ;
#660 = CARTESIAN_POINT ( 'NONE',  ( 95.25000000000005684, 2.168404344971008868E-16, -77.47635000000002492 ) ) ;
#661 = CARTESIAN_POINT ( 'NONE',  ( 62.27568817180885929, 1.498599999999999932, -101.5612292988779899 ) ) ;
#662 = AXIS2_PLACEMENT_3D ( 'NONE', #2422, #2734, #1957 ) ;
#663 = ORIENTED_EDGE ( 'NONE', *, *, #681, .F. ) ;
#664 = EDGE_LOOP ( 'NONE', ( #3258, #744, #1241, #312 ) ) ;
#665 = ORIENTED_EDGE ( 'NONE', *, *, #606, .T. ) ;
#666 = LINE ( 'NONE', #882, #3024 ) ;
#667 = FACE_OUTER_BOUND ( 'NONE', #1455, .T. ) ;
#668 = CARTESIAN_POINT ( 'NONE',  ( 31.27700000000278990, 1.498599999999999932, 127.0509614608546514 ) ) ;
#669 = CARTESIAN_POINT ( 'NONE',  ( 46.45000000000001705, 1.498599999999999932, -125.8951000000000420 ) ) ;
#670 = ORIENTED_EDGE ( 'NONE', *, *, #958, .F. ) ;
#671 = LINE ( 'NONE', #1626, #1387 ) ;
#672 = CYLINDRICAL_SURFACE ( 'NONE', #1648, 1.700000000000007061 ) ;
#673 = DIRECTION ( 'NONE',  ( -0.000000000000000000, 1.000000000000000000, -0.000000000000000000 ) ) ;
#674 = CARTESIAN_POINT ( 'NONE',  ( -95.24999999999994316, 1.498599999999999710, 0.000000000000000000 ) ) ;
#675 = LINE ( 'NONE', #1681, #2407 ) ;
#676 = VERTEX_POINT ( 'NONE', #585 ) ;
#677 = ORIENTED_EDGE ( 'NONE', *, *, #819, .F. ) ;
#678 = EDGE_CURVE ( 'NONE', #2176, #1274, #2598, .T. ) ;
#679 = EDGE_LOOP ( 'NONE', ( #2735, #2400 ) ) ;
#680 = FACE_BOUND ( 'NONE', #609, .T. ) ;
#681 = EDGE_CURVE ( 'NONE', #644, #2057, #3234, .T. ) ;
#682 = ADVANCED_FACE ( 'NONE', ( #3104 ), #848, .F. ) ;
#683 = CARTESIAN_POINT ( 'NONE',  ( 2.775557561562891351E-14, 2.168404344971008868E-16, 122.5486500000000234 ) ) ;
#684 = CARTESIAN_POINT ( 'NONE',  ( -80.89799999999823399, 1.498599999999999932, 49.75096146085459736 ) ) ;
#685 = ORIENTED_EDGE ( 'NONE', *, *, #619, .F. ) ;
#686 = ORIENTED_EDGE ( 'NONE', *, *, #2265, .F. ) ;
#687 = DIRECTION ( 'NONE',  ( -0.000000000000000000, 1.000000000000000000, -0.000000000000000000 ) ) ;
#688 = FACE_OUTER_BOUND ( 'NONE', #2217, .T. ) ;
#689 = CYLINDRICAL_SURFACE ( 'NONE', #2305, 1.587499999999991696 ) ;
#690 = LINE ( 'NONE', #3199, #1380 ) ;
#691 = FACE_BOUND ( 'NONE', #2887, .T. ) ;
#692 = ORIENTED_EDGE ( 'NONE', *, *, #2937, .F. ) ;
#693 = EDGE_LOOP ( 'NONE', ( #1280, #3151 ) ) ;
#694 = ORIENTED_EDGE ( 'NONE', *, *, #2595, .T. ) ;
#695 = AXIS2_PLACEMENT_3D ( 'NONE', #2637, #1680, #3213 ) ;
#696 = DIRECTION ( 'NONE',  ( 0.000000000000000000, 0.000000000000000000, 1.000000000000000000 ) ) ;
#697 = DIRECTION ( 'NONE',  ( -0.000000000000000000, 1.000000000000000000, -0.000000000000000000 ) ) ;
#698 =( GEOMETRIC_REPRESENTATION_CONTEXT ( 3 ) GLOBAL_UNCERTAINTY_ASSIGNED_CONTEXT ( ( #361 ) ) GLOBAL_UNIT_ASSIGNED_CONTEXT ( ( #2375, #872, #1347 ) ) REPRESENTATION_CONTEXT ( 'NONE', 'WORKASPACE' ) );
#699 = DIRECTION ( 'NONE',  ( -0.000000000000000000, 1.000000000000000000, -0.000000000000000000 ) ) ;
#700 = CIRCLE ( 'NONE', #1018, 1.700000000000000178 ) ;
#701 = EDGE_LOOP ( 'NONE', ( #1854, #419, #141, #2745 ) ) ;
#702 = EDGE_LOOP ( 'NONE', ( #3253, #1839, #1412, #397 ) ) ;
#703 = CIRCLE ( 'NONE', #1546, 1.898650000000001725 ) ;
#704 = DIRECTION ( 'NONE',  ( -0.000000000000000000, 1.000000000000000000, -0.000000000000000000 ) ) ;
#705 = AXIS2_PLACEMENT_3D ( 'NONE', #65, #558, #534 ) ;
#706 = EDGE_CURVE ( 'NONE', #2441, #2774, #440, .T. ) ;
#707 = DIRECTION ( 'NONE',  ( 0.000000000000000000, 0.000000000000000000, 1.000000000000000000 ) ) ;
#708 = FACE_OUTER_BOUND ( 'NONE', #1061, .T. ) ;
#709 = AXIS2_PLACEMENT_3D ( 'NONE', #116, #1687, #388 ) ;
#710 = VERTEX_POINT ( 'NONE', #2642 ) ;
#711 = VERTEX_POINT ( 'NONE', #620 ) ;
#712 = AXIS2_PLACEMENT_3D ( 'NONE', #1582, #2091, #547 ) ;
#713 = AXIS2_PLACEMENT_3D ( 'NONE', #2932, #2912, #2166 ) ;
#714 = AXIS2_PLACEMENT_3D ( 'NONE', #658, #154, #3212 ) ;
#715 = VERTEX_POINT ( 'NONE', #1373 ) ;
#716 = DIRECTION ( 'NONE',  ( -0.000000000000000000, 1.000000000000000000, -0.000000000000000000 ) ) ;
#717 = CARTESIAN_POINT ( 'NONE',  ( -90.97771013878475799, 1.498599999999999932, -10.03685036456524315 ) ) ;
#718 = EDGE_CURVE ( 'NONE', #979, #2842, #1497, .T. ) ;
#719 = CIRCLE ( 'NONE', #1565, 1.700000000000000178 ) ;
#720 = EDGE_CURVE ( 'NONE', #2110, #2996, #117, .T. ) ;
#721 = ORIENTED_EDGE ( 'NONE', *, *, #2937, .T. ) ;
#722 = CARTESIAN_POINT ( 'NONE',  ( 95.25000000000002842, 1.498599999999999710, 122.5486500000000376 ) ) ;
#723 = DIRECTION ( 'NONE',  ( 0.000000000000000000, 0.000000000000000000, 1.000000000000000000 ) ) ;
#724 = CARTESIAN_POINT ( 'NONE',  ( 38.99613371784823812, 1.498599999999999932, 37.51048641432279140 ) ) ;
#725 = DIRECTION ( 'NONE',  ( -0.000000000000000000, 1.000000000000000000, -0.000000000000000000 ) ) ;
#726 = EDGE_CURVE ( 'NONE', #2807, #3204, #17, .T. ) ;
#727 = VERTEX_POINT ( 'NONE', #1162 ) ;
#728 = FACE_OUTER_BOUND ( 'NONE', #2788, .T. ) ;
#729 = CARTESIAN_POINT ( 'NONE',  ( 95.25000000000005684, 2.168404344971008868E-16, -79.37500000000002842 ) ) ;
#730 = ORIENTED_EDGE ( 'NONE', *, *, #457, .F. ) ;
#731 = CARTESIAN_POINT ( 'NONE',  ( -77.55000000000002558, 1.498599999999999932, -123.1900000000000404 ) ) ;
#732 = CARTESIAN_POINT ( 'NONE',  ( -96.97771013878477220, 1.498599999999999932, 90.67875789685847110 ) ) ;
#733 = DIRECTION ( 'NONE',  ( -0.000000000000000000, 1.000000000000000000, -0.000000000000000000 ) ) ;
#734 = ORIENTED_EDGE ( 'NONE', *, *, #177, .T. ) ;
#735 = DIRECTION ( 'NONE',  ( 0.000000000000000000, 0.000000000000000000, 1.000000000000000000 ) ) ;
#736 = CARTESIAN_POINT ( 'NONE',  ( 82.29600000000003490, 2.168404344971008868E-16, 27.68600000000004258 ) ) ;
#737 = CARTESIAN_POINT ( 'NONE',  ( -96.97771013878477220, 2.168404344971008868E-16, -8.336850364565249194 ) ) ;
#738 = ORIENTED_EDGE ( 'NONE', *, *, #2855, .T. ) ;
#739 = VERTEX_POINT ( 'NONE', #933 ) ;
#740 = ORIENTED_EDGE ( 'NONE', *, *, #706, .F. ) ;
#741 = FACE_BOUND ( 'NONE', #2321, .T. ) ;
#742 = ADVANCED_FACE ( 'NONE', ( #415 ), #1942, .F. ) ;
#743 = DIRECTION ( 'NONE',  ( -0.000000000000000000, 1.000000000000000000, -0.000000000000000000 ) ) ;
#744 = ORIENTED_EDGE ( 'NONE', *, *, #166, .F. ) ;
#745 = VERTEX_POINT ( 'NONE', #163 ) ;
#746 = ORIENTED_EDGE ( 'NONE', *, *, #2576, .T. ) ;
#747 = DIRECTION ( 'NONE',  ( 0.000000000000000000, 0.000000000000000000, 1.000000000000000000 ) ) ;
#748 = CARTESIAN_POINT ( 'NONE',  ( 101.6000000000000085, 1.498599999999999932, 127.0000000000000000 ) ) ;
#749 = ORIENTED_EDGE ( 'NONE', *, *, #1770, .T. ) ;
#750 = DIRECTION ( 'NONE',  ( -0.000000000000000000, 1.000000000000000000, -0.000000000000000000 ) ) ;
#751 = CARTESIAN_POINT ( 'NONE',  ( 46.45000000000001705, 1.498599999999999932, 9.515099999999998559 ) ) ;
#752 = CARTESIAN_POINT ( 'NONE',  ( -95.24999999999997158, 1.498599999999999932, 118.7513500000000022 ) ) ;
#753 = CIRCLE ( 'NONE', #1927, 1.587499999999991696 ) ;
#754 = ORIENTED_EDGE ( 'NONE', *, *, #930, .T. ) ;
#755 = FACE_OUTER_BOUND ( 'NONE', #1483, .T. ) ;
#756 = CIRCLE ( 'NONE', #2442, 1.699999999999993072 ) ;
#757 = AXIS2_PLACEMENT_3D ( 'NONE', #373, #2890, #633 ) ;
#758 = ADVANCED_FACE ( 'NONE', ( #2172 ), #2386, .F. ) ;
#759 = DIRECTION ( 'NONE',  ( -0.000000000000000000, 1.000000000000000000, -0.000000000000000000 ) ) ;
#760 = AXIS2_PLACEMENT_3D ( 'NONE', #1036, #2748, #1490 ) ;
#761 = VERTEX_POINT ( 'NONE', #683 ) ;
#762 = AXIS2_PLACEMENT_3D ( 'NONE', #2641, #1392, #646 ) ;
#763 = VECTOR ( 'NONE', #2758, 1000.000000000000000 ) ;
#764 = AXIS2_PLACEMENT_3D ( 'NONE', #153, #2672, #1909 ) ;
#765 = ADVANCED_FACE ( 'NONE', ( #1686 ), #429, .F. ) ;
#766 = AXIS2_PLACEMENT_3D ( 'NONE', #2749, #2795, #532 ) ;
#767 = CARTESIAN_POINT ( 'NONE',  ( -77.55000000000002558, 1.498599999999999932, 6.809999999999996945 ) ) ;
#768 = DIRECTION ( 'NONE',  ( -0.000000000000000000, 1.000000000000000000, -0.000000000000000000 ) ) ;
#769 = EDGE_LOOP ( 'NONE', ( #2561, #1741, #3014, #80 ) ) ;
#770 = LINE ( 'NONE', #2032, #1493 ) ;
#771 = CARTESIAN_POINT ( 'NONE',  ( 95.25000000000005684, 1.498599999999999710, -120.6499999999999488 ) ) ;
#772 = CARTESIAN_POINT ( 'NONE',  ( -95.24999999999997158, 2.168404344971008868E-16, 118.7513500000000022 ) ) ;
#773 = ORIENTED_EDGE ( 'NONE', *, *, #2738, .F. ) ;
#774 = DIRECTION ( 'NONE',  ( -0.000000000000000000, 1.000000000000000000, -0.000000000000000000 ) ) ;
#775 = FACE_BOUND ( 'NONE', #2123, .T. ) ;
#776 = CARTESIAN_POINT ( 'NONE',  ( 82.29600000000003490, 1.498599999999999932, 27.68600000000004258 ) ) ;
#777 = ORIENTED_EDGE ( 'NONE', *, *, #43, .T. ) ;
#778 = VERTEX_POINT ( 'NONE', #1113 ) ;
#779 = FACE_OUTER_BOUND ( 'NONE', #2489, .T. ) ;
#780 = DIRECTION ( 'NONE',  ( -0.000000000000000000, 1.000000000000000000, -0.000000000000000000 ) ) ;
#781 = EDGE_CURVE ( 'NONE', #2052, #78, #2161, .T. ) ;
#782 = ORIENTED_EDGE ( 'NONE', *, *, #1939, .F. ) ;
#783 = DIRECTION ( 'NONE',  ( -0.000000000000000000, 1.000000000000000000, -0.000000000000000000 ) ) ;
#784 = DIRECTION ( 'NONE',  ( 0.000000000000000000, 0.000000000000000000, -1.000000000000000000 ) ) ;
#785 = LINE ( 'NONE', #1532, #1011 ) ;
#786 = EDGE_LOOP ( 'NONE', ( #1287, #2423, #2335, #1398 ) ) ;
#787 = DIRECTION ( 'NONE',  ( -0.000000000000000000, -1.000000000000000000, -0.000000000000000000 ) ) ;
#788 = FACE_BOUND ( 'NONE', #3101, .T. ) ;
#789 = DIRECTION ( 'NONE',  ( -0.000000000000000000, 1.000000000000000000, -0.000000000000000000 ) ) ;
#790 = VERTEX_POINT ( 'NONE', #1395 ) ;
#791 = CARTESIAN_POINT ( 'NONE',  ( 43.23877440496806912, 1.498599999999999932, 36.66784572720404611 ) ) ;
#792 = CARTESIAN_POINT ( 'NONE',  ( 31.27700000000278990, 1.498599999999999932, 48.05096146085460873 ) ) ;
#793 = CARTESIAN_POINT ( 'NONE',  ( -19.72299999999723141, 1.498599999999999932, 49.75096146085460447 ) ) ;
#794 = DIRECTION ( 'NONE',  ( -0.000000000000000000, 1.000000000000000000, -0.000000000000000000 ) ) ;
#795 = CARTESIAN_POINT ( 'NONE',  ( -95.24999999999997158, 1.498599999999999932, 122.5486500000000092 ) ) ;
#796 = CIRCLE ( 'NONE', #1119, 2.705100000000002058 ) ;
#797 = ADVANCED_FACE ( 'NONE', ( #3155 ), #98, .F. ) ;
#798 = VERTEX_POINT ( 'NONE', #2127 ) ;
#799 = ADVANCED_FACE ( 'NONE', ( #1904 ), #2904, .F. ) ;
#800 = ORIENTED_EDGE ( 'NONE', *, *, #128, .T. ) ;
#801 = CARTESIAN_POINT ( 'NONE',  ( 95.25000000000005684, 1.498599999999999932, -122.5486499999999523 ) ) ;
#802 = CARTESIAN_POINT ( 'NONE',  ( 95.25000000000005684, 1.498599999999999932, -120.6499999999999488 ) ) ;
#803 = AXIS2_PLACEMENT_3D ( 'NONE', #1365, #88, #2377 ) ;
#804 = DIRECTION ( 'NONE',  ( -0.000000000000000000, 1.000000000000000000, -0.000000000000000000 ) ) ;
#805 = ORIENTED_EDGE ( 'NONE', *, *, #3159, .T. ) ;
#806 = ORIENTED_EDGE ( 'NONE', *, *, #1893, .T. ) ;
#807 = AXIS2_PLACEMENT_3D ( 'NONE', #771, #1531, #2267 ) ;
#808 = AXIS2_PLACEMENT_3D ( 'NONE', #1281, #704, #2296 ) ;
#809 = VECTOR ( 'NONE', #1298, 1000.000000000000000 ) ;
#810 = CIRCLE ( 'NONE', #3075, 2.705100000000002058 ) ;
#811 = CARTESIAN_POINT ( 'NONE',  ( -96.97771013878477220, 2.168404344971008868E-16, 94.07875789685846257 ) ) ;
#812 = LINE ( 'NONE', #2112, #2767 ) ;
#813 = AXIS2_PLACEMENT_3D ( 'NONE', #2778, #2368, #93 ) ;
#814 = VECTOR ( 'NONE', #2332, 1000.000000000000000 ) ;
#815 = CIRCLE ( 'NONE', #2665, 1.587499999999991696 ) ;
#816 = DIRECTION ( 'NONE',  ( 0.000000000000000000, 0.000000000000000000, 1.000000000000000000 ) ) ;
#817 = DIRECTION ( 'NONE',  ( 0.000000000000000000, 0.000000000000000000, 1.000000000000000000 ) ) ;
#818 = ADVANCED_FACE ( 'NONE', ( #2880 ), #2627, .F. ) ;
#819 = EDGE_CURVE ( 'NONE', #2978, #412, #2715, .T. ) ;
#820 = DIRECTION ( 'NONE',  ( 0.000000000000000000, 0.000000000000000000, 1.000000000000000000 ) ) ;
#821 = VERTEX_POINT ( 'NONE', #2666 ) ;
#822 = EDGE_LOOP ( 'NONE', ( #2877, #1200 ) ) ;
#823 = CYLINDRICAL_SURFACE ( 'NONE', #803, 1.700000000000000178 ) ;
#824 = DIRECTION ( 'NONE',  ( -0.000000000000000000, 1.000000000000000000, -0.000000000000000000 ) ) ;
#825 = EDGE_CURVE ( 'NONE', #1586, #3195, #2241, .T. ) ;
#826 = ADVANCED_FACE ( 'NONE', ( #667 ), #945, .F. ) ;
#827 = DIRECTION ( 'NONE',  ( 0.000000000000000000, 0.000000000000000000, 1.000000000000000000 ) ) ;
#828 = ORIENTED_EDGE ( 'NONE', *, *, #2125, .F. ) ;
#829 = ORIENTED_EDGE ( 'NONE', *, *, #2922, .T. ) ;
#830 = DIRECTION ( 'NONE',  ( -0.000000000000000000, 1.000000000000000000, -0.000000000000000000 ) ) ;
#831 = LINE ( 'NONE', #1082, #2920 ) ;
#832 = CARTESIAN_POINT ( 'NONE',  ( -95.24999999999994316, 1.498599999999999932, -122.5486499999999808 ) ) ;
#833 = LINE ( 'NONE', #48, #1017 ) ;
#834 = DIRECTION ( 'NONE',  ( 0.000000000000000000, 0.000000000000000000, 1.000000000000000000 ) ) ;
#835 = VERTEX_POINT ( 'NONE', #2223 ) ;
#836 = VERTEX_POINT ( 'NONE', #1229 ) ;
#837 = LINE ( 'NONE', #1847, #546 ) ;
#838 = EDGE_CURVE ( 'NONE', #1197, #1825, #1710, .T. ) ;
#839 = CARTESIAN_POINT ( 'NONE',  ( 31.27700000000278990, 1.498599999999999932, 128.7509614608546542 ) ) ;
#840 = FACE_OUTER_BOUND ( 'NONE', #3032, .T. ) ;
#841 = DIRECTION ( 'NONE',  ( 0.000000000000000000, 0.000000000000000000, 1.000000000000000000 ) ) ;
#842 = EDGE_LOOP ( 'NONE', ( #738, #245 ) ) ;
#843 = ORIENTED_EDGE ( 'NONE', *, *, #2824, .F. ) ;
#844 = EDGE_CURVE ( 'NONE', #2601, #2909, #450, .T. ) ;
#845 = EDGE_CURVE ( 'NONE', #3145, #130, #1132, .T. ) ;
#846 = ORIENTED_EDGE ( 'NONE', *, *, #522, .T. ) ;
#847 = FACE_OUTER_BOUND ( 'NONE', #2164, .T. ) ;
#848 = CYLINDRICAL_SURFACE ( 'NONE', #1182, 1.700000000000000178 ) ;
#849 = DIRECTION ( 'NONE',  ( -0.000000000000000000, 1.000000000000000000, -0.000000000000000000 ) ) ;
#850 = VERTEX_POINT ( 'NONE', #1009 ) ;
#851 = ORIENTED_EDGE ( 'NONE', *, *, #566, .F. ) ;
#852 = DIRECTION ( 'NONE',  ( 0.000000000000000000, 0.000000000000000000, 1.000000000000000000 ) ) ;
#853 =( NAMED_UNIT ( * ) SI_UNIT ( $, .STERADIAN. ) SOLID_ANGLE_UNIT ( ) );
#854 = CARTESIAN_POINT ( 'NONE',  ( -29.89799999999904045, 1.498599999999999932, 127.0509614608546514 ) ) ;
#855 = VECTOR ( 'NONE', #1477, 1000.000000000000000 ) ;
#856 = CARTESIAN_POINT ( 'NONE',  ( -29.89799999999904045, 1.498599999999999932, 48.05096146085460873 ) ) ;
#857 = ORIENTED_EDGE ( 'NONE', *, *, #1553, .T. ) ;
#858 = EDGE_CURVE ( 'NONE', #2888, #579, #1263, .T. ) ;
#859 = ORIENTED_EDGE ( 'NONE', *, *, #1126, .T. ) ;
#860 = VECTOR ( 'NONE', #572, 1000.000000000000000 ) ;
#861 = VERTEX_POINT ( 'NONE', #2732 ) ;
#862 = CIRCLE ( 'NONE', #2344, 1.700000000000000178 ) ;
#863 = CARTESIAN_POINT ( 'NONE',  ( 68.27568817180886640, 1.498599999999999932, -103.2612292988779927 ) ) ;
#864 = AXIS2_PLACEMENT_3D ( 'NONE', #3156, #2409, #1660 ) ;
#865 = AXIS2_PLACEMENT_3D ( 'NONE', #1254, #2278, #246 ) ;
#866 = EDGE_CURVE ( 'NONE', #2774, #1070, #2718, .T. ) ;
#867 = EDGE_CURVE ( 'NONE', #888, #861, #2763, .T. ) ;
#868 = AXIS2_PLACEMENT_3D ( 'NONE', #1091, #789, #841 ) ;
#869 = DIRECTION ( 'NONE',  ( 0.000000000000000000, 0.000000000000000000, -1.000000000000000000 ) ) ;
#870 = AXIS2_PLACEMENT_3D ( 'NONE', #2514, #1213, #465 ) ;
#871 = DIRECTION ( 'NONE',  ( 0.000000000000000000, 0.000000000000000000, 1.000000000000000000 ) ) ;
#872 =( NAMED_UNIT ( * ) PLANE_ANGLE_UNIT ( ) SI_UNIT ( $, .RADIAN. ) );
#873 = CIRCLE ( 'NONE', #1771, 1.700000000000007061 ) ;
#874 = ORIENTED_EDGE ( 'NONE', *, *, #2044, .T. ) ;
#875 = DIRECTION ( 'NONE',  ( -0.000000000000000000, 1.000000000000000000, -0.000000000000000000 ) ) ;
#876 = DIRECTION ( 'NONE',  ( 0.000000000000000000, 0.000000000000000000, 1.000000000000000000 ) ) ;
#877 = FACE_BOUND ( 'NONE', #1144, .T. ) ;
#878 = ORIENTED_EDGE ( 'NONE', *, *, #958, .T. ) ;
#879 = ORIENTED_EDGE ( 'NONE', *, *, #825, .T. ) ;
#880 = ORIENTED_EDGE ( 'NONE', *, *, #128, .F. ) ;
#881 = VERTEX_POINT ( 'NONE', #2989 ) ;
#882 = CARTESIAN_POINT ( 'NONE',  ( -19.72299999999723141, 1.498599999999999932, 46.35096146085460589 ) ) ;
#883 = EDGE_CURVE ( 'NONE', #101, #2351, #3003, .T. ) ;
#884 = DIRECTION ( 'NONE',  ( -0.000000000000000000, 1.000000000000000000, -0.000000000000000000 ) ) ;
#885 = ADVANCED_FACE ( 'NONE', ( #2261 ), #2275, .F. ) ;
#886 = ADVANCED_FACE ( 'NONE', ( #2975 ), #1471, .F. ) ;
#887 = FACE_OUTER_BOUND ( 'NONE', #1174, .T. ) ;
#888 = VERTEX_POINT ( 'NONE', #2448 ) ;
#889 = DIRECTION ( 'NONE',  ( -0.000000000000000000, 1.000000000000000000, -0.000000000000000000 ) ) ;
#890 = CARTESIAN_POINT ( 'NONE',  ( -95.24999999999997158, 1.498599999999999710, 120.6500000000000057 ) ) ;
#891 = FACE_OUTER_BOUND ( 'NONE', #1029, .T. ) ;
#892 = FACE_BOUND ( 'NONE', #1672, .T. ) ;
#893 = VERTEX_POINT ( 'NONE', #3274 ) ;
#894 = ORIENTED_EDGE ( 'NONE', *, *, #3200, .T. ) ;
#895 = EDGE_LOOP ( 'NONE', ( #150, #2495 ) ) ;
#896 = ORIENTED_EDGE ( 'NONE', *, *, #3114, .T. ) ;
#897 = DIRECTION ( 'NONE',  ( 0.000000000000000000, 0.000000000000000000, 1.000000000000000000 ) ) ;
#898 = CARTESIAN_POINT ( 'NONE',  ( 68.27568817180886640, 1.498599999999999932, -101.5612292988779899 ) ) ;
#899 = DIRECTION ( 'NONE',  ( -0.000000000000000000, 1.000000000000000000, -0.000000000000000000 ) ) ;
#900 = EDGE_CURVE ( 'NONE', #1232, #1515, #182, .T. ) ;
#901 = ORIENTED_EDGE ( 'NONE', *, *, #2520, .T. ) ;
#902 = CARTESIAN_POINT ( 'NONE',  ( 49.30665665595520863, 1.498599999999999932, 105.8974531664061800 ) ) ;
#903 = DIRECTION ( 'NONE',  ( 0.000000000000000000, 0.000000000000000000, 1.000000000000000000 ) ) ;
#904 = CARTESIAN_POINT ( 'NONE',  ( -96.97771013878477220, 2.168404344971008868E-16, -11.73685036456523534 ) ) ;
#905 = EDGE_CURVE ( 'NONE', #2710, #850, #2037, .T. ) ;
#906 = FACE_BOUND ( 'NONE', #1406, .T. ) ;
#907 = ORIENTED_EDGE ( 'NONE', *, *, #3153, .F. ) ;
#908 = ORIENTED_EDGE ( 'NONE', *, *, #2020, .F. ) ;
#909 = VERTEX_POINT ( 'NONE', #1955 ) ;
#910 = CIRCLE ( 'NONE', #695, 1.699999999999993072 ) ;
#911 = CARTESIAN_POINT ( 'NONE',  ( 46.45000000000001705, 4.336808689942017736E-16, -125.8951000000000420 ) ) ;
#912 = CIRCLE ( 'NONE', #2646, 1.898650000000001725 ) ;
#913 = DIRECTION ( 'NONE',  ( 0.000000000000000000, 0.000000000000000000, 1.000000000000000000 ) ) ;
#914 = DIRECTION ( 'NONE',  ( 0.000000000000000000, 0.000000000000000000, 1.000000000000000000 ) ) ;
#915 = AXIS2_PLACEMENT_3D ( 'NONE', #2815, #2100, #343 ) ;
#916 = AXIS2_PLACEMENT_3D ( 'NONE', #1926, #1421, #1620 ) ;
#917 = CIRCLE ( 'NONE', #1290, 1.699999999999993072 ) ;
#918 = AXIS2_PLACEMENT_3D ( 'NONE', #3220, #2465, #1511 ) ;
#919 = ORIENTED_EDGE ( 'NONE', *, *, #359, .T. ) ;
#920 = ORIENTED_EDGE ( 'NONE', *, *, #2855, .F. ) ;
#921 = CYLINDRICAL_SURFACE ( 'NONE', #3017, 1.699999999999993072 ) ;
#922 = CARTESIAN_POINT ( 'NONE',  ( 95.25000000000002842, 1.498599999999999932, 120.6500000000000341 ) ) ;
#923 = AXIS2_PLACEMENT_3D ( 'NONE', #2311, #1540, #34 ) ;
#924 = FACE_OUTER_BOUND ( 'NONE', #2016, .T. ) ;
#925 = CIRCLE ( 'NONE', #2768, 1.700000000000007061 ) ;
#926 = DIRECTION ( 'NONE',  ( -0.000000000000000000, 1.000000000000000000, -0.000000000000000000 ) ) ;
#927 = CARTESIAN_POINT ( 'NONE',  ( 4.186588098796347751E-14, 1.498599999999999710, -1.898649999999970639 ) ) ;
#928 = VECTOR ( 'NONE', #3134, 1000.000000000000000 ) ;
#929 = ORIENTED_EDGE ( 'NONE', *, *, #2001, .T. ) ;
#930 = EDGE_CURVE ( 'NONE', #256, #228, #1185, .T. ) ;
#931 = ORIENTED_EDGE ( 'NONE', *, *, #1048, .F. ) ;
#932 = CARTESIAN_POINT ( 'NONE',  ( -90.97771013878475799, 1.498599999999999932, 90.67875789685847110 ) ) ;
#933 = CARTESIAN_POINT ( 'NONE',  ( 43.30665665595521574, 1.498599999999999932, 104.1974531664061914 ) ) ;
#934 = DIRECTION ( 'NONE',  ( -0.000000000000000000, 1.000000000000000000, -0.000000000000000000 ) ) ;
#935 = LINE ( 'NONE', #1164, #2717 ) ;
#936 = ORIENTED_EDGE ( 'NONE', *, *, #166, .T. ) ;
#937 = CARTESIAN_POINT ( 'NONE',  ( 2.775557561562891351E-14, 1.498599999999999710, 122.5486500000000234 ) ) ;
#938 = CARTESIAN_POINT ( 'NONE',  ( -29.89799999999904045, 2.168404344971008868E-16, 125.3509614608546485 ) ) ;
#939 = CYLINDRICAL_SURFACE ( 'NONE', #1448, 1.699999999999993072 ) ;
#940 = DIRECTION ( 'NONE',  ( 0.000000000000000000, 0.000000000000000000, 1.000000000000000000 ) ) ;
#941 = FACE_BOUND ( 'NONE', #203, .T. ) ;
#942 = ORIENTED_EDGE ( 'NONE', *, *, #417, .T. ) ;
#943 = ADVANCED_FACE ( 'NONE', ( #2498 ), #2953, .F. ) ;
#944 = ORIENTED_EDGE ( 'NONE', *, *, #3056, .T. ) ;
#945 = CYLINDRICAL_SURFACE ( 'NONE', #870, 2.705100000000002058 ) ;
#946 = DIRECTION ( 'NONE',  ( 0.000000000000000000, 0.000000000000000000, 1.000000000000000000 ) ) ;
#947 = DIRECTION ( 'NONE',  ( 0.000000000000000000, 0.000000000000000000, 1.000000000000000000 ) ) ;
#948 = ORIENTED_EDGE ( 'NONE', *, *, #3036, .F. ) ;
#949 = DIRECTION ( 'NONE',  ( -0.000000000000000000, 1.000000000000000000, -0.000000000000000000 ) ) ;
#950 = FACE_OUTER_BOUND ( 'NONE', #1780, .T. ) ;
#951 = DIRECTION ( 'NONE',  ( 0.000000000000000000, 0.000000000000000000, 1.000000000000000000 ) ) ;
#952 = LINE ( 'NONE', #2727, #855 ) ;
#953 = ORIENTED_EDGE ( 'NONE', *, *, #1514, .F. ) ;
#954 = ORIENTED_EDGE ( 'NONE', *, *, #2367, .T. ) ;
#955 = ORIENTED_EDGE ( 'NONE', *, *, #962, .F. ) ;
#956 = ORIENTED_EDGE ( 'NONE', *, *, #2825, .T. ) ;
#957 = ORIENTED_EDGE ( 'NONE', *, *, #900, .F. ) ;
#958 = EDGE_CURVE ( 'NONE', #2122, #1123, #2190, .T. ) ;
#959 = DIRECTION ( 'NONE',  ( -0.000000000000000000, 1.000000000000000000, -0.000000000000000000 ) ) ;
#960 = DIRECTION ( 'NONE',  ( -0.000000000000000000, 1.000000000000000000, 0.000000000000000000 ) ) ;
#961 = ADVANCED_FACE ( 'NONE', ( #241 ), #1777, .F. ) ;
#962 = EDGE_CURVE ( 'NONE', #2110, #2919, #2544, .T. ) ;
#963 = CARTESIAN_POINT ( 'NONE',  ( -19.72299999999723141, 1.498599999999999932, 125.3509614608546485 ) ) ;
#964 = ORIENTED_EDGE ( 'NONE', *, *, #2892, .F. ) ;
#965 = VERTEX_POINT ( 'NONE', #1526 ) ;
#966 = AXIS2_PLACEMENT_3D ( 'NONE', #3029, #2297, #25 ) ;
#967 = CARTESIAN_POINT ( 'NONE',  ( 62.27568817180885929, 1.498599999999999932, -99.86122929887800126 ) ) ;
#968 = AXIS2_PLACEMENT_3D ( 'NONE', #1460, #2785, #520 ) ;
#969 = CYLINDRICAL_SURFACE ( 'NONE', #2651, 1.898650000000001725 ) ;
#970 = DIRECTION ( 'NONE',  ( -0.000000000000000000, 1.000000000000000000, -0.000000000000000000 ) ) ;
#971 = DIRECTION ( 'NONE',  ( -0.000000000000000000, 1.000000000000000000, -0.000000000000000000 ) ) ;
#972 = AXIS2_PLACEMENT_3D ( 'NONE', #504, #697, #1277 ) ;
#973 = AXIS2_PLACEMENT_3D ( 'NONE', #731, #2479, #1971 ) ;
#974 = EDGE_LOOP ( 'NONE', ( #179, #2047 ) ) ;
#975 = EDGE_LOOP ( 'NONE', ( #2494, #1580, #2541, #167 ) ) ;
#976 = AXIS2_PLACEMENT_3D ( 'NONE', #3084, #1615, #2350 ) ;
#977 = AXIS2_PLACEMENT_3D ( 'NONE', #2455, #1665, #2213 ) ;
#978 = DIRECTION ( 'NONE',  ( -0.000000000000000000, 1.000000000000000000, -0.000000000000000000 ) ) ;
#979 = VERTEX_POINT ( 'NONE', #1561 ) ;
#980 = EDGE_CURVE ( 'NONE', #2996, #2110, #2245, .T. ) ;
#981 = DIRECTION ( 'NONE',  ( -0.000000000000000000, 1.000000000000000000, -0.000000000000000000 ) ) ;
#982 = CARTESIAN_POINT ( 'NONE',  ( -77.55000000000002558, 4.336808689942017736E-16, -123.1900000000000404 ) ) ;
#983 = DIRECTION ( 'NONE',  ( 0.000000000000000000, 0.000000000000000000, 1.000000000000000000 ) ) ;
#984 = ADVANCED_FACE ( 'NONE', ( #847 ), #267, .F. ) ;
#985 = ORIENTED_EDGE ( 'NONE', *, *, #2899, .T. ) ;
#986 = DIRECTION ( 'NONE',  ( -0.000000000000000000, 1.000000000000000000, -0.000000000000000000 ) ) ;
#987 = FACE_OUTER_BOUND ( 'NONE', #1872, .T. ) ;
#988 = CARTESIAN_POINT ( 'NONE',  ( 61.91250000000003695, 1.498599999999999710, -77.47634999999996808 ) ) ;
#989 = FACE_OUTER_BOUND ( 'NONE', #2775, .T. ) ;
#990 = VERTEX_POINT ( 'NONE', #3069 ) ;
#991 = EDGE_LOOP ( 'NONE', ( #2294, #2677, #931, #2966 ) ) ;
#992 = DIRECTION ( 'NONE',  ( -0.000000000000000000, 1.000000000000000000, -0.000000000000000000 ) ) ;
#993 = FACE_OUTER_BOUND ( 'NONE', #2269, .T. ) ;
#994 = FACE_OUTER_BOUND ( 'NONE', #1503, .T. ) ;
#995 = ORIENTED_EDGE ( 'NONE', *, *, #2383, .T. ) ;
#996 = ORIENTED_EDGE ( 'NONE', *, *, #305, .T. ) ;
#997 = DIRECTION ( 'NONE',  ( 0.000000000000000000, 0.000000000000000000, 1.000000000000000000 ) ) ;
#998 = CYLINDRICAL_SURFACE ( 'NONE', #1024, 1.699999999999993072 ) ;
#999 = DIRECTION ( 'NONE',  ( -0.000000000000000000, 1.000000000000000000, -0.000000000000000000 ) ) ;
#1000 = ORIENTED_EDGE ( 'NONE', *, *, #1814, .F. ) ;
#1001 = CARTESIAN_POINT ( 'NONE',  ( 43.30665665595521574, 2.168404344971008868E-16, 107.5974531664061828 ) ) ;
#1002 = CARTESIAN_POINT ( 'NONE',  ( 95.25000000000002842, 1.498599999999999932, 120.6500000000000341 ) ) ;
#1003 = DIRECTION ( 'NONE',  ( 0.000000000000000000, 0.000000000000000000, 1.000000000000000000 ) ) ;
#1004 = EDGE_LOOP ( 'NONE', ( #957, #1445 ) ) ;
#1005 = ORIENTED_EDGE ( 'NONE', *, *, #2361, .T. ) ;
#1006 = CYLINDRICAL_SURFACE ( 'NONE', #238, 1.700000000000007061 ) ;
#1007 = VERTEX_POINT ( 'NONE', #1062 ) ;
#1008 = VERTEX_POINT ( 'NONE', #1311 ) ;
#1009 = CARTESIAN_POINT ( 'NONE',  ( 61.91250000000003695, 1.498599999999999710, -81.27364999999997508 ) ) ;
#1010 = FACE_OUTER_BOUND ( 'NONE', #1390, .T. ) ;
#1011 = VECTOR ( 'NONE', #37, 1000.000000000000000 ) ;
#1012 = ORIENTED_EDGE ( 'NONE', *, *, #2908, .T. ) ;
#1013 = DIRECTION ( 'NONE',  ( -0.000000000000000000, 1.000000000000000000, -0.000000000000000000 ) ) ;
#1014 = DIRECTION ( 'NONE',  ( -0.000000000000000000, 1.000000000000000000, -0.000000000000000000 ) ) ;
#1015 = CIRCLE ( 'NONE', #1433, 1.898649999999998395 ) ;
#1016 = DIRECTION ( 'NONE',  ( -0.000000000000000000, 1.000000000000000000, -0.000000000000000000 ) ) ;
#1017 = VECTOR ( 'NONE', #586, 1000.000000000000000 ) ;
#1018 = AXIS2_PLACEMENT_3D ( 'NONE', #300, #3081, #2331 ) ;
#1019 = ORIENTED_EDGE ( 'NONE', *, *, #1386, .T. ) ;
#1020 = ORIENTED_EDGE ( 'NONE', *, *, #2951, .T. ) ;
#1021 = CARTESIAN_POINT ( 'NONE',  ( -80.89799999999823399, 1.498599999999999932, 48.05096146085460873 ) ) ;
#1022 = ADVANCED_FACE ( 'NONE', ( #779 ), #2310, .F. ) ;
#1023 = FACE_BOUND ( 'NONE', #2061, .T. ) ;
#1024 = AXIS2_PLACEMENT_3D ( 'NONE', #717, #2782, #481 ) ;
#1025 = AXIS2_PLACEMENT_3D ( 'NONE', #454, #750, #1517 ) ;
#1026 = DIRECTION ( 'NONE',  ( -0.000000000000000000, 1.000000000000000000, -0.000000000000000000 ) ) ;
#1027 = EDGE_LOOP ( 'NONE', ( #3001, #2320 ) ) ;
#1028 = CIRCLE ( 'NONE', #923, 1.700000000000007061 ) ;
#1029 = EDGE_LOOP ( 'NONE', ( #2220, #624, #1456, #2907 ) ) ;
#1030 = AXIS2_PLACEMENT_3D ( 'NONE', #2290, #1842, #2097 ) ;
#1031 = EDGE_CURVE ( 'NONE', #3254, #790, #3187, .T. ) ;
#1032 = EDGE_CURVE ( 'NONE', #1953, #1423, #810, .T. ) ;
#1033 = PRODUCT_DEFINITION_SHAPE ( 'NONE', 'NONE',  #104 ) ;
#1034 = VECTOR ( 'NONE', #1999, 1000.000000000000000 ) ;
#1035 = DIRECTION ( 'NONE',  ( 0.000000000000000000, 0.000000000000000000, 1.000000000000000000 ) ) ;
#1036 = CARTESIAN_POINT ( 'NONE',  ( 49.30665665595520863, 1.498599999999999932, 105.8974531664061800 ) ) ;
#1037 = ORIENTED_EDGE ( 'NONE', *, *, #883, .F. ) ;
#1038 = FACE_OUTER_BOUND ( 'NONE', #2139, .T. ) ;
#1039 = CARTESIAN_POINT ( 'NONE',  ( 4.163336342344337027E-14, 1.498599999999999710, 1.898650000000026150 ) ) ;
#1040 = CARTESIAN_POINT ( 'NONE',  ( 61.91250000000002274, 2.168404344971008868E-16, 120.6500000000000625 ) ) ;
#1041 = ORIENTED_EDGE ( 'NONE', *, *, #1031, .F. ) ;
#1042 = DIRECTION ( 'NONE',  ( 0.000000000000000000, 0.000000000000000000, 1.000000000000000000 ) ) ;
#1043 = DIRECTION ( 'NONE',  ( -0.000000000000000000, 1.000000000000000000, -0.000000000000000000 ) ) ;
#1044 = VECTOR ( 'NONE', #2914, 1000.000000000000000 ) ;
#1045 = DIRECTION ( 'NONE',  ( 0.000000000000000000, 0.000000000000000000, 1.000000000000000000 ) ) ;
#1046 = VERTEX_POINT ( 'NONE', #3102 ) ;
#1047 = VERTEX_POINT ( 'NONE', #811 ) ;
#1048 = EDGE_CURVE ( 'NONE', #1921, #1938, #1276, .T. ) ;
#1049 = EDGE_CURVE ( 'NONE', #1454, #3189, #21, .T. ) ;
#1050 = CARTESIAN_POINT ( 'NONE',  ( -95.24999999999994316, 1.498599999999999932, 1.898650000000001725 ) ) ;
#1051 = FACE_OUTER_BOUND ( 'NONE', #2353, .T. ) ;
#1052 = DIRECTION ( 'NONE',  ( 0.000000000000000000, 0.000000000000000000, 1.000000000000000000 ) ) ;
#1053 = CARTESIAN_POINT ( 'NONE',  ( 68.27568817180886640, 2.168404344971008868E-16, -101.5612292988779899 ) ) ;
#1054 = DIRECTION ( 'NONE',  ( 0.000000000000000000, 0.000000000000000000, 1.000000000000000000 ) ) ;
#1055 = EDGE_LOOP ( 'NONE', ( #2924, #2779, #332, #568 ) ) ;
#1056 = CARTESIAN_POINT ( 'NONE',  ( -80.89799999999823399, 2.168404344971008868E-16, 127.0509614608546229 ) ) ;
#1057 = FACE_OUTER_BOUND ( 'NONE', #2661, .T. ) ;
#1058 = CARTESIAN_POINT ( 'NONE',  ( -19.72299999999723141, 2.168404344971008868E-16, 48.05096146085460873 ) ) ;
#1059 = ORIENTED_EDGE ( 'NONE', *, *, #1911, .T. ) ;
#1060 = ORIENTED_EDGE ( 'NONE', *, *, #9, .T. ) ;
#1061 = EDGE_LOOP ( 'NONE', ( #2231, #277, #3009, #2144 ) ) ;
#1062 = CARTESIAN_POINT ( 'NONE',  ( 61.91250000000003695, 2.168404344971008868E-16, -81.27364999999997508 ) ) ;
#1063 = DIRECTION ( 'NONE',  ( -0.000000000000000000, 1.000000000000000000, -0.000000000000000000 ) ) ;
#1064 = CARTESIAN_POINT ( 'NONE',  ( -28.50556479709977253, 1.498599999999999932, 32.13818736271291243 ) ) ;
#1065 = EDGE_CURVE ( 'NONE', #1007, #2791, #2657, .T. ) ;
#1066 = EDGE_CURVE ( 'NONE', #2840, #3145, #2809, .T. ) ;
#1067 = CARTESIAN_POINT ( 'NONE',  ( 38.99613371784823812, 2.168404344971008868E-16, 39.21048641432279425 ) ) ;
#1068 = DIRECTION ( 'NONE',  ( -0.000000000000000000, 1.000000000000000000, -0.000000000000000000 ) ) ;
#1069 = AXIS2_PLACEMENT_3D ( 'NONE', #2083, #2583, #1783 ) ;
#1070 = VERTEX_POINT ( 'NONE', #569 ) ;
#1071 = DIRECTION ( 'NONE',  ( -0.000000000000000000, 1.000000000000000000, -0.000000000000000000 ) ) ;
#1072 = SURFACE_SIDE_STYLE ('',( #53 ) ) ;
#1073 = CIRCLE ( 'NONE', #2184, 1.898650000000001725 ) ;
#1074 = AXIS2_PLACEMENT_3D ( 'NONE', #1959, #949, #1496 ) ;
#1075 = CARTESIAN_POINT ( 'NONE',  ( -29.89799999999904045, 1.498599999999999932, 48.05096146085460873 ) ) ;
#1076 = VERTEX_POINT ( 'NONE', #1574 ) ;
#1077 = EDGE_LOOP ( 'NONE', ( #3115, #1404, #874, #1701 ) ) ;
#1078 = CIRCLE ( 'NONE', #1920, 1.898650000000001725 ) ;
#1079 = VECTOR ( 'NONE', #506, 1000.000000000000000 ) ;
#1080 = CIRCLE ( 'NONE', #2713, 2.110000000000000764 ) ;
#1081 = DIRECTION ( 'NONE',  ( -0.000000000000000000, 1.000000000000000000, -0.000000000000000000 ) ) ;
#1082 = CARTESIAN_POINT ( 'NONE',  ( -77.55000000000002558, 1.498599999999999932, 9.515099999999998559 ) ) ;
#1083 = AXIS2_PLACEMENT_3D ( 'NONE', #315, #804, #2107 ) ;
#1084 = MECHANICAL_DESIGN_GEOMETRIC_PRESENTATION_REPRESENTATION (  '', ( #1506 ), #3067 ) ;
#1085 = ADVANCED_FACE ( 'NONE', ( #2529 ), #334, .F. ) ;
#1086 = VECTOR ( 'NONE', #1899, 1000.000000000000000 ) ;
#1087 = CYLINDRICAL_SURFACE ( 'NONE', #1438, 1.700000000000000178 ) ;
#1088 = CARTESIAN_POINT ( 'NONE',  ( 82.29600000000003490, 2.168404344971008868E-16, 29.58465000000004608 ) ) ;
#1089 = ORIENTED_EDGE ( 'NONE', *, *, #2861, .F. ) ;
#1090 = CARTESIAN_POINT ( 'NONE',  ( 95.25000000000002842, 2.168404344971008868E-16, 122.5486500000000376 ) ) ;
#1091 = CARTESIAN_POINT ( 'NONE',  ( 46.45000000000001705, 1.498599999999999932, -123.1900000000000404 ) ) ;
#1092 = VERTEX_POINT ( 'NONE', #2793 ) ;
#1093 = EDGE_LOOP ( 'NONE', ( #1294, #565, #3085, #2481 ) ) ;
#1094 = EDGE_LOOP ( 'NONE', ( #1692, #443 ) ) ;
#1095 = ORIENTED_EDGE ( 'NONE', *, *, #2379, .F. ) ;
#1096 = FACE_OUTER_BOUND ( 'NONE', #2741, .T. ) ;
#1097 = DIRECTION ( 'NONE',  ( -0.000000000000000000, 1.000000000000000000, -0.000000000000000000 ) ) ;
#1098 = DIRECTION ( 'NONE',  ( 0.000000000000000000, 0.000000000000000000, 1.000000000000000000 ) ) ;
#1099 = FACE_OUTER_BOUND ( 'NONE', #2187, .T. ) ;
#1100 = ORIENTED_EDGE ( 'NONE', *, *, #2977, .T. ) ;
#1101 = VERTEX_POINT ( 'NONE', #1539 ) ;
#1102 = DIRECTION ( 'NONE',  ( 0.000000000000000000, 0.000000000000000000, 1.000000000000000000 ) ) ;
#1103 = DIRECTION ( 'NONE',  ( -0.000000000000000000, 1.000000000000000000, -0.000000000000000000 ) ) ;
#1104 = EDGE_CURVE ( 'NONE', #1405, #86, #445, .T. ) ;
#1105 = DIRECTION ( 'NONE',  ( -0.000000000000000000, 1.000000000000000000, -0.000000000000000000 ) ) ;
#1106 = FACE_OUTER_BOUND ( 'NONE', #1734, .T. ) ;
#1107 = VERTEX_POINT ( 'NONE', #3038 ) ;
#1108 = EDGE_CURVE ( 'NONE', #2482, #1249, #2300, .T. ) ;
#1109 = EDGE_CURVE ( 'NONE', #2894, #1859, #2357, .T. ) ;
#1110 = ORIENTED_EDGE ( 'NONE', *, *, #3159, .F. ) ;
#1111 = ORIENTED_EDGE ( 'NONE', *, *, #1911, .F. ) ;
#1112 = DIRECTION ( 'NONE',  ( 0.000000000000000000, 0.000000000000000000, 1.000000000000000000 ) ) ;
#1113 = CARTESIAN_POINT ( 'NONE',  ( 31.27700000000278990, 2.168404344971008868E-16, 128.7509614608546542 ) ) ;
#1114 = CARTESIAN_POINT ( 'NONE',  ( 4.163336342344337027E-14, 2.168404344971008868E-16, 1.898650000000027038 ) ) ;
#1115 = VERTEX_POINT ( 'NONE', #2063 ) ;
#1116 = LINE ( 'NONE', #589, #3066 ) ;
#1117 = CARTESIAN_POINT ( 'NONE',  ( -101.5999999999999801, 0.000000000000000000, 127.0000000000000000 ) ) ;
#1118 = DIRECTION ( 'NONE',  ( -0.000000000000000000, 1.000000000000000000, -0.000000000000000000 ) ) ;
#1119 = AXIS2_PLACEMENT_3D ( 'NONE', #524, #3031, #2298 ) ;
#1120 = ADVANCED_FACE ( 'NONE', ( #1096 ), #1789, .F. ) ;
#1121 = CARTESIAN_POINT ( 'NONE',  ( 46.45000000000001705, 1.498599999999999932, 6.809999999999996945 ) ) ;
#1122 = ORIENTED_EDGE ( 'NONE', *, *, #1350, .T. ) ;
#1123 = VERTEX_POINT ( 'NONE', #863 ) ;
#1124 = AXIS2_PLACEMENT_3D ( 'NONE', #1362, #834, #100 ) ;
#1125 = CIRCLE ( 'NONE', #226, 1.898650000000001725 ) ;
#1126 = EDGE_CURVE ( 'NONE', #371, #27, #1976, .T. ) ;
#1127 = VERTEX_POINT ( 'NONE', #1903 ) ;
#1128 = VECTOR ( 'NONE', #1282, 1000.000000000000000 ) ;
#1129 = VERTEX_POINT ( 'NONE', #2903 ) ;
#1130 = DIRECTION ( 'NONE',  ( 0.000000000000000000, 0.000000000000000000, 1.000000000000000000 ) ) ;
#1131 = CIRCLE ( 'NONE', #1551, 1.699999999999993072 ) ;
#1132 = CIRCLE ( 'NONE', #918, 1.587499999999991696 ) ;
#1133 = CIRCLE ( 'NONE', #2972, 1.700000000000000178 ) ;
#1134 = CARTESIAN_POINT ( 'NONE',  ( -28.50556479709977253, 1.498599999999999932, 30.43818736271291314 ) ) ;
#1135 = AXIS2_PLACEMENT_3D ( 'NONE', #1694, #1156, #3197 ) ;
#1136 = CARTESIAN_POINT ( 'NONE',  ( -19.72299999999723141, 1.498599999999999932, 46.35096146085460589 ) ) ;
#1137 = AXIS2_PLACEMENT_3D ( 'NONE', #223, #1168, #1415 ) ;
#1138 = ORIENTED_EDGE ( 'NONE', *, *, #2861, .T. ) ;
#1139 = FACE_OUTER_BOUND ( 'NONE', #2513, .T. ) ;
#1140 = CYLINDRICAL_SURFACE ( 'NONE', #2395, 1.700000000000007061 ) ;
#1141 = CARTESIAN_POINT ( 'NONE',  ( 50.21383968473930537, 0.000000000000000000, 133.4517614608546694 ) ) ;
#1142 = CARTESIAN_POINT ( 'NONE',  ( 0.000000000000000000, 1.498599999999999932, 0.000000000000000000 ) ) ;
#1143 = ORIENTED_EDGE ( 'NONE', *, *, #1706, .F. ) ;
#1144 = EDGE_LOOP ( 'NONE', ( #1459, #3098 ) ) ;
#1145 = ORIENTED_EDGE ( 'NONE', *, *, #237, .T. ) ;
#1146 = EDGE_LOOP ( 'NONE', ( #1750, #3269, #2562, #191 ) ) ;
#1147 = LINE ( 'NONE', #932, #1338 ) ;
#1148 = EDGE_CURVE ( 'NONE', #2040, #2842, #2160, .T. ) ;
#1149 = DIRECTION ( 'NONE',  ( -0.000000000000000000, 1.000000000000000000, -0.000000000000000000 ) ) ;
#1150 = CARTESIAN_POINT ( 'NONE',  ( 49.30665665595520863, 2.168404344971008868E-16, 105.8974531664061800 ) ) ;
#1151 = DIRECTION ( 'NONE',  ( -0.000000000000000000, 1.000000000000000000, -0.000000000000000000 ) ) ;
#1152 = PRODUCT_CONTEXT ( 'NONE', #3162, 'mechanical' ) ;
#1153 = ORIENTED_EDGE ( 'NONE', *, *, #2678, .T. ) ;
#1154 = EDGE_LOOP ( 'NONE', ( #1211, #1963, #347, #2151 ) ) ;
#1155 = DIRECTION ( 'NONE',  ( 0.000000000000000000, 0.000000000000000000, 1.000000000000000000 ) ) ;
#1156 = DIRECTION ( 'NONE',  ( -0.000000000000000000, 1.000000000000000000, -0.000000000000000000 ) ) ;
#1157 = DIRECTION ( 'NONE',  ( -0.000000000000000000, 1.000000000000000000, -0.000000000000000000 ) ) ;
#1158 = DIRECTION ( 'NONE',  ( 0.000000000000000000, -0.000000000000000000, 1.000000000000000000 ) ) ;
#1159 = EDGE_LOOP ( 'NONE', ( #3048, #2853, #1418, #1253 ) ) ;
#1160 = ORIENTED_EDGE ( 'NONE', *, *, #867, .T. ) ;
#1161 = DIRECTION ( 'NONE',  ( -0.000000000000000000, 1.000000000000000000, -0.000000000000000000 ) ) ;
#1162 = CARTESIAN_POINT ( 'NONE',  ( 31.27700000000278990, 2.168404344971008868E-16, 125.3509614608546485 ) ) ;
#1163 = CARTESIAN_POINT ( 'NONE',  ( -28.50556479709977253, 1.498599999999999932, 36.43818736271290959 ) ) ;
#1164 = CARTESIAN_POINT ( 'NONE',  ( -90.97771013878475799, 1.498599999999999932, 94.07875789685846257 ) ) ;
#1165 = ORIENTED_EDGE ( 'NONE', *, *, #3248, .T. ) ;
#1166 = EDGE_LOOP ( 'NONE', ( #540, #2943, #210, #311 ) ) ;
#1167 = DIRECTION ( 'NONE',  ( 0.000000000000000000, 0.000000000000000000, 1.000000000000000000 ) ) ;
#1168 = DIRECTION ( 'NONE',  ( -0.000000000000000000, 1.000000000000000000, -0.000000000000000000 ) ) ;
#1169 = LINE ( 'NONE', #1666, #2101 ) ;
#1170 = DIRECTION ( 'NONE',  ( -0.000000000000000000, 1.000000000000000000, -0.000000000000000000 ) ) ;
#1171 = VERTEX_POINT ( 'NONE', #2925 ) ;
#1172 = CIRCLE ( 'NONE', #1593, 1.898650000000001725 ) ;
#1173 = EDGE_LOOP ( 'NONE', ( #2588, #1383, #200, #2336 ) ) ;
#1174 = EDGE_LOOP ( 'NONE', ( #405, #2007, #587, #1059 ) ) ;
#1175 = AXIS2_PLACEMENT_3D ( 'NONE', #248, #2214, #2253 ) ;
#1176 = DIRECTION ( 'NONE',  ( 0.000000000000000000, 0.000000000000000000, 1.000000000000000000 ) ) ;
#1177 = AXIS2_PLACEMENT_3D ( 'NONE', #1785, #1521, #1042 ) ;
#1178 = AXIS2_PLACEMENT_3D ( 'NONE', #1053, #1314, #2567 ) ;
#1179 = CARTESIAN_POINT ( 'NONE',  ( 4.163336342344337027E-14, 1.498599999999999932, 2.775557561562891351E-14 ) ) ;
#1180 = DIRECTION ( 'NONE',  ( -0.000000000000000000, 1.000000000000000000, -0.000000000000000000 ) ) ;
#1181 = AXIS2_PLACEMENT_3D ( 'NONE', #2080, #2882, #1301 ) ;
#1182 = AXIS2_PLACEMENT_3D ( 'NONE', #1856, #35, #913 ) ;
#1183 = DIRECTION ( 'NONE',  ( -0.000000000000000000, 1.000000000000000000, -0.000000000000000000 ) ) ;
#1184 = CIRCLE ( 'NONE', #2089, 1.587499999999991696 ) ;
#1185 = CIRCLE ( 'NONE', #289, 1.898650000000001725 ) ;
#1186 = ORIENTED_EDGE ( 'NONE', *, *, #398, .F. ) ;
#1187 = DIRECTION ( 'NONE',  ( -0.000000000000000000, 1.000000000000000000, -0.000000000000000000 ) ) ;
#1188 = CARTESIAN_POINT ( 'NONE',  ( -95.24999999999997158, 1.498599999999999710, 120.6500000000000057 ) ) ;
#1189 = VECTOR ( 'NONE', #2527, 1000.000000000000000 ) ;
#1190 = CARTESIAN_POINT ( 'NONE',  ( 51.80133968473930395, 0.000000000000000000, 128.5875000000000057 ) ) ;
#1191 = EDGE_CURVE ( 'NONE', #199, #654, #1147, .T. ) ;
#1192 = CYLINDRICAL_SURFACE ( 'NONE', #275, 2.110000000000000764 ) ;
#1193 = FACE_BOUND ( 'NONE', #2307, .T. ) ;
#1194 = VECTOR ( 'NONE', #2605, 1000.000000000000000 ) ;
#1195 = ORIENTED_EDGE ( 'NONE', *, *, #2285, .T. ) ;
#1196 = ORIENTED_EDGE ( 'NONE', *, *, #146, .F. ) ;
#1197 = VERTEX_POINT ( 'NONE', #1407 ) ;
#1198 = CARTESIAN_POINT ( 'NONE',  ( 68.27568817180886640, 1.498599999999999932, -101.5612292988779899 ) ) ;
#1199 = FACE_OUTER_BOUND ( 'NONE', #2227, .T. ) ;
#1200 = ORIENTED_EDGE ( 'NONE', *, *, #980, .T. ) ;
#1201 = ORIENTED_EDGE ( 'NONE', *, *, #3179, .F. ) ;
#1202 = DIRECTION ( 'NONE',  ( 0.000000000000000000, 0.000000000000000000, 1.000000000000000000 ) ) ;
#1203 = CARTESIAN_POINT ( 'NONE',  ( 31.27700000000278990, 2.168404344971008868E-16, 49.75096146085460447 ) ) ;
#1204 = DIRECTION ( 'NONE',  ( 0.000000000000000000, 0.000000000000000000, -1.000000000000000000 ) ) ;
#1205 = CARTESIAN_POINT ( 'NONE',  ( -19.72299999999723141, 1.498599999999999932, 127.0509614608546514 ) ) ;
#1206 = FACE_BOUND ( 'NONE', #477, .T. ) ;
#1207 = VERTEX_POINT ( 'NONE', #2417 ) ;
#1208 = ORIENTED_EDGE ( 'NONE', *, *, #2146, .F. ) ;
#1209 = ADVANCED_FACE ( 'NONE', ( #618 ), #385, .F. ) ;
#1210 = ORIENTED_EDGE ( 'NONE', *, *, #3099, .T. ) ;
#1211 = ORIENTED_EDGE ( 'NONE', *, *, #90, .F. ) ;
#1212 = EDGE_CURVE ( 'NONE', #710, #622, #340, .T. ) ;
#1213 = DIRECTION ( 'NONE',  ( -0.000000000000000000, 1.000000000000000000, -0.000000000000000000 ) ) ;
#1214 = DIRECTION ( 'NONE',  ( -0.000000000000000000, 1.000000000000000000, -0.000000000000000000 ) ) ;
#1215 = DIRECTION ( 'NONE',  ( 0.000000000000000000, 0.000000000000000000, 1.000000000000000000 ) ) ;
#1216 = EDGE_LOOP ( 'NONE', ( #1662, #1516 ) ) ;
#1217 = FACE_OUTER_BOUND ( 'NONE', #355, .T. ) ;
#1218 = DIRECTION ( 'NONE',  ( -0.000000000000000000, 1.000000000000000000, -0.000000000000000000 ) ) ;
#1219 = CARTESIAN_POINT ( 'NONE',  ( 49.30665665595520863, 2.168404344971008868E-16, 104.1974531664061914 ) ) ;
#1220 = CARTESIAN_POINT ( 'NONE',  ( 100.0125000000000028, 1.498599999999999932, 127.0000000000000000 ) ) ;
#1221 = VERTEX_POINT ( 'NONE', #911 ) ;
#1222 = FACE_OUTER_BOUND ( 'NONE', #975, .T. ) ;
#1223 = EDGE_CURVE ( 'NONE', #1171, #1896, #666, .T. ) ;
#1224 = CARTESIAN_POINT ( 'NONE',  ( -19.72299999999723141, 2.168404344971008868E-16, 48.05096146085460873 ) ) ;
#1225 = ORIENTED_EDGE ( 'NONE', *, *, #2757, .T. ) ;
#1226 = ADVANCED_FACE ( 'NONE', ( #131 ), #1889, .T. ) ;
#1227 = AXIS2_PLACEMENT_3D ( 'NONE', #2055, #2328, #1003 ) ;
#1228 = CIRCLE ( 'NONE', #278, 1.699999999999993072 ) ;
#1229 = CARTESIAN_POINT ( 'NONE',  ( -95.24999999999997158, 1.498599999999999710, 118.7513500000000022 ) ) ;
#1230 = DIRECTION ( 'NONE',  ( 1.000000000000000000, -0.000000000000000000, -0.000000000000000000 ) ) ;
#1231 = CIRCLE ( 'NONE', #1074, 2.110000000000000764 ) ;
#1232 = VERTEX_POINT ( 'NONE', #372 ) ;
#1233 = VECTOR ( 'NONE', #1014, 1000.000000000000000 ) ;
#1234 = DIRECTION ( 'NONE',  ( -0.000000000000000000, 1.000000000000000000, -0.000000000000000000 ) ) ;
#1235 = CIRCLE ( 'NONE', #651, 1.699999999999993072 ) ;
#1236 = FACE_OUTER_BOUND ( 'NONE', #1173, .T. ) ;
#1237 = DIRECTION ( 'NONE',  ( 1.000000000000000000, -0.000000000000000000, 0.000000000000000000 ) ) ;
#1238 = DIRECTION ( 'NONE',  ( 0.000000000000000000, 0.000000000000000000, 1.000000000000000000 ) ) ;
#1239 = CIRCLE ( 'NONE', #3073, 1.699999999999993072 ) ;
#1240 = AXIS2_PLACEMENT_3D ( 'NONE', #2747, #217, #747 ) ;
#1241 = ORIENTED_EDGE ( 'NONE', *, *, #273, .T. ) ;
#1242 = ORIENTED_EDGE ( 'NONE', *, *, #237, .F. ) ;
#1243 = DIRECTION ( 'NONE',  ( -0.000000000000000000, 1.000000000000000000, -0.000000000000000000 ) ) ;
#1244 = FACE_BOUND ( 'NONE', #1799, .T. ) ;
#1245 = CIRCLE ( 'NONE', #1441, 1.898650000000001725 ) ;
#1246 = CIRCLE ( 'NONE', #1918, 2.110000000000000764 ) ;
#1247 = CIRCLE ( 'NONE', #608, 1.699999999999993072 ) ;
#1248 = FACE_OUTER_BOUND ( 'NONE', #3173, .T. ) ;
#1249 = VERTEX_POINT ( 'NONE', #2385 ) ;
#1250 = DIRECTION ( 'NONE',  ( -0.000000000000000000, 1.000000000000000000, -0.000000000000000000 ) ) ;
#1251 = ADVANCED_FACE ( 'NONE', ( #3152 ), #1673, .F. ) ;
#1252 = CARTESIAN_POINT ( 'NONE',  ( 43.23877440496806912, 1.498599999999999932, 34.96784572720404327 ) ) ;
#1253 = ORIENTED_EDGE ( 'NONE', *, *, #3261, .F. ) ;
#1254 = CARTESIAN_POINT ( 'NONE',  ( -95.24999999999994316, 1.498599999999999932, 0.000000000000000000 ) ) ;
#1255 = CARTESIAN_POINT ( 'NONE',  ( 100.0125000000000028, 1.498599999999999932, -130.1750000000000398 ) ) ;
#1256 = CARTESIAN_POINT ( 'NONE',  ( 46.45000000000001705, 1.498599999999999932, -125.8951000000000420 ) ) ;
#1257 = ORIENTED_EDGE ( 'NONE', *, *, #1554, .T. ) ;
#1258 = DIRECTION ( 'NONE',  ( -0.000000000000000000, 1.000000000000000000, -0.000000000000000000 ) ) ;
#1259 = FACE_BOUND ( 'NONE', #2820, .T. ) ;
#1260 = CARTESIAN_POINT ( 'NONE',  ( -29.89799999999904045, 1.498599999999999932, 125.3509614608546485 ) ) ;
#1261 = ORIENTED_EDGE ( 'NONE', *, *, #1715, .T. ) ;
#1262 = EDGE_LOOP ( 'NONE', ( #160, #1110, #2918, #1261 ) ) ;
#1263 = LINE ( 'NONE', #201, #2402 ) ;
#1264 = DIRECTION ( 'NONE',  ( -0.000000000000000000, 1.000000000000000000, -0.000000000000000000 ) ) ;
#1265 = ORIENTED_EDGE ( 'NONE', *, *, #1939, .T. ) ;
#1266 = DIRECTION ( 'NONE',  ( 1.000000000000000000, 0.000000000000000000, -1.365923996832131856E-16 ) ) ;
#1267 = CARTESIAN_POINT ( 'NONE',  ( 95.25000000000004263, 1.498599999999999932, 2.775557561562891351E-14 ) ) ;
#1268 = DIRECTION ( 'NONE',  ( 0.000000000000000000, 0.000000000000000000, 1.000000000000000000 ) ) ;
#1269 = ADVANCED_FACE ( 'NONE', ( #2188 ), #2430, .F. ) ;
#1270 = EDGE_CURVE ( 'NONE', #1197, #1363, #2612, .T. ) ;
#1271 = ORIENTED_EDGE ( 'NONE', *, *, #70, .F. ) ;
#1272 = CARTESIAN_POINT ( 'NONE',  ( 4.163336342344337027E-14, 1.498599999999999710, 2.775557561562891351E-14 ) ) ;
#1273 = CARTESIAN_POINT ( 'NONE',  ( 43.23877440496806912, 1.498599999999999932, 34.96784572720404327 ) ) ;
#1274 = VERTEX_POINT ( 'NONE', #1420 ) ;
#1275 = ORIENTED_EDGE ( 'NONE', *, *, #1639, .F. ) ;
#1276 = LINE ( 'NONE', #554, #292 ) ;
#1277 = DIRECTION ( 'NONE',  ( 0.000000000000000000, 0.000000000000000000, 1.000000000000000000 ) ) ;
#1278 = AXIS2_PLACEMENT_3D ( 'NONE', #2707, #1744, #1238 ) ;
#1279 = AXIS2_PLACEMENT_3D ( 'NONE', #29, #787, #2018 ) ;
#1280 = ORIENTED_EDGE ( 'NONE', *, *, #2783, .F. ) ;
#1281 = CARTESIAN_POINT ( 'NONE',  ( 95.25000000000005684, 2.168404344971008868E-16, -79.37500000000002842 ) ) ;
#1282 = DIRECTION ( 'NONE',  ( -0.000000000000000000, 1.000000000000000000, -0.000000000000000000 ) ) ;
#1283 = LINE ( 'NONE', #752, #2491 ) ;
#1284 = AXIS2_PLACEMENT_3D ( 'NONE', #2470, #1518, #206 ) ;
#1285 = CIRCLE ( 'NONE', #968, 1.699999999999993072 ) ;
#1286 = ORIENTED_EDGE ( 'NONE', *, *, #381, .F. ) ;
#1287 = ORIENTED_EDGE ( 'NONE', *, *, #781, .F. ) ;
#1288 = ORIENTED_EDGE ( 'NONE', *, *, #2222, .F. ) ;
#1289 = FACE_BOUND ( 'NONE', #1930, .T. ) ;
#1290 = AXIS2_PLACEMENT_3D ( 'NONE', #1150, #2667, #1374 ) ;
#1291 = AXIS2_PLACEMENT_3D ( 'NONE', #1636, #649, #1658 ) ;
#1292 = CARTESIAN_POINT ( 'NONE',  ( 82.29600000000003490, 1.498599999999999710, 27.68600000000004258 ) ) ;
#1293 = CIRCLE ( 'NONE', #2607, 1.700000000000000178 ) ;
#1294 = ORIENTED_EDGE ( 'NONE', *, *, #3011, .F. ) ;
#1295 = EDGE_CURVE ( 'NONE', #2103, #1804, #57, .T. ) ;
#1296 = CIRCLE ( 'NONE', #977, 1.898650000000001725 ) ;
#1297 = DIRECTION ( 'NONE',  ( 0.000000000000000000, 0.000000000000000000, 1.000000000000000000 ) ) ;
#1298 = DIRECTION ( 'NONE',  ( -0.000000000000000000, -1.000000000000000000, 0.000000000000000000 ) ) ;
#1299 = FACE_OUTER_BOUND ( 'NONE', #2796, .T. ) ;
#1300 = CYLINDRICAL_SURFACE ( 'NONE', #2652, 1.898650000000001725 ) ;
#1301 = DIRECTION ( 'NONE',  ( 0.000000000000000000, 0.000000000000000000, 1.000000000000000000 ) ) ;
#1302 = DIRECTION ( 'NONE',  ( -0.000000000000000000, 1.000000000000000000, -0.000000000000000000 ) ) ;
#1303 = EDGE_LOOP ( 'NONE', ( #2183, #1376, #782, #87 ) ) ;
#1304 = VERTEX_POINT ( 'NONE', #2859 ) ;
#1305 = CARTESIAN_POINT ( 'NONE',  ( 95.25000000000004263, 2.168404344971008868E-16, 2.775557561562891351E-14 ) ) ;
#1306 = DIRECTION ( 'NONE',  ( 0.000000000000000000, 0.000000000000000000, 1.000000000000000000 ) ) ;
#1307 = DIRECTION ( 'NONE',  ( 0.000000000000000000, 0.000000000000000000, 1.000000000000000000 ) ) ;
#1308 = ORIENTED_EDGE ( 'NONE', *, *, #2121, .T. ) ;
#1309 = ADVANCED_FACE ( 'NONE', ( #598 ), #356, .F. ) ;
#1310 = ADVANCED_FACE ( 'NONE', ( #2126 ), #3118, .F. ) ;
#1311 = CARTESIAN_POINT ( 'NONE',  ( -29.89799999999904045, 2.168404344971008868E-16, 49.75096146085460447 ) ) ;
#1312 = LINE ( 'NONE', #1843, #1822 ) ;
#1313 = CARTESIAN_POINT ( 'NONE',  ( 41.26191796937727219, 1.498599999999999932, 24.62330310867499961 ) ) ;
#1314 = DIRECTION ( 'NONE',  ( -0.000000000000000000, 1.000000000000000000, -0.000000000000000000 ) ) ;
#1315 = LINE ( 'NONE', #536, #2542 ) ;
#1316 = ORIENTED_EDGE ( 'NONE', *, *, #1775, .F. ) ;
#1317 = ORIENTED_EDGE ( 'NONE', *, *, #900, .T. ) ;
#1318 = DIRECTION ( 'NONE',  ( 0.000000000000000000, 0.000000000000000000, 1.000000000000000000 ) ) ;
#1319 = CARTESIAN_POINT ( 'NONE',  ( 95.25000000000005684, 1.498599999999999710, -120.6499999999999488 ) ) ;
#1320 = DIRECTION ( 'NONE',  ( 0.000000000000000000, 0.000000000000000000, 1.000000000000000000 ) ) ;
#1321 = ORIENTED_EDGE ( 'NONE', *, *, #1109, .F. ) ;
#1322 = ORIENTED_EDGE ( 'NONE', *, *, #819, .T. ) ;
#1323 = EDGE_LOOP ( 'NONE', ( #55, #1702 ) ) ;
#1324 = CARTESIAN_POINT ( 'NONE',  ( 46.45000000000001705, 1.498599999999999932, 6.809999999999996945 ) ) ;
#1325 = DIRECTION ( 'NONE',  ( 0.000000000000000000, 0.000000000000000000, 1.000000000000000000 ) ) ;
#1326 = CARTESIAN_POINT ( 'NONE',  ( -6.738082030622740248, 1.498599999999999932, 22.51330310867499662 ) ) ;
#1327 = CARTESIAN_POINT ( 'NONE',  ( 61.91250000000002274, 2.168404344971008868E-16, 122.5486500000000660 ) ) ;
#1328 = ORIENTED_EDGE ( 'NONE', *, *, #1439, .F. ) ;
#1329 = DIRECTION ( 'NONE',  ( 0.000000000000000000, 0.000000000000000000, 1.000000000000000000 ) ) ;
#1330 = DIRECTION ( 'NONE',  ( 0.000000000000000000, 0.000000000000000000, 1.000000000000000000 ) ) ;
#1331 = CIRCLE ( 'NONE', #764, 1.898650000000001725 ) ;
#1332 = CIRCLE ( 'NONE', #1703, 2.110000000000000764 ) ;
#1333 = CARTESIAN_POINT ( 'NONE',  ( -95.24999999999997158, 2.168404344971008868E-16, 120.6500000000000057 ) ) ;
#1334 = EDGE_LOOP ( 'NONE', ( #1682, #1316, #665, #1466 ) ) ;
#1335 = AXIS2_PLACEMENT_3D ( 'NONE', #2342, #2114, #2864 ) ;
#1336 = CIRCLE ( 'NONE', #3126, 1.699999999999993072 ) ;
#1337 = CIRCLE ( 'NONE', #3186, 2.705100000000002058 ) ;
#1338 = VECTOR ( 'NONE', #2889, 1000.000000000000000 ) ;
#1339 = ORIENTED_EDGE ( 'NONE', *, *, #1893, .F. ) ;
#1340 = DIRECTION ( 'NONE',  ( -0.000000000000000000, 1.000000000000000000, -0.000000000000000000 ) ) ;
#1341 = LINE ( 'NONE', #531, #3237 ) ;
#1342 = AXIS2_PLACEMENT_3D ( 'NONE', #1121, #2852, #2119 ) ;
#1343 = AXIS2_PLACEMENT_3D ( 'NONE', #112, #1608, #1130 ) ;
#1344 = VECTOR ( 'NONE', #673, 1000.000000000000000 ) ;
#1345 = LINE ( 'NONE', #832, #2916 ) ;
#1346 = LINE ( 'NONE', #3105, #2028 ) ;
#1347 =( NAMED_UNIT ( * ) SI_UNIT ( $, .STERADIAN. ) SOLID_ANGLE_UNIT ( ) );
#1348 = ADVANCED_FACE ( 'NONE', ( #993 ), #2557, .T. ) ;
#1349 = ORIENTED_EDGE ( 'NONE', *, *, #2362, .T. ) ;
#1350 = EDGE_CURVE ( 'NONE', #1595, #711, #3241, .T. ) ;
#1351 = DIRECTION ( 'NONE',  ( -0.000000000000000000, 1.000000000000000000, -0.000000000000000000 ) ) ;
#1352 = CARTESIAN_POINT ( 'NONE',  ( 41.26191796937727219, 1.498599999999999932, 22.51330310867499662 ) ) ;
#1353 = LINE ( 'NONE', #2154, #449 ) ;
#1354 = CARTESIAN_POINT ( 'NONE',  ( -6.738082030622740248, 1.498599999999999932, 22.51330310867499662 ) ) ;
#1355 = ORIENTED_EDGE ( 'NONE', *, *, #706, .T. ) ;
#1356 = EDGE_LOOP ( 'NONE', ( #730, #929, #2108, #354 ) ) ;
#1357 = ORIENTED_EDGE ( 'NONE', *, *, #2899, .F. ) ;
#1358 = CARTESIAN_POINT ( 'NONE',  ( 61.91250000000002274, 1.498599999999999932, 120.6500000000000625 ) ) ;
#1359 = DIRECTION ( 'NONE',  ( -0.000000000000000000, 1.000000000000000000, -0.000000000000000000 ) ) ;
#1360 = CARTESIAN_POINT ( 'NONE',  ( 62.27568817180885929, 2.168404344971008868E-16, -101.5612292988779899 ) ) ;
#1361 = ADVANCED_FACE ( 'NONE', ( #2695, #301, #2526, #741, #2005, #1941, #1259, #2019, #544, #1550, #2059, #2490, #2272, #1748, #279, #1023, #1289, #1767, #2777, #512, #2042, #1505, #3012, #229, #263, #1244, #1536, #775, #1786, #2539, #2318, #788, #1801, #2805, #680, #40, #2939, #2134, #1057 ), #2394, .F. ) ;
#1362 = CARTESIAN_POINT ( 'NONE',  ( 0.000000000000000000, 0.000000000000000000, 0.000000000000000000 ) ) ;
#1363 = VERTEX_POINT ( 'NONE', #2105 ) ;
#1364 = ORIENTED_EDGE ( 'NONE', *, *, #1747, .T. ) ;
#1365 = CARTESIAN_POINT ( 'NONE',  ( -19.72299999999723141, 1.498599999999999932, 48.05096146085460873 ) ) ;
#1366 = CARTESIAN_POINT ( 'NONE',  ( 61.91250000000002274, 2.168404344971008868E-16, 118.7513500000000590 ) ) ;
#1367 = EDGE_CURVE ( 'NONE', #622, #710, #912, .T. ) ;
#1368 = DIRECTION ( 'NONE',  ( 0.000000000000000000, 0.000000000000000000, 1.000000000000000000 ) ) ;
#1369 = CARTESIAN_POINT ( 'NONE',  ( 31.27700000000278990, 1.498599999999999932, 49.75096146085460447 ) ) ;
#1370 = EDGE_LOOP ( 'NONE', ( #1860, #2428 ) ) ;
#1371 = VERTEX_POINT ( 'NONE', #1366 ) ;
#1372 = DIRECTION ( 'NONE',  ( -0.000000000000000000, 1.000000000000000000, -0.000000000000000000 ) ) ;
#1373 = CARTESIAN_POINT ( 'NONE',  ( 46.45000000000001705, 1.498599999999999932, 9.515099999999998559 ) ) ;
#1374 = DIRECTION ( 'NONE',  ( 0.000000000000000000, 0.000000000000000000, 1.000000000000000000 ) ) ;
#1375 = ORIENTED_EDGE ( 'NONE', *, *, #417, .F. ) ;
#1376 = ORIENTED_EDGE ( 'NONE', *, *, #3140, .F. ) ;
#1377 = DIRECTION ( 'NONE',  ( -0.000000000000000000, 1.000000000000000000, -0.000000000000000000 ) ) ;
#1378 = FILL_AREA_STYLE ('',( #2823 ) ) ;
#1379 = DIRECTION ( 'NONE',  ( 0.000000000000000000, 0.000000000000000000, 1.000000000000000000 ) ) ;
#1380 = VECTOR ( 'NONE', #1720, 1000.000000000000000 ) ;
#1381 = CIRCLE ( 'NONE', #10, 1.699999999999993072 ) ;
#1382 = FACE_BOUND ( 'NONE', #974, .T. ) ;
#1383 = ORIENTED_EDGE ( 'NONE', *, *, #2285, .F. ) ;
#1384 = ORIENTED_EDGE ( 'NONE', *, *, #15, .T. ) ;
#1385 = EDGE_CURVE ( 'NONE', #2461, #130, #2586, .T. ) ;
#1386 = EDGE_CURVE ( 'NONE', #1996, #519, #2247, .T. ) ;
#1387 = VECTOR ( 'NONE', #1897, 1000.000000000000000 ) ;
#1388 = ORIENTED_EDGE ( 'NONE', *, *, #2801, .F. ) ;
#1389 = AXIS2_PLACEMENT_3D ( 'NONE', #1188, #1664, #2425 ) ;
#1390 = EDGE_LOOP ( 'NONE', ( #2590, #3138, #575, #2936 ) ) ;
#1391 = EDGE_CURVE ( 'NONE', #888, #2415, #925, .T. ) ;
#1392 = DIRECTION ( 'NONE',  ( -0.000000000000000000, 1.000000000000000000, -0.000000000000000000 ) ) ;
#1393 = AXIS2_PLACEMENT_3D ( 'NONE', #2064, #307, #336 ) ;
#1394 = AXIS2_PLACEMENT_3D ( 'NONE', #2565, #318, #1325 ) ;
#1395 = CARTESIAN_POINT ( 'NONE',  ( -28.50556479709977253, 2.168404344971008868E-16, 39.83818736271291527 ) ) ;
#1396 = CARTESIAN_POINT ( 'NONE',  ( 51.80133968473930395, 1.498599999999988830, 128.5875000000000057 ) ) ;
#1397 = CIRCLE ( 'NONE', #1137, 1.898650000000001725 ) ;
#1398 = ORIENTED_EDGE ( 'NONE', *, *, #146, .T. ) ;
#1399 = EDGE_LOOP ( 'NONE', ( #23, #635 ) ) ;
#1400 = CARTESIAN_POINT ( 'NONE',  ( 50.21383968473930537, -151.9508708292634367, 131.8642614608546637 ) ) ;
#1401 = DIRECTION ( 'NONE',  ( -0.000000000000000000, 1.000000000000000000, -0.000000000000000000 ) ) ;
#1402 = CARTESIAN_POINT ( 'NONE',  ( -28.50556479709977253, 2.168404344971008868E-16, 32.13818736271291243 ) ) ;
#1403 = CARTESIAN_POINT ( 'NONE',  ( 101.6000000000000085, 0.000000000000000000, -128.5875000000000909 ) ) ;
#1404 = ORIENTED_EDGE ( 'NONE', *, *, #243, .T. ) ;
#1405 = VERTEX_POINT ( 'NONE', #2072 ) ;
#1406 = EDGE_LOOP ( 'NONE', ( #425, #2215 ) ) ;
#1407 = CARTESIAN_POINT ( 'NONE',  ( 82.29600000000003490, 2.168404344971008868E-16, 25.78735000000004263 ) ) ;
#1408 = ADVANCED_FACE ( 'NONE', ( #325 ), #3093, .F. ) ;
#1409 = DIRECTION ( 'NONE',  ( 0.000000000000000000, 0.000000000000000000, 1.000000000000000000 ) ) ;
#1410 = DIRECTION ( 'NONE',  ( -0.000000000000000000, 1.000000000000000000, 0.000000000000000000 ) ) ;
#1411 = CARTESIAN_POINT ( 'NONE',  ( -29.89799999999904045, 1.498599999999999932, 128.7509614608546542 ) ) ;
#1412 = ORIENTED_EDGE ( 'NONE', *, *, #619, .T. ) ;
#1413 = DIRECTION ( 'NONE',  ( 0.000000000000000000, 0.000000000000000000, 1.000000000000000000 ) ) ;
#1414 = CARTESIAN_POINT ( 'NONE',  ( -77.55000000000002558, 4.336808689942017736E-16, -123.1900000000000404 ) ) ;
#1415 = DIRECTION ( 'NONE',  ( 0.000000000000000000, 0.000000000000000000, 1.000000000000000000 ) ) ;
#1416 = FACE_BOUND ( 'NONE', #3113, .T. ) ;
#1417 = ORIENTED_EDGE ( 'NONE', *, *, #3249, .F. ) ;
#1418 = ORIENTED_EDGE ( 'NONE', *, *, #1589, .T. ) ;
#1419 = ORIENTED_EDGE ( 'NONE', *, *, #2121, .F. ) ;
#1420 = CARTESIAN_POINT ( 'NONE',  ( -90.97771013878475799, 1.498599999999999932, -8.336850364565249194 ) ) ;
#1421 = DIRECTION ( 'NONE',  ( -0.000000000000000000, 1.000000000000000000, -0.000000000000000000 ) ) ;
#1422 = CYLINDRICAL_SURFACE ( 'NONE', #1603, 1.587499999999991696 ) ;
#1423 = VERTEX_POINT ( 'NONE', #2850 ) ;
#1424 = ORIENTED_EDGE ( 'NONE', *, *, #2973, .F. ) ;
#1425 = CARTESIAN_POINT ( 'NONE',  ( 95.25000000000002842, 2.168404344971008868E-16, 118.7513500000000306 ) ) ;
#1426 = DIRECTION ( 'NONE',  ( -0.000000000000000000, 1.000000000000000000, -0.000000000000000000 ) ) ;
#1427 = DIRECTION ( 'NONE',  ( -0.000000000000000000, 1.000000000000000000, -0.000000000000000000 ) ) ;
#1428 = DIRECTION ( 'NONE',  ( 0.000000000000000000, 0.000000000000000000, -1.000000000000000000 ) ) ;
#1429 = DIRECTION ( 'NONE',  ( 0.000000000000000000, 0.000000000000000000, 1.000000000000000000 ) ) ;
#1430 = ORIENTED_EDGE ( 'NONE', *, *, #148, .T. ) ;
#1431 = VECTOR ( 'NONE', #2535, 1000.000000000000000 ) ;
#1432 = EDGE_LOOP ( 'NONE', ( #144, #510 ) ) ;
#1433 = AXIS2_PLACEMENT_3D ( 'NONE', #1272, #774, #461 ) ;
#1434 = CIRCLE ( 'NONE', #13, 1.700000000000000178 ) ;
#1435 = CIRCLE ( 'NONE', #58, 2.110000000000000764 ) ;
#1436 = DIRECTION ( 'NONE',  ( 0.000000000000000000, 0.000000000000000000, 1.000000000000000000 ) ) ;
#1437 = DIRECTION ( 'NONE',  ( -0.000000000000000000, 1.000000000000000000, -0.000000000000000000 ) ) ;
#1438 = AXIS2_PLACEMENT_3D ( 'NONE', #1064, #2099, #2359 ) ;
#1439 = EDGE_CURVE ( 'NONE', #778, #1405, #1883, .T. ) ;
#1440 = EDGE_CURVE ( 'NONE', #529, #835, #1246, .T. ) ;
#1441 = AXIS2_PLACEMENT_3D ( 'NONE', #729, #2790, #251 ) ;
#1442 = PRODUCT_DEFINITION_CONTEXT ( 'detailed design', #1753, 'design' ) ;
#1443 = AXIS2_PLACEMENT_3D ( 'NONE', #516, #2579, #3086 ) ;
#1444 = EDGE_LOOP ( 'NONE', ( #1952, #617, #2750, #894 ) ) ;
#1445 = ORIENTED_EDGE ( 'NONE', *, *, #46, .F. ) ;
#1446 = DIRECTION ( 'NONE',  ( -0.000000000000000000, 1.000000000000000000, -0.000000000000000000 ) ) ;
#1447 = CARTESIAN_POINT ( 'NONE',  ( -28.50556479709977253, 1.498599999999999932, 33.83818736271291527 ) ) ;
#1448 = AXIS2_PLACEMENT_3D ( 'NONE', #2946, #1961, #1719 ) ;
#1449 = FACE_OUTER_BOUND ( 'NONE', #2096, .T. ) ;
#1450 = DIRECTION ( 'NONE',  ( -0.000000000000000000, 1.000000000000000000, -0.000000000000000000 ) ) ;
#1451 = ADVANCED_FACE ( 'NONE', ( #3082 ), #612, .F. ) ;
#1452 = ADVANCED_FACE ( 'NONE', ( #2378 ), #349, .F. ) ;
#1453 = FACE_OUTER_BOUND ( 'NONE', #1579, .T. ) ;
#1454 = VERTEX_POINT ( 'NONE', #563 ) ;
#1455 = EDGE_LOOP ( 'NONE', ( #2453, #2538, #2287, #2985 ) ) ;
#1456 = ORIENTED_EDGE ( 'NONE', *, *, #2801, .T. ) ;
#1457 = CARTESIAN_POINT ( 'NONE',  ( -19.72299999999723141, 1.498599999999999932, 127.0509614608546514 ) ) ;
#1458 = DIRECTION ( 'NONE',  ( 0.000000000000000000, 0.000000000000000000, 1.000000000000000000 ) ) ;
#1459 = ORIENTED_EDGE ( 'NONE', *, *, #2246, .F. ) ;
#1460 = CARTESIAN_POINT ( 'NONE',  ( 49.30665665595520863, 1.498599999999999932, 105.8974531664061800 ) ) ;
#1461 = CARTESIAN_POINT ( 'NONE',  ( 31.27700000000278990, 1.498599999999999932, 127.0509614608546514 ) ) ;
#1462 = EDGE_CURVE ( 'NONE', #1698, #821, #2502, .T. ) ;
#1463 = CARTESIAN_POINT ( 'NONE',  ( -95.24999999999994316, 1.498599999999999932, -118.7513499999999738 ) ) ;
#1464 = DIRECTION ( 'NONE',  ( 0.000000000000000000, 0.000000000000000000, 1.000000000000000000 ) ) ;
#1465 = ORIENTED_EDGE ( 'NONE', *, *, #216, .T. ) ;
#1466 = ORIENTED_EDGE ( 'NONE', *, *, #382, .T. ) ;
#1467 = DIRECTION ( 'NONE',  ( -0.000000000000000000, 1.000000000000000000, -0.000000000000000000 ) ) ;
#1468 = DIRECTION ( 'NONE',  ( 0.000000000000000000, 0.000000000000000000, 1.000000000000000000 ) ) ;
#1469 = ORIENTED_EDGE ( 'NONE', *, *, #3178, .F. ) ;
#1470 = MANIFOLD_SOLID_BREP ( 'Hole for M3 300\X2\00ae\X0\ SC Nuts (SP)1', #2705 ) ;
#1471 = CYLINDRICAL_SURFACE ( 'NONE', #389, 1.700000000000007061 ) ;
#1472 = CARTESIAN_POINT ( 'NONE',  ( 43.23877440496806912, 2.168404344971008868E-16, 36.66784572720404611 ) ) ;
#1473 = ORIENTED_EDGE ( 'NONE', *, *, #2860, .F. ) ;
#1474 = ORIENTED_EDGE ( 'NONE', *, *, #3154, .F. ) ;
#1475 = CARTESIAN_POINT ( 'NONE',  ( 51.80133968473930395, 0.000000000000000000, 127.0000000000000000 ) ) ;
#1476 = CARTESIAN_POINT ( 'NONE',  ( 95.25000000000002842, 1.498599999999999932, 122.5486500000000376 ) ) ;
#1477 = DIRECTION ( 'NONE',  ( 0.000000000000000000, 1.000000000000000000, -0.000000000000000000 ) ) ;
#1478 = VERTEX_POINT ( 'NONE', #1447 ) ;
#1479 = ORIENTED_EDGE ( 'NONE', *, *, #2106, .F. ) ;
#1480 = CARTESIAN_POINT ( 'NONE',  ( 46.45000000000001705, 1.498599999999999932, -123.1900000000000404 ) ) ;
#1481 = EDGE_CURVE ( 'NONE', #1936, #2669, #1073, .T. ) ;
#1482 = DIRECTION ( 'NONE',  ( 0.000000000000000000, 0.000000000000000000, 1.000000000000000000 ) ) ;
#1483 = EDGE_LOOP ( 'NONE', ( #2617, #3190, #1257, #1275 ) ) ;
#1484 = EDGE_LOOP ( 'NONE', ( #1364, #2876 ) ) ;
#1485 = AXIS2_PLACEMENT_3D ( 'NONE', #2000, #725, #1947 ) ;
#1486 = EDGE_CURVE ( 'NONE', #2791, #1007, #1331, .T. ) ;
#1487 = ADVANCED_FACE ( 'NONE', ( #1898 ), #2178, .F. ) ;
#1488 = CIRCLE ( 'NONE', #1914, 1.898650000000001725 ) ;
#1489 = DIRECTION ( 'NONE',  ( 0.000000000000000000, 0.000000000000000000, 1.000000000000000000 ) ) ;
#1490 = DIRECTION ( 'NONE',  ( 0.000000000000000000, 0.000000000000000000, 1.000000000000000000 ) ) ;
#1491 = PRODUCT_DEFINITION_FORMATION_WITH_SPECIFIED_SOURCE ( 'ANY', '', #2039, .NOT_KNOWN. ) ;
#1492 = AXIS2_PLACEMENT_3D ( 'NONE', #97, #3191, #1654 ) ;
#1493 = VECTOR ( 'NONE', #2504, 1000.000000000000000 ) ;
#1494 = ORIENTED_EDGE ( 'NONE', *, *, #2662, .F. ) ;
#1495 = CIRCLE ( 'NONE', #915, 1.699999999999993072 ) ;
#1496 = DIRECTION ( 'NONE',  ( 0.000000000000000000, 0.000000000000000000, 1.000000000000000000 ) ) ;
#1497 = CIRCLE ( 'NONE', #1547, 1.898650000000001725 ) ;
#1498 = DIRECTION ( 'NONE',  ( 0.000000000000000000, 0.000000000000000000, 1.000000000000000000 ) ) ;
#1499 = DIRECTION ( 'NONE',  ( -0.000000000000000000, 1.000000000000000000, -0.000000000000000000 ) ) ;
#1500 = CIRCLE ( 'NONE', #2548, 1.700000000000000178 ) ;
#1501 = VECTOR ( 'NONE', #59, 1000.000000000000000 ) ;
#1502 = ORIENTED_EDGE ( 'NONE', *, *, #501, .T. ) ;
#1503 = EDGE_LOOP ( 'NONE', ( #1652, #880, #2003, #1764 ) ) ;
#1504 = ORIENTED_EDGE ( 'NONE', *, *, #90, .T. ) ;
#1505 = FACE_BOUND ( 'NONE', #1399, .T. ) ;
#1506 = STYLED_ITEM ( 'NONE', ( #3109 ), #1470 ) ;
#1507 = CIRCLE ( 'NONE', #2194, 1.700000000000000178 ) ;
#1508 = CARTESIAN_POINT ( 'NONE',  ( -29.89799999999904045, 1.498599999999999932, 127.0509614608546514 ) ) ;
#1509 = EDGE_LOOP ( 'NONE', ( #2086, #1886, #2158, #1375 ) ) ;
#1510 = ADVANCED_FACE ( 'NONE', ( #3211 ), #672, .F. ) ;
#1511 = DIRECTION ( 'NONE',  ( 0.000000000000000000, 0.000000000000000000, 1.000000000000000000 ) ) ;
#1512 = LINE ( 'NONE', #255, #2244 ) ;
#1513 = ADVANCED_FACE ( 'NONE', ( #2961 ), #421, .F. ) ;
#1514 = EDGE_CURVE ( 'NONE', #3051, #2893, #1757, .T. ) ;
#1515 = VERTEX_POINT ( 'NONE', #408 ) ;
#1516 = ORIENTED_EDGE ( 'NONE', *, *, #1065, .T. ) ;
#1517 = DIRECTION ( 'NONE',  ( 0.000000000000000000, 0.000000000000000000, 1.000000000000000000 ) ) ;
#1518 = DIRECTION ( 'NONE',  ( 0.000000000000000000, 1.000000000000000000, 0.000000000000000000 ) ) ;
#1519 = DIRECTION ( 'NONE',  ( -0.000000000000000000, 1.000000000000000000, -0.000000000000000000 ) ) ;
#1520 = ORIENTED_EDGE ( 'NONE', *, *, #521, .T. ) ;
#1521 = DIRECTION ( 'NONE',  ( -0.000000000000000000, 1.000000000000000000, -0.000000000000000000 ) ) ;
#1522 = CARTESIAN_POINT ( 'NONE',  ( -100.0124999999999744, 1.498599999999999932, -128.5875000000000341 ) ) ;
#1523 = CARTESIAN_POINT ( 'NONE',  ( 49.30665665595520863, 2.168404344971008868E-16, 107.5974531664061828 ) ) ;
#1524 = ORIENTED_EDGE ( 'NONE', *, *, #342, .F. ) ;
#1525 = ORIENTED_EDGE ( 'NONE', *, *, #2520, .F. ) ;
#1526 = CARTESIAN_POINT ( 'NONE',  ( 61.91250000000002274, 1.498599999999999710, 122.5486500000000660 ) ) ;
#1527 = DIRECTION ( 'NONE',  ( -0.000000000000000000, -0.000000000000000000, 1.000000000000000000 ) ) ;
#1528 = EDGE_CURVE ( 'NONE', #2169, #1304, #69, .T. ) ;
#1529 = EDGE_LOOP ( 'NONE', ( #643, #685 ) ) ;
#1530 = LINE ( 'NONE', #2770, #1604 ) ;
#1531 = DIRECTION ( 'NONE',  ( -0.000000000000000000, 1.000000000000000000, -0.000000000000000000 ) ) ;
#1532 = CARTESIAN_POINT ( 'NONE',  ( 50.21383968473930537, 0.000000000000000000, 127.0000000000000284 ) ) ;
#1533 = EDGE_CURVE ( 'NONE', #2461, #3046, #753, .T. ) ;
#1534 = ORIENTED_EDGE ( 'NONE', *, *, #781, .T. ) ;
#1535 = CARTESIAN_POINT ( 'NONE',  ( 2.775557561562891351E-14, 1.498599999999999932, 120.6500000000000199 ) ) ;
#1536 = FACE_BOUND ( 'NONE', #2254, .T. ) ;
#1537 = ORIENTED_EDGE ( 'NONE', *, *, #1481, .F. ) ;
#1538 = ORIENTED_EDGE ( 'NONE', *, *, #2682, .T. ) ;
#1539 = CARTESIAN_POINT ( 'NONE',  ( 50.21383968473930537, 0.000000000000000000, 128.5875000000000057 ) ) ;
#1540 = DIRECTION ( 'NONE',  ( -0.000000000000000000, 1.000000000000000000, -0.000000000000000000 ) ) ;
#1541 = AXIS2_PLACEMENT_3D ( 'NONE', #3163, #2118, #1863 ) ;
#1542 = CARTESIAN_POINT ( 'NONE',  ( 4.163336342344337027E-14, 1.498599999999999932, 2.775557561562891351E-14 ) ) ;
#1543 = CARTESIAN_POINT ( 'NONE',  ( 31.27700000000278990, 1.498599999999999932, 48.05096146085460873 ) ) ;
#1544 = CIRCLE ( 'NONE', #114, 1.587499999999991696 ) ;
#1545 = CARTESIAN_POINT ( 'NONE',  ( 4.163336342344337027E-14, 1.498599999999999932, 1.898650000000026594 ) ) ;
#1546 = AXIS2_PLACEMENT_3D ( 'NONE', #2279, #2534, #523 ) ;
#1547 = AXIS2_PLACEMENT_3D ( 'NONE', #2373, #884, #2408 ) ;
#1548 = ORIENTED_EDGE ( 'NONE', *, *, #367, .T. ) ;
#1549 = CARTESIAN_POINT ( 'NONE',  ( 95.25000000000005684, 1.498599999999999932, -79.37500000000002842 ) ) ;
#1550 = FACE_BOUND ( 'NONE', #895, .T. ) ;
#1551 = AXIS2_PLACEMENT_3D ( 'NONE', #2466, #768, #2733 ) ;
#1552 = AXIS2_PLACEMENT_3D ( 'NONE', #2592, #1340, #33 ) ;
#1553 = EDGE_CURVE ( 'NONE', #2893, #323, #2689, .T. ) ;
#1554 = EDGE_CURVE ( 'NONE', #27, #371, #2143, .T. ) ;
#1555 = DIRECTION ( 'NONE',  ( -0.000000000000000000, 1.000000000000000000, -0.000000000000000000 ) ) ;
#1556 = ORIENTED_EDGE ( 'NONE', *, *, #1270, .T. ) ;
#1557 = CIRCLE ( 'NONE', #1394, 1.699999999999993072 ) ;
#1558 = ORIENTED_EDGE ( 'NONE', *, *, #2205, .F. ) ;
#1559 = AXIS2_PLACEMENT_3D ( 'NONE', #1922, #1161, #897 ) ;
#1560 = AXIS2_PLACEMENT_3D ( 'NONE', #351, #591, #1368 ) ;
#1561 = CARTESIAN_POINT ( 'NONE',  ( 95.25000000000004263, 1.498599999999999710, -1.898649999999973970 ) ) ;
#1562 = DIRECTION ( 'NONE',  ( 0.000000000000000000, 0.000000000000000000, 1.000000000000000000 ) ) ;
#1563 = DIRECTION ( 'NONE',  ( -0.000000000000000000, 1.000000000000000000, -0.000000000000000000 ) ) ;
#1564 = CARTESIAN_POINT ( 'NONE',  ( 95.25000000000005684, 1.498599999999999932, -77.47635000000002492 ) ) ;
#1565 = AXIS2_PLACEMENT_3D ( 'NONE', #1402, #1105, #1379 ) ;
#1566 = CARTESIAN_POINT ( 'NONE',  ( 61.91250000000002274, 1.498599999999999932, 122.5486500000000660 ) ) ;
#1567 = ORIENTED_EDGE ( 'NONE', *, *, #2322, .F. ) ;
#1568 = DIRECTION ( 'NONE',  ( 0.000000000000000000, 0.000000000000000000, 1.000000000000000000 ) ) ;
#1569 = ADVANCED_FACE ( 'NONE', ( #637 ), #3147, .F. ) ;
#1570 = DIRECTION ( 'NONE',  ( 0.000000000000000000, 0.000000000000000000, 1.000000000000000000 ) ) ;
#1571 = DIRECTION ( 'NONE',  ( -0.000000000000000000, 1.000000000000000000, -0.000000000000000000 ) ) ;
#1572 = VERTEX_POINT ( 'NONE', #1203 ) ;
#1573 = EDGE_CURVE ( 'NONE', #71, #836, #123, .T. ) ;
#1574 = CARTESIAN_POINT ( 'NONE',  ( -90.97771013878475799, 1.498599999999999932, -11.73685036456523534 ) ) ;
#1575 = CARTESIAN_POINT ( 'NONE',  ( -96.97771013878477220, 1.498599999999999932, -10.03685036456524315 ) ) ;
#1576 = CARTESIAN_POINT ( 'NONE',  ( -96.97771013878477220, 1.498599999999999932, -10.03685036456524315 ) ) ;
#1577 = DIRECTION ( 'NONE',  ( -0.000000000000000000, 1.000000000000000000, -0.000000000000000000 ) ) ;
#1578 = CARTESIAN_POINT ( 'NONE',  ( -95.24999999999994316, 1.498599999999999932, -120.6499999999999773 ) ) ;
#1579 = EDGE_LOOP ( 'NONE', ( #1210, #227, #3128, #157, #2611, #694, #954, #2283, #1980, #1265, #2371, #1322 ) ) ;
#1580 = ORIENTED_EDGE ( 'NONE', *, *, #883, .T. ) ;
#1581 = CARTESIAN_POINT ( 'NONE',  ( -28.50556479709977253, 1.498599999999999932, 32.13818736271291243 ) ) ;
#1582 = CARTESIAN_POINT ( 'NONE',  ( -95.24999999999994316, 1.498599999999999710, -120.6499999999999773 ) ) ;
#1583 = ORIENTED_EDGE ( 'NONE', *, *, #639, .F. ) ;
#1584 = VERTEX_POINT ( 'NONE', #2198 ) ;
#1585 = ADVANCED_FACE ( 'NONE', ( #950 ), #1140, .F. ) ;
#1586 = VERTEX_POINT ( 'NONE', #938 ) ;
#1587 = DIRECTION ( 'NONE',  ( -0.000000000000000000, 1.000000000000000000, -0.000000000000000000 ) ) ;
#1588 = CARTESIAN_POINT ( 'NONE',  ( -95.24999999999994316, 2.168404344971008868E-16, -118.7513499999999738 ) ) ;
#1589 = EDGE_CURVE ( 'NONE', #836, #71, #2915, .T. ) ;
#1590 = EDGE_CURVE ( 'NONE', #1698, #1595, #2704, .T. ) ;
#1591 = DIRECTION ( 'NONE',  ( 1.000000000000000000, 0.000000000000000000, -0.000000000000000000 ) ) ;
#1592 = DIRECTION ( 'NONE',  ( -0.000000000000000000, 1.000000000000000000, -0.000000000000000000 ) ) ;
#1593 = AXIS2_PLACEMENT_3D ( 'NONE', #1040, #1519, #1268 ) ;
#1594 = ORIENTED_EDGE ( 'NONE', *, *, #2106, .T. ) ;
#1595 = VERTEX_POINT ( 'NONE', #2412 ) ;
#1596 = CARTESIAN_POINT ( 'NONE',  ( 48.62633968473930679, 1.498599999999999932, 133.4517614608546694 ) ) ;
#1597 = DIRECTION ( 'NONE',  ( 0.000000000000000000, 0.000000000000000000, 1.000000000000000000 ) ) ;
#1598 = DIRECTION ( 'NONE',  ( 0.000000000000000000, -1.000000000000000000, 0.000000000000000000 ) ) ;
#1599 = VECTOR ( 'NONE', #2521, 1000.000000000000000 ) ;
#1600 = CYLINDRICAL_SURFACE ( 'NONE', #1870, 2.705100000000002058 ) ;
#1601 = ORIENTED_EDGE ( 'NONE', *, *, #281, .T. ) ;
#1602 = VERTEX_POINT ( 'NONE', #138 ) ;
#1603 = AXIS2_PLACEMENT_3D ( 'NONE', #2698, #1410, #2149 ) ;
#1604 = VECTOR ( 'NONE', #2266, 1000.000000000000000 ) ;
#1605 = CIRCLE ( 'NONE', #2189, 1.700000000000000178 ) ;
#1606 = AXIS2_PLACEMENT_3D ( 'NONE', #145, #2680, #161 ) ;
#1607 = ORIENTED_EDGE ( 'NONE', *, *, #2383, .F. ) ;
#1608 = DIRECTION ( 'NONE',  ( -0.000000000000000000, 1.000000000000000000, -0.000000000000000000 ) ) ;
#1609 = CARTESIAN_POINT ( 'NONE',  ( -80.89799999999823399, 2.168404344971008868E-16, 49.75096146085459736 ) ) ;
#1610 = DIRECTION ( 'NONE',  ( 0.000000000000000000, 0.000000000000000000, 1.000000000000000000 ) ) ;
#1611 = ORIENTED_EDGE ( 'NONE', *, *, #2720, .T. ) ;
#1612 = ORIENTED_EDGE ( 'NONE', *, *, #2803, .T. ) ;
#1613 = DIRECTION ( 'NONE',  ( -0.000000000000000000, 1.000000000000000000, -0.000000000000000000 ) ) ;
#1614 = CARTESIAN_POINT ( 'NONE',  ( 101.6000000000000085, 1.498599999999999932, 125.4125000000000085 ) ) ;
#1615 = DIRECTION ( 'NONE',  ( -0.000000000000000000, 1.000000000000000000, 0.000000000000000000 ) ) ;
#1616 = ORIENTED_EDGE ( 'NONE', *, *, #2655, .F. ) ;
#1617 = ORIENTED_EDGE ( 'NONE', *, *, #1973, .T. ) ;
#1618 = ORIENTED_EDGE ( 'NONE', *, *, #2102, .F. ) ;
#1619 = CARTESIAN_POINT ( 'NONE',  ( 95.25000000000005684, 2.168404344971008868E-16, -120.6499999999999488 ) ) ;
#1620 = DIRECTION ( 'NONE',  ( 0.000000000000000000, 0.000000000000000000, 1.000000000000000000 ) ) ;
#1621 = CARTESIAN_POINT ( 'NONE',  ( -80.89799999999823399, 1.498599999999999932, 48.05096146085460873 ) ) ;
#1622 = ADVANCED_FACE ( 'NONE', ( #688 ), #469, .F. ) ;
#1623 = EDGE_CURVE ( 'NONE', #228, #459, #1761, .T. ) ;
#1624 = EDGE_LOOP ( 'NONE', ( #670, #31 ) ) ;
#1625 = ORIENTED_EDGE ( 'NONE', *, *, #1462, .F. ) ;
#1626 = CARTESIAN_POINT ( 'NONE',  ( 61.91250000000002274, 1.498599999999999932, 118.7513500000000590 ) ) ;
#1627 = DIRECTION ( 'NONE',  ( -0.000000000000000000, 1.000000000000000000, -0.000000000000000000 ) ) ;
#1628 = DIRECTION ( 'NONE',  ( 0.000000000000000000, 0.000000000000000000, 1.000000000000000000 ) ) ;
#1629 = EDGE_CURVE ( 'NONE', #3046, #2226, #1782, .T. ) ;
#1630 = ADVANCED_FACE ( 'NONE', ( #1236 ), #969, .F. ) ;
#1631 = FACE_BOUND ( 'NONE', #2216, .T. ) ;
#1632 = ORIENTED_EDGE ( 'NONE', *, *, #194, .F. ) ;
#1633 = VERTEX_POINT ( 'NONE', #247 ) ;
#1634 = ORIENTED_EDGE ( 'NONE', *, *, #2841, .T. ) ;
#1635 = DIRECTION ( 'NONE',  ( -0.000000000000000000, 1.000000000000000000, -0.000000000000000000 ) ) ;
#1636 = CARTESIAN_POINT ( 'NONE',  ( 100.0125000000000028, 1.498599999999999932, 125.4125000000000085 ) ) ;
#1637 = CARTESIAN_POINT ( 'NONE',  ( 95.25000000000005684, 1.498599999999999932, -79.37500000000002842 ) ) ;
#1638 = EDGE_LOOP ( 'NONE', ( #3047, #474 ) ) ;
#1639 = EDGE_CURVE ( 'NONE', #761, #371, #2786, .T. ) ;
#1640 = DIRECTION ( 'NONE',  ( 0.000000000000000000, 0.000000000000000000, 1.000000000000000000 ) ) ;
#1641 = DIRECTION ( 'NONE',  ( -0.000000000000000000, 1.000000000000000000, -0.000000000000000000 ) ) ;
#1642 = DIRECTION ( 'NONE',  ( -0.000000000000000000, 1.000000000000000000, -0.000000000000000000 ) ) ;
#1643 = VECTOR ( 'NONE', #1016, 1000.000000000000000 ) ;
#1644 = CIRCLE ( 'NONE', #647, 1.699999999999993072 ) ;
#1645 = FACE_BOUND ( 'NONE', #2258, .T. ) ;
#1646 = EDGE_LOOP ( 'NONE', ( #828, #12, #2532, #2639 ) ) ;
#1647 = ORIENTED_EDGE ( 'NONE', *, *, #2218, .T. ) ;
#1648 = AXIS2_PLACEMENT_3D ( 'NONE', #1461, #1960, #436 ) ;
#1649 = CIRCLE ( 'NONE', #2911, 1.700000000000000178 ) ;
#1650 = ORIENTED_EDGE ( 'NONE', *, *, #1671, .T. ) ;
#1651 = AXIS2_PLACEMENT_3D ( 'NONE', #535, #3044, #3 ) ;
#1652 = ORIENTED_EDGE ( 'NONE', *, *, #517, .F. ) ;
#1653 = VECTOR ( 'NONE', #2581, 1000.000000000000000 ) ;
#1654 = DIRECTION ( 'NONE',  ( 0.000000000000000000, 0.000000000000000000, 1.000000000000000000 ) ) ;
#1655 = CIRCLE ( 'NONE', #234, 1.700000000000000178 ) ;
#1656 = VECTOR ( 'NONE', #3052, 1000.000000000000000 ) ;
#1657 = CIRCLE ( 'NONE', #556, 1.700000000000000178 ) ;
#1658 = DIRECTION ( 'NONE',  ( 0.000000000000000000, 0.000000000000000000, 1.000000000000000000 ) ) ;
#1659 = AXIS2_PLACEMENT_3D ( 'NONE', #1414, #656, #1678 ) ;
#1660 = DIRECTION ( 'NONE',  ( 0.000000000000000000, 0.000000000000000000, 1.000000000000000000 ) ) ;
#1661 = AXIS2_PLACEMENT_3D ( 'NONE', #244, #999, #2312 ) ;
#1662 = ORIENTED_EDGE ( 'NONE', *, *, #1486, .T. ) ;
#1663 = CYLINDRICAL_SURFACE ( 'NONE', #3175, 1.700000000000000178 ) ;
#1664 = DIRECTION ( 'NONE',  ( -0.000000000000000000, 1.000000000000000000, -0.000000000000000000 ) ) ;
#1665 = DIRECTION ( 'NONE',  ( -0.000000000000000000, 1.000000000000000000, -0.000000000000000000 ) ) ;
#1666 = CARTESIAN_POINT ( 'NONE',  ( 61.91250000000003695, 1.498599999999999932, -81.27364999999997508 ) ) ;
#1667 = EDGE_CURVE ( 'NONE', #143, #1921, #3233, .T. ) ;
#1668 = DIRECTION ( 'NONE',  ( 0.000000000000000000, 1.000000000000000000, 0.000000000000000000 ) ) ;
#1669 = VERTEX_POINT ( 'NONE', #1039 ) ;
#1670 = ORIENTED_EDGE ( 'NONE', *, *, #2999, .F. ) ;
#1671 = EDGE_CURVE ( 'NONE', #1584, #1916, #703, .T. ) ;
#1672 = EDGE_LOOP ( 'NONE', ( #1991, #3238 ) ) ;
#1673 = CYLINDRICAL_SURFACE ( 'NONE', #1559, 2.705100000000002058 ) ;
#1674 = DIRECTION ( 'NONE',  ( -0.000000000000000000, 1.000000000000000000, -0.000000000000000000 ) ) ;
#1675 = DIRECTION ( 'NONE',  ( 0.000000000000000000, 0.000000000000000000, 1.000000000000000000 ) ) ;
#1676 = ORIENTED_EDGE ( 'NONE', *, *, #1590, .T. ) ;
#1677 = CARTESIAN_POINT ( 'NONE',  ( -28.50556479709977253, 1.498599999999999932, 38.13818736271291243 ) ) ;
#1678 = DIRECTION ( 'NONE',  ( 0.000000000000000000, 0.000000000000000000, 1.000000000000000000 ) ) ;
#1679 = CYLINDRICAL_SURFACE ( 'NONE', #1828, 1.699999999999993072 ) ;
#1680 = DIRECTION ( 'NONE',  ( -0.000000000000000000, 1.000000000000000000, -0.000000000000000000 ) ) ;
#1681 = CARTESIAN_POINT ( 'NONE',  ( 100.0125000000000028, 1.498599999999999932, 127.0000000000000000 ) ) ;
#1682 = ORIENTED_EDGE ( 'NONE', *, *, #111, .F. ) ;
#1683 = EDGE_LOOP ( 'NONE', ( #2997, #2370, #3214, #1000 ) ) ;
#1684 = ORIENTED_EDGE ( 'NONE', *, *, #1104, .F. ) ;
#1685 = VERTEX_POINT ( 'NONE', #1255 ) ;
#1686 = FACE_OUTER_BOUND ( 'NONE', #1751, .T. ) ;
#1687 = DIRECTION ( 'NONE',  ( -0.000000000000000000, 1.000000000000000000, -0.000000000000000000 ) ) ;
#1688 = ADVANCED_FACE ( 'NONE', ( #987 ), #2505, .F. ) ;
#1689 = EDGE_CURVE ( 'NONE', #2669, #1936, #2811, .T. ) ;
#1690 = LINE ( 'NONE', #1411, #1718 ) ;
#1691 = ORIENTED_EDGE ( 'NONE', *, *, #1623, .F. ) ;
#1692 = ORIENTED_EDGE ( 'NONE', *, *, #304, .T. ) ;
#1693 = CARTESIAN_POINT ( 'NONE',  ( -77.55000000000002558, 1.498599999999999932, -123.1900000000000404 ) ) ;
#1694 = CARTESIAN_POINT ( 'NONE',  ( 43.30665665595521574, 1.498599999999999932, 105.8974531664061800 ) ) ;
#1695 = CARTESIAN_POINT ( 'NONE',  ( -28.50556479709977253, 1.498599999999999932, 36.43818736271290959 ) ) ;
#1696 = LINE ( 'NONE', #224, #1965 ) ;
#1697 = DIRECTION ( 'NONE',  ( -0.000000000000000000, 1.000000000000000000, -0.000000000000000000 ) ) ;
#1698 = VERTEX_POINT ( 'NONE', #222 ) ;
#1699 = ORIENTED_EDGE ( 'NONE', *, *, #3266, .F. ) ;
#1700 = AXIS2_PLACEMENT_3D ( 'NONE', #2933, #2230, #2472 ) ;
#1701 = ORIENTED_EDGE ( 'NONE', *, *, #3057, .F. ) ;
#1702 = ORIENTED_EDGE ( 'NONE', *, *, #2065, .F. ) ;
#1703 = AXIS2_PLACEMENT_3D ( 'NONE', #3146, #1377, #2701 ) ;
#1704 = CIRCLE ( 'NONE', #1178, 1.699999999999993072 ) ;
#1705 = AXIS2_PLACEMENT_3D ( 'NONE', #2313, #83, #1098 ) ;
#1706 = EDGE_CURVE ( 'NONE', #2196, #2601, #271, .T. ) ;
#1707 = DIRECTION ( 'NONE',  ( -0.000000000000000000, 1.000000000000000000, -0.000000000000000000 ) ) ;
#1708 = CYLINDRICAL_SURFACE ( 'NONE', #2401, 1.898650000000001725 ) ;
#1709 = CIRCLE ( 'NONE', #709, 1.898650000000001725 ) ;
#1710 = CIRCLE ( 'NONE', #3239, 1.898650000000001725 ) ;
#1711 = DIRECTION ( 'NONE',  ( 0.000000000000000000, 0.000000000000000000, 1.000000000000000000 ) ) ;
#1712 = CIRCLE ( 'NONE', #813, 1.898650000000001725 ) ;
#1713 = AXIS2_PLACEMENT_3D ( 'NONE', #2843, #2323, #530 ) ;
#1714 = ORIENTED_EDGE ( 'NONE', *, *, #108, .T. ) ;
#1715 = EDGE_CURVE ( 'NONE', #965, #2434, #1078, .T. ) ;
#1716 = CARTESIAN_POINT ( 'NONE',  ( 31.27700000000278990, 1.498599999999999932, 48.05096146085460873 ) ) ;
#1717 = CARTESIAN_POINT ( 'NONE',  ( -96.97771013878477220, 1.498599999999999932, -11.73685036456523534 ) ) ;
#1718 = VECTOR ( 'NONE', #2668, 1000.000000000000000 ) ;
#1719 = DIRECTION ( 'NONE',  ( 0.000000000000000000, 0.000000000000000000, 1.000000000000000000 ) ) ;
#1720 = DIRECTION ( 'NONE',  ( -0.000000000000000000, 1.000000000000000000, -0.000000000000000000 ) ) ;
#1721 = ORIENTED_EDGE ( 'NONE', *, *, #599, .T. ) ;
#1722 = ORIENTED_EDGE ( 'NONE', *, *, #2825, .F. ) ;
#1723 = CARTESIAN_POINT ( 'NONE',  ( 68.27568817180886640, 1.498599999999999932, -103.2612292988779927 ) ) ;
#1724 = ORIENTED_EDGE ( 'NONE', *, *, #46, .T. ) ;
#1725 = CARTESIAN_POINT ( 'NONE',  ( 82.29600000000003490, 2.168404344971008868E-16, 27.68600000000004258 ) ) ;
#1726 = DIRECTION ( 'NONE',  ( -0.000000000000000000, 1.000000000000000000, -0.000000000000000000 ) ) ;
#1727 = CARTESIAN_POINT ( 'NONE',  ( -29.89799999999904045, 1.498599999999999932, 128.7509614608546542 ) ) ;
#1728 = EDGE_LOOP ( 'NONE', ( #2301, #1548 ) ) ;
#1729 = DIRECTION ( 'NONE',  ( -0.000000000000000000, 1.000000000000000000, -0.000000000000000000 ) ) ;
#1730 = CARTESIAN_POINT ( 'NONE',  ( -101.5999999999999801, 1.498599999999999932, 131.8642614608546637 ) ) ;
#1731 = CARTESIAN_POINT ( 'NONE',  ( 61.91250000000003695, 2.168404344971008868E-16, -77.47634999999996808 ) ) ;
#1732 = DIRECTION ( 'NONE',  ( 0.000000000000000000, 0.000000000000000000, 1.000000000000000000 ) ) ;
#1733 = ORIENTED_EDGE ( 'NONE', *, *, #2260, .F. ) ;
#1734 = EDGE_LOOP ( 'NONE', ( #2259, #2503, #2517, #901 ) ) ;
#1735 = CARTESIAN_POINT ( 'NONE',  ( 68.27568817180886640, 2.168404344971008868E-16, -101.5612292988779899 ) ) ;
#1736 = EDGE_CURVE ( 'NONE', #1953, #715, #3225, .T. ) ;
#1737 = DIRECTION ( 'NONE',  ( -0.000000000000000000, 1.000000000000000000, -0.000000000000000000 ) ) ;
#1738 = ORIENTED_EDGE ( 'NONE', *, *, #367, .F. ) ;
#1739 = DIRECTION ( 'NONE',  ( -0.000000000000000000, 1.000000000000000000, -0.000000000000000000 ) ) ;
#1740 = CARTESIAN_POINT ( 'NONE',  ( -29.89799999999904045, 1.498599999999999932, 48.05096146085460873 ) ) ;
#1741 = ORIENTED_EDGE ( 'NONE', *, *, #1774, .F. ) ;
#1742 = CYLINDRICAL_SURFACE ( 'NONE', #865, 1.898650000000001725 ) ;
#1743 = CARTESIAN_POINT ( 'NONE',  ( 100.0125000000000028, 0.000000000000000000, 125.4125000000000085 ) ) ;
#1744 = DIRECTION ( 'NONE',  ( -0.000000000000000000, 1.000000000000000000, -0.000000000000000000 ) ) ;
#1745 = ORIENTED_EDGE ( 'NONE', *, *, #3015, .T. ) ;
#1746 = CARTESIAN_POINT ( 'NONE',  ( -28.50556479709977253, 1.498599999999999932, 30.43818736271291314 ) ) ;
#1747 = EDGE_CURVE ( 'NONE', #1008, #1107, #2186, .T. ) ;
#1748 = FACE_BOUND ( 'NONE', #3165, .T. ) ;
#1749 = FACE_OUTER_BOUND ( 'NONE', #135, .T. ) ;
#1750 = ORIENTED_EDGE ( 'NONE', *, *, #3244, .F. ) ;
#1751 = EDGE_LOOP ( 'NONE', ( #686, #316, #2159, #1745 ) ) ;
#1752 = EDGE_CURVE ( 'NONE', #745, #1515, #3250, .T. ) ;
#1753 = APPLICATION_CONTEXT ( 'automotive_design' ) ;
#1754 = CIRCLE ( 'NONE', #428, 1.898650000000001725 ) ;
#1755 = DIRECTION ( 'NONE',  ( 0.000000000000000000, 0.000000000000000000, 1.000000000000000000 ) ) ;
#1756 = CARTESIAN_POINT ( 'NONE',  ( -101.5999999999999801, 1.498599999999999932, 127.0000000000000000 ) ) ;
#1757 = CIRCLE ( 'NONE', #713, 1.699999999999993072 ) ;
#1758 = EDGE_LOOP ( 'NONE', ( #1738, #857, #1721, #1357 ) ) ;
#1759 = AXIS2_PLACEMENT_3D ( 'NONE', #1267, #2013, #485 ) ;
#1760 = CARTESIAN_POINT ( 'NONE',  ( 31.27700000000278990, 1.498599999999999932, 46.35096146085460589 ) ) ;
#1761 = LINE ( 'NONE', #1476, #1969 ) ;
#1762 = CYLINDRICAL_SURFACE ( 'NONE', #539, 1.898650000000001725 ) ;
#1763 = CIRCLE ( 'NONE', #760, 1.699999999999993072 ) ;
#1764 = ORIENTED_EDGE ( 'NONE', *, *, #342, .T. ) ;
#1765 = EDGE_LOOP ( 'NONE', ( #2755, #1208, #3035, #1601 ) ) ;
#1766 = DIRECTION ( 'NONE',  ( 0.000000000000000000, 0.000000000000000000, 1.000000000000000000 ) ) ;
#1767 = FACE_BOUND ( 'NONE', #1638, .T. ) ;
#1768 = AXIS2_PLACEMENT_3D ( 'NONE', #2831, #2810, #1562 ) ;
#1769 = AXIS2_PLACEMENT_3D ( 'NONE', #2145, #3139, #1306 ) ;
#1770 = EDGE_CURVE ( 'NONE', #548, #745, #550, .T. ) ;
#1771 = AXIS2_PLACEMENT_3D ( 'NONE', #404, #1151, #947 ) ;
#1772 = DIRECTION ( 'NONE',  ( 0.000000000000000000, 0.000000000000000000, 1.000000000000000000 ) ) ;
#1773 = ORIENTED_EDGE ( 'NONE', *, *, #1951, .T. ) ;
#1774 = EDGE_CURVE ( 'NONE', #1825, #1197, #230, .T. ) ;
#1775 = EDGE_CURVE ( 'NONE', #1207, #1818, #169, .T. ) ;
#1776 = VERTEX_POINT ( 'NONE', #1730 ) ;
#1777 = CYLINDRICAL_SURFACE ( 'NONE', #2872, 1.898650000000001725 ) ;
#1778 = DIRECTION ( 'NONE',  ( -0.000000000000000000, 1.000000000000000000, -0.000000000000000000 ) ) ;
#1779 = EDGE_CURVE ( 'NONE', #2196, #2537, #1816, .T. ) ;
#1780 = EDGE_LOOP ( 'NONE', ( #1699, #2512, #1773, #3272 ) ) ;
#1781 = CARTESIAN_POINT ( 'NONE',  ( 82.29600000000003490, 1.498599999999999710, 29.58465000000004608 ) ) ;
#1782 = LINE ( 'NONE', #2484, #1233 ) ;
#1783 = DIRECTION ( 'NONE',  ( 0.000000000000000000, 0.000000000000000000, 1.000000000000000000 ) ) ;
#1784 = ORIENTED_EDGE ( 'NONE', *, *, #382, .F. ) ;
#1785 = CARTESIAN_POINT ( 'NONE',  ( 61.91250000000003695, 1.498599999999999932, -79.37499999999997158 ) ) ;
#1786 = FACE_BOUND ( 'NONE', #561, .T. ) ;
#1787 = FACE_OUTER_BOUND ( 'NONE', #2524, .T. ) ;
#1788 = EDGE_LOOP ( 'NONE', ( #1417, #1242 ) ) ;
#1789 = CYLINDRICAL_SURFACE ( 'NONE', #553, 1.699999999999993072 ) ;
#1790 = EDGE_CURVE ( 'NONE', #1123, #2122, #1495, .T. ) ;
#1791 = CARTESIAN_POINT ( 'NONE',  ( 38.99613371784823812, 1.498599999999999932, 40.91048641432279709 ) ) ;
#1792 = ORIENTED_EDGE ( 'NONE', *, *, #1049, .T. ) ;
#1793 = CYLINDRICAL_SURFACE ( 'NONE', #602, 2.110000000000000764 ) ;
#1794 = EDGE_CURVE ( 'NONE', #101, #1127, #756, .T. ) ;
#1795 = EDGE_CURVE ( 'NONE', #1669, #2640, #2084, .T. ) ;
#1796 = DIRECTION ( 'NONE',  ( 0.000000000000000000, 0.000000000000000000, 1.000000000000000000 ) ) ;
#1797 = CARTESIAN_POINT ( 'NONE',  ( 38.99613371784823812, 1.498599999999999932, 39.21048641432279425 ) ) ;
#1798 = ORIENTED_EDGE ( 'NONE', *, *, #2124, .F. ) ;
#1799 = EDGE_LOOP ( 'NONE', ( #2369, #2487 ) ) ;
#1800 = DIRECTION ( 'NONE',  ( -0.000000000000000000, 1.000000000000000000, -0.000000000000000000 ) ) ;
#1801 = FACE_BOUND ( 'NONE', #400, .T. ) ;
#1802 = DIRECTION ( 'NONE',  ( -0.000000000000000000, 1.000000000000000000, -0.000000000000000000 ) ) ;
#1803 = ORIENTED_EDGE ( 'NONE', *, *, #718, .F. ) ;
#1804 = VERTEX_POINT ( 'NONE', #1114 ) ;
#1805 = DIRECTION ( 'NONE',  ( 0.000000000000000000, 0.000000000000000000, 1.000000000000000000 ) ) ;
#1806 = DIRECTION ( 'NONE',  ( 0.000000000000000000, 0.000000000000000000, 1.000000000000000000 ) ) ;
#1807 = CARTESIAN_POINT ( 'NONE',  ( -29.89799999999904045, 2.168404344971008868E-16, 48.05096146085460873 ) ) ;
#1808 = CIRCLE ( 'NONE', #1175, 1.700000000000007061 ) ;
#1809 = CIRCLE ( 'NONE', #2235, 1.898649999999999283 ) ;
#1810 = PLANE ( 'NONE',  #2812 ) ;
#1811 = CARTESIAN_POINT ( 'NONE',  ( 4.163336342344337027E-14, 1.498599999999999710, 2.775557561562891351E-14 ) ) ;
#1812 = AXIS2_PLACEMENT_3D ( 'NONE', #2411, #3160, #2633 ) ;
#1813 = CARTESIAN_POINT ( 'NONE',  ( -80.89799999999823399, 2.168404344971008868E-16, 127.0509614608546229 ) ) ;
#1814 = EDGE_CURVE ( 'NONE', #1304, #990, #1346, .T. ) ;
#1815 = ADVANCED_FACE ( 'NONE', ( #1099 ), #2314, .F. ) ;
#1816 = CIRCLE ( 'NONE', #3123, 1.587499999999991696 ) ;
#1817 = AXIS2_PLACEMENT_3D ( 'NONE', #2683, #1149, #1409 ) ;
#1818 = VERTEX_POINT ( 'NONE', #2551 ) ;
#1819 = EDGE_LOOP ( 'NONE', ( #2610, #597 ) ) ;
#1820 = CARTESIAN_POINT ( 'NONE',  ( -90.97771013878475799, 1.498599999999999932, -10.03685036456524315 ) ) ;
#1821 = DIRECTION ( 'NONE',  ( -0.000000000000000000, 1.000000000000000000, -0.000000000000000000 ) ) ;
#1822 = VECTOR ( 'NONE', #1063, 1000.000000000000000 ) ;
#1823 = AXIS2_PLACEMENT_3D ( 'NONE', #1198, #1707, #1755 ) ;
#1824 = DIRECTION ( 'NONE',  ( 0.000000000000000000, 0.000000000000000000, 1.000000000000000000 ) ) ;
#1825 = VERTEX_POINT ( 'NONE', #1088 ) ;
#1826 = VECTOR ( 'NONE', #232, 1000.000000000000000 ) ;
#1827 = VERTEX_POINT ( 'NONE', #3122 ) ;
#1828 = AXIS2_PLACEMENT_3D ( 'NONE', #422, #1427, #951 ) ;
#1829 = DIRECTION ( 'NONE',  ( -0.000000000000000000, -0.000000000000000000, -1.000000000000000000 ) ) ;
#1830 = DIRECTION ( 'NONE',  ( -0.000000000000000000, 1.000000000000000000, -0.000000000000000000 ) ) ;
#1831 = FACE_OUTER_BOUND ( 'NONE', #2075, .T. ) ;
#1832 = CYLINDRICAL_SURFACE ( 'NONE', #1335, 1.587500000000005684 ) ;
#1833 = LINE ( 'NONE', #795, #1431 ) ;
#1834 = VERTEX_POINT ( 'NONE', #1877 ) ;
#1835 = DIRECTION ( 'NONE',  ( -0.000000000000000000, 1.000000000000000000, -0.000000000000000000 ) ) ;
#1836 =( NAMED_UNIT ( * ) PLANE_ANGLE_UNIT ( ) SI_UNIT ( $, .RADIAN. ) );
#1837 = ADVANCED_FACE ( 'NONE', ( #1857 ), #1832, .T. ) ;
#1838 = DIRECTION ( 'NONE',  ( -0.000000000000000000, 1.000000000000000000, -0.000000000000000000 ) ) ;
#1839 = ORIENTED_EDGE ( 'NONE', *, *, #3153, .T. ) ;
#1840 = ADVANCED_FACE ( 'NONE', ( #3089 ), #605, .F. ) ;
#1841 = EDGE_CURVE ( 'NONE', #3167, #630, #1704, .T. ) ;
#1842 = DIRECTION ( 'NONE',  ( -0.000000000000000000, 1.000000000000000000, -0.000000000000000000 ) ) ;
#1843 = CARTESIAN_POINT ( 'NONE',  ( -95.24999999999994316, 1.498599999999999932, -1.898650000000001725 ) ) ;
#1844 = FACE_OUTER_BOUND ( 'NONE', #1646, .T. ) ;
#1845 = CYLINDRICAL_SURFACE ( 'NONE', #493, 1.898650000000001725 ) ;
#1846 = VERTEX_POINT ( 'NONE', #1327 ) ;
#1847 = CARTESIAN_POINT ( 'NONE',  ( -96.97771013878477220, 1.498599999999999932, 90.67875789685847110 ) ) ;
#1848 = CARTESIAN_POINT ( 'NONE',  ( -6.738082030622740248, 1.498599999999999932, 22.51330310867499662 ) ) ;
#1849 = CARTESIAN_POINT ( 'NONE',  ( -90.97771013878475799, 1.498599999999999932, 92.37875789685847394 ) ) ;
#1850 = CARTESIAN_POINT ( 'NONE',  ( -28.50556479709977253, 2.168404344971008868E-16, 32.13818736271291243 ) ) ;
#1851 = ORIENTED_EDGE ( 'NONE', *, *, #3144, .F. ) ;
#1852 = EDGE_CURVE ( 'NONE', #790, #798, #309, .T. ) ;
#1853 = ORIENTED_EDGE ( 'NONE', *, *, #1972, .T. ) ;
#1854 = ORIENTED_EDGE ( 'NONE', *, *, #1212, .F. ) ;
#1855 = DIRECTION ( 'NONE',  ( -0.000000000000000000, 1.000000000000000000, -0.000000000000000000 ) ) ;
#1856 = CARTESIAN_POINT ( 'NONE',  ( 38.99613371784823812, 1.498599999999999932, 39.21048641432279425 ) ) ;
#1857 = FACE_OUTER_BOUND ( 'NONE', #2093, .T. ) ;
#1858 = AXIS2_PLACEMENT_3D ( 'NONE', #2753, #926, #3252 ) ;
#1859 = VERTEX_POINT ( 'NONE', #67 ) ;
#1860 = ORIENTED_EDGE ( 'NONE', *, *, #2594, .T. ) ;
#1861 = CARTESIAN_POINT ( 'NONE',  ( -96.97771013878477220, 2.168404344971008868E-16, 90.67875789685847110 ) ) ;
#1862 = DIRECTION ( 'NONE',  ( 0.000000000000000000, 1.000000000000000000, 0.000000000000000000 ) ) ;
#1863 = DIRECTION ( 'NONE',  ( 0.000000000000000000, 0.000000000000000000, 1.000000000000000000 ) ) ;
#1864 = AXIS2_PLACEMENT_3D ( 'NONE', #890, #1946, #2896 ) ;
#1865 = AXIS2_PLACEMENT_3D ( 'NONE', #1693, #420, #1640 ) ;
#1866 = FACE_OUTER_BOUND ( 'NONE', #1077, .T. ) ;
#1867 = ORIENTED_EDGE ( 'NONE', *, *, #2265, .T. ) ;
#1868 = VECTOR ( 'NONE', #3221, 1000.000000000000000 ) ;
#1869 = AXIS2_PLACEMENT_3D ( 'NONE', #133, #2696, #2419 ) ;
#1870 = AXIS2_PLACEMENT_3D ( 'NONE', #614, #578, #1307 ) ;
#1871 = EDGE_LOOP ( 'NONE', ( #2679, #79 ) ) ;
#1872 = EDGE_LOOP ( 'NONE', ( #2686, #3268, #497, #1012 ) ) ;
#1873 = CARTESIAN_POINT ( 'NONE',  ( 95.25000000000004263, 1.498599999999999932, 1.898650000000029481 ) ) ;
#1874 = EDGE_CURVE ( 'NONE', #2169, #2857, #833, .T. ) ;
#1875 = ADVANCED_FACE ( 'NONE', ( #3058 ), #1845, .F. ) ;
#1876 = DIRECTION ( 'NONE',  ( -1.000000000000000000, 0.000000000000000000, -0.000000000000000000 ) ) ;
#1877 = CARTESIAN_POINT ( 'NONE',  ( 48.62633968473930679, 0.000000000000000000, 133.4517614608546694 ) ) ;
#1878 = ADVANCED_FACE ( 'NONE', ( #3076 ), #2846, .F. ) ;
#1879 = EDGE_CURVE ( 'NONE', #1602, #3137, #2760, .T. ) ;
#1880 = ORIENTED_EDGE ( 'NONE', *, *, #1440, .F. ) ;
#1881 = ORIENTED_EDGE ( 'NONE', *, *, #2309, .T. ) ;
#1882 = CYLINDRICAL_SURFACE ( 'NONE', #1968, 1.699999999999993072 ) ;
#1883 = LINE ( 'NONE', #839, #659 ) ;
#1884 = CARTESIAN_POINT ( 'NONE',  ( -96.97771013878477220, 1.498599999999999932, -8.336850364565249194 ) ) ;
#1885 = FACE_BOUND ( 'NONE', #1529, .T. ) ;
#1886 = ORIENTED_EDGE ( 'NONE', *, *, #335, .F. ) ;
#1887 = ORIENTED_EDGE ( 'NONE', *, *, #2955, .T. ) ;
#1888 = ORIENTED_EDGE ( 'NONE', *, *, #1481, .T. ) ;
#1889 = PLANE ( 'NONE',  #1606 ) ;
#1890 = EDGE_CURVE ( 'NONE', #711, #1595, #2865, .T. ) ;
#1891 = DIRECTION ( 'NONE',  ( -0.000000000000000000, 1.000000000000000000, -0.000000000000000000 ) ) ;
#1892 = CARTESIAN_POINT ( 'NONE',  ( -95.24999999999994316, 1.498599999999999710, -118.7513499999999738 ) ) ;
#1893 = EDGE_CURVE ( 'NONE', #1896, #579, #1434, .T. ) ;
#1894 = EDGE_LOOP ( 'NONE', ( #380, #2516, #1887, #3166 ) ) ;
#1895 = EDGE_CURVE ( 'NONE', #2950, #909, #559, .T. ) ;
#1896 = VERTEX_POINT ( 'NONE', #1136 ) ;
#1897 = DIRECTION ( 'NONE',  ( -0.000000000000000000, 1.000000000000000000, -0.000000000000000000 ) ) ;
#1898 = FACE_OUTER_BOUND ( 'NONE', #2109, .T. ) ;
#1899 = DIRECTION ( 'NONE',  ( -0.000000000000000000, 1.000000000000000000, -0.000000000000000000 ) ) ;
#1900 = FACE_BOUND ( 'NONE', #1432, .T. ) ;
#1901 = ORIENTED_EDGE ( 'NONE', *, *, #2102, .T. ) ;
#1902 = ORIENTED_EDGE ( 'NONE', *, *, #2614, .F. ) ;
#1903 = CARTESIAN_POINT ( 'NONE',  ( 62.27568817180885929, 2.168404344971008868E-16, -99.86122929887800126 ) ) ;
#1904 = FACE_OUTER_BOUND ( 'NONE', #2676, .T. ) ;
#1905 = CARTESIAN_POINT ( 'NONE',  ( -29.89799999999904045, 1.498599999999999932, 49.75096146085460447 ) ) ;
#1906 = EDGE_CURVE ( 'NONE', #622, #1936, #621, .T. ) ;
#1907 = VERTEX_POINT ( 'NONE', #1905 ) ;
#1908 = DIRECTION ( 'NONE',  ( 0.000000000000000000, 0.000000000000000000, 1.000000000000000000 ) ) ;
#1909 = DIRECTION ( 'NONE',  ( 0.000000000000000000, 0.000000000000000000, 1.000000000000000000 ) ) ;
#1910 = EDGE_CURVE ( 'NONE', #1818, #1207, #288, .T. ) ;
#1911 = EDGE_CURVE ( 'NONE', #909, #594, #1709, .T. ) ;
#1912 = CARTESIAN_POINT ( 'NONE',  ( 101.6000000000000085, 1.498599999999999932, -128.5875000000000909 ) ) ;
#1913 = AXIS2_PLACEMENT_3D ( 'NONE', #2568, #1302, #820 ) ;
#1914 = AXIS2_PLACEMENT_3D ( 'NONE', #1305, #2570, #562 ) ;
#1915 = CARTESIAN_POINT ( 'NONE',  ( 95.25000000000002842, 1.498599999999999932, 118.7513500000000306 ) ) ;
#1916 = VERTEX_POINT ( 'NONE', #1892 ) ;
#1917 = EDGE_LOOP ( 'NONE', ( #3230, #2901, #806, #629 ) ) ;
#1918 = AXIS2_PLACEMENT_3D ( 'NONE', #1848, #1627, #1570 ) ;
#1919 = VECTOR ( 'NONE', #1729, 1000.000000000000000 ) ;
#1920 = AXIS2_PLACEMENT_3D ( 'NONE', #2250, #1218, #2228 ) ;
#1921 = VERTEX_POINT ( 'NONE', #149 ) ;
#1922 = CARTESIAN_POINT ( 'NONE',  ( -77.55000000000002558, 1.498599999999999932, 6.809999999999996945 ) ) ;
#1923 = CIRCLE ( 'NONE', #972, 1.699999999999993072 ) ;
#1924 = VECTOR ( 'NONE', #2111, 1000.000000000000000 ) ;
#1925 = CIRCLE ( 'NONE', #1768, 1.898650000000001725 ) ;
#1926 = CARTESIAN_POINT ( 'NONE',  ( -19.72299999999723141, 1.498599999999999932, 48.05096146085460873 ) ) ;
#1927 = AXIS2_PLACEMENT_3D ( 'NONE', #2724, #3161, #707 ) ;
#1928 = CARTESIAN_POINT ( 'NONE',  ( 43.30665665595521574, 2.168404344971008868E-16, 104.1974531664061914 ) ) ;
#1929 = AXIS2_PLACEMENT_3D ( 'NONE', #1190, #2471, #2739 ) ;
#1930 = EDGE_LOOP ( 'NONE', ( #2923, #3005 ) ) ;
#1931 = DIRECTION ( 'NONE',  ( 0.000000000000000000, -1.000000000000000000, -0.000000000000000000 ) ) ;
#1932 = DIRECTION ( 'NONE',  ( 0.000000000000000000, 0.000000000000000000, 1.000000000000000000 ) ) ;
#1933 = LINE ( 'NONE', #3198, #1034 ) ;
#1934 = DIRECTION ( 'NONE',  ( 0.000000000000000000, 0.000000000000000000, 1.000000000000000000 ) ) ;
#1935 = LINE ( 'NONE', #2935, #3030 ) ;
#1936 = VERTEX_POINT ( 'NONE', #2684 ) ;
#1937 = ORIENTED_EDGE ( 'NONE', *, *, #537, .T. ) ;
#1938 = VERTEX_POINT ( 'NONE', #2163 ) ;
#1939 = EDGE_CURVE ( 'NONE', #1938, #1129, #1184, .T. ) ;
#1940 = ADVANCED_FACE ( 'NONE', ( #1199 ), #2643, .F. ) ;
#1941 = FACE_BOUND ( 'NONE', #51, .T. ) ;
#1942 = CYLINDRICAL_SURFACE ( 'NONE', #916, 1.700000000000000178 ) ;
#1943 = DIRECTION ( 'NONE',  ( -0.000000000000000000, 1.000000000000000000, -0.000000000000000000 ) ) ;
#1944 = ORIENTED_EDGE ( 'NONE', *, *, #1982, .F. ) ;
#1945 = CARTESIAN_POINT ( 'NONE',  ( -95.24999999999994316, 1.498599999999999932, -120.6499999999999773 ) ) ;
#1946 = DIRECTION ( 'NONE',  ( -0.000000000000000000, 1.000000000000000000, -0.000000000000000000 ) ) ;
#1947 = DIRECTION ( 'NONE',  ( 0.000000000000000000, 0.000000000000000000, 1.000000000000000000 ) ) ;
#1948 = DIRECTION ( 'NONE',  ( 0.000000000000000000, 0.000000000000000000, 1.000000000000000000 ) ) ;
#1949 = ORIENTED_EDGE ( 'NONE', *, *, #3079, .F. ) ;
#1950 = EDGE_LOOP ( 'NONE', ( #525, #920, #956, #829 ) ) ;
#1951 = EDGE_CURVE ( 'NONE', #1249, #2482, #1975, .T. ) ;
#1952 = ORIENTED_EDGE ( 'NONE', *, *, #2681, .F. ) ;
#1953 = VERTEX_POINT ( 'NONE', #3194 ) ;
#1954 = ADVANCED_FACE ( 'NONE', ( #134 ), #2432, .F. ) ;
#1955 = CARTESIAN_POINT ( 'NONE',  ( 95.25000000000005684, 1.498599999999999710, -77.47635000000002492 ) ) ;
#1956 = CARTESIAN_POINT ( 'NONE',  ( 95.25000000000005684, 1.498599999999999932, -118.7513499999999453 ) ) ;
#1957 = DIRECTION ( 'NONE',  ( 0.000000000000000000, 0.000000000000000000, 1.000000000000000000 ) ) ;
#1958 = VERTEX_POINT ( 'NONE', #634 ) ;
#1959 = CARTESIAN_POINT ( 'NONE',  ( 41.26191796937727219, 1.498599999999999932, 22.51330310867499662 ) ) ;
#1960 = DIRECTION ( 'NONE',  ( -0.000000000000000000, 1.000000000000000000, -0.000000000000000000 ) ) ;
#1961 = DIRECTION ( 'NONE',  ( -0.000000000000000000, 1.000000000000000000, -0.000000000000000000 ) ) ;
#1962 = LINE ( 'NONE', #3227, #384 ) ;
#1963 = ORIENTED_EDGE ( 'NONE', *, *, #108, .F. ) ;
#1964 = ORIENTED_EDGE ( 'NONE', *, *, #2087, .F. ) ;
#1965 = VECTOR ( 'NONE', #1499, 1000.000000000000000 ) ;
#1966 = EDGE_LOOP ( 'NONE', ( #1525, #1618 ) ) ;
#1967 = ORIENTED_EDGE ( 'NONE', *, *, #1295, .F. ) ;
#1968 = AXIS2_PLACEMENT_3D ( 'NONE', #902, #2931, #1155 ) ;
#1969 = VECTOR ( 'NONE', #3007, 1000.000000000000000 ) ;
#1970 = AXIS2_PLACEMENT_3D ( 'NONE', #115, #1674, #3193 ) ;
#1971 = DIRECTION ( 'NONE',  ( 0.000000000000000000, 0.000000000000000000, 1.000000000000000000 ) ) ;
#1972 = EDGE_CURVE ( 'NONE', #3254, #2700, #650, .T. ) ;
#1973 = EDGE_CURVE ( 'NONE', #2774, #2441, #917, .T. ) ;
#1974 = CARTESIAN_POINT ( 'NONE',  ( 50.21383968473930537, -151.9508708292634367, 128.5875000000000057 ) ) ;
#1975 = CIRCLE ( 'NONE', #864, 1.700000000000007061 ) ;
#1976 = CIRCLE ( 'NONE', #2349, 1.898650000000001725 ) ;
#1977 = CARTESIAN_POINT ( 'NONE',  ( -100.0124999999999744, 1.498599999999999932, 133.4517614608546694 ) ) ;
#1978 = AXIS2_PLACEMENT_3D ( 'NONE', #2540, #2286, #2046 ) ;
#1979 = AXIS2_PLACEMENT_3D ( 'NONE', #193, #455, #903 ) ;
#1980 = ORIENTED_EDGE ( 'NONE', *, *, #1048, .T. ) ;
#1981 = CARTESIAN_POINT ( 'NONE',  ( -29.89799999999904045, 1.498599999999999932, 46.35096146085460589 ) ) ;
#1982 = EDGE_CURVE ( 'NONE', #881, #27, #3207, .T. ) ;
#1983 = DIRECTION ( 'NONE',  ( -0.000000000000000000, 1.000000000000000000, -0.000000000000000000 ) ) ;
#1984 = AXIS2_PLACEMENT_3D ( 'NONE', #1333, #2319, #352 ) ;
#1985 = DIRECTION ( 'NONE',  ( 0.000000000000000000, 0.000000000000000000, 1.000000000000000000 ) ) ;
#1986 = DIRECTION ( 'NONE',  ( -0.000000000000000000, 1.000000000000000000, -0.000000000000000000 ) ) ;
#1987 = ORIENTED_EDGE ( 'NONE', *, *, #2797, .T. ) ;
#1988 = ORIENTED_EDGE ( 'NONE', *, *, #2044, .F. ) ;
#1989 = ORIENTED_EDGE ( 'NONE', *, *, #838, .T. ) ;
#1990 = CARTESIAN_POINT ( 'NONE',  ( 46.45000000000001705, 1.498599999999999932, -123.1900000000000404 ) ) ;
#1991 = ORIENTED_EDGE ( 'NONE', *, *, #1890, .F. ) ;
#1992 = ORIENTED_EDGE ( 'NONE', *, *, #2892, .T. ) ;
#1993 = CARTESIAN_POINT ( 'NONE',  ( -19.72299999999723141, 1.498599999999999932, 128.7509614608546542 ) ) ;
#1994 = DIRECTION ( 'NONE',  ( -0.000000000000000000, 1.000000000000000000, -0.000000000000000000 ) ) ;
#1995 = ADVANCED_FACE ( 'NONE', ( #403 ), #1422, .F. ) ;
#1996 = VERTEX_POINT ( 'NONE', #1928 ) ;
#1997 = LINE ( 'NONE', #2993, #1079 ) ;
#1998 = CARTESIAN_POINT ( 'NONE',  ( -80.89799999999823399, 1.498599999999999932, 46.35096146085461299 ) ) ;
#1999 = DIRECTION ( 'NONE',  ( -0.000000000000000000, 1.000000000000000000, -0.000000000000000000 ) ) ;
#2000 = CARTESIAN_POINT ( 'NONE',  ( 46.45000000000001705, 4.336808689942017736E-16, -123.1900000000000404 ) ) ;
#2001 = EDGE_CURVE ( 'NONE', #1685, #2131, #2173, .T. ) ;
#2002 = EDGE_CURVE ( 'NONE', #86, #1405, #175, .T. ) ;
#2003 = ORIENTED_EDGE ( 'NONE', *, *, #1148, .T. ) ;
#2004 = DIRECTION ( 'NONE',  ( 0.000000000000000000, 0.000000000000000000, 1.000000000000000000 ) ) ;
#2005 = FACE_BOUND ( 'NONE', #1484, .T. ) ;
#2006 = CYLINDRICAL_SURFACE ( 'NONE', #20, 1.898650000000001725 ) ;
#2007 = ORIENTED_EDGE ( 'NONE', *, *, #2361, .F. ) ;
#2008 = DIRECTION ( 'NONE',  ( -0.000000000000000000, 1.000000000000000000, -0.000000000000000000 ) ) ;
#2009 = LINE ( 'NONE', #466, #16 ) ;
#2010 = ORIENTED_EDGE ( 'NONE', *, *, #3072, .T. ) ;
#2011 = ORIENTED_EDGE ( 'NONE', *, *, #3114, .F. ) ;
#2012 = FACE_OUTER_BOUND ( 'NONE', #1166, .T. ) ;
#2013 = DIRECTION ( 'NONE',  ( -0.000000000000000000, 1.000000000000000000, -0.000000000000000000 ) ) ;
#2014 = EDGE_CURVE ( 'NONE', #548, #1232, #2193, .T. ) ;
#2015 = DIRECTION ( 'NONE',  ( -0.000000000000000000, 1.000000000000000000, -0.000000000000000000 ) ) ;
#2016 = EDGE_LOOP ( 'NONE', ( #1607, #3262, #362, #878 ) ) ;
#2017 = ORIENTED_EDGE ( 'NONE', *, *, #431, .F. ) ;
#2018 = DIRECTION ( 'NONE',  ( 0.000000000000000000, 0.000000000000000000, 1.000000000000000000 ) ) ;
#2019 = FACE_BOUND ( 'NONE', #2780, .T. ) ;
#2020 = EDGE_CURVE ( 'NONE', #3137, #1602, #1500, .T. ) ;
#2021 = ADVANCED_FACE ( 'NONE', ( #887 ), #2891, .F. ) ;
#2022 = CARTESIAN_POINT ( 'NONE',  ( 31.27700000000278990, 2.168404344971008868E-16, 127.0509614608546514 ) ) ;
#2023 = VERTEX_POINT ( 'NONE', #202 ) ;
#2024 = CIRCLE ( 'NONE', #2906, 1.699999999999993072 ) ;
#2025 = AXIS2_PLACEMENT_3D ( 'NONE', #3033, #1800, #7 ) ;
#2026 = CARTESIAN_POINT ( 'NONE',  ( 49.30665665595520863, 1.498599999999999932, 104.1974531664061914 ) ) ;
#2027 = DIRECTION ( 'NONE',  ( 0.000000000000000000, 0.000000000000000000, 1.000000000000000000 ) ) ;
#2028 = VECTOR ( 'NONE', #849, 1000.000000000000000 ) ;
#2029 = ORIENTED_EDGE ( 'NONE', *, *, #905, .F. ) ;
#2030 = ORIENTED_EDGE ( 'NONE', *, *, #2697, .F. ) ;
#2031 = AXIS2_PLACEMENT_3D ( 'NONE', #2905, #1180, #430 ) ;
#2032 = CARTESIAN_POINT ( 'NONE',  ( 48.62633968473930679, -151.9508708292634367, 133.4517614608546694 ) ) ;
#2033 = CIRCLE ( 'NONE', #551, 1.700000000000000178 ) ;
#2034 = DIRECTION ( 'NONE',  ( -0.000000000000000000, 1.000000000000000000, -0.000000000000000000 ) ) ;
#2035 = FACE_OUTER_BOUND ( 'NONE', #2965, .T. ) ;
#2036 = CIRCLE ( 'NONE', #3240, 1.700000000000007061 ) ;
#2037 = CIRCLE ( 'NONE', #2814, 1.898650000000001725 ) ;
#2038 = ORIENTED_EDGE ( 'NONE', *, *, #1066, .T. ) ;
#2039 = PRODUCT ( 'Interface Plate', 'Interface Plate', '', ( #1152 ) ) ;
#2040 = VERTEX_POINT ( 'NONE', #3245 ) ;
#2041 = DIRECTION ( 'NONE',  ( 0.000000000000000000, 0.000000000000000000, 1.000000000000000000 ) ) ;
#2042 = FACE_BOUND ( 'NONE', #842, .T. ) ;
#2043 = CIRCLE ( 'NONE', #868, 2.705100000000002058 ) ;
#2044 = EDGE_CURVE ( 'NONE', #2057, #644, #1131, .T. ) ;
#2045 = EDGE_CURVE ( 'NONE', #893, #1478, #3022, .T. ) ;
#2046 = DIRECTION ( 'NONE',  ( 0.000000000000000000, 0.000000000000000000, 1.000000000000000000 ) ) ;
#2047 = ORIENTED_EDGE ( 'NONE', *, *, #1671, .F. ) ;
#2048 = EDGE_CURVE ( 'NONE', #1101, #1938, #3260, .T. ) ;
#2049 = CARTESIAN_POINT ( 'NONE',  ( 43.23877440496806912, 2.168404344971008868E-16, 34.96784572720404327 ) ) ;
#2050 = CYLINDRICAL_SURFACE ( 'NONE', #2871, 1.898650000000001725 ) ;
#2051 = AXIS2_PLACEMENT_3D ( 'NONE', #1849, #1118, #139 ) ;
#2052 = VERTEX_POINT ( 'NONE', #242 ) ;
#2053 = DIRECTION ( 'NONE',  ( -0.000000000000000000, 1.000000000000000000, -0.000000000000000000 ) ) ;
#2054 = DIRECTION ( 'NONE',  ( 0.000000000000000000, 0.000000000000000000, 1.000000000000000000 ) ) ;
#2055 = CARTESIAN_POINT ( 'NONE',  ( -90.97771013878475799, 2.168404344971008868E-16, 92.37875789685847394 ) ) ;
#2056 = EDGE_LOOP ( 'NONE', ( #328, #515 ) ) ;
#2057 = VERTEX_POINT ( 'NONE', #732 ) ;
#2058 = ORIENTED_EDGE ( 'NONE', *, *, #8, .T. ) ;
#2059 = FACE_BOUND ( 'NONE', #1027, .T. ) ;
#2060 = CARTESIAN_POINT ( 'NONE',  ( -19.72299999999723141, 2.168404344971008868E-16, 125.3509614608546485 ) ) ;
#2061 = EDGE_LOOP ( 'NONE', ( #369, #2509 ) ) ;
#2062 = ORIENTED_EDGE ( 'NONE', *, *, #930, .F. ) ;
#2063 = CARTESIAN_POINT ( 'NONE',  ( 50.21383968473930537, 0.000000000000000000, 131.8642614608546637 ) ) ;
#2064 = CARTESIAN_POINT ( 'NONE',  ( 46.45000000000001705, 4.336808689942017736E-16, 6.809999999999996945 ) ) ;
#2065 = EDGE_CURVE ( 'NONE', #1633, #2919, #3023, .T. ) ;
#2066 = ADVANCED_FACE ( 'NONE', ( #1010 ), #1708, .F. ) ;
#2067 = CARTESIAN_POINT ( 'NONE',  ( 50.21383968473930537, -151.9508708292634367, 133.4517614608546694 ) ) ;
#2068 = CARTESIAN_POINT ( 'NONE',  ( -19.72299999999723141, 1.498599999999999932, 48.05096146085460873 ) ) ;
#2069 = DIRECTION ( 'NONE',  ( 0.000000000000000000, 0.000000000000000000, 1.000000000000000000 ) ) ;
#2070 = ORIENTED_EDGE ( 'NONE', *, *, #15, .F. ) ;
#2071 = CARTESIAN_POINT ( 'NONE',  ( -28.50556479709977253, 1.498599999999999932, 32.13818736271291243 ) ) ;
#2072 = CARTESIAN_POINT ( 'NONE',  ( 31.27700000000278990, 1.498599999999999932, 128.7509614608546542 ) ) ;
#2073 = DIRECTION ( 'NONE',  ( -0.000000000000000000, 1.000000000000000000, -0.000000000000000000 ) ) ;
#2074 = VERTEX_POINT ( 'NONE', #2515 ) ;
#2075 = EDGE_LOOP ( 'NONE', ( #2839, #2302, #2984, #1722 ) ) ;
#2076 = DIRECTION ( 'NONE',  ( 0.000000000000000000, 0.000000000000000000, 1.000000000000000000 ) ) ;
#2077 = DIRECTION ( 'NONE',  ( 0.000000000000000000, 0.000000000000000000, 1.000000000000000000 ) ) ;
#2078 = CIRCLE ( 'NONE', #2858, 1.700000000000000178 ) ;
#2079 = CYLINDRICAL_SURFACE ( 'NONE', #3124, 1.898649999999998839 ) ;
#2080 = CARTESIAN_POINT ( 'NONE',  ( -77.55000000000002558, 1.498599999999999932, 6.809999999999996945 ) ) ;
#2081 = COLOUR_RGB ( '',0.7921568627450980005, 0.8196078431372548767, 0.9333333333333333481 ) ;
#2082 = CIRCLE ( 'NONE', #648, 1.898650000000001725 ) ;
#2083 = CARTESIAN_POINT ( 'NONE',  ( 100.0125000000000028, 1.498599999999999932, -128.5875000000000625 ) ) ;
#2084 = CIRCLE ( 'NONE', #2600, 1.898649999999998395 ) ;
#2085 = ADVANCED_FACE ( 'NONE', ( #3275 ), #998, .F. ) ;
#2086 = ORIENTED_EDGE ( 'NONE', *, *, #9, .F. ) ;
#2087 = EDGE_CURVE ( 'NONE', #1827, #1776, #518, .T. ) ;
#2088 = CARTESIAN_POINT ( 'NONE',  ( -101.5999999999999801, 0.000000000000000000, 131.8642614608546637 ) ) ;
#2089 = AXIS2_PLACEMENT_3D ( 'NONE', #1396, #188, #2628 ) ;
#2090 = AXIS2_PLACEMENT_3D ( 'NONE', #18, #1081, #2564 ) ;
#2091 = DIRECTION ( 'NONE',  ( -0.000000000000000000, 1.000000000000000000, -0.000000000000000000 ) ) ;
#2092 = CIRCLE ( 'NONE', #393, 2.705100000000002058 ) ;
#2093 = EDGE_LOOP ( 'NONE', ( #677, #1494, #2410, #303 ) ) ;
#2094 = AXIS2_PLACEMENT_3D ( 'NONE', #1522, #527, #3255 ) ;
#2095 = CIRCLE ( 'NONE', #294, 1.699999999999993072 ) ;
#2096 = EDGE_LOOP ( 'NONE', ( #2427, #2854, #1964, #185 ) ) ;
#2097 = DIRECTION ( 'NONE',  ( 0.000000000000000000, 0.000000000000000000, 1.000000000000000000 ) ) ;
#2098 = LINE ( 'NONE', #555, #809 ) ;
#2099 = DIRECTION ( 'NONE',  ( -0.000000000000000000, 1.000000000000000000, -0.000000000000000000 ) ) ;
#2100 = DIRECTION ( 'NONE',  ( -0.000000000000000000, 1.000000000000000000, -0.000000000000000000 ) ) ;
#2101 = VECTOR ( 'NONE', #1157, 1000.000000000000000 ) ;
#2102 = EDGE_CURVE ( 'NONE', #432, #1907, #1605, .T. ) ;
#2103 = VERTEX_POINT ( 'NONE', #268 ) ;
#2104 = CYLINDRICAL_SURFACE ( 'NONE', #333, 1.898650000000001725 ) ;
#2105 = CARTESIAN_POINT ( 'NONE',  ( 82.29600000000003490, 1.498599999999999710, 25.78735000000004263 ) ) ;
#2106 = EDGE_CURVE ( 'NONE', #745, #548, #1923, .T. ) ;
#2107 = DIRECTION ( 'NONE',  ( 0.000000000000000000, 0.000000000000000000, 1.000000000000000000 ) ) ;
#2108 = ORIENTED_EDGE ( 'NONE', *, *, #2124, .T. ) ;
#2109 = EDGE_LOOP ( 'NONE', ( #2062, #3217, #1153, #1691 ) ) ;
#2110 = VERTEX_POINT ( 'NONE', #1472 ) ;
#2111 = DIRECTION ( 'NONE',  ( -0.000000000000000000, 1.000000000000000000, -0.000000000000000000 ) ) ;
#2112 = CARTESIAN_POINT ( 'NONE',  ( 43.30665665595521574, 1.498599999999999932, 104.1974531664061914 ) ) ;
#2113 = DIRECTION ( 'NONE',  ( 0.000000000000000000, 0.000000000000000000, 1.000000000000000000 ) ) ;
#2114 = DIRECTION ( 'NONE',  ( 0.000000000000000000, -1.000000000000000000, 0.000000000000000000 ) ) ;
#2115 = ORIENTED_EDGE ( 'NONE', *, *, #980, .F. ) ;
#2116 = DIRECTION ( 'NONE',  ( -0.000000000000000000, 1.000000000000000000, -0.000000000000000000 ) ) ;
#2117 = SURFACE_STYLE_USAGE ( .BOTH. , #1072 ) ;
#2118 = DIRECTION ( 'NONE',  ( -0.000000000000000000, 1.000000000000000000, -0.000000000000000000 ) ) ;
#2119 = DIRECTION ( 'NONE',  ( 0.000000000000000000, 0.000000000000000000, 1.000000000000000000 ) ) ;
#2120 = ORIENTED_EDGE ( 'NONE', *, *, #1752, .T. ) ;
#2121 = EDGE_CURVE ( 'NONE', #467, #2537, #2009, .T. ) ;
#2122 = VERTEX_POINT ( 'NONE', #218 ) ;
#2123 = EDGE_LOOP ( 'NONE', ( #1792, #3222 ) ) ;
#2124 = EDGE_CURVE ( 'NONE', #2131, #3046, #2499, .T. ) ;
#2125 = EDGE_CURVE ( 'NONE', #588, #2023, #1080, .T. ) ;
#2126 = FACE_OUTER_BOUND ( 'NONE', #549, .T. ) ;
#2127 = CARTESIAN_POINT ( 'NONE',  ( -28.50556479709977253, 1.498599999999999932, 39.83818736271291527 ) ) ;
#2128 = DIRECTION ( 'NONE',  ( 0.000000000000000000, 0.000000000000000000, 1.000000000000000000 ) ) ;
#2129 = VECTOR ( 'NONE', #195, 1000.000000000000000 ) ;
#2130 = VECTOR ( 'NONE', #2618, 1000.000000000000000 ) ;
#2131 = VERTEX_POINT ( 'NONE', #2291 ) ;
#2132 = CARTESIAN_POINT ( 'NONE',  ( 4.163336342344337027E-14, 2.168404344971008868E-16, 2.775557561562891351E-14 ) ) ;
#2133 = CIRCLE ( 'NONE', #1865, 2.705100000000002058 ) ;
#2134 = FACE_BOUND ( 'NONE', #1216, .T. ) ;
#2135 = DIRECTION ( 'NONE',  ( -0.000000000000000000, 1.000000000000000000, -0.000000000000000000 ) ) ;
#2136 = VECTOR ( 'NONE', #2771, 1000.000000000000000 ) ;
#2137 = VECTOR ( 'NONE', #2148, 1000.000000000000000 ) ;
#2138 = CARTESIAN_POINT ( 'NONE',  ( 100.0125000000000028, 0.000000000000000000, 127.0000000000000000 ) ) ;
#2139 = EDGE_LOOP ( 'NONE', ( #2569, #942, #399, #2038 ) ) ;
#2140 = AXIS2_PLACEMENT_3D ( 'NONE', #1621, #3170, #914 ) ;
#2141 = VECTOR ( 'NONE', #981, 1000.000000000000000 ) ;
#2142 = EDGE_CURVE ( 'NONE', #1129, #2978, #3004, .T. ) ;
#2143 = CIRCLE ( 'NONE', #2554, 1.898650000000001725 ) ;
#2144 = ORIENTED_EDGE ( 'NONE', *, *, #606, .F. ) ;
#2145 = CARTESIAN_POINT ( 'NONE',  ( -95.24999999999997158, 1.498599999999999932, 120.6500000000000057 ) ) ;
#2146 = EDGE_CURVE ( 'NONE', #1304, #2169, #1337, .T. ) ;
#2147 = EDGE_CURVE ( 'NONE', #2728, #1070, #1763, .T. ) ;
#2148 = DIRECTION ( 'NONE',  ( -0.000000000000000000, 1.000000000000000000, -0.000000000000000000 ) ) ;
#2149 = DIRECTION ( 'NONE',  ( 0.000000000000000000, 0.000000000000000000, 1.000000000000000000 ) ) ;
#2150 = ORIENTED_EDGE ( 'NONE', *, *, #1032, .T. ) ;
#2151 = ORIENTED_EDGE ( 'NONE', *, *, #1795, .T. ) ;
#2152 = FACE_OUTER_BOUND ( 'NONE', #664, .T. ) ;
#2153 = DIRECTION ( 'NONE',  ( -0.000000000000000000, 1.000000000000000000, -0.000000000000000000 ) ) ;
#2154 = CARTESIAN_POINT ( 'NONE',  ( 95.25000000000005684, 1.498599999999999932, -81.27365000000003192 ) ) ;
#2155 = DIRECTION ( 'NONE',  ( -0.000000000000000000, 1.000000000000000000, -0.000000000000000000 ) ) ;
#2156 = ORIENTED_EDGE ( 'NONE', *, *, #2913, .T. ) ;
#2157 = VERTEX_POINT ( 'NONE', #2764 ) ;
#2158 = ORIENTED_EDGE ( 'NONE', *, *, #1667, .F. ) ;
#2159 = ORIENTED_EDGE ( 'NONE', *, *, #341, .T. ) ;
#2160 = LINE ( 'NONE', #1873, #2765 ) ;
#2161 = LINE ( 'NONE', #1134, #2137 ) ;
#2162 = EDGE_CURVE ( 'NONE', #2023, #835, #1512, .T. ) ;
#2163 = CARTESIAN_POINT ( 'NONE',  ( 50.21383968473930537, 1.498599999999999932, 128.5875000000000057 ) ) ;
#2164 = EDGE_LOOP ( 'NONE', ( #3202, #1089, #1502, #3027 ) ) ;
#2165 = CARTESIAN_POINT ( 'NONE',  ( 41.26191796937727219, 1.498599999999999932, 22.51330310867499662 ) ) ;
#2166 = DIRECTION ( 'NONE',  ( 0.000000000000000000, 0.000000000000000000, 1.000000000000000000 ) ) ;
#2167 = DIRECTION ( 'NONE',  ( -1.000000000000000000, 0.000000000000000000, 0.000000000000000000 ) ) ;
#2168 = CARTESIAN_POINT ( 'NONE',  ( 95.25000000000004263, 2.168404344971008868E-16, -1.898649999999973970 ) ) ;
#2169 = VERTEX_POINT ( 'NONE', #45 ) ;
#2170 = ORIENTED_EDGE ( 'NONE', *, *, #1973, .F. ) ;
#2171 = DIRECTION ( 'NONE',  ( 0.000000000000000000, 0.000000000000000000, 1.000000000000000000 ) ) ;
#2172 = FACE_OUTER_BOUND ( 'NONE', #1154, .T. ) ;
#2173 = LINE ( 'NONE', #2941, #2969 ) ;
#2174 = DIRECTION ( 'NONE',  ( -0.000000000000000000, 1.000000000000000000, -0.000000000000000000 ) ) ;
#2175 = EDGE_CURVE ( 'NONE', #1423, #1953, #3125, .T. ) ;
#2176 = VERTEX_POINT ( 'NONE', #3103 ) ;
#2177 = CARTESIAN_POINT ( 'NONE',  ( 31.27700000000278990, 1.498599999999999932, 49.75096146085460447 ) ) ;
#2178 = CYLINDRICAL_SURFACE ( 'NONE', #2343, 1.898650000000001725 ) ;
#2179 = DIRECTION ( 'NONE',  ( -0.000000000000000000, 1.000000000000000000, -0.000000000000000000 ) ) ;
#2180 = CARTESIAN_POINT ( 'NONE',  ( 68.27568817180886640, 1.498599999999999932, -99.86122929887800126 ) ) ;
#2181 = AXIS2_PLACEMENT_3D ( 'NONE', #471, #2817, #2069 ) ;
#2182 = CARTESIAN_POINT ( 'NONE',  ( 2.775557561562891351E-14, 2.168404344971008868E-16, 120.6500000000000199 ) ) ;
#2183 = ORIENTED_EDGE ( 'NONE', *, *, #2757, .F. ) ;
#2184 = AXIS2_PLACEMENT_3D ( 'NONE', #1319, #1641, #2212 ) ;
#2185 = ORIENTED_EDGE ( 'NONE', *, *, #2682, .F. ) ;
#2186 = CIRCLE ( 'NONE', #2546, 1.700000000000000178 ) ;
#2187 = EDGE_LOOP ( 'NONE', ( #1037, #1424, #1020, #1384 ) ) ;
#2188 = FACE_OUTER_BOUND ( 'NONE', #1758, .T. ) ;
#2189 = AXIS2_PLACEMENT_3D ( 'NONE', #1740, #1214, #2530 ) ;
#2190 = CIRCLE ( 'NONE', #1823, 1.699999999999993072 ) ;
#2191 = AXIS2_PLACEMENT_3D ( 'NONE', #776, #2475, #2236 ) ;
#2192 = CARTESIAN_POINT ( 'NONE',  ( 49.30665665595520863, 2.168404344971008868E-16, 105.8974531664061800 ) ) ;
#2193 = LINE ( 'NONE', #684, #3018 ) ;
#2194 = AXIS2_PLACEMENT_3D ( 'NONE', #1058, #2073, #1824 ) ;
#2195 = EDGE_LOOP ( 'NONE', ( #197, #2330, #2382, #1888 ) ) ;
#2196 = VERTEX_POINT ( 'NONE', #2358 ) ;
#2197 = CARTESIAN_POINT ( 'NONE',  ( 31.27700000000278990, 1.498599999999999932, 48.05096146085460873 ) ) ;
#2198 = CARTESIAN_POINT ( 'NONE',  ( -95.24999999999994316, 1.498599999999999710, -122.5486499999999808 ) ) ;
#2199 = FACE_OUTER_BOUND ( 'NONE', #1950, .T. ) ;
#2200 = CARTESIAN_POINT ( 'NONE',  ( 95.25000000000005684, 1.498599999999999710, -79.37500000000002842 ) ) ;
#2201 = FACE_BOUND ( 'NONE', #2687, .T. ) ;
#2202 = ORIENTED_EDGE ( 'NONE', *, *, #2280, .T. ) ;
#2203 = EDGE_LOOP ( 'NONE', ( #1684, #2575 ) ) ;
#2204 = EDGE_CURVE ( 'NONE', #1602, #2784, #1341, .T. ) ;
#2205 = EDGE_CURVE ( 'NONE', #821, #711, #831, .T. ) ;
#2206 = ORIENTED_EDGE ( 'NONE', *, *, #243, .F. ) ;
#2207 = DIRECTION ( 'NONE',  ( -0.000000000000000000, 1.000000000000000000, -0.000000000000000000 ) ) ;
#2208 = DIRECTION ( 'NONE',  ( -0.000000000000000000, 1.000000000000000000, -0.000000000000000000 ) ) ;
#2209 = DIRECTION ( 'NONE',  ( -0.000000000000000000, 1.000000000000000000, -0.000000000000000000 ) ) ;
#2210 = ORIENTED_EDGE ( 'NONE', *, *, #3094, .T. ) ;
#2211 = DIRECTION ( 'NONE',  ( -0.000000000000000000, 1.000000000000000000, -0.000000000000000000 ) ) ;
#2212 = DIRECTION ( 'NONE',  ( 0.000000000000000000, 0.000000000000000000, 1.000000000000000000 ) ) ;
#2213 = DIRECTION ( 'NONE',  ( 0.000000000000000000, 0.000000000000000000, 1.000000000000000000 ) ) ;
#2214 = DIRECTION ( 'NONE',  ( -0.000000000000000000, 1.000000000000000000, -0.000000000000000000 ) ) ;
#2215 = ORIENTED_EDGE ( 'NONE', *, *, #43, .F. ) ;
#2216 = EDGE_LOOP ( 'NONE', ( #204, #3270 ) ) ;
#2217 = EDGE_LOOP ( 'NONE', ( #102, #460, #574, #427 ) ) ;
#2218 = EDGE_CURVE ( 'NONE', #1046, #2074, #1312, .T. ) ;
#2219 = ORIENTED_EDGE ( 'NONE', *, *, #2014, .F. ) ;
#2220 = ORIENTED_EDGE ( 'NONE', *, *, #2309, .F. ) ;
#2221 = ADVANCED_FACE ( 'NONE', ( #1051 ), #2844, .F. ) ;
#2222 = EDGE_CURVE ( 'NONE', #1827, #2461, #2098, .T. ) ;
#2223 = CARTESIAN_POINT ( 'NONE',  ( -6.738082030622740248, 1.498599999999999932, 24.62330310867499961 ) ) ;
#2224 = CARTESIAN_POINT ( 'NONE',  ( -6.738082030622740248, 2.168404344971008868E-16, 22.51330310867499662 ) ) ;
#2225 = DIRECTION ( 'NONE',  ( 0.000000000000000000, 0.000000000000000000, 1.000000000000000000 ) ) ;
#2226 = VERTEX_POINT ( 'NONE', #584 ) ;
#2227 = EDGE_LOOP ( 'NONE', ( #1041, #1853, #2694, #448 ) ) ;
#2228 = DIRECTION ( 'NONE',  ( 0.000000000000000000, 0.000000000000000000, 1.000000000000000000 ) ) ;
#2229 = FACE_OUTER_BOUND ( 'NONE', #1146, .T. ) ;
#2230 = DIRECTION ( 'NONE',  ( -0.000000000000000000, 1.000000000000000000, -0.000000000000000000 ) ) ;
#2231 = ORIENTED_EDGE ( 'NONE', *, *, #1910, .F. ) ;
#2232 = ORIENTED_EDGE ( 'NONE', *, *, #1528, .T. ) ;
#2233 = LINE ( 'NONE', #511, #2389 ) ;
#2234 = CIRCLE ( 'NONE', #2181, 1.587499999999991696 ) ;
#2235 = AXIS2_PLACEMENT_3D ( 'NONE', #2132, #74, #1568 ) ;
#2236 = DIRECTION ( 'NONE',  ( 0.000000000000000000, 0.000000000000000000, 1.000000000000000000 ) ) ;
#2237 = ORIENTED_EDGE ( 'NONE', *, *, #1573, .T. ) ;
#2238 = VERTEX_POINT ( 'NONE', #1588 ) ;
#2239 = AXIS2_PLACEMENT_3D ( 'NONE', #1480, #2317, #576 ) ;
#2240 = EDGE_CURVE ( 'NONE', #654, #322, #1239, .T. ) ;
#2241 = CIRCLE ( 'NONE', #604, 1.700000000000007061 ) ;
#2242 = DIRECTION ( 'NONE',  ( -0.000000000000000000, 1.000000000000000000, -0.000000000000000000 ) ) ;
#2243 = DIRECTION ( 'NONE',  ( 0.000000000000000000, 0.000000000000000000, 1.000000000000000000 ) ) ;
#2244 = VECTOR ( 'NONE', #2276, 1000.000000000000000 ) ;
#2245 = CIRCLE ( 'NONE', #66, 1.700000000000000178 ) ;
#2246 = EDGE_CURVE ( 'NONE', #2574, #390, #1655, .T. ) ;
#2247 = CIRCLE ( 'NONE', #2819, 1.699999999999993072 ) ;
#2248 = EDGE_LOOP ( 'NONE', ( #3257, #3100 ) ) ;
#2249 = CYLINDRICAL_SURFACE ( 'NONE', #2445, 1.898650000000001725 ) ;
#2250 = CARTESIAN_POINT ( 'NONE',  ( 61.91250000000002274, 1.498599999999999710, 120.6500000000000625 ) ) ;
#2251 = CIRCLE ( 'NONE', #2974, 1.700000000000000178 ) ;
#2252 = CARTESIAN_POINT ( 'NONE',  ( 95.25000000000005684, 1.498599999999999710, -122.5486499999999523 ) ) ;
#2253 = DIRECTION ( 'NONE',  ( 0.000000000000000000, 0.000000000000000000, 1.000000000000000000 ) ) ;
#2254 = EDGE_LOOP ( 'NONE', ( #3064, #944 ) ) ;
#2255 = ORIENTED_EDGE ( 'NONE', *, *, #479, .F. ) ;
#2256 = ORIENTED_EDGE ( 'NONE', *, *, #1629, .F. ) ;
#2257 = CARTESIAN_POINT ( 'NONE',  ( -28.50556479709977253, 2.168404344971008868E-16, 38.13818736271291243 ) ) ;
#2258 = EDGE_LOOP ( 'NONE', ( #2070, #2391 ) ) ;
#2259 = ORIENTED_EDGE ( 'NONE', *, *, #2576, .F. ) ;
#2260 = EDGE_CURVE ( 'NONE', #2693, #323, #652, .T. ) ;
#2261 = FACE_OUTER_BOUND ( 'NONE', #1765, .T. ) ;
#2262 = CARTESIAN_POINT ( 'NONE',  ( -28.50556479709977253, 1.498599999999999932, 33.83818736271291527 ) ) ;
#2263 = ADVANCED_FACE ( 'NONE', ( #3070 ), #2050, .F. ) ;
#2264 = ORIENTED_EDGE ( 'NONE', *, *, #3015, .F. ) ;
#2265 = EDGE_CURVE ( 'NONE', #1996, #739, #812, .T. ) ;
#2266 = DIRECTION ( 'NONE',  ( -0.000000000000000000, 1.000000000000000000, -0.000000000000000000 ) ) ;
#2267 = DIRECTION ( 'NONE',  ( 0.000000000000000000, 0.000000000000000000, 1.000000000000000000 ) ) ;
#2268 = FACE_OUTER_BOUND ( 'NONE', #580, .T. ) ;
#2269 = EDGE_LOOP ( 'NONE', ( #3065, #2256, #447, #1288 ) ) ;
#2270 = VERTEX_POINT ( 'NONE', #1791 ) ;
#2271 = CARTESIAN_POINT ( 'NONE',  ( 31.27700000000278990, 1.498599999999999932, 125.3509614608546485 ) ) ;
#2272 = FACE_BOUND ( 'NONE', #3215, .T. ) ;
#2273 = CARTESIAN_POINT ( 'NONE',  ( -19.72299999999723141, 2.168404344971008868E-16, 127.0509614608546514 ) ) ;
#2274 = ORIENTED_EDGE ( 'NONE', *, *, #2175, .T. ) ;
#2275 = CYLINDRICAL_SURFACE ( 'NONE', #973, 2.705100000000002058 ) ;
#2276 = DIRECTION ( 'NONE',  ( -0.000000000000000000, 1.000000000000000000, -0.000000000000000000 ) ) ;
#2277 = ORIENTED_EDGE ( 'NONE', *, *, #2162, .T. ) ;
#2278 = DIRECTION ( 'NONE',  ( -0.000000000000000000, 1.000000000000000000, -0.000000000000000000 ) ) ;
#2279 = CARTESIAN_POINT ( 'NONE',  ( -95.24999999999994316, 1.498599999999999710, -120.6499999999999773 ) ) ;
#2280 = EDGE_CURVE ( 'NONE', #3204, #2807, #1028, .T. ) ;
#2281 = CARTESIAN_POINT ( 'NONE',  ( -6.738082030622740248, 1.498599999999999932, 20.40330310867499719 ) ) ;
#2282 = EDGE_LOOP ( 'NONE', ( #433, #250, #2624, #2714 ) ) ;
#2283 = ORIENTED_EDGE ( 'NONE', *, *, #1667, .T. ) ;
#2284 = ORIENTED_EDGE ( 'NONE', *, *, #2589, .T. ) ;
#2285 = EDGE_CURVE ( 'NONE', #228, #256, #1925, .T. ) ;
#2286 = DIRECTION ( 'NONE',  ( -0.000000000000000000, 1.000000000000000000, -0.000000000000000000 ) ) ;
#2287 = ORIENTED_EDGE ( 'NONE', *, *, #2492, .T. ) ;
#2288 = CIRCLE ( 'NONE', #329, 1.898650000000001725 ) ;
#2289 = CIRCLE ( 'NONE', #543, 1.700000000000007061 ) ;
#2290 = CARTESIAN_POINT ( 'NONE',  ( 31.27700000000278990, 1.498599999999999932, 127.0509614608546514 ) ) ;
#2291 = CARTESIAN_POINT ( 'NONE',  ( 100.0125000000000028, 0.000000000000000000, -130.1750000000000398 ) ) ;
#2292 = VECTOR ( 'NONE', #899, 1000.000000000000000 ) ;
#2293 = VECTOR ( 'NONE', #2602, 1000.000000000000000 ) ;
#2294 = ORIENTED_EDGE ( 'NONE', *, *, #3248, .F. ) ;
#2295 = AXIS2_PLACEMENT_3D ( 'NONE', #668, #934, #1675 ) ;
#2296 = DIRECTION ( 'NONE',  ( 0.000000000000000000, 0.000000000000000000, 1.000000000000000000 ) ) ;
#2297 = DIRECTION ( 'NONE',  ( -0.000000000000000000, 1.000000000000000000, -0.000000000000000000 ) ) ;
#2298 = DIRECTION ( 'NONE',  ( 0.000000000000000000, 0.000000000000000000, 1.000000000000000000 ) ) ;
#2299 = AXIS2_PLACEMENT_3D ( 'NONE', #856, #2806, #827 ) ;
#2300 = CIRCLE ( 'NONE', #1552, 1.700000000000007061 ) ;
#2301 = ORIENTED_EDGE ( 'NONE', *, *, #1514, .T. ) ;
#2302 = ORIENTED_EDGE ( 'NONE', *, *, #1191, .T. ) ;
#2303 = EDGE_LOOP ( 'NONE', ( #2759, #995, #2938, #1949 ) ) ;
#2304 = EDGE_CURVE ( 'NONE', #106, #1047, #1557, .T. ) ;
#2305 = AXIS2_PLACEMENT_3D ( 'NONE', #2962, #2982, #437 ) ;
#2306 = DIRECTION ( 'NONE',  ( 0.000000000000000000, 0.000000000000000000, 1.000000000000000000 ) ) ;
#2307 = EDGE_LOOP ( 'NONE', ( #2264, #964 ) ) ;
#2308 = ADVANCED_FACE ( 'NONE', ( #2339 ), #3087, .F. ) ;
#2309 = EDGE_CURVE ( 'NONE', #1586, #3204, #3050, .T. ) ;
#2310 = CYLINDRICAL_SURFACE ( 'NONE', #1030, 1.700000000000007061 ) ;
#2311 = CARTESIAN_POINT ( 'NONE',  ( -29.89799999999904045, 1.498599999999999932, 127.0509614608546514 ) ) ;
#2312 = DIRECTION ( 'NONE',  ( 0.000000000000000000, 0.000000000000000000, 1.000000000000000000 ) ) ;
#2313 = CARTESIAN_POINT ( 'NONE',  ( -96.97771013878477220, 1.498599999999999932, 92.37875789685847394 ) ) ;
#2314 = CYLINDRICAL_SURFACE ( 'NONE', #434, 1.699999999999993072 ) ;
#2315 = CARTESIAN_POINT ( 'NONE',  ( -90.97771013878475799, 2.168404344971008868E-16, 94.07875789685846257 ) ) ;
#2316 = ORIENTED_EDGE ( 'NONE', *, *, #501, .F. ) ;
#2317 = DIRECTION ( 'NONE',  ( -0.000000000000000000, 1.000000000000000000, -0.000000000000000000 ) ) ;
#2318 = FACE_BOUND ( 'NONE', #1871, .T. ) ;
#2319 = DIRECTION ( 'NONE',  ( -0.000000000000000000, 1.000000000000000000, -0.000000000000000000 ) ) ;
#2320 = ORIENTED_EDGE ( 'NONE', *, *, #63, .T. ) ;
#2321 = EDGE_LOOP ( 'NONE', ( #936, #2429 ) ) ;
#2322 = EDGE_CURVE ( 'NONE', #2996, #1633, #513, .T. ) ;
#2323 = DIRECTION ( 'NONE',  ( -0.000000000000000000, 1.000000000000000000, -0.000000000000000000 ) ) ;
#2324 = DIRECTION ( 'NONE',  ( -0.000000000000000000, 1.000000000000000000, -0.000000000000000000 ) ) ;
#2325 = ADVANCED_FACE ( 'NONE', ( #1787 ), #264, .F. ) ;
#2326 = DIRECTION ( 'NONE',  ( 0.000000000000000000, 0.000000000000000000, 1.000000000000000000 ) ) ;
#2327 = DIRECTION ( 'NONE',  ( -0.000000000000000000, 1.000000000000000000, -0.000000000000000000 ) ) ;
#2328 = DIRECTION ( 'NONE',  ( -0.000000000000000000, 1.000000000000000000, -0.000000000000000000 ) ) ;
#2329 = ORIENTED_EDGE ( 'NONE', *, *, #341, .F. ) ;
#2330 = ORIENTED_EDGE ( 'NONE', *, *, #1367, .F. ) ;
#2331 = DIRECTION ( 'NONE',  ( 0.000000000000000000, 0.000000000000000000, 1.000000000000000000 ) ) ;
#2332 = DIRECTION ( 'NONE',  ( -0.000000000000000000, -0.000000000000000000, 1.000000000000000000 ) ) ;
#2333 = LINE ( 'NONE', #3096, #2403 ) ;
#2334 = EDGE_LOOP ( 'NONE', ( #1111, #2011 ) ) ;
#2335 = ORIENTED_EDGE ( 'NONE', *, *, #2045, .T. ) ;
#2336 = ORIENTED_EDGE ( 'NONE', *, *, #2783, .T. ) ;
#2337 = CARTESIAN_POINT ( 'NONE',  ( 31.27700000000278990, 1.498599999999999932, 127.0509614608546514 ) ) ;
#2338 = ADVANCED_FACE ( 'NONE', ( #1749 ), #476, .F. ) ;
#2339 = FACE_OUTER_BOUND ( 'NONE', #2670, .T. ) ;
#2340 = AXIS2_PLACEMENT_3D ( 'NONE', #1205, #2995, #1464 ) ;
#2341 = CARTESIAN_POINT ( 'NONE',  ( 95.25000000000005684, 2.168404344971008868E-16, -118.7513499999999453 ) ) ;
#2342 = CARTESIAN_POINT ( 'NONE',  ( 100.0125000000000028, 1.498599999999999932, 125.4125000000000085 ) ) ;
#2343 = AXIS2_PLACEMENT_3D ( 'NONE', #922, #3176, #1932 ) ;
#2344 = AXIS2_PLACEMENT_3D ( 'NONE', #2071, #52, #852 ) ;
#2345 = UNCERTAINTY_MEASURE_WITH_UNIT (LENGTH_MEASURE( 1.000000000000000082E-05 ), #2619, 'distance_accuracy_value', 'NONE');
#2346 = ORIENTED_EDGE ( 'NONE', *, *, #1589, .F. ) ;
#2347 = DIRECTION ( 'NONE',  ( 0.000000000000000000, 0.000000000000000000, 1.000000000000000000 ) ) ;
#2348 = AXIS2_PLACEMENT_3D ( 'NONE', #2387, #1943, #164 ) ;
#2349 = AXIS2_PLACEMENT_3D ( 'NONE', #401, #3168, #1176 ) ;
#2350 = DIRECTION ( 'NONE',  ( 0.000000000000000000, 0.000000000000000000, 1.000000000000000000 ) ) ;
#2351 = VERTEX_POINT ( 'NONE', #2511 ) ;
#2352 = AXIS2_PLACEMENT_3D ( 'NONE', #1224, #1026, #11 ) ;
#2353 = EDGE_LOOP ( 'NONE', ( #3042, #953, #985, #3150 ) ) ;
#2354 = AXIS2_PLACEMENT_3D ( 'NONE', #2885, #1862, #364 ) ;
#2355 = CIRCLE ( 'NONE', #126, 2.110000000000000764 ) ;
#2356 = ORIENTED_EDGE ( 'NONE', *, *, #533, .T. ) ;
#2357 = LINE ( 'NONE', #1050, #1924 ) ;
#2358 = CARTESIAN_POINT ( 'NONE',  ( 101.6000000000000085, 0.000000000000000000, 125.4125000000000085 ) ) ;
#2359 = DIRECTION ( 'NONE',  ( 0.000000000000000000, 0.000000000000000000, 1.000000000000000000 ) ) ;
#2360 = DIRECTION ( 'NONE',  ( -0.000000000000000000, 1.000000000000000000, -0.000000000000000000 ) ) ;
#2361 = EDGE_CURVE ( 'NONE', #2950, #1092, #1245, .T. ) ;
#2362 = EDGE_CURVE ( 'NONE', #2415, #888, #2036, .T. ) ;
#2363 = ORIENTED_EDGE ( 'NONE', *, *, #2322, .T. ) ;
#2364 = DIRECTION ( 'NONE',  ( -0.000000000000000000, 1.000000000000000000, -0.000000000000000000 ) ) ;
#2365 = DIRECTION ( 'NONE',  ( -0.000000000000000000, 1.000000000000000000, -0.000000000000000000 ) ) ;
#2366 = DIRECTION ( 'NONE',  ( -0.000000000000000000, 1.000000000000000000, -0.000000000000000000 ) ) ;
#2367 = EDGE_CURVE ( 'NONE', #2840, #143, #283, .T. ) ;
#2368 = DIRECTION ( 'NONE',  ( -0.000000000000000000, 1.000000000000000000, -0.000000000000000000 ) ) ;
#2369 = ORIENTED_EDGE ( 'NONE', *, *, #2474, .T. ) ;
#2370 = ORIENTED_EDGE ( 'NONE', *, *, #1874, .T. ) ;
#2371 = ORIENTED_EDGE ( 'NONE', *, *, #2142, .T. ) ;
#2372 = DIRECTION ( 'NONE',  ( -0.000000000000000000, 1.000000000000000000, -0.000000000000000000 ) ) ;
#2373 = CARTESIAN_POINT ( 'NONE',  ( 95.25000000000004263, 1.498599999999999710, 2.775557561562891351E-14 ) ) ;
#2374 = CARTESIAN_POINT ( 'NONE',  ( -28.50556479709977253, 1.498599999999999932, 39.83818736271291527 ) ) ;
#2375 =( LENGTH_UNIT ( ) NAMED_UNIT ( * ) SI_UNIT ( .MILLI., .METRE. ) );
#2376 = ORIENTED_EDGE ( 'NONE', *, *, #2204, .F. ) ;
#2377 = DIRECTION ( 'NONE',  ( 0.000000000000000000, 0.000000000000000000, 1.000000000000000000 ) ) ;
#2378 = FACE_OUTER_BOUND ( 'NONE', #1334, .T. ) ;
#2379 = EDGE_CURVE ( 'NONE', #1363, #453, #498, .T. ) ;
#2380 = DIRECTION ( 'NONE',  ( 0.000000000000000000, 0.000000000000000000, 1.000000000000000000 ) ) ;
#2381 = FACE_OUTER_BOUND ( 'NONE', #1509, .T. ) ;
#2382 = ORIENTED_EDGE ( 'NONE', *, *, #1906, .T. ) ;
#2383 = EDGE_CURVE ( 'NONE', #630, #1123, #3271, .T. ) ;
#2384 = EDGE_LOOP ( 'NONE', ( #1733, #473 ) ) ;
#2385 = CARTESIAN_POINT ( 'NONE',  ( -80.89799999999823399, 1.498599999999999932, 125.3509614608546201 ) ) ;
#2386 = CYLINDRICAL_SURFACE ( 'NONE', #3182, 1.898649999999998839 ) ;
#2387 = CARTESIAN_POINT ( 'NONE',  ( 41.26191796937727219, 2.168404344971008868E-16, 22.51330310867499662 ) ) ;
#2388 = CIRCLE ( 'NONE', #1541, 1.700000000000007061 ) ;
#2389 = VECTOR ( 'NONE', #992, 1000.000000000000000 ) ;
#2390 = EDGE_LOOP ( 'NONE', ( #2030, #1095 ) ) ;
#2391 = ORIENTED_EDGE ( 'NONE', *, *, #2635, .F. ) ;
#2392 = LINE ( 'NONE', #2895, #282 ) ;
#2393 = VECTOR ( 'NONE', #1187, 1000.000000000000000 ) ;
#2394 = PLANE ( 'NONE',  #2354 ) ;
#2395 = AXIS2_PLACEMENT_3D ( 'NONE', #2945, #2153, #2649 ) ;
#2396 = AXIS2_PLACEMENT_3D ( 'NONE', #898, #1891, #3142 ) ;
#2397 = EDGE_CURVE ( 'NONE', #778, #727, #2658, .T. ) ;
#2398 = FACE_BOUND ( 'NONE', #464, .T. ) ;
#2399 = ORIENTED_EDGE ( 'NONE', *, *, #2655, .T. ) ;
#2400 = ORIENTED_EDGE ( 'NONE', *, *, #522, .F. ) ;
#2401 = AXIS2_PLACEMENT_3D ( 'NONE', #2990, #1264, #1458 ) ;
#2402 = VECTOR ( 'NONE', #716, 1000.000000000000000 ) ;
#2403 = VECTOR ( 'NONE', #1555, 1000.000000000000000 ) ;
#2404 = ADVANCED_FACE ( 'NONE', ( #2744 ), #1006, .F. ) ;
#2405 = ORIENTED_EDGE ( 'NONE', *, *, #2433, .F. ) ;
#2406 = DIRECTION ( 'NONE',  ( 0.000000000000000000, 0.000000000000000000, 1.000000000000000000 ) ) ;
#2407 = VECTOR ( 'NONE', #196, 1000.000000000000000 ) ;
#2408 = DIRECTION ( 'NONE',  ( 0.000000000000000000, 0.000000000000000000, 1.000000000000000000 ) ) ;
#2409 = DIRECTION ( 'NONE',  ( -0.000000000000000000, 1.000000000000000000, -0.000000000000000000 ) ) ;
#2410 = ORIENTED_EDGE ( 'NONE', *, *, #1779, .F. ) ;
#2411 = CARTESIAN_POINT ( 'NONE',  ( -96.97771013878477220, 2.168404344971008868E-16, -10.03685036456524315 ) ) ;
#2412 = CARTESIAN_POINT ( 'NONE',  ( -77.55000000000002558, 1.498599999999999932, 4.104899999999994442 ) ) ;
#2413 = CARTESIAN_POINT ( 'NONE',  ( 43.23877440496806912, 1.498599999999999932, 36.66784572720404611 ) ) ;
#2414 = FACE_BOUND ( 'NONE', #2203, .T. ) ;
#2415 = VERTEX_POINT ( 'NONE', #2060 ) ;
#2416 = ORIENTED_EDGE ( 'NONE', *, *, #639, .T. ) ;
#2417 = CARTESIAN_POINT ( 'NONE',  ( 41.26191796937727219, 2.168404344971008868E-16, 24.62330310867499961 ) ) ;
#2418 = ADVANCED_FACE ( 'NONE', ( #1248 ), #2730, .F. ) ;
#2419 = DIRECTION ( 'NONE',  ( 0.000000000000000000, 0.000000000000000000, 1.000000000000000000 ) ) ;
#2420 = DIRECTION ( 'NONE',  ( -0.000000000000000000, 1.000000000000000000, -0.000000000000000000 ) ) ;
#2421 = EDGE_CURVE ( 'NONE', #1171, #2888, #657, .T. ) ;
#2422 = CARTESIAN_POINT ( 'NONE',  ( -28.50556479709977253, 1.498599999999999932, 38.13818736271291243 ) ) ;
#2423 = ORIENTED_EDGE ( 'NONE', *, *, #2934, .F. ) ;
#2424 = CARTESIAN_POINT ( 'NONE',  ( -80.89799999999823399, 1.498599999999999932, 128.7509614608546258 ) ) ;
#2425 = DIRECTION ( 'NONE',  ( 0.000000000000000000, 0.000000000000000000, 1.000000000000000000 ) ) ;
#2426 = FACE_BOUND ( 'NONE', #679, .T. ) ;
#2427 = ORIENTED_EDGE ( 'NONE', *, *, #1385, .T. ) ;
#2428 = ORIENTED_EDGE ( 'NONE', *, *, #2421, .T. ) ;
#2429 = ORIENTED_EDGE ( 'NONE', *, *, #2614, .T. ) ;
#2430 = CYLINDRICAL_SURFACE ( 'NONE', #1492, 1.699999999999993072 ) ;
#2431 = DIRECTION ( 'NONE',  ( 0.000000000000000000, 0.000000000000000000, 1.000000000000000000 ) ) ;
#2432 = CYLINDRICAL_SURFACE ( 'NONE', #2140, 1.699999999999993072 ) ;
#2433 = EDGE_CURVE ( 'NONE', #790, #3254, #1293, .T. ) ;
#2434 = VERTEX_POINT ( 'NONE', #3256 ) ;
#2435 = CARTESIAN_POINT ( 'NONE',  ( -96.97771013878477220, 1.498599999999999932, -11.73685036456523534 ) ) ;
#2436 = CIRCLE ( 'NONE', #1069, 1.587499999999991696 ) ;
#2437 = CARTESIAN_POINT ( 'NONE',  ( 2.775557561562891351E-14, 1.498599999999999710, 120.6500000000000199 ) ) ;
#2438 = CARTESIAN_POINT ( 'NONE',  ( 31.27700000000278990, 2.168404344971008868E-16, 46.35096146085460589 ) ) ;
#2439 = FACE_BOUND ( 'NONE', #2384, .T. ) ;
#2440 = EDGE_LOOP ( 'NONE', ( #509, #1867, #1992, #2329 ) ) ;
#2441 = VERTEX_POINT ( 'NONE', #1523 ) ;
#2442 = AXIS2_PLACEMENT_3D ( 'NONE', #1360, #2599, #1610 ) ;
#2443 = CIRCLE ( 'NONE', #2239, 2.705100000000002058 ) ;
#2444 = ORIENTED_EDGE ( 'NONE', *, *, #533, .F. ) ;
#2445 = AXIS2_PLACEMENT_3D ( 'NONE', #3247, #986, #735 ) ;
#2446 = AXIS2_PLACEMENT_3D ( 'NONE', #60, #2545, #3039 ) ;
#2447 = AXIS2_PLACEMENT_3D ( 'NONE', #2182, #1697, #1429 ) ;
#2448 = CARTESIAN_POINT ( 'NONE',  ( -19.72299999999723141, 2.168404344971008868E-16, 128.7509614608546542 ) ) ;
#2449 = CARTESIAN_POINT ( 'NONE',  ( 38.99613371784823812, 2.168404344971008868E-16, 39.21048641432279425 ) ) ;
#2450 = CARTESIAN_POINT ( 'NONE',  ( -90.97771013878475799, 2.168404344971008868E-16, -10.03685036456524315 ) ) ;
#2451 = AXIS2_PLACEMENT_3D ( 'NONE', #3183, #2155, #628 ) ;
#2452 = ORIENTED_EDGE ( 'NONE', *, *, #1533, .T. ) ;
#2453 = ORIENTED_EDGE ( 'NONE', *, *, #2175, .F. ) ;
#2454 = FACE_OUTER_BOUND ( 'NONE', #2584, .T. ) ;
#2455 = CARTESIAN_POINT ( 'NONE',  ( -95.24999999999994316, 2.168404344971008868E-16, 0.000000000000000000 ) ) ;
#2456 = ADVANCED_FACE ( 'NONE', ( #994 ), #2006, .F. ) ;
#2457 = EDGE_CURVE ( 'NONE', #2792, #2238, #1712, .T. ) ;
#2458 = CARTESIAN_POINT ( 'NONE',  ( 41.26191796937727219, 1.498599999999999932, 22.51330310867499662 ) ) ;
#2459 = FACE_BOUND ( 'NONE', #3060, .T. ) ;
#2460 = EDGE_LOOP ( 'NONE', ( #1784, #2902 ) ) ;
#2461 = VERTEX_POINT ( 'NONE', #302 ) ;
#2462 = ADVANCED_FACE ( 'NONE', ( #77 ), #2587, .F. ) ;
#2463 = ORIENTED_EDGE ( 'NONE', *, *, #1774, .T. ) ;
#2464 = ORIENTED_EDGE ( 'NONE', *, *, #1895, .F. ) ;
#2465 = DIRECTION ( 'NONE',  ( -0.000000000000000000, -1.000000000000000000, -0.000000000000000000 ) ) ;
#2466 = CARTESIAN_POINT ( 'NONE',  ( -96.97771013878477220, 1.498599999999999932, 92.37875789685847394 ) ) ;
#2467 = FACE_OUTER_BOUND ( 'NONE', #478, .T. ) ;
#2468 = ORIENTED_EDGE ( 'NONE', *, *, #198, .T. ) ;
#2469 = DIRECTION ( 'NONE',  ( -0.000000000000000000, 1.000000000000000000, -0.000000000000000000 ) ) ;
#2470 = CARTESIAN_POINT ( 'NONE',  ( 48.62633968473930679, 1.498599999999988830, 131.8642614608546637 ) ) ;
#2471 = DIRECTION ( 'NONE',  ( 0.000000000000000000, 1.000000000000000000, 0.000000000000000000 ) ) ;
#2472 = DIRECTION ( 'NONE',  ( 0.000000000000000000, 0.000000000000000000, 1.000000000000000000 ) ) ;
#2473 = DIRECTION ( 'NONE',  ( 0.000000000000000000, 0.000000000000000000, 1.000000000000000000 ) ) ;
#2474 = EDGE_CURVE ( 'NONE', #821, #1698, #2092, .T. ) ;
#2475 = DIRECTION ( 'NONE',  ( -0.000000000000000000, 1.000000000000000000, -0.000000000000000000 ) ) ;
#2476 = EDGE_LOOP ( 'NONE', ( #1714, #495 ) ) ;
#2477 = EDGE_LOOP ( 'NONE', ( #1944, #346, #3090, #859 ) ) ;
#2478 = ADVANCED_FACE ( 'NONE', ( #1106 ), #105, .F. ) ;
#2479 = DIRECTION ( 'NONE',  ( -0.000000000000000000, 1.000000000000000000, -0.000000000000000000 ) ) ;
#2480 = DIRECTION ( 'NONE',  ( 1.000000000000000000, -0.000000000000000000, -0.000000000000000000 ) ) ;
#2481 = ORIENTED_EDGE ( 'NONE', *, *, #1108, .T. ) ;
#2482 = VERTEX_POINT ( 'NONE', #3063 ) ;
#2483 = DIRECTION ( 'NONE',  ( -0.000000000000000000, 1.000000000000000000, -0.000000000000000000 ) ) ;
#2484 = CARTESIAN_POINT ( 'NONE',  ( -100.0124999999999602, 1.498599999999999932, -130.1750000000000114 ) ) ;
#2485 = CARTESIAN_POINT ( 'NONE',  ( -95.24999999999994316, 2.168404344971008868E-16, -122.5486499999999808 ) ) ;
#2486 = CARTESIAN_POINT ( 'NONE',  ( -95.24999999999994316, 1.498599999999999710, 0.000000000000000000 ) ) ;
#2487 = ORIENTED_EDGE ( 'NONE', *, *, #1462, .T. ) ;
#2488 = ORIENTED_EDGE ( 'NONE', *, *, #2662, .T. ) ;
#2489 = EDGE_LOOP ( 'NONE', ( #2255, #2654, #3273, #2827 ) ) ;
#2490 = FACE_BOUND ( 'NONE', #1819, .T. ) ;
#2491 = VECTOR ( 'NONE', #1068, 1000.000000000000000 ) ;
#2492 = EDGE_CURVE ( 'NONE', #1958, #715, #3025, .T. ) ;
#2493 = DIRECTION ( 'NONE',  ( -0.000000000000000000, 1.000000000000000000, -0.000000000000000000 ) ) ;
#2494 = ORIENTED_EDGE ( 'NONE', *, *, #1794, .F. ) ;
#2495 = ORIENTED_EDGE ( 'NONE', *, *, #3266, .T. ) ;
#2496 = VECTOR ( 'NONE', #2483, 1000.000000000000000 ) ;
#2497 = AXIS2_PLACEMENT_3D ( 'NONE', #320, #2053, #2326 ) ;
#2498 = FACE_OUTER_BOUND ( 'NONE', #2282, .T. ) ;
#2499 = LINE ( 'NONE', #2719, #1868 ) ;
#2500 = VECTOR ( 'NONE', #374, 1000.000000000000000 ) ;
#2501 = VECTOR ( 'NONE', #959, 1000.000000000000000 ) ;
#2502 = CIRCLE ( 'NONE', #488, 2.705100000000002058 ) ;
#2503 = ORIENTED_EDGE ( 'NONE', *, *, #1747, .F. ) ;
#2504 = DIRECTION ( 'NONE',  ( -0.000000000000000000, 1.000000000000000000, 0.000000000000000000 ) ) ;
#2505 = PLANE ( 'NONE',  #1651 ) ;
#2506 = CIRCLE ( 'NONE', #240, 1.699999999999993072 ) ;
#2507 = LINE ( 'NONE', #2180, #3171 ) ;
#2508 = EDGE_LOOP ( 'NONE', ( #1967, #1504, #777, #1474 ) ) ;
#2509 = ORIENTED_EDGE ( 'NONE', *, *, #1879, .T. ) ;
#2510 = CARTESIAN_POINT ( 'NONE',  ( -95.24999999999997158, 1.498599999999999710, 122.5486500000000092 ) ) ;
#2511 = CARTESIAN_POINT ( 'NONE',  ( 62.27568817180885929, 1.498599999999999932, -103.2612292988779927 ) ) ;
#2512 = ORIENTED_EDGE ( 'NONE', *, *, #3011, .T. ) ;
#2513 = EDGE_LOOP ( 'NONE', ( #907, #2970, #616, #505 ) ) ;
#2514 = CARTESIAN_POINT ( 'NONE',  ( 46.45000000000001705, 1.498599999999999932, 6.809999999999996945 ) ) ;
#2515 = CARTESIAN_POINT ( 'NONE',  ( -95.24999999999994316, 1.498599999999999710, -1.898650000000001725 ) ) ;
#2516 = ORIENTED_EDGE ( 'NONE', *, *, #398, .T. ) ;
#2517 = ORIENTED_EDGE ( 'NONE', *, *, #431, .T. ) ;
#2518 = DIRECTION ( 'NONE',  ( -1.000000000000000000, 0.000000000000000000, 1.365923996832131856E-16 ) ) ;
#2519 = ADVANCED_FACE ( 'NONE', ( #2560 ), #1600, .F. ) ;
#2520 = EDGE_CURVE ( 'NONE', #1907, #432, #1657, .T. ) ;
#2521 = DIRECTION ( 'NONE',  ( -0.000000000000000000, 1.000000000000000000, -0.000000000000000000 ) ) ;
#2522 = CARTESIAN_POINT ( 'NONE',  ( 61.91250000000003695, 1.498599999999999710, -79.37499999999997158 ) ) ;
#2523 = EDGE_LOOP ( 'NONE', ( #2623, #2731 ) ) ;
#2524 = EDGE_LOOP ( 'NONE', ( #1670, #1987, #734, #2316 ) ) ;
#2525 = DIRECTION ( 'NONE',  ( -0.000000000000000000, 1.000000000000000000, -0.000000000000000000 ) ) ;
#2526 = FACE_BOUND ( 'NONE', #1370, .T. ) ;
#2527 = DIRECTION ( 'NONE',  ( -0.000000000000000000, 1.000000000000000000, -0.000000000000000000 ) ) ;
#2528 = EDGE_LOOP ( 'NONE', ( #1537, #3218 ) ) ;
#2529 = FACE_OUTER_BOUND ( 'NONE', #1444, .T. ) ;
#2530 = DIRECTION ( 'NONE',  ( 0.000000000000000000, 0.000000000000000000, 1.000000000000000000 ) ) ;
#2531 = EDGE_CURVE ( 'NONE', #180, #3185, #2043, .T. ) ;
#2532 = ORIENTED_EDGE ( 'NONE', *, *, #1440, .T. ) ;
#2533 = CARTESIAN_POINT ( 'NONE',  ( 101.6000000000000085, 1.498599999999999932, -130.1750000000000398 ) ) ;
#2534 = DIRECTION ( 'NONE',  ( -0.000000000000000000, 1.000000000000000000, -0.000000000000000000 ) ) ;
#2535 = DIRECTION ( 'NONE',  ( -0.000000000000000000, 1.000000000000000000, -0.000000000000000000 ) ) ;
#2536 = EDGE_CURVE ( 'NONE', #1916, #1584, #3131, .T. ) ;
#2537 = VERTEX_POINT ( 'NONE', #2138 ) ;
#2538 = ORIENTED_EDGE ( 'NONE', *, *, #2681, .T. ) ;
#2539 = FACE_BOUND ( 'NONE', #151, .T. ) ;
#2540 = CARTESIAN_POINT ( 'NONE',  ( -28.50556479709977253, 1.498599999999999932, 32.13818736271291243 ) ) ;
#2541 = ORIENTED_EDGE ( 'NONE', *, *, #2635, .T. ) ;
#2542 = VECTOR ( 'NONE', #49, 1000.000000000000000 ) ;
#2543 = AXIS2_PLACEMENT_3D ( 'NONE', #103, #348, #3129 ) ;
#2544 = LINE ( 'NONE', #791, #1501 ) ;
#2545 = DIRECTION ( 'NONE',  ( -0.000000000000000000, 1.000000000000000000, -0.000000000000000000 ) ) ;
#2546 = AXIS2_PLACEMENT_3D ( 'NONE', #258, #2034, #2737 ) ;
#2547 = VECTOR ( 'NONE', #1013, 1000.000000000000000 ) ;
#2548 = AXIS2_PLACEMENT_3D ( 'NONE', #2449, #3143, #946 ) ;
#2549 = CARTESIAN_POINT ( 'NONE',  ( -96.97771013878477220, 1.498599999999999932, 94.07875789685846257 ) ) ;
#2550 = AXIS2_PLACEMENT_3D ( 'NONE', #767, #2008, #696 ) ;
#2551 = CARTESIAN_POINT ( 'NONE',  ( 41.26191796937727219, 2.168404344971008868E-16, 20.40330310867499719 ) ) ;
#2552 = DIRECTION ( 'NONE',  ( 0.000000000000000000, 0.000000000000000000, 1.000000000000000000 ) ) ;
#2553 = AXIS2_PLACEMENT_3D ( 'NONE', #1273, #30, #1468 ) ;
#2554 = AXIS2_PLACEMENT_3D ( 'NONE', #2437, #122, #172 ) ;
#2555 = EDGE_LOOP ( 'NONE', ( #2029, #482 ) ) ;
#2556 = CARTESIAN_POINT ( 'NONE',  ( 82.29600000000003490, 1.498599999999999932, 29.58465000000004608 ) ) ;
#2557 = CYLINDRICAL_SURFACE ( 'NONE', #2094, 1.587499999999991696 ) ;
#2558 = CIRCLE ( 'NONE', #2451, 1.700000000000000178 ) ;
#2559 = ADVANCED_FACE ( 'NONE', ( #1866 ), #3112, .F. ) ;
#2560 = FACE_OUTER_BOUND ( 'NONE', #1683, .T. ) ;
#2561 = ORIENTED_EDGE ( 'NONE', *, *, #1270, .F. ) ;
#2562 = ORIENTED_EDGE ( 'NONE', *, *, #359, .F. ) ;
#2563 = EDGE_CURVE ( 'NONE', #2052, #893, #1133, .T. ) ;
#2564 = DIRECTION ( 'NONE',  ( 0.000000000000000000, 0.000000000000000000, 1.000000000000000000 ) ) ;
#2565 = CARTESIAN_POINT ( 'NONE',  ( -96.97771013878477220, 2.168404344971008868E-16, 92.37875789685847394 ) ) ;
#2566 = CYLINDRICAL_SURFACE ( 'NONE', #705, 1.699999999999993072 ) ;
#2567 = DIRECTION ( 'NONE',  ( 0.000000000000000000, 0.000000000000000000, 1.000000000000000000 ) ) ;
#2568 = CARTESIAN_POINT ( 'NONE',  ( -96.97771013878477220, 1.498599999999999932, 92.37875789685847394 ) ) ;
#2569 = ORIENTED_EDGE ( 'NONE', *, *, #2913, .F. ) ;
#2570 = DIRECTION ( 'NONE',  ( -0.000000000000000000, 1.000000000000000000, -0.000000000000000000 ) ) ;
#2571 = CARTESIAN_POINT ( 'NONE',  ( 95.25000000000005684, 2.168404344971008868E-16, -120.6499999999999488 ) ) ;
#2572 = ADVANCED_FACE ( 'NONE', ( #2381 ), #564, .T. ) ;
#2573 = DIRECTION ( 'NONE',  ( 0.000000000000000000, 1.000000000000000000, 0.000000000000000000 ) ) ;
#2574 = VERTEX_POINT ( 'NONE', #1369 ) ;
#2575 = ORIENTED_EDGE ( 'NONE', *, *, #2002, .F. ) ;
#2576 = EDGE_CURVE ( 'NONE', #1107, #432, #2333, .T. ) ;
#2577 = EDGE_CURVE ( 'NONE', #3189, #1454, #2818, .T. ) ;
#2578 = ORIENTED_EDGE ( 'NONE', *, *, #720, .F. ) ;
#2579 = DIRECTION ( 'NONE',  ( -0.000000000000000000, 1.000000000000000000, -0.000000000000000000 ) ) ;
#2580 = DIRECTION ( 'NONE',  ( -0.000000000000000000, 1.000000000000000000, -0.000000000000000000 ) ) ;
#2581 = DIRECTION ( 'NONE',  ( -0.000000000000000000, 1.000000000000000000, -0.000000000000000000 ) ) ;
#2582 = DIRECTION ( 'NONE',  ( 0.000000000000000000, 0.000000000000000000, 1.000000000000000000 ) ) ;
#2583 = DIRECTION ( 'NONE',  ( 0.000000000000000000, 1.000000000000000000, 0.000000000000000000 ) ) ;
#2584 = EDGE_LOOP ( 'NONE', ( #2170, #2829, #846, #219 ) ) ;
#2585 = CARTESIAN_POINT ( 'NONE',  ( 46.45000000000001705, 1.498599999999999932, -120.4849000000000387 ) ) ;
#2586 = LINE ( 'NONE', #1117, #814 ) ;
#2587 = CYLINDRICAL_SURFACE ( 'NONE', #2299, 1.700000000000000178 ) ;
#2588 = ORIENTED_EDGE ( 'NONE', *, *, #2613, .F. ) ;
#2589 = EDGE_CURVE ( 'NONE', #835, #529, #2355, .T. ) ;
#2590 = ORIENTED_EDGE ( 'NONE', *, *, #305, .F. ) ;
#2591 = VECTOR ( 'NONE', #4, 1000.000000000000000 ) ;
#2592 = CARTESIAN_POINT ( 'NONE',  ( -80.89799999999823399, 1.498599999999999932, 127.0509614608546229 ) ) ;
#2593 = CARTESIAN_POINT ( 'NONE',  ( -90.97771013878475799, 1.498599999999999932, 92.37875789685847394 ) ) ;
#2594 = EDGE_CURVE ( 'NONE', #2888, #1171, #1507, .T. ) ;
#2595 = EDGE_CURVE ( 'NONE', #1776, #2840, #815, .T. ) ;
#2596 = CIRCLE ( 'NONE', #162, 2.705100000000002058 ) ;
#2597 = CIRCLE ( 'NONE', #1279, 1.587499999999991696 ) ;
#2598 = LINE ( 'NONE', #339, #2761 ) ;
#2599 = DIRECTION ( 'NONE',  ( -0.000000000000000000, 1.000000000000000000, -0.000000000000000000 ) ) ;
#2600 = AXIS2_PLACEMENT_3D ( 'NONE', #1811, #2327, #36 ) ;
#2601 = VERTEX_POINT ( 'NONE', #1403 ) ;
#2602 = DIRECTION ( 'NONE',  ( -0.000000000000000000, 1.000000000000000000, -0.000000000000000000 ) ) ;
#2603 = DIRECTION ( 'NONE',  ( -0.000000000000000000, 1.000000000000000000, -0.000000000000000000 ) ) ;
#2604 = AXIS2_PLACEMENT_3D ( 'NONE', #1619, #2625, #2406 ) ;
#2605 = DIRECTION ( 'NONE',  ( 0.000000000000000000, -1.000000000000000000, 0.000000000000000000 ) ) ;
#2606 = DIRECTION ( 'NONE',  ( 0.000000000000000000, 0.000000000000000000, 1.000000000000000000 ) ) ;
#2607 = AXIS2_PLACEMENT_3D ( 'NONE', #2257, #759, #3034 ) ;
#2608 = ORIENTED_EDGE ( 'NONE', *, *, #198, .F. ) ;
#2609 = AXIS2_PLACEMENT_3D ( 'NONE', #2699, #699, #1711 ) ;
#2610 = ORIENTED_EDGE ( 'NONE', *, *, #2973, .T. ) ;
#2611 = ORIENTED_EDGE ( 'NONE', *, *, #2087, .T. ) ;
#2612 = LINE ( 'NONE', #2664, #225 ) ;
#2613 = EDGE_CURVE ( 'NONE', #256, #95, #411, .T. ) ;
#2614 = EDGE_CURVE ( 'NONE', #3107, #1572, #2558, .T. ) ;
#2615 = CARTESIAN_POINT ( 'NONE',  ( -6.738082030622740248, 2.168404344971008868E-16, 20.40330310867499719 ) ) ;
#2616 = CARTESIAN_POINT ( 'NONE',  ( 62.27568817180885929, 1.498599999999999932, -101.5612292988779899 ) ) ;
#2617 = ORIENTED_EDGE ( 'NONE', *, *, #3056, .F. ) ;
#2618 = DIRECTION ( 'NONE',  ( -0.000000000000000000, 1.000000000000000000, -0.000000000000000000 ) ) ;
#2619 =( LENGTH_UNIT ( ) NAMED_UNIT ( * ) SI_UNIT ( .MILLI., .METRE. ) );
#2620 = CYLINDRICAL_SURFACE ( 'NONE', #5, 1.587499999999991696 ) ;
#2621 = DIRECTION ( 'NONE',  ( 0.000000000000000000, 0.000000000000000000, 1.000000000000000000 ) ) ;
#2622 = ORIENTED_EDGE ( 'NONE', *, *, #2065, .T. ) ;
#2623 = ORIENTED_EDGE ( 'NONE', *, *, #3200, .F. ) ;
#2624 = ORIENTED_EDGE ( 'NONE', *, *, #2205, .T. ) ;
#2625 = DIRECTION ( 'NONE',  ( -0.000000000000000000, 1.000000000000000000, -0.000000000000000000 ) ) ;
#2626 = ADVANCED_BREP_SHAPE_REPRESENTATION ( 'Interface Plate', ( #1470, #1124 ), #698 ) ;
#2627 = CYLINDRICAL_SURFACE ( 'NONE', #757, 1.700000000000000178 ) ;
#2628 = DIRECTION ( 'NONE',  ( 0.000000000000000000, 0.000000000000000000, 1.000000000000000000 ) ) ;
#2629 = LINE ( 'NONE', #669, #446 ) ;
#2630 = ADVANCED_FACE ( 'NONE', ( #2675, #2638, #1416, #877, #3201, #379, #2414, #2709, #691, #178, #3164, #1645, #2426, #1193, #3149, #441, #941, #1206, #1885, #2439, #2886, #2459, #1900, #2691, #424, #892, #1631, #2201, #2398, #1382, #125, #2900, #156, #906, #641, #2917, #140, #2653, #1453 ), #395, .T. ) ;
#2631 = VERTEX_POINT ( 'NONE', #2168 ) ;
#2632 = EDGE_LOOP ( 'NONE', ( #1186, #50, #1160, #214 ) ) ;
#2633 = DIRECTION ( 'NONE',  ( 0.000000000000000000, 0.000000000000000000, 1.000000000000000000 ) ) ;
#2634 = DIRECTION ( 'NONE',  ( 0.000000000000000000, 0.000000000000000000, 1.000000000000000000 ) ) ;
#2635 = EDGE_CURVE ( 'NONE', #2351, #406, #1247, .T. ) ;
#2636 = EDGE_CURVE ( 'NONE', #761, #881, #2772, .T. ) ;
#2637 = CARTESIAN_POINT ( 'NONE',  ( 43.30665665595521574, 2.168404344971008868E-16, 105.8974531664061800 ) ) ;
#2638 = FACE_BOUND ( 'NONE', #94, .T. ) ;
#2639 = ORIENTED_EDGE ( 'NONE', *, *, #2162, .F. ) ;
#2640 = VERTEX_POINT ( 'NONE', #927 ) ;
#2641 = CARTESIAN_POINT ( 'NONE',  ( -6.738082030622740248, 1.498599999999999932, 22.51330310867499662 ) ) ;
#2642 = CARTESIAN_POINT ( 'NONE',  ( 95.25000000000005684, 2.168404344971008868E-16, -122.5486499999999523 ) ) ;
#2643 = CYLINDRICAL_SURFACE ( 'NONE', #2031, 1.700000000000000178 ) ;
#2644 = CIRCLE ( 'NONE', #1227, 1.699999999999993072 ) ;
#2645 = EDGE_LOOP ( 'NONE', ( #1138, #215 ) ) ;
#2646 = AXIS2_PLACEMENT_3D ( 'NONE', #2571, #3130, #590 ) ;
#2647 = FACE_OUTER_BOUND ( 'NONE', #442, .T. ) ;
#2648 = AXIS2_PLACEMENT_3D ( 'NONE', #1677, #2688, #2944 ) ;
#2649 = DIRECTION ( 'NONE',  ( 0.000000000000000000, 0.000000000000000000, 1.000000000000000000 ) ) ;
#2650 = CARTESIAN_POINT ( 'NONE',  ( 62.27568817180885929, 2.168404344971008868E-16, -101.5612292988779899 ) ) ;
#2651 = AXIS2_PLACEMENT_3D ( 'NONE', #1002, #2994, #2054 ) ;
#2652 = AXIS2_PLACEMENT_3D ( 'NONE', #3074, #1359, #816 ) ;
#2653 = FACE_BOUND ( 'NONE', #2555, .T. ) ;
#2654 = ORIENTED_EDGE ( 'NONE', *, *, #2397, .F. ) ;
#2655 = EDGE_CURVE ( 'NONE', #3137, #2270, #1935, .T. ) ;
#2656 = AXIS2_PLACEMENT_3D ( 'NONE', #1575, #82, #2077 ) ;
#2657 = CIRCLE ( 'NONE', #2971, 1.898650000000001725 ) ;
#2658 = CIRCLE ( 'NONE', #2716, 1.700000000000007061 ) ;
#2659 = AXIS2_PLACEMENT_3D ( 'NONE', #802, #1103, #1597 ) ;
#2660 = ORIENTED_EDGE ( 'NONE', *, *, #2147, .T. ) ;
#2661 = EDGE_LOOP ( 'NONE', ( #1798, #919, #1143, #249, #1419, #1225, #1165, #1060, #2156, #3002, #96, #2452 ) ) ;
#2662 = EDGE_CURVE ( 'NONE', #2537, #2978, #675, .T. ) ;
#2663 = ADVANCED_FACE ( 'NONE', ( #2229 ), #689, .T. ) ;
#2664 = CARTESIAN_POINT ( 'NONE',  ( 82.29600000000003490, 1.498599999999999932, 25.78735000000004263 ) ) ;
#2665 = AXIS2_PLACEMENT_3D ( 'NONE', #2826, #2573, #1320 ) ;
#2666 = CARTESIAN_POINT ( 'NONE',  ( -77.55000000000002558, 4.336808689942017736E-16, 9.515099999999998559 ) ) ;
#2667 = DIRECTION ( 'NONE',  ( -0.000000000000000000, 1.000000000000000000, -0.000000000000000000 ) ) ;
#2668 = DIRECTION ( 'NONE',  ( -0.000000000000000000, 1.000000000000000000, -0.000000000000000000 ) ) ;
#2669 = VERTEX_POINT ( 'NONE', #2252 ) ;
#2670 = EDGE_LOOP ( 'NONE', ( #1567, #2578, #269, #1465 ) ) ;
#2671 = LINE ( 'NONE', #1400, #3068 ) ;
#2672 = DIRECTION ( 'NONE',  ( -0.000000000000000000, 1.000000000000000000, -0.000000000000000000 ) ) ;
#2673 = CARTESIAN_POINT ( 'NONE',  ( 41.26191796937727219, 1.498599999999999932, 24.62330310867499961 ) ) ;
#2674 = DIRECTION ( 'NONE',  ( -0.000000000000000000, 1.000000000000000000, -0.000000000000000000 ) ) ;
#2675 = FACE_BOUND ( 'NONE', #2460, .T. ) ;
#2676 = EDGE_LOOP ( 'NONE', ( #1308, #2488, #2868, #3127 ) ) ;
#2677 = ORIENTED_EDGE ( 'NONE', *, *, #2048, .T. ) ;
#2678 = EDGE_CURVE ( 'NONE', #95, #459, #3083, .T. ) ;
#2679 = ORIENTED_EDGE ( 'NONE', *, *, #1367, .T. ) ;
#2680 = DIRECTION ( 'NONE',  ( 1.000000000000000000, 0.000000000000000000, 0.000000000000000000 ) ) ;
#2681 = EDGE_CURVE ( 'NONE', #1423, #1958, #1933, .T. ) ;
#2682 = EDGE_CURVE ( 'NONE', #2238, #2792, #1397, .T. ) ;
#2683 = CARTESIAN_POINT ( 'NONE',  ( -29.89799999999904045, 1.498599999999999932, 127.0509614608546514 ) ) ;
#2684 = CARTESIAN_POINT ( 'NONE',  ( 95.25000000000005684, 1.498599999999999710, -118.7513499999999453 ) ) ;
#2685 = CARTESIAN_POINT ( 'NONE',  ( 95.25000000000004263, 1.498599999999999710, 1.898650000000029481 ) ) ;
#2686 = ORIENTED_EDGE ( 'NONE', *, *, #1706, .T. ) ;
#2687 = EDGE_LOOP ( 'NONE', ( #73, #2346 ) ) ;
#2688 = DIRECTION ( 'NONE',  ( -0.000000000000000000, 1.000000000000000000, -0.000000000000000000 ) ) ;
#2689 = LINE ( 'NONE', #1717, #499 ) ;
#2690 = DIRECTION ( 'NONE',  ( 0.000000000000000000, 0.000000000000000000, 1.000000000000000000 ) ) ;
#2691 = FACE_BOUND ( 'NONE', #2692, .T. ) ;
#2692 = EDGE_LOOP ( 'NONE', ( #631, #1201 ) ) ;
#2693 = VERTEX_POINT ( 'NONE', #2706 ) ;
#2694 = ORIENTED_EDGE ( 'NONE', *, *, #2824, .T. ) ;
#2695 = FACE_BOUND ( 'NONE', #375, .T. ) ;
#2696 = DIRECTION ( 'NONE',  ( -0.000000000000000000, 1.000000000000000000, -0.000000000000000000 ) ) ;
#2697 = EDGE_CURVE ( 'NONE', #453, #1363, #3192, .T. ) ;
#2698 = CARTESIAN_POINT ( 'NONE',  ( 51.80133968473930395, -151.9508708292634367, 128.5875000000000057 ) ) ;
#2699 = CARTESIAN_POINT ( 'NONE',  ( 43.23877440496806912, 1.498599999999999932, 34.96784572720404327 ) ) ;
#2700 = VERTEX_POINT ( 'NONE', #1695 ) ;
#2701 = DIRECTION ( 'NONE',  ( 0.000000000000000000, 0.000000000000000000, 1.000000000000000000 ) ) ;
#2702 = CIRCLE ( 'NONE', #2340, 1.700000000000007061 ) ;
#2703 = ADVANCED_FACE ( 'NONE', ( #1449 ), #207, .F. ) ;
#2704 = LINE ( 'NONE', #392, #3071 ) ;
#2705 = CLOSED_SHELL ( 'NONE', ( #3111, #538, #742, #1878, #2462, #1954, #1510, #886, #2404, #1585, #797, #72, #360, #1513, #2816, #818, #1940, #2338, #2085, #1269, #600, #2559, #2325, #2519, #826, #1251, #85, #1875, #2879, #272, #1408, #1622, #1487, #638, #2066, #2418, #132, #32, #799, #2703, #1688, #462, #2630, #1361, #475, #2021, #581, #1309, #758, #1630, #2456, #2263, #3172, #500, #1310, #961, #1226, #567, #943, #1085, #885, #984, #2663, #1837, #1995, #2572, #2952, #1348, #3219, #2762, #2221, #260, #623, #1451, #682, #2308, #765, #3040, #1815, #2743, #1840, #2956, #1569, #1022, #1120, #2478, #319, #212, #1209, #1452 ) ) ;
#2706 = CARTESIAN_POINT ( 'NONE',  ( -96.97771013878477220, 1.498599999999999932, -8.336850364565249194 ) ) ;
#2707 = CARTESIAN_POINT ( 'NONE',  ( 43.30665665595521574, 1.498599999999999932, 105.8974531664061800 ) ) ;
#2708 = AXIS2_PLACEMENT_3D ( 'NONE', #324, #1835, #1329 ) ;
#2709 = FACE_BOUND ( 'NONE', #2248, .T. ) ;
#2710 = VERTEX_POINT ( 'NONE', #988 ) ;
#2711 = VECTOR ( 'NONE', #2420, 1000.000000000000000 ) ;
#2712 = AXIS2_PLACEMENT_3D ( 'NONE', #137, #1446, #2884 ) ;
#2713 = AXIS2_PLACEMENT_3D ( 'NONE', #2224, #451, #2243 ) ;
#2714 = ORIENTED_EDGE ( 'NONE', *, *, #1890, .T. ) ;
#2715 = CIRCLE ( 'NONE', #1291, 1.587499999999991696 ) ;
#2716 = AXIS2_PLACEMENT_3D ( 'NONE', #2022, #1737, #1045 ) ;
#2717 = VECTOR ( 'NONE', #2174, 1000.000000000000000 ) ;
#2718 = LINE ( 'NONE', #2026, #2141 ) ;
#2719 = CARTESIAN_POINT ( 'NONE',  ( 101.6000000000000085, 0.000000000000000000, -130.1750000000000398 ) ) ;
#2720 = EDGE_CURVE ( 'NONE', #1046, #2894, #1296, .T. ) ;
#2721 = ORIENTED_EDGE ( 'NONE', *, *, #2536, .T. ) ;
#2722 = VERTEX_POINT ( 'NONE', #2673 ) ;
#2723 = CARTESIAN_POINT ( 'NONE',  ( -29.89799999999904045, 1.498599999999999932, 49.75096146085460447 ) ) ;
#2724 = CARTESIAN_POINT ( 'NONE',  ( -100.0124999999999744, 0.000000000000000000, -128.5875000000000341 ) ) ;
#2725 = CIRCLE ( 'NONE', #2051, 1.699999999999993072 ) ;
#2726 = CARTESIAN_POINT ( 'NONE',  ( -90.97771013878475799, 2.168404344971008868E-16, -11.73685036456523534 ) ) ;
#2727 = CARTESIAN_POINT ( 'NONE',  ( -101.5999999999999801, 1.498599999999999932, 131.8642614608546637 ) ) ;
#2728 = VERTEX_POINT ( 'NONE', #456 ) ;
#2729 = EDGE_LOOP ( 'NONE', ( #1473, #746, #1901, #2017 ) ) ;
#2730 = CYLINDRICAL_SURFACE ( 'NONE', #2191, 1.898650000000001725 ) ;
#2731 = ORIENTED_EDGE ( 'NONE', *, *, #2492, .F. ) ;
#2732 = CARTESIAN_POINT ( 'NONE',  ( -19.72299999999723141, 1.498599999999999932, 128.7509614608546542 ) ) ;
#2733 = DIRECTION ( 'NONE',  ( 0.000000000000000000, 0.000000000000000000, 1.000000000000000000 ) ) ;
#2734 = DIRECTION ( 'NONE',  ( -0.000000000000000000, 1.000000000000000000, -0.000000000000000000 ) ) ;
#2735 = ORIENTED_EDGE ( 'NONE', *, *, #2147, .F. ) ;
#2736 = FACE_OUTER_BOUND ( 'NONE', #1356, .T. ) ;
#2737 = DIRECTION ( 'NONE',  ( 0.000000000000000000, 0.000000000000000000, 1.000000000000000000 ) ) ;
#2738 = EDGE_CURVE ( 'NONE', #2238, #1916, #3177, .T. ) ;
#2739 = DIRECTION ( 'NONE',  ( 0.000000000000000000, 0.000000000000000000, 1.000000000000000000 ) ) ;
#2740 = LINE ( 'NONE', #208, #2129 ) ;
#2741 = EDGE_LOOP ( 'NONE', ( #2929, #2949, #2848, #1317 ) ) ;
#2742 = CARTESIAN_POINT ( 'NONE',  ( 62.27568817180885929, 1.498599999999999932, -101.5612292988779899 ) ) ;
#2743 = ADVANCED_FACE ( 'NONE', ( #924 ), #1679, .F. ) ;
#2744 = FACE_OUTER_BOUND ( 'NONE', #2958, .T. ) ;
#2745 = ORIENTED_EDGE ( 'NONE', *, *, #1906, .F. ) ;
#2746 = EDGE_LOOP ( 'NONE', ( #3246, #298, #1145, #1616 ) ) ;
#2747 = CARTESIAN_POINT ( 'NONE',  ( -80.89799999999823399, 1.498599999999999932, 48.05096146085460873 ) ) ;
#2748 = DIRECTION ( 'NONE',  ( -0.000000000000000000, 1.000000000000000000, -0.000000000000000000 ) ) ;
#2749 = CARTESIAN_POINT ( 'NONE',  ( 46.45000000000001705, 4.336808689942017736E-16, -123.1900000000000404 ) ) ;
#2750 = ORIENTED_EDGE ( 'NONE', *, *, #1736, .T. ) ;
#2751 = CARTESIAN_POINT ( 'NONE',  ( 101.6000000000000085, 1.498599999999999932, 125.4125000000000085 ) ) ;
#2752 = DIRECTION ( 'NONE',  ( -0.000000000000000000, -1.000000000000000000, -0.000000000000000000 ) ) ;
#2753 = CARTESIAN_POINT ( 'NONE',  ( -95.24999999999994316, 2.168404344971008868E-16, 0.000000000000000000 ) ) ;
#2754 = VERTEX_POINT ( 'NONE', #173 ) ;
#2755 = ORIENTED_EDGE ( 'NONE', *, *, #1874, .F. ) ;
#2756 = AXIS2_PLACEMENT_3D ( 'NONE', #2486, #487, #1732 ) ;
#2757 = EDGE_CURVE ( 'NONE', #467, #1101, #2875, .T. ) ;
#2758 = DIRECTION ( 'NONE',  ( -0.000000000000000000, 1.000000000000000000, -0.000000000000000000 ) ) ;
#2759 = ORIENTED_EDGE ( 'NONE', *, *, #63, .F. ) ;
#2760 = CIRCLE ( 'NONE', #3181, 1.700000000000000178 ) ;
#2761 = VECTOR ( 'NONE', #295, 1000.000000000000000 ) ;
#2762 = ADVANCED_FACE ( 'NONE', ( #2199 ), #939, .F. ) ;
#2763 = LINE ( 'NONE', #1993, #2501 ) ;
#2764 = CARTESIAN_POINT ( 'NONE',  ( -80.89799999999823399, 2.168404344971008868E-16, 128.7509614608546258 ) ) ;
#2765 = VECTOR ( 'NONE', #2878, 1000.000000000000000 ) ;
#2766 = CARTESIAN_POINT ( 'NONE',  ( -90.97771013878475799, 2.168404344971008868E-16, -10.03685036456524315 ) ) ;
#2767 = VECTOR ( 'NONE', #1830, 1000.000000000000000 ) ;
#2768 = AXIS2_PLACEMENT_3D ( 'NONE', #89, #2837, #2634 ) ;
#2769 = VERTEX_POINT ( 'NONE', #2726 ) ;
#2770 = CARTESIAN_POINT ( 'NONE',  ( 46.45000000000001705, 1.498599999999999932, -120.4849000000000387 ) ) ;
#2771 = DIRECTION ( 'NONE',  ( -0.000000000000000000, 1.000000000000000000, -0.000000000000000000 ) ) ;
#2772 = CIRCLE ( 'NONE', #2447, 1.898650000000001725 ) ;
#2773 = CARTESIAN_POINT ( 'NONE',  ( 46.45000000000001705, 1.498599999999999932, 6.809999999999996945 ) ) ;
#2774 = VERTEX_POINT ( 'NONE', #1219 ) ;
#2775 = EDGE_LOOP ( 'NONE', ( #3097, #740, #2058, #2660 ) ) ;
#2776 = LINE ( 'NONE', #262, #2130 ) ;
#2777 = FACE_BOUND ( 'NONE', #3135, .T. ) ;
#2778 = CARTESIAN_POINT ( 'NONE',  ( -95.24999999999994316, 2.168404344971008868E-16, -120.6499999999999773 ) ) ;
#2779 = ORIENTED_EDGE ( 'NONE', *, *, #2594, .F. ) ;
#2780 = EDGE_LOOP ( 'NONE', ( #3158, #1349 ) ) ;
#2781 = DIRECTION ( 'NONE',  ( 0.000000000000000000, 0.000000000000000000, 1.000000000000000000 ) ) ;
#2782 = DIRECTION ( 'NONE',  ( -0.000000000000000000, 1.000000000000000000, -0.000000000000000000 ) ) ;
#2783 = EDGE_CURVE ( 'NONE', #459, #95, #396, .T. ) ;
#2784 = VERTEX_POINT ( 'NONE', #724 ) ;
#2785 = DIRECTION ( 'NONE',  ( -0.000000000000000000, 1.000000000000000000, -0.000000000000000000 ) ) ;
#2786 = LINE ( 'NONE', #507, #2136 ) ;
#2787 = DIRECTION ( 'NONE',  ( 0.000000000000000000, 0.000000000000000000, 1.000000000000000000 ) ) ;
#2788 = EDGE_LOOP ( 'NONE', ( #2869, #721, #284, #2992 ) ) ;
#2789 = ORIENTED_EDGE ( 'NONE', *, *, #2002, .T. ) ;
#2790 = DIRECTION ( 'NONE',  ( -0.000000000000000000, 1.000000000000000000, -0.000000000000000000 ) ) ;
#2791 = VERTEX_POINT ( 'NONE', #1731 ) ;
#2792 = VERTEX_POINT ( 'NONE', #2485 ) ;
#2793 = CARTESIAN_POINT ( 'NONE',  ( 95.25000000000005684, 2.168404344971008868E-16, -81.27365000000003192 ) ) ;
#2794 = DIRECTION ( 'NONE',  ( -0.000000000000000000, 1.000000000000000000, -0.000000000000000000 ) ) ;
#2795 = DIRECTION ( 'NONE',  ( -0.000000000000000000, 1.000000000000000000, -0.000000000000000000 ) ) ;
#2796 = EDGE_LOOP ( 'NONE', ( #615, #1647, #2210, #1321 ) ) ;
#2797 = EDGE_CURVE ( 'NONE', #1221, #3185, #2629, .T. ) ;
#2798 = FACE_OUTER_BOUND ( 'NONE', #769, .T. ) ;
#2799 = CARTESIAN_POINT ( 'NONE',  ( 41.26191796937727219, 2.168404344971008868E-16, 22.51330310867499662 ) ) ;
#2800 = DIRECTION ( 'NONE',  ( -0.000000000000000000, 1.000000000000000000, -0.000000000000000000 ) ) ;
#2801 = EDGE_CURVE ( 'NONE', #3195, #2807, #1690, .T. ) ;
#2802 = ORIENTED_EDGE ( 'NONE', *, *, #3037, .F. ) ;
#2803 = EDGE_CURVE ( 'NONE', #3195, #1586, #873, .T. ) ;
#2804 = DIRECTION ( 'NONE',  ( -0.000000000000000000, 1.000000000000000000, -0.000000000000000000 ) ) ;
#2805 = FACE_BOUND ( 'NONE', #2476, .T. ) ;
#2806 = DIRECTION ( 'NONE',  ( -0.000000000000000000, 1.000000000000000000, -0.000000000000000000 ) ) ;
#2807 = VERTEX_POINT ( 'NONE', #1727 ) ;
#2808 = CIRCLE ( 'NONE', #1278, 1.699999999999993072 ) ;
#2809 = LINE ( 'NONE', #583, #1656 ) ;
#2810 = DIRECTION ( 'NONE',  ( -0.000000000000000000, 1.000000000000000000, -0.000000000000000000 ) ) ;
#2811 = CIRCLE ( 'NONE', #807, 1.898650000000001725 ) ;
#2812 = AXIS2_PLACEMENT_3D ( 'NONE', #2067, #571, #1591 ) ;
#2813 = DIRECTION ( 'NONE',  ( 0.000000000000000000, 0.000000000000000000, 1.000000000000000000 ) ) ;
#2814 = AXIS2_PLACEMENT_3D ( 'NONE', #3021, #3259, #1436 ) ;
#2815 = CARTESIAN_POINT ( 'NONE',  ( 68.27568817180886640, 1.498599999999999932, -101.5612292988779899 ) ) ;
#2816 = ADVANCED_FACE ( 'NONE', ( #2467 ), #165, .F. ) ;
#2817 = DIRECTION ( 'NONE',  ( 0.000000000000000000, 1.000000000000000000, 0.000000000000000000 ) ) ;
#2818 = CIRCLE ( 'NONE', #1984, 1.898650000000001725 ) ;
#2819 = AXIS2_PLACEMENT_3D ( 'NONE', #626, #3062, #876 ) ;
#2820 = EDGE_LOOP ( 'NONE', ( #370, #2010 ) ) ;
#2821 = EDGE_LOOP ( 'NONE', ( #2444, #299, #896, #2464 ) ) ;
#2822 = CARTESIAN_POINT ( 'NONE',  ( 95.25000000000002842, 1.498599999999999710, 118.7513500000000306 ) ) ;
#2823 = FILL_AREA_STYLE_COLOUR ( '', #2081 ) ;
#2824 = EDGE_CURVE ( 'NONE', #2700, #798, #3242, .T. ) ;
#2825 = EDGE_CURVE ( 'NONE', #3236, #322, #935, .T. ) ;
#2826 = CARTESIAN_POINT ( 'NONE',  ( -100.0124999999999744, 1.498599999999999932, 131.8642614608546637 ) ) ;
#2827 = ORIENTED_EDGE ( 'NONE', *, *, #1104, .T. ) ;
#2828 = VERTEX_POINT ( 'NONE', #963 ) ;
#2829 = ORIENTED_EDGE ( 'NONE', *, *, #866, .T. ) ;
#2830 = DIRECTION ( 'NONE',  ( -0.000000000000000000, 1.000000000000000000, -0.000000000000000000 ) ) ;
#2831 = CARTESIAN_POINT ( 'NONE',  ( 95.25000000000002842, 2.168404344971008868E-16, 120.6500000000000341 ) ) ;
#2832 = CARTESIAN_POINT ( 'NONE',  ( -96.97771013878477220, 2.168404344971008868E-16, 92.37875789685847394 ) ) ;
#2833 = CARTESIAN_POINT ( 'NONE',  ( -80.89799999999823399, 1.498599999999999932, 127.0509614608546229 ) ) ;
#2834 = DIRECTION ( 'NONE',  ( -0.000000000000000000, 1.000000000000000000, -0.000000000000000000 ) ) ;
#2835 = EDGE_LOOP ( 'NONE', ( #1479, #2120, #1724, #2219 ) ) ;
#2836 = FACE_OUTER_BOUND ( 'NONE', #1055, .T. ) ;
#2837 = DIRECTION ( 'NONE',  ( -0.000000000000000000, 1.000000000000000000, -0.000000000000000000 ) ) ;
#2838 = DIRECTION ( 'NONE',  ( 0.000000000000000000, 0.000000000000000000, 1.000000000000000000 ) ) ;
#2839 = ORIENTED_EDGE ( 'NONE', *, *, #3205, .F. ) ;
#2840 = VERTEX_POINT ( 'NONE', #1977 ) ;
#2841 = EDGE_CURVE ( 'NONE', #2769, #2176, #3136, .T. ) ;
#2842 = VERTEX_POINT ( 'NONE', #2685 ) ;
#2843 = CARTESIAN_POINT ( 'NONE',  ( -28.50556479709977253, 2.168404344971008868E-16, 38.13818736271291243 ) ) ;
#2844 = CYLINDRICAL_SURFACE ( 'NONE', #2656, 1.699999999999993072 ) ;
#2845 = CARTESIAN_POINT ( 'NONE',  ( -90.97771013878475799, 1.498599999999999932, 90.67875789685847110 ) ) ;
#2846 = CYLINDRICAL_SURFACE ( 'NONE', #286, 1.700000000000000178 ) ;
#2847 = ORIENTED_EDGE ( 'NONE', *, *, #1066, .F. ) ;
#2848 = ORIENTED_EDGE ( 'NONE', *, *, #2014, .T. ) ;
#2849 = DIRECTION ( 'NONE',  ( 0.000000000000000000, 0.000000000000000000, 1.000000000000000000 ) ) ;
#2850 = CARTESIAN_POINT ( 'NONE',  ( 46.45000000000001705, 4.336808689942017736E-16, 4.104899999999994442 ) ) ;
#2851 = CARTESIAN_POINT ( 'NONE',  ( -100.0124999999999744, 1.498599999999999932, 131.8642614608546637 ) ) ;
#2852 = DIRECTION ( 'NONE',  ( -0.000000000000000000, 1.000000000000000000, -0.000000000000000000 ) ) ;
#2853 = ORIENTED_EDGE ( 'NONE', *, *, #3178, .T. ) ;
#2854 = ORIENTED_EDGE ( 'NONE', *, *, #3036, .T. ) ;
#2855 = EDGE_CURVE ( 'NONE', #3236, #199, #2095, .T. ) ;
#2856 = ORIENTED_EDGE ( 'NONE', *, *, #681, .T. ) ;
#2857 = VERTEX_POINT ( 'NONE', #2991 ) ;
#2858 = AXIS2_PLACEMENT_3D ( 'NONE', #1797, #2800, #1054 ) ;
#2859 = CARTESIAN_POINT ( 'NONE',  ( -77.55000000000002558, 4.336808689942017736E-16, -120.4849000000000387 ) ) ;
#2860 = EDGE_CURVE ( 'NONE', #1107, #1008, #2251, .T. ) ;
#2861 = EDGE_CURVE ( 'NONE', #233, #1221, #350, .T. ) ;
#2862 = AXIS2_PLACEMENT_3D ( 'NONE', #2742, #2525, #2041 ) ;
#2863 = DIRECTION ( 'NONE',  ( 0.000000000000000000, 0.000000000000000000, 1.000000000000000000 ) ) ;
#2864 = DIRECTION ( 'NONE',  ( 0.000000000000000000, 0.000000000000000000, -1.000000000000000000 ) ) ;
#2865 = CIRCLE ( 'NONE', #1181, 2.705100000000002058 ) ;
#2866 = CIRCLE ( 'NONE', #2708, 1.700000000000000178 ) ;
#2867 = AXIS2_PLACEMENT_3D ( 'NONE', #1637, #2976, #2027 ) ;
#2868 = ORIENTED_EDGE ( 'NONE', *, *, #2142, .F. ) ;
#2869 = ORIENTED_EDGE ( 'NONE', *, *, #1065, .F. ) ;
#2870 = CARTESIAN_POINT ( 'NONE',  ( 62.27568817180885929, 2.168404344971008868E-16, -103.2612292988779927 ) ) ;
#2871 = AXIS2_PLACEMENT_3D ( 'NONE', #570, #780, #291 ) ;
#2872 = AXIS2_PLACEMENT_3D ( 'NONE', #187, #2207, #306 ) ;
#2873 = CARTESIAN_POINT ( 'NONE',  ( 31.27700000000278990, 1.498599999999999932, 46.35096146085460589 ) ) ;
#2874 = DIRECTION ( 'NONE',  ( -0.000000000000000000, 1.000000000000000000, -0.000000000000000000 ) ) ;
#2875 = CIRCLE ( 'NONE', #1929, 1.587499999999991696 ) ;
#2876 = ORIENTED_EDGE ( 'NONE', *, *, #2860, .T. ) ;
#2877 = ORIENTED_EDGE ( 'NONE', *, *, #720, .T. ) ;
#2878 = DIRECTION ( 'NONE',  ( -0.000000000000000000, 1.000000000000000000, -0.000000000000000000 ) ) ;
#2879 = ADVANCED_FACE ( 'NONE', ( #1299 ), #293, .F. ) ;
#2880 = FACE_OUTER_BOUND ( 'NONE', #2746, .T. ) ;
#2881 = EDGE_CURVE ( 'NONE', #2176, #2769, #2506, .T. ) ;
#2882 = DIRECTION ( 'NONE',  ( -0.000000000000000000, 1.000000000000000000, -0.000000000000000000 ) ) ;
#2883 = EDGE_LOOP ( 'NONE', ( #595, #2232 ) ) ;
#2884 = DIRECTION ( 'NONE',  ( 0.000000000000000000, 0.000000000000000000, 1.000000000000000000 ) ) ;
#2885 = CARTESIAN_POINT ( 'NONE',  ( 0.000000000000000000, 0.000000000000000000, 0.000000000000000000 ) ) ;
#2886 = FACE_BOUND ( 'NONE', #2056, .T. ) ;
#2887 = EDGE_LOOP ( 'NONE', ( #209, #276 ) ) ;
#2888 = VERTEX_POINT ( 'NONE', #3148 ) ;
#2889 = DIRECTION ( 'NONE',  ( -0.000000000000000000, 1.000000000000000000, -0.000000000000000000 ) ) ;
#2890 = DIRECTION ( 'NONE',  ( -0.000000000000000000, 1.000000000000000000, -0.000000000000000000 ) ) ;
#2891 = CYLINDRICAL_SURFACE ( 'NONE', #2867, 1.898650000000001725 ) ;
#2892 = EDGE_CURVE ( 'NONE', #739, #376, #613, .T. ) ;
#2893 = VERTEX_POINT ( 'NONE', #904 ) ;
#2894 = VERTEX_POINT ( 'NONE', #3095 ) ;
#2895 = CARTESIAN_POINT ( 'NONE',  ( 43.30665665595521574, 1.498599999999999932, 107.5974531664061828 ) ) ;
#2896 = DIRECTION ( 'NONE',  ( 0.000000000000000000, 0.000000000000000000, 1.000000000000000000 ) ) ;
#2897 = LINE ( 'NONE', #2873, #1086 ) ;
#2898 = EDGE_CURVE ( 'NONE', #3107, #390, #2897, .T. ) ;
#2899 = EDGE_CURVE ( 'NONE', #3051, #2693, #627, .T. ) ;
#2900 = FACE_BOUND ( 'NONE', #353, .T. ) ;
#2901 = ORIENTED_EDGE ( 'NONE', *, *, #1223, .T. ) ;
#2902 = ORIENTED_EDGE ( 'NONE', *, *, #280, .F. ) ;
#2903 = CARTESIAN_POINT ( 'NONE',  ( 51.80133968473930395, 1.498599999999999932, 127.0000000000000000 ) ) ;
#2904 = PLANE ( 'NONE',  #338 ) ;
#2905 = CARTESIAN_POINT ( 'NONE',  ( -28.50556479709977253, 1.498599999999999932, 38.13818736271291243 ) ) ;
#2906 = AXIS2_PLACEMENT_3D ( 'NONE', #2650, #2135, #1628 ) ;
#2907 = ORIENTED_EDGE ( 'NONE', *, *, #726, .T. ) ;
#2908 = EDGE_CURVE ( 'NONE', #412, #2196, #124, .T. ) ;
#2909 = VERTEX_POINT ( 'NONE', #1912 ) ;
#2910 = LINE ( 'NONE', #2424, #2393 ) ;
#2911 = AXIS2_PLACEMENT_3D ( 'NONE', #1581, #2116, #1318 ) ;
#2912 = DIRECTION ( 'NONE',  ( -0.000000000000000000, 1.000000000000000000, -0.000000000000000000 ) ) ;
#2913 = EDGE_CURVE ( 'NONE', #1834, #3145, #155, .T. ) ;
#2914 = DIRECTION ( 'NONE',  ( -0.000000000000000000, 1.000000000000000000, -0.000000000000000000 ) ) ;
#2915 = CIRCLE ( 'NONE', #1864, 1.898650000000001725 ) ;
#2916 = VECTOR ( 'NONE', #783, 1000.000000000000000 ) ;
#2917 = FACE_BOUND ( 'NONE', #2390, .T. ) ;
#2918 = ORIENTED_EDGE ( 'NONE', *, *, #3216, .T. ) ;
#2919 = VERTEX_POINT ( 'NONE', #2413 ) ;
#2920 = VECTOR ( 'NONE', #2324, 1000.000000000000000 ) ;
#2921 = EDGE_CURVE ( 'NONE', #1092, #594, #1353, .T. ) ;
#2922 = EDGE_CURVE ( 'NONE', #322, #654, #2725, .T. ) ;
#2923 = ORIENTED_EDGE ( 'NONE', *, *, #2433, .T. ) ;
#2924 = ORIENTED_EDGE ( 'NONE', *, *, #1223, .F. ) ;
#2925 = CARTESIAN_POINT ( 'NONE',  ( -19.72299999999723141, 2.168404344971008868E-16, 46.35096146085460589 ) ) ;
#2926 = VECTOR ( 'NONE', #2674, 1000.000000000000000 ) ;
#2927 = DIRECTION ( 'NONE',  ( -0.000000000000000000, 1.000000000000000000, -0.000000000000000000 ) ) ;
#2928 = DIRECTION ( 'NONE',  ( 0.000000000000000000, -1.000000000000000000, 0.000000000000000000 ) ) ;
#2929 = ORIENTED_EDGE ( 'NONE', *, *, #1752, .F. ) ;
#2930 = ORIENTED_EDGE ( 'NONE', *, *, #1972, .F. ) ;
#2931 = DIRECTION ( 'NONE',  ( -0.000000000000000000, 1.000000000000000000, -0.000000000000000000 ) ) ;
#2932 = CARTESIAN_POINT ( 'NONE',  ( -96.97771013878477220, 2.168404344971008868E-16, -10.03685036456524315 ) ) ;
#2933 = CARTESIAN_POINT ( 'NONE',  ( 2.775557561562891351E-14, 2.168404344971008868E-16, 120.6500000000000199 ) ) ;
#2934 = EDGE_CURVE ( 'NONE', #893, #2052, #719, .T. ) ;
#2935 = CARTESIAN_POINT ( 'NONE',  ( 38.99613371784823812, 1.498599999999999932, 40.91048641432279709 ) ) ;
#2936 = ORIENTED_EDGE ( 'NONE', *, *, #3216, .F. ) ;
#2937 = EDGE_CURVE ( 'NONE', #1007, #850, #1169, .T. ) ;
#2938 = ORIENTED_EDGE ( 'NONE', *, *, #1790, .T. ) ;
#2939 = FACE_BOUND ( 'NONE', #642, .T. ) ;
#2940 = DIRECTION ( 'NONE',  ( 0.000000000000000000, 0.000000000000000000, 1.000000000000000000 ) ) ;
#2941 = CARTESIAN_POINT ( 'NONE',  ( 100.0125000000000028, 1.498599999999999932, -130.1750000000000398 ) ) ;
#2942 = ORIENTED_EDGE ( 'NONE', *, *, #479, .T. ) ;
#2943 = ORIENTED_EDGE ( 'NONE', *, *, #3053, .F. ) ;
#2944 = DIRECTION ( 'NONE',  ( 0.000000000000000000, 0.000000000000000000, 1.000000000000000000 ) ) ;
#2945 = CARTESIAN_POINT ( 'NONE',  ( -80.89799999999823399, 1.498599999999999932, 127.0509614608546229 ) ) ;
#2946 = CARTESIAN_POINT ( 'NONE',  ( -90.97771013878475799, 1.498599999999999932, 92.37875789685847394 ) ) ;
#2947 = CARTESIAN_POINT ( 'NONE',  ( 38.99613371784823812, 2.168404344971008868E-16, 40.91048641432279709 ) ) ;
#2948 = DIRECTION ( 'NONE',  ( -0.000000000000000000, 1.000000000000000000, -0.000000000000000000 ) ) ;
#2949 = ORIENTED_EDGE ( 'NONE', *, *, #1770, .F. ) ;
#2950 = VERTEX_POINT ( 'NONE', #660 ) ;
#2951 = EDGE_CURVE ( 'NONE', #1127, #406, #410, .T. ) ;
#2952 = ADVANCED_FACE ( 'NONE', ( #840 ), #2620, .T. ) ;
#2953 = CYLINDRICAL_SURFACE ( 'NONE', #2550, 2.705100000000002058 ) ;
#2954 = DIRECTION ( 'NONE',  ( 0.000000000000000000, 0.000000000000000000, 1.000000000000000000 ) ) ;
#2955 = EDGE_CURVE ( 'NONE', #2828, #861, #2388, .T. ) ;
#2956 = ADVANCED_FACE ( 'NONE', ( #891 ), #3110, .F. ) ;
#2957 = ORIENTED_EDGE ( 'NONE', *, *, #1049, .F. ) ;
#2958 = EDGE_LOOP ( 'NONE', ( #514, #1881, #2202, #1388 ) ) ;
#2959 = CARTESIAN_POINT ( 'NONE',  ( 95.25000000000004263, 1.498599999999999932, -1.898649999999973970 ) ) ;
#2960 = AXIS2_PLACEMENT_3D ( 'NONE', #854, #1642, #365 ) ;
#2961 = FACE_OUTER_BOUND ( 'NONE', #2440, .T. ) ;
#2962 = CARTESIAN_POINT ( 'NONE',  ( 100.0125000000000028, 1.498599999999999932, -128.5875000000000625 ) ) ;
#2963 = DIRECTION ( 'NONE',  ( -0.000000000000000000, 1.000000000000000000, -0.000000000000000000 ) ) ;
#2964 = AXIS2_PLACEMENT_3D ( 'NONE', #1945, #625, #1908 ) ;
#2965 = EDGE_LOOP ( 'NONE', ( #1583, #2185, #327, #2721 ) ) ;
#2966 = ORIENTED_EDGE ( 'NONE', *, *, #335, .T. ) ;
#2967 = AXIS2_PLACEMENT_3D ( 'NONE', #2799, #2981, #723 ) ;
#2968 = AXIS2_PLACEMENT_3D ( 'NONE', #2192, #147, #2431 ) ;
#2969 = VECTOR ( 'NONE', #2928, 1000.000000000000000 ) ;
#2970 = ORIENTED_EDGE ( 'NONE', *, *, #2881, .F. ) ;
#2971 = AXIS2_PLACEMENT_3D ( 'NONE', #317, #2830, #1805 ) ;
#2972 = AXIS2_PLACEMENT_3D ( 'NONE', #1850, #1571, #2606 ) ;
#2973 = EDGE_CURVE ( 'NONE', #1127, #101, #2024, .T. ) ;
#2974 = AXIS2_PLACEMENT_3D ( 'NONE', #1807, #733, #983 ) ;
#2975 = FACE_OUTER_BOUND ( 'NONE', #1894, .T. ) ;
#2976 = DIRECTION ( 'NONE',  ( -0.000000000000000000, 1.000000000000000000, -0.000000000000000000 ) ) ;
#2977 = EDGE_CURVE ( 'NONE', #519, #1996, #910, .T. ) ;
#2978 = VERTEX_POINT ( 'NONE', #1220 ) ;
#2979 = ORIENTED_EDGE ( 'NONE', *, *, #2379, .T. ) ;
#2980 = LINE ( 'NONE', #2533, #287 ) ;
#2981 = DIRECTION ( 'NONE',  ( -0.000000000000000000, 1.000000000000000000, -0.000000000000000000 ) ) ;
#2982 = DIRECTION ( 'NONE',  ( 0.000000000000000000, -1.000000000000000000, 0.000000000000000000 ) ) ;
#2983 = DIRECTION ( 'NONE',  ( 0.000000000000000000, 0.000000000000000000, 1.000000000000000000 ) ) ;
#2984 = ORIENTED_EDGE ( 'NONE', *, *, #2240, .T. ) ;
#2985 = ORIENTED_EDGE ( 'NONE', *, *, #1736, .F. ) ;
#2986 = CARTESIAN_POINT ( 'NONE',  ( 2.798809318014902391E-14, 1.498599999999999710, 118.7513500000000164 ) ) ;
#2987 = DIRECTION ( 'NONE',  ( -0.000000000000000000, 1.000000000000000000, -0.000000000000000000 ) ) ;
#2988 = ORIENTED_EDGE ( 'NONE', *, *, #3094, .F. ) ;
#2989 = CARTESIAN_POINT ( 'NONE',  ( 2.798809318014902391E-14, 2.168404344971008868E-16, 118.7513500000000164 ) ) ;
#2990 = CARTESIAN_POINT ( 'NONE',  ( 61.91250000000002274, 1.498599999999999932, 120.6500000000000625 ) ) ;
#2991 = CARTESIAN_POINT ( 'NONE',  ( -77.55000000000002558, 1.498599999999999932, -125.8951000000000420 ) ) ;
#2992 = ORIENTED_EDGE ( 'NONE', *, *, #148, .F. ) ;
#2993 = CARTESIAN_POINT ( 'NONE',  ( 31.27700000000278990, 1.498599999999999932, 125.3509614608546485 ) ) ;
#2994 = DIRECTION ( 'NONE',  ( -0.000000000000000000, 1.000000000000000000, -0.000000000000000000 ) ) ;
#2995 = DIRECTION ( 'NONE',  ( -0.000000000000000000, 1.000000000000000000, -0.000000000000000000 ) ) ;
#2996 = VERTEX_POINT ( 'NONE', #423 ) ;
#2997 = ORIENTED_EDGE ( 'NONE', *, *, #1528, .F. ) ;
#2998 = DIRECTION ( 'NONE',  ( -0.000000000000000000, 1.000000000000000000, -0.000000000000000000 ) ) ;
#2999 = EDGE_CURVE ( 'NONE', #1221, #233, #592, .T. ) ;
#3000 = CARTESIAN_POINT ( 'NONE',  ( 50.21383968473930537, 1.498599999999999932, 133.4517614608546694 ) ) ;
#3001 = ORIENTED_EDGE ( 'NONE', *, *, #1841, .T. ) ;
#3002 = ORIENTED_EDGE ( 'NONE', *, *, #845, .T. ) ;
#3003 = LINE ( 'NONE', #503, #3132 ) ;
#3004 = LINE ( 'NONE', #748, #496 ) ;
#3005 = ORIENTED_EDGE ( 'NONE', *, *, #1031, .T. ) ;
#3006 = CARTESIAN_POINT ( 'NONE',  ( -19.72299999999723141, 1.498599999999999932, 125.3509614608546485 ) ) ;
#3007 = DIRECTION ( 'NONE',  ( -0.000000000000000000, 1.000000000000000000, -0.000000000000000000 ) ) ;
#3008 = LINE ( 'NONE', #1545, #2591 ) ;
#3009 = ORIENTED_EDGE ( 'NONE', *, *, #280, .T. ) ;
#3010 = DIRECTION ( 'NONE',  ( 0.000000000000000000, 0.000000000000000000, 1.000000000000000000 ) ) ;
#3011 = EDGE_CURVE ( 'NONE', #676, #1249, #690, .T. ) ;
#3012 = FACE_BOUND ( 'NONE', #2645, .T. ) ;
#3013 = DIRECTION ( 'NONE',  ( -0.000000000000000000, 1.000000000000000000, -0.000000000000000000 ) ) ;
#3014 = ORIENTED_EDGE ( 'NONE', *, *, #194, .T. ) ;
#3015 = EDGE_CURVE ( 'NONE', #376, #739, #2808, .T. ) ;
#3016 = AXIS2_PLACEMENT_3D ( 'NONE', #736, #1983, #1796 ) ;
#3017 = AXIS2_PLACEMENT_3D ( 'NONE', #391, #192, #1202 ) ;
#3018 = VECTOR ( 'NONE', #1437, 1000.000000000000000 ) ;
#3019 = CIRCLE ( 'NONE', #1025, 1.898650000000001725 ) ;
#3020 = EDGE_LOOP ( 'NONE', ( #1902, #3208, #1937, #168 ) ) ;
#3021 = CARTESIAN_POINT ( 'NONE',  ( 61.91250000000003695, 1.498599999999999710, -79.37499999999997158 ) ) ;
#3022 = LINE ( 'NONE', #2262, #118 ) ;
#3023 = CIRCLE ( 'NONE', #552, 1.700000000000000178 ) ;
#3024 = VECTOR ( 'NONE', #1372, 1000.000000000000000 ) ;
#3025 = CIRCLE ( 'NONE', #1342, 2.705100000000002058 ) ;
#3026 = ORIENTED_EDGE ( 'NONE', *, *, #3249, .T. ) ;
#3027 = ORIENTED_EDGE ( 'NONE', *, *, #2531, .T. ) ;
#3028 = DIRECTION ( 'NONE',  ( 0.000000000000000000, 0.000000000000000000, 1.000000000000000000 ) ) ;
#3029 = CARTESIAN_POINT ( 'NONE',  ( -80.89799999999823399, 2.168404344971008868E-16, 48.05096146085460873 ) ) ;
#3030 = VECTOR ( 'NONE', #2948, 1000.000000000000000 ) ;
#3031 = DIRECTION ( 'NONE',  ( -0.000000000000000000, 1.000000000000000000, -0.000000000000000000 ) ) ;
#3032 = EDGE_LOOP ( 'NONE', ( #383, #2847, #127, #948 ) ) ;
#3033 = CARTESIAN_POINT ( 'NONE',  ( 62.27568817180885929, 1.498599999999999932, -101.5612292988779899 ) ) ;
#3034 = DIRECTION ( 'NONE',  ( 0.000000000000000000, 0.000000000000000000, 1.000000000000000000 ) ) ;
#3035 = ORIENTED_EDGE ( 'NONE', *, *, #1814, .T. ) ;
#3036 = EDGE_CURVE ( 'NONE', #130, #1776, #952, .T. ) ;
#3037 = EDGE_CURVE ( 'NONE', #1859, #2074, #221, .T. ) ;
#3038 = CARTESIAN_POINT ( 'NONE',  ( -29.89799999999904045, 2.168404344971008868E-16, 46.35096146085460589 ) ) ;
#3039 = DIRECTION ( 'NONE',  ( 0.000000000000000000, 0.000000000000000000, 1.000000000000000000 ) ) ;
#3040 = ADVANCED_FACE ( 'NONE', ( #989 ), #174, .F. ) ;
#3041 = EDGE_CURVE ( 'NONE', #861, #2828, #2702, .T. ) ;
#3042 = ORIENTED_EDGE ( 'NONE', *, *, #1553, .F. ) ;
#3043 = CARTESIAN_POINT ( 'NONE',  ( 68.27568817180886640, 2.168404344971008868E-16, -103.2612292988779927 ) ) ;
#3044 = DIRECTION ( 'NONE',  ( -1.000000000000000000, 0.000000000000000000, 0.000000000000000000 ) ) ;
#3045 = CYLINDRICAL_SURFACE ( 'NONE', #1913, 1.699999999999993072 ) ;
#3046 = VERTEX_POINT ( 'NONE', #438 ) ;
#3047 = ORIENTED_EDGE ( 'NONE', *, *, #2934, .T. ) ;
#3048 = ORIENTED_EDGE ( 'NONE', *, *, #2577, .F. ) ;
#3049 = CARTESIAN_POINT ( 'NONE',  ( -77.55000000000002558, 1.498599999999999932, 6.809999999999996945 ) ) ;
#3050 = LINE ( 'NONE', #1260, #1189 ) ;
#3051 = VERTEX_POINT ( 'NONE', #737 ) ;
#3052 = DIRECTION ( 'NONE',  ( -0.000000000000000000, -1.000000000000000000, -0.000000000000000000 ) ) ;
#3053 = EDGE_CURVE ( 'NONE', #2894, #1046, #3117, .T. ) ;
#3054 = DIRECTION ( 'NONE',  ( 0.000000000000000000, 0.000000000000000000, 1.000000000000000000 ) ) ;
#3055 = CARTESIAN_POINT ( 'NONE',  ( 95.25000000000005684, 1.498599999999999710, -81.27365000000003192 ) ) ;
#3056 = EDGE_CURVE ( 'NONE', #881, #761, #110, .T. ) ;
#3057 = EDGE_CURVE ( 'NONE', #1047, #644, #1696, .T. ) ;
#3058 = FACE_OUTER_BOUND ( 'NONE', #1159, .T. ) ;
#3059 = CARTESIAN_POINT ( 'NONE',  ( -28.50556479709977253, 2.168404344971008868E-16, 36.43818736271290959 ) ) ;
#3060 = EDGE_LOOP ( 'NONE', ( #663, #1988 ) ) ;
#3061 = CARTESIAN_POINT ( 'NONE',  ( 46.45000000000001705, 4.336808689942017736E-16, -120.4849000000000387 ) ) ;
#3062 = DIRECTION ( 'NONE',  ( -0.000000000000000000, 1.000000000000000000, -0.000000000000000000 ) ) ;
#3063 = CARTESIAN_POINT ( 'NONE',  ( -80.89799999999823399, 1.498599999999999932, 128.7509614608546258 ) ) ;
#3064 = ORIENTED_EDGE ( 'NONE', *, *, #2636, .T. ) ;
#3065 = ORIENTED_EDGE ( 'NONE', *, *, #3141, .F. ) ;
#3066 = VECTOR ( 'NONE', #875, 1000.000000000000000 ) ;
#3067 =( GEOMETRIC_REPRESENTATION_CONTEXT ( 3 ) GLOBAL_UNCERTAINTY_ASSIGNED_CONTEXT ( ( #2345 ) ) GLOBAL_UNIT_ASSIGNED_CONTEXT ( ( #2619, #1836, #853 ) ) REPRESENTATION_CONTEXT ( 'NONE', 'WORKASPACE' ) );
#3068 = VECTOR ( 'NONE', #1931, 1000.000000000000000 ) ;
#3069 = CARTESIAN_POINT ( 'NONE',  ( -77.55000000000002558, 1.498599999999999932, -120.4849000000000387 ) ) ;
#3070 = FACE_OUTER_BOUND ( 'NONE', #2195, .T. ) ;
#3071 = VECTOR ( 'NONE', #1401, 1000.000000000000000 ) ;
#3072 = EDGE_CURVE ( 'NONE', #727, #778, #1808, .T. ) ;
#3073 = AXIS2_PLACEMENT_3D ( 'NONE', #2593, #1097, #3054 ) ;
#3074 = CARTESIAN_POINT ( 'NONE',  ( 82.29600000000003490, 1.498599999999999932, 27.68600000000004258 ) ) ;
#3075 = AXIS2_PLACEMENT_3D ( 'NONE', #44, #1855, #2076 ) ;
#3076 = FACE_OUTER_BOUND ( 'NONE', #3020, .T. ) ;
#3077 = CARTESIAN_POINT ( 'NONE',  ( -100.0124999999999744, 0.000000000000000000, 133.4517614608546694 ) ) ;
#3078 = PRESENTATION_LAYER_ASSIGNMENT (  '', '', ( #1506 ) ) ;
#3079 = EDGE_CURVE ( 'NONE', #3167, #2122, #2507, .T. ) ;
#3080 = ORIENTED_EDGE ( 'NONE', *, *, #394, .F. ) ;
#3081 = DIRECTION ( 'NONE',  ( -0.000000000000000000, 1.000000000000000000, -0.000000000000000000 ) ) ;
#3082 = FACE_OUTER_BOUND ( 'NONE', #413, .T. ) ;
#3083 = CIRCLE ( 'NONE', #714, 1.898650000000001725 ) ;
#3084 = CARTESIAN_POINT ( 'NONE',  ( 48.62633968473930679, -151.9508708292634367, 131.8642614608546637 ) ) ;
#3085 = ORIENTED_EDGE ( 'NONE', *, *, #253, .T. ) ;
#3086 = DIRECTION ( 'NONE',  ( 0.000000000000000000, 0.000000000000000000, 1.000000000000000000 ) ) ;
#3087 = CYLINDRICAL_SURFACE ( 'NONE', #2553, 1.700000000000000178 ) ;
#3088 = DIRECTION ( 'NONE',  ( -0.000000000000000000, 1.000000000000000000, -0.000000000000000000 ) ) ;
#3089 = FACE_OUTER_BOUND ( 'NONE', #1093, .T. ) ;
#3090 = ORIENTED_EDGE ( 'NONE', *, *, #1639, .T. ) ;
#3091 = EDGE_LOOP ( 'NONE', ( #490, #2942, #2789, #1328 ) ) ;
#3092 = DIRECTION ( 'NONE',  ( -0.000000000000000000, 1.000000000000000000, -0.000000000000000000 ) ) ;
#3093 = CYLINDRICAL_SURFACE ( 'NONE', #2659, 1.898650000000001725 ) ;
#3094 = EDGE_CURVE ( 'NONE', #2074, #1859, #1754, .T. ) ;
#3095 = CARTESIAN_POINT ( 'NONE',  ( -95.24999999999994316, 2.168404344971008868E-16, 1.898650000000001725 ) ) ;
#3096 = CARTESIAN_POINT ( 'NONE',  ( -29.89799999999904045, 1.498599999999999932, 46.35096146085460589 ) ) ;
#3097 = ORIENTED_EDGE ( 'NONE', *, *, #866, .F. ) ;
#3098 = ORIENTED_EDGE ( 'NONE', *, *, #537, .F. ) ;
#3099 = EDGE_CURVE ( 'NONE', #412, #2909, #1962, .T. ) ;
#3100 = ORIENTED_EDGE ( 'NONE', *, *, #2955, .F. ) ;
#3101 = EDGE_LOOP ( 'NONE', ( #800, #1520 ) ) ;
#3102 = CARTESIAN_POINT ( 'NONE',  ( -95.24999999999994316, 2.168404344971008868E-16, -1.898650000000001725 ) ) ;
#3103 = CARTESIAN_POINT ( 'NONE',  ( -90.97771013878475799, 2.168404344971008868E-16, -8.336850364565249194 ) ) ;
#3104 = FACE_OUTER_BOUND ( 'NONE', #184, .T. ) ;
#3105 = CARTESIAN_POINT ( 'NONE',  ( -77.55000000000002558, 1.498599999999999932, -120.4849000000000387 ) ) ;
#3106 = APPLICATION_PROTOCOL_DEFINITION ( 'draft international standard', 'automotive_design', 1998, #1753 ) ;
#3107 = VERTEX_POINT ( 'NONE', #2438 ) ;
#3108 = CARTESIAN_POINT ( 'NONE',  ( 61.91250000000003695, 1.498599999999999932, -77.47634999999996808 ) ) ;
#3109 = PRESENTATION_STYLE_ASSIGNMENT (( #2117 ) ) ;
#3110 = CYLINDRICAL_SURFACE ( 'NONE', #2960, 1.700000000000007061 ) ;
#3111 = ADVANCED_FACE ( 'NONE', ( #708 ), #1192, .F. ) ;
#3112 = CYLINDRICAL_SURFACE ( 'NONE', #1083, 1.699999999999993072 ) ;
#3113 = EDGE_LOOP ( 'NONE', ( #1271, #1339 ) ) ;
#3114 = EDGE_CURVE ( 'NONE', #594, #909, #2288, .T. ) ;
#3115 = ORIENTED_EDGE ( 'NONE', *, *, #2304, .F. ) ;
#3116 = ORIENTED_EDGE ( 'NONE', *, *, #2045, .F. ) ;
#3117 = CIRCLE ( 'NONE', #1858, 1.898650000000001725 ) ;
#3118 = CYLINDRICAL_SURFACE ( 'NONE', #1769, 1.898650000000001725 ) ;
#3119 = AXIS2_PLACEMENT_3D ( 'NONE', #1535, #1258, #1766 ) ;
#3120 = VECTOR ( 'NONE', #2364, 1000.000000000000000 ) ;
#3121 = CARTESIAN_POINT ( 'NONE',  ( 101.6000000000000085, 1.498599999999999932, 127.0000000000000000 ) ) ;
#3122 = CARTESIAN_POINT ( 'NONE',  ( -101.5999999999999801, 1.498599999999999932, -128.5875000000000341 ) ) ;
#3123 = AXIS2_PLACEMENT_3D ( 'NONE', #1743, #2752, #1498 ) ;
#3124 = AXIS2_PLACEMENT_3D ( 'NONE', #1542, #3088, #1052 ) ;
#3125 = CIRCLE ( 'NONE', #1393, 2.705100000000002058 ) ;
#3126 = AXIS2_PLACEMENT_3D ( 'NONE', #2832, #603, #2113 ) ;
#3127 = ORIENTED_EDGE ( 'NONE', *, *, #3140, .T. ) ;
#3128 = ORIENTED_EDGE ( 'NONE', *, *, #457, .T. ) ;
#3129 = DIRECTION ( 'NONE',  ( 0.000000000000000000, 0.000000000000000000, 1.000000000000000000 ) ) ;
#3130 = DIRECTION ( 'NONE',  ( -0.000000000000000000, 1.000000000000000000, -0.000000000000000000 ) ) ;
#3131 = CIRCLE ( 'NONE', #712, 1.898650000000001725 ) ;
#3132 = VECTOR ( 'NONE', #1250, 1000.000000000000000 ) ;
#3133 = DIRECTION ( 'NONE',  ( -0.000000000000000000, 1.000000000000000000, -0.000000000000000000 ) ) ;
#3134 = DIRECTION ( 'NONE',  ( -0.000000000000000000, 1.000000000000000000, -0.000000000000000000 ) ) ;
#3135 = EDGE_LOOP ( 'NONE', ( #252, #1634 ) ) ;
#3136 = CIRCLE ( 'NONE', #76, 1.699999999999993072 ) ;
#3137 = VERTEX_POINT ( 'NONE', #2947 ) ;
#3138 = ORIENTED_EDGE ( 'NONE', *, *, #366, .T. ) ;
#3139 = DIRECTION ( 'NONE',  ( -0.000000000000000000, 1.000000000000000000, -0.000000000000000000 ) ) ;
#3140 = EDGE_CURVE ( 'NONE', #1129, #467, #2740, .T. ) ;
#3141 = EDGE_CURVE ( 'NONE', #2226, #1827, #2234, .T. ) ;
#3142 = DIRECTION ( 'NONE',  ( 0.000000000000000000, 0.000000000000000000, 1.000000000000000000 ) ) ;
#3143 = DIRECTION ( 'NONE',  ( -0.000000000000000000, 1.000000000000000000, -0.000000000000000000 ) ) ;
#3144 = EDGE_CURVE ( 'NONE', #588, #529, #310, .T. ) ;
#3145 = VERTEX_POINT ( 'NONE', #3077 ) ;
#3146 = CARTESIAN_POINT ( 'NONE',  ( -6.738082030622740248, 2.168404344971008868E-16, 22.51330310867499662 ) ) ;
#3147 = CYLINDRICAL_SURFACE ( 'NONE', #1979, 1.700000000000007061 ) ;
#3148 = CARTESIAN_POINT ( 'NONE',  ( -19.72299999999723141, 2.168404344971008868E-16, 49.75096146085460447 ) ) ;
#3149 = FACE_BOUND ( 'NONE', #1323, .T. ) ;
#3150 = ORIENTED_EDGE ( 'NONE', *, *, #2260, .T. ) ;
#3151 = ORIENTED_EDGE ( 'NONE', *, *, #2678, .F. ) ;
#3152 = FACE_OUTER_BOUND ( 'NONE', #472, .T. ) ;
#3153 = EDGE_CURVE ( 'NONE', #2769, #1076, #1315, .T. ) ;
#3154 = EDGE_CURVE ( 'NONE', #1804, #1669, #3008, .T. ) ;
#3155 = FACE_OUTER_BOUND ( 'NONE', #2303, .T. ) ;
#3156 = CARTESIAN_POINT ( 'NONE',  ( -80.89799999999823399, 1.498599999999999932, 127.0509614608546229 ) ) ;
#3157 = SHAPE_DEFINITION_REPRESENTATION ( #1033, #2626 ) ;
#3158 = ORIENTED_EDGE ( 'NONE', *, *, #1391, .T. ) ;
#3159 = EDGE_CURVE ( 'NONE', #1846, #1371, #1172, .T. ) ;
#3160 = DIRECTION ( 'NONE',  ( -0.000000000000000000, 1.000000000000000000, -0.000000000000000000 ) ) ;
#3161 = DIRECTION ( 'NONE',  ( -0.000000000000000000, -1.000000000000000000, -0.000000000000000000 ) ) ;
#3162 = APPLICATION_CONTEXT ( 'automotive_design' ) ;
#3163 = CARTESIAN_POINT ( 'NONE',  ( -19.72299999999723141, 1.498599999999999932, 127.0509614608546514 ) ) ;
#3164 = FACE_BOUND ( 'NONE', #1624, .T. ) ;
#3165 = EDGE_LOOP ( 'NONE', ( #1100, #1019 ) ) ;
#3166 = ORIENTED_EDGE ( 'NONE', *, *, #867, .F. ) ;
#3167 = VERTEX_POINT ( 'NONE', #573 ) ;
#3168 = DIRECTION ( 'NONE',  ( -0.000000000000000000, 1.000000000000000000, -0.000000000000000000 ) ) ;
#3169 = DIRECTION ( 'NONE',  ( 0.000000000000000000, 0.000000000000000000, 1.000000000000000000 ) ) ;
#3170 = DIRECTION ( 'NONE',  ( -0.000000000000000000, 1.000000000000000000, -0.000000000000000000 ) ) ;
#3171 = VECTOR ( 'NONE', #3180, 1000.000000000000000 ) ;
#3172 = ADVANCED_FACE ( 'NONE', ( #2035 ), #1762, .F. ) ;
#3173 = EDGE_LOOP ( 'NONE', ( #190, #1556, #2979, #1632 ) ) ;
#3174 = DIRECTION ( 'NONE',  ( 0.000000000000000000, 0.000000000000000000, 1.000000000000000000 ) ) ;
#3175 = AXIS2_PLACEMENT_3D ( 'NONE', #2197, #377, #3174 ) ;
#3176 = DIRECTION ( 'NONE',  ( -0.000000000000000000, 1.000000000000000000, -0.000000000000000000 ) ) ;
#3177 = LINE ( 'NONE', #1463, #1344 ) ;
#3178 = EDGE_CURVE ( 'NONE', #3189, #836, #1283, .T. ) ;
#3179 = EDGE_CURVE ( 'NONE', #2857, #990, #796, .T. ) ;
#3180 = DIRECTION ( 'NONE',  ( -0.000000000000000000, 1.000000000000000000, -0.000000000000000000 ) ) ;
#3181 = AXIS2_PLACEMENT_3D ( 'NONE', #1067, #84, #871 ) ;
#3182 = AXIS2_PLACEMENT_3D ( 'NONE', #1179, #387, #2940 ) ;
#3183 = CARTESIAN_POINT ( 'NONE',  ( 31.27700000000278990, 2.168404344971008868E-16, 48.05096146085460873 ) ) ;
#3184 = ORIENTED_EDGE ( 'NONE', *, *, #1910, .T. ) ;
#3185 = VERTEX_POINT ( 'NONE', #1256 ) ;
#3186 = AXIS2_PLACEMENT_3D ( 'NONE', #982, #1994, #19 ) ;
#3187 = CIRCLE ( 'NONE', #1713, 1.700000000000000178 ) ;
#3188 = AXIS2_PLACEMENT_3D ( 'NONE', #1358, #2372, #1112 ) ;
#3189 = VERTEX_POINT ( 'NONE', #772 ) ;
#3190 = ORIENTED_EDGE ( 'NONE', *, *, #1982, .T. ) ;
#3191 = DIRECTION ( 'NONE',  ( -0.000000000000000000, 1.000000000000000000, -0.000000000000000000 ) ) ;
#3192 = CIRCLE ( 'NONE', #22, 1.898650000000001725 ) ;
#3193 = DIRECTION ( 'NONE',  ( 0.000000000000000000, 0.000000000000000000, 1.000000000000000000 ) ) ;
#3194 = CARTESIAN_POINT ( 'NONE',  ( 46.45000000000001705, 4.336808689942017736E-16, 9.515099999999998559 ) ) ;
#3195 = VERTEX_POINT ( 'NONE', #26 ) ;
#3196 = CARTESIAN_POINT ( 'NONE',  ( 95.25000000000004263, 1.498599999999999710, 2.775557561562891351E-14 ) ) ;
#3197 = DIRECTION ( 'NONE',  ( 0.000000000000000000, 0.000000000000000000, 1.000000000000000000 ) ) ;
#3198 = CARTESIAN_POINT ( 'NONE',  ( 46.45000000000001705, 1.498599999999999932, 4.104899999999994442 ) ) ;
#3199 = CARTESIAN_POINT ( 'NONE',  ( -80.89799999999823399, 1.498599999999999932, 125.3509614608546201 ) ) ;
#3200 = EDGE_CURVE ( 'NONE', #715, #1958, #2596, .T. ) ;
#3201 = FACE_BOUND ( 'NONE', #1966, .T. ) ;
#3202 = ORIENTED_EDGE ( 'NONE', *, *, #2797, .F. ) ;
#3203 = EDGE_LOOP ( 'NONE', ( #2463, #1989 ) ) ;
#3204 = VERTEX_POINT ( 'NONE', #560 ) ;
#3205 = EDGE_CURVE ( 'NONE', #199, #3236, #2644, .T. ) ;
#3206 = DIRECTION ( 'NONE',  ( -0.000000000000000000, 1.000000000000000000, -0.000000000000000000 ) ) ;
#3207 = LINE ( 'NONE', #416, #439 ) ;
#3208 = ORIENTED_EDGE ( 'NONE', *, *, #2898, .T. ) ;
#3209 = ORIENTED_EDGE ( 'NONE', *, *, #1951, .F. ) ;
#3210 = DIRECTION ( 'NONE',  ( -0.000000000000000000, -1.000000000000000000, -0.000000000000000000 ) ) ;
#3211 = FACE_OUTER_BOUND ( 'NONE', #3091, .T. ) ;
#3212 = DIRECTION ( 'NONE',  ( 0.000000000000000000, 0.000000000000000000, 1.000000000000000000 ) ) ;
#3213 = DIRECTION ( 'NONE',  ( 0.000000000000000000, 0.000000000000000000, 1.000000000000000000 ) ) ;
#3214 = ORIENTED_EDGE ( 'NONE', *, *, #3179, .T. ) ;
#3215 = EDGE_LOOP ( 'NONE', ( #1355, #1617 ) ) ;
#3216 = EDGE_CURVE ( 'NONE', #1846, #965, #297, .T. ) ;
#3217 = ORIENTED_EDGE ( 'NONE', *, *, #2613, .T. ) ;
#3218 = ORIENTED_EDGE ( 'NONE', *, *, #1689, .F. ) ;
#3219 = ADVANCED_FACE ( 'NONE', ( #2268 ), #3045, .F. ) ;
#3220 = CARTESIAN_POINT ( 'NONE',  ( -100.0124999999999744, 0.000000000000000000, 131.8642614608546637 ) ) ;
#3221 = DIRECTION ( 'NONE',  ( -1.000000000000000000, 0.000000000000000000, 1.365923996832131856E-16 ) ) ;
#3222 = ORIENTED_EDGE ( 'NONE', *, *, #2577, .T. ) ;
#3223 = LINE ( 'NONE', #3006, #2496 ) ;
#3224 = AXIS2_PLACEMENT_3D ( 'NONE', #458, #971, #1934 ) ;
#3225 = LINE ( 'NONE', #751, #1599 ) ;
#3226 = CARTESIAN_POINT ( 'NONE',  ( 95.25000000000002842, 1.498599999999999710, 120.6500000000000341 ) ) ;
#3227 = CARTESIAN_POINT ( 'NONE',  ( 101.6000000000000085, 1.498599999999999932, 127.0000000000000000 ) ) ;
#3228 = AXIS2_PLACEMENT_3D ( 'NONE', #2522, #259, #68 ) ;
#3229 = CIRCLE ( 'NONE', #1812, 1.699999999999993072 ) ;
#3230 = ORIENTED_EDGE ( 'NONE', *, *, #2421, .F. ) ;
#3231 = ORIENTED_EDGE ( 'NONE', *, *, #2457, .F. ) ;
#3232 = CYLINDRICAL_SURFACE ( 'NONE', #2862, 1.699999999999993072 ) ;
#3233 = CIRCLE ( 'NONE', #1284, 1.587499999999991696 ) ;
#3234 = CIRCLE ( 'NONE', #1705, 1.699999999999993072 ) ;
#3235 = CARTESIAN_POINT ( 'NONE',  ( 43.23877440496806912, 1.498599999999999932, 33.26784572720404753 ) ) ;
#3236 = VERTEX_POINT ( 'NONE', #2315 ) ;
#3237 = VECTOR ( 'NONE', #2580, 1000.000000000000000 ) ;
#3238 = ORIENTED_EDGE ( 'NONE', *, *, #1350, .F. ) ;
#3239 = AXIS2_PLACEMENT_3D ( 'NONE', #1725, #2242, #997 ) ;
#3240 = AXIS2_PLACEMENT_3D ( 'NONE', #2273, #528, #463 ) ;
#3241 = CIRCLE ( 'NONE', #239, 2.705100000000002058 ) ;
#3242 = CIRCLE ( 'NONE', #662, 1.700000000000000178 ) ;
#3243 = DIRECTION ( 'NONE',  ( -0.000000000000000000, 1.000000000000000000, -0.000000000000000000 ) ) ;
#3244 = EDGE_CURVE ( 'NONE', #2909, #1685, #2436, .T. ) ;
#3245 = CARTESIAN_POINT ( 'NONE',  ( 95.25000000000004263, 2.168404344971008868E-16, 1.898650000000029481 ) ) ;
#3246 = ORIENTED_EDGE ( 'NONE', *, *, #1879, .F. ) ;
#3247 = CARTESIAN_POINT ( 'NONE',  ( 61.91250000000003695, 1.498599999999999932, -79.37499999999997158 ) ) ;
#3248 = EDGE_CURVE ( 'NONE', #1101, #1115, #785, .T. ) ;
#3249 = EDGE_CURVE ( 'NONE', #2270, #2784, #2078, .T. ) ;
#3250 = LINE ( 'NONE', #1998, #1128 ) ;
#3251 = DIRECTION ( 'NONE',  ( 0.000000000000000000, 0.000000000000000000, 1.000000000000000000 ) ) ;
#3252 = DIRECTION ( 'NONE',  ( 0.000000000000000000, 0.000000000000000000, 1.000000000000000000 ) ) ;
#3253 = ORIENTED_EDGE ( 'NONE', *, *, #2841, .F. ) ;
#3254 = VERTEX_POINT ( 'NONE', #3059 ) ;
#3255 = DIRECTION ( 'NONE',  ( 0.000000000000000000, 0.000000000000000000, -1.000000000000000000 ) ) ;
#3256 = CARTESIAN_POINT ( 'NONE',  ( 61.91250000000002274, 1.498599999999999710, 118.7513500000000590 ) ) ;
#3257 = ORIENTED_EDGE ( 'NONE', *, *, #3041, .F. ) ;
#3258 = ORIENTED_EDGE ( 'NONE', *, *, #2898, .F. ) ;
#3259 = DIRECTION ( 'NONE',  ( -0.000000000000000000, 1.000000000000000000, -0.000000000000000000 ) ) ;
#3260 = LINE ( 'NONE', #1974, #601 ) ;
#3261 = EDGE_CURVE ( 'NONE', #1454, #71, #1833, .T. ) ;
#3262 = ORIENTED_EDGE ( 'NONE', *, *, #1841, .F. ) ;
#3263 = LINE ( 'NONE', #2959, #2547 ) ;
#3264 = CARTESIAN_POINT ( 'NONE',  ( 101.6000000000000085, 0.000000000000000000, 127.0000000000000000 ) ) ;
#3265 = DIRECTION ( 'NONE',  ( -0.000000000000000000, 1.000000000000000000, -0.000000000000000000 ) ) ;
#3266 = EDGE_CURVE ( 'NONE', #676, #2157, #645, .T. ) ;
#3267 = EDGE_CURVE ( 'NONE', #850, #2710, #545, .T. ) ;
#3268 = ORIENTED_EDGE ( 'NONE', *, *, #844, .T. ) ;
#3269 = ORIENTED_EDGE ( 'NONE', *, *, #844, .F. ) ;
#3270 = ORIENTED_EDGE ( 'NONE', *, *, #1554, .F. ) ;
#3271 = LINE ( 'NONE', #1723, #763 ) ;
#3272 = ORIENTED_EDGE ( 'NONE', *, *, #253, .F. ) ;
#3273 = ORIENTED_EDGE ( 'NONE', *, *, #1439, .T. ) ;
#3274 = CARTESIAN_POINT ( 'NONE',  ( -28.50556479709977253, 2.168404344971008868E-16, 33.83818736271291527 ) ) ;
#3275 = FACE_OUTER_BOUND ( 'NONE', #702, .T. ) ;
ENDSEC;
END-ISO-10303-21;
