ISO-10303-21;
HEADER;
FILE_DESCRIPTION (( 'STEP AP214' ),
    '1' );
FILE_NAME ('B30B-PHDSS.STEP',
    '2024-01-10T22:25:24',
    ( '' ),
    ( '' ),
    'SwSTEP 2.0',
    'SolidWorks 2021',
    '' );
FILE_SCHEMA (( 'AUTOMOTIVE_DESIGN' ));
ENDSEC;

DATA;
#1 = ADVANCED_FACE ( 'NONE', ( #2449 ), #1876, .F. ) ;
#2 = ADVANCED_FACE ( 'NONE', ( #4021 ), #4568, .T. ) ;
#3 = EDGE_LOOP ( 'NONE', ( #620, #2379, #1370, #420, #3902, #5754 ) ) ;
#4 = ORIENTED_EDGE ( 'NONE', *, *, #4061, .T. ) ;
#5 = DIRECTION ( 'NONE',  ( 0.000000000000000000, -1.000000000000000000, 0.000000000000000000 ) ) ;
#6 = EDGE_CURVE ( 'NONE', #923, #5434, #6249, .T. ) ;
#7 = VERTEX_POINT ( 'NONE', #1839 ) ;
#8 = ADVANCED_FACE ( 'NONE', ( #4052 ), #4680, .T. ) ;
#9 = ORIENTED_EDGE ( 'NONE', *, *, #3574, .T. ) ;
#10 = LINE ( 'NONE', #6261, #3825 ) ;
#11 = ORIENTED_EDGE ( 'NONE', *, *, #6065, .T. ) ;
#12 = LINE ( 'NONE', #2190, #4676 ) ;
#13 = DIRECTION ( 'NONE',  ( 6.938893903907227392E-16, -0.000000000000000000, 1.000000000000000000 ) ) ;
#14 = DIRECTION ( 'NONE',  ( 1.000000000000000000, 7.080503983578862988E-16, 0.000000000000000000 ) ) ;
#15 = ORIENTED_EDGE ( 'NONE', *, *, #6816, .F. ) ;
#16 = VERTEX_POINT ( 'NONE', #1770 ) ;
#17 = ORIENTED_EDGE ( 'NONE', *, *, #37, .F. ) ;
#18 = VECTOR ( 'NONE', #2361, 1000.000000000000000 ) ;
#19 = PRODUCT ( 'B30B-PHDSS', 'B30B-PHDSS', '', ( #899 ) ) ;
#20 = EDGE_CURVE ( 'NONE', #5017, #6657, #3578, .T. ) ;
#21 = DIRECTION ( 'NONE',  ( -1.000000000000000000, 0.000000000000000000, 0.000000000000000000 ) ) ;
#22 = ORIENTED_EDGE ( 'NONE', *, *, #1416, .T. ) ;
#23 = VECTOR ( 'NONE', #3229, 1000.000000000000000 ) ;
#24 = VECTOR ( 'NONE', #4622, 1000.000000000000000 ) ;
#25 = ORIENTED_EDGE ( 'NONE', *, *, #5666, .F. ) ;
#26 = CARTESIAN_POINT ( 'NONE',  ( -14.76499999999999879, 5.624999999999993783, 2.500000000000000444 ) ) ;
#27 = ADVANCED_FACE ( 'NONE', ( #1221 ), #5806, .T. ) ;
#28 = CARTESIAN_POINT ( 'NONE',  ( -10.24999999999999822, 0.000000000000000000, -1.250000000000000000 ) ) ;
#29 = VECTOR ( 'NONE', #1054, 1000.000000000000000 ) ;
#30 = DIRECTION ( 'NONE',  ( 0.000000000000000000, -1.000000000000000000, 0.000000000000000000 ) ) ;
#31 = AXIS2_PLACEMENT_3D ( 'NONE', #893, #4263, #2592 ) ;
#32 = ADVANCED_FACE ( 'NONE', ( #3439 ), #2927, .T. ) ;
#33 = LINE ( 'NONE', #2174, #6638 ) ;
#34 = AXIS2_PLACEMENT_3D ( 'NONE', #3308, #2649, #5527 ) ;
#35 = ORIENTED_EDGE ( 'NONE', *, *, #1270, .T. ) ;
#36 = VERTEX_POINT ( 'NONE', #5221 ) ;
#37 = EDGE_CURVE ( 'NONE', #6657, #64, #3547, .T. ) ;
#38 = FACE_OUTER_BOUND ( 'NONE', #588, .T. ) ;
#39 = ORIENTED_EDGE ( 'NONE', *, *, #6110, .T. ) ;
#40 = AXIS2_PLACEMENT_3D ( 'NONE', #1371, #2027, #7091 ) ;
#41 = DIRECTION ( 'NONE',  ( -1.000000000000000000, 0.000000000000000000, -0.000000000000000000 ) ) ;
#42 = ORIENTED_EDGE ( 'NONE', *, *, #5473, .F. ) ;
#43 = AXIS2_PLACEMENT_3D ( 'NONE', #4013, #3539, #1865 ) ;
#44 = FACE_BOUND ( 'NONE', #6658, .T. ) ;
#45 = ORIENTED_EDGE ( 'NONE', *, *, #3298, .F. ) ;
#46 = LINE ( 'NONE', #1082, #131 ) ;
#47 = VERTEX_POINT ( 'NONE', #4855 ) ;
#48 = CARTESIAN_POINT ( 'NONE',  ( 8.250000000000000000, 0.000000000000000000, -0.7499999999999996669 ) ) ;
#49 = CONTEXT_DEPENDENT_SHAPE_REPRESENTATION ( #3985, #3550 ) ;
#50 = DIRECTION ( 'NONE',  ( 0.000000000000000000, -0.7071067811865556774, 0.7071067811865394681 ) ) ;
#51 = VECTOR ( 'NONE', #3595, 1000.000000000000000 ) ;
#52 = EDGE_CURVE ( 'NONE', #3818, #5011, #2014, .T. ) ;
#53 = LINE ( 'NONE', #5485, #1767 ) ;
#54 = CARTESIAN_POINT ( 'NONE',  ( 15.95000000000000284, 4.775000000000004796, -2.500000000000000444 ) ) ;
#55 = EDGE_LOOP ( 'NONE', ( #4762, #5255, #4727, #4254 ) ) ;
#56 = ORIENTED_EDGE ( 'NONE', *, *, #5609, .F. ) ;
#57 = EDGE_LOOP ( 'NONE', ( #4035, #4910, #4775, #5253 ) ) ;
#58 = VECTOR ( 'NONE', #5758, 1000.000000000000000 ) ;
#59 = LINE ( 'NONE', #1252, #5375 ) ;
#60 = ORIENTED_EDGE ( 'NONE', *, *, #216, .F. ) ;
#61 = DIRECTION ( 'NONE',  ( 0.000000000000000000, -1.000000000000000000, 0.000000000000000000 ) ) ;
#62 = CARTESIAN_POINT ( 'NONE',  ( 4.000000000000000000, -2.081668171172167897E-17, 2.775557561562891351E-17 ) ) ;
#63 = CARTESIAN_POINT ( 'NONE',  ( -0.2500000000000002220, 6.500000000000003553, 0.7500000000000000000 ) ) ;
#64 = VERTEX_POINT ( 'NONE', #6970 ) ;
#65 = ADVANCED_FACE ( 'NONE', ( #400 ), #3654, .T. ) ;
#66 = AXIS2_PLACEMENT_3D ( 'NONE', #5292, #2517, #4738 ) ;
#67 = EDGE_LOOP ( 'NONE', ( #195, #6793, #3195, #3766 ) ) ;
#68 = PLANE ( 'NONE',  #4756 ) ;
#69 = CARTESIAN_POINT ( 'NONE',  ( 0.000000000000000000, 6.500000000000000000, 0.000000000000000000 ) ) ;
#70 = VECTOR ( 'NONE', #1420, 1000.000000000000000 ) ;
#71 = DIRECTION ( 'NONE',  ( 1.000000000000000000, 1.195124682037070119E-16, 0.000000000000000000 ) ) ;
#72 = DIRECTION ( 'NONE',  ( 0.000000000000000000, 0.000000000000000000, -1.000000000000000000 ) ) ;
#73 = VECTOR ( 'NONE', #4401, 1000.000000000000000 ) ;
#74 = ORIENTED_EDGE ( 'NONE', *, *, #2789, .F. ) ;
#75 = ORIENTED_EDGE ( 'NONE', *, *, #778, .F. ) ;
#76 = VERTEX_POINT ( 'NONE', #2083 ) ;
#77 = PLANE ( 'NONE',  #1863 ) ;
#78 = EDGE_LOOP ( 'NONE', ( #6371, #3694, #1952, #4189 ) ) ;
#79 = AXIS2_PLACEMENT_3D ( 'NONE', #4534, #5193, #1255 ) ;
#80 = LINE ( 'NONE', #3868, #5575 ) ;
#81 = PRODUCT_DEFINITION_SHAPE ( 'NONE', 'NONE',  #1591 ) ;
#82 = DIRECTION ( 'NONE',  ( 0.000000000000000000, 0.000000000000000000, -1.000000000000000000 ) ) ;
#83 = ORIENTED_EDGE ( 'NONE', *, *, #6624, .F. ) ;
#84 = LINE ( 'NONE', #150, #477 ) ;
#85 = CONTEXT_DEPENDENT_SHAPE_REPRESENTATION ( #3656, #3955 ) ;
#86 = CARTESIAN_POINT ( 'NONE',  ( 5.464999999999998082, 1.624999999999999778, -1.250000000000000222 ) ) ;
#87 = DIRECTION ( 'NONE',  ( -1.000000000000000000, -0.000000000000000000, -0.000000000000000000 ) ) ;
#88 = CARTESIAN_POINT ( 'NONE',  ( 4.250000000000000000, 1.624999999999999778, -1.250000000000000000 ) ) ;
#89 = ORIENTED_EDGE ( 'NONE', *, *, #504, .T. ) ;
#90 = VERTEX_POINT ( 'NONE', #4308 ) ;
#91 = ORIENTED_EDGE ( 'NONE', *, *, #558, .T. ) ;
#92 = CARTESIAN_POINT ( 'NONE',  ( 5.750000000000000000, 1.624999999999999778, 1.250000000000000222 ) ) ;
#93 = LINE ( 'NONE', #1225, #1738 ) ;
#94 = CARTESIAN_POINT ( 'NONE',  ( 9.750000000000000000, 0.000000000000000000, 0.7499999999999997780 ) ) ;
#95 = LINE ( 'NONE', #591, #5020 ) ;
#96 = ORIENTED_EDGE ( 'NONE', *, *, #3929, .F. ) ;
#97 = PLANE ( 'NONE',  #4301 ) ;
#98 = CARTESIAN_POINT ( 'NONE',  ( 1.464999999999997637, 1.624999999999999778, 1.250000000000000444 ) ) ;
#99 = EDGE_CURVE ( 'NONE', #1885, #255, #5879, .T. ) ;
#100 = CARTESIAN_POINT ( 'NONE',  ( 13.75000000000000000, 1.624999999999999778, -1.250000000000000222 ) ) ;
#101 = CARTESIAN_POINT ( 'NONE',  ( -14.51500000000000057, 5.375000000000000000, 2.500000000000000444 ) ) ;
#102 = EDGE_LOOP ( 'NONE', ( #319, #2588, #2773, #734 ) ) ;
#103 = ORIENTED_EDGE ( 'NONE', *, *, #1717, .F. ) ;
#104 = DIRECTION ( 'NONE',  ( -0.000000000000000000, -0.000000000000000000, 1.000000000000000000 ) ) ;
#105 = EDGE_LOOP ( 'NONE', ( #6665, #4848, #118, #5418 ) ) ;
#106 = LINE ( 'NONE', #5538, #4650 ) ;
#107 = EDGE_CURVE ( 'NONE', #4845, #2231, #5291, .T. ) ;
#108 = PLANE ( 'NONE',  #1292 ) ;
#109 = ORIENTED_EDGE ( 'NONE', *, *, #2614, .T. ) ;
#110 = LINE ( 'NONE', #6811, #4660 ) ;
#111 =( REPRESENTATION_RELATIONSHIP ('NONE','NONE', #1131, #6340 ) REPRESENTATION_RELATIONSHIP_WITH_TRANSFORMATION ( #4675 )SHAPE_REPRESENTATION_RELATIONSHIP( ) );
#112 = EDGE_CURVE ( 'NONE', #4171, #2344, #6397, .T. ) ;
#113 = ORIENTED_EDGE ( 'NONE', *, *, #617, .T. ) ;
#114 = CONTEXT_DEPENDENT_SHAPE_REPRESENTATION ( #4081, #2320 ) ;
#115 = ADVANCED_FACE ( 'NONE', ( #1976 ), #7113, .T. ) ;
#116 = CARTESIAN_POINT ( 'NONE',  ( -4.250000000000000000, 0.000000000000000000, -1.250000000000000000 ) ) ;
#117 = FACE_OUTER_BOUND ( 'NONE', #3872, .T. ) ;
#118 = ORIENTED_EDGE ( 'NONE', *, *, #6600, .F. ) ;
#119 = ORIENTED_EDGE ( 'NONE', *, *, #1996, .T. ) ;
#120 = CARTESIAN_POINT ( 'NONE',  ( 12.24000000000001087, 5.375000000000001776, -8.724999999999999645 ) ) ;
#121 = LINE ( 'NONE', #3919, #6267 ) ;
#122 = VECTOR ( 'NONE', #2695, 1000.000000000000000 ) ;
#123 = ORIENTED_EDGE ( 'NONE', *, *, #1549, .F. ) ;
#124 = CARTESIAN_POINT ( 'NONE',  ( 5.750000000000000000, 6.500000000000003553, -1.250000000000000222 ) ) ;
#125 = LINE ( 'NONE', #3447, #6516 ) ;
#126 = DIRECTION ( 'NONE',  ( 0.000000000000000000, -0.7071067811865556774, 0.7071067811865394681 ) ) ;
#127 = LINE ( 'NONE', #1645, #2708 ) ;
#128 = CARTESIAN_POINT ( 'NONE',  ( -14.25000000000000178, 1.624999999999999778, -4.870572098594920796 ) ) ;
#129 = UNCERTAINTY_MEASURE_WITH_UNIT (LENGTH_MEASURE( 1.000000000000000082E-05 ), #5715, 'distance_accuracy_value', 'NONE');
#130 = VECTOR ( 'NONE', #4470, 1000.000000000000000 ) ;
#131 = VECTOR ( 'NONE', #4036, 1000.000000000000000 ) ;
#132 = ORIENTED_EDGE ( 'NONE', *, *, #3780, .T. ) ;
#133 = VECTOR ( 'NONE', #6444, 1000.000000000000000 ) ;
#134 = CARTESIAN_POINT ( 'NONE',  ( 7.750000000000000000, 1.624999999999999778, -1.250000000000000222 ) ) ;
#135 = VECTOR ( 'NONE', #3981, 1000.000000000000000 ) ;
#136 = ORIENTED_EDGE ( 'NONE', *, *, #913, .F. ) ;
#137 = FACE_OUTER_BOUND ( 'NONE', #3762, .T. ) ;
#138 = ORIENTED_EDGE ( 'NONE', *, *, #4024, .F. ) ;
#139 = ADVANCED_FACE ( 'NONE', ( #3141 ), #2049, .T. ) ;
#140 = FACE_OUTER_BOUND ( 'NONE', #6698, .T. ) ;
#141 = VECTOR ( 'NONE', #3378, 1000.000000000000000 ) ;
#142 = VECTOR ( 'NONE', #1233, 1000.000000000000000 ) ;
#143 = CARTESIAN_POINT ( 'NONE',  ( -5.750000000000001776, 6.500000000000003553, -1.250000000000000000 ) ) ;
#144 = ORIENTED_EDGE ( 'NONE', *, *, #5023, .T. ) ;
#145 = PLANE ( 'NONE',  #4187 ) ;
#146 = VECTOR ( 'NONE', #647, 1000.000000000000000 ) ;
#147 = LINE ( 'NONE', #677, #1890 ) ;
#148 = PRODUCT_DEFINITION_SHAPE ( 'NONE', 'NONE',  #7203 ) ;
#149 = ORIENTED_EDGE ( 'NONE', *, *, #6121, .T. ) ;
#150 = CARTESIAN_POINT ( 'NONE',  ( 3.750000000000000000, 0.000000000000000000, -0.7499999999999996669 ) ) ;
#151 = AXIS2_PLACEMENT_3D ( 'NONE', #1181, #82, #6773 ) ;
#152 = EDGE_CURVE ( 'NONE', #5890, #4273, #4268, .T. ) ;
#153 = DIRECTION ( 'NONE',  ( 1.000000000000000000, 1.195124682037070119E-16, 0.000000000000000000 ) ) ;
#154 = ADVANCED_FACE ( 'NONE', ( #5997 ), #1007, .T. ) ;
#155 = EDGE_LOOP ( 'NONE', ( #684, #2935, #138, #1271 ) ) ;
#156 = ORIENTED_EDGE ( 'NONE', *, *, #4819, .F. ) ;
#157 = DIRECTION ( 'NONE',  ( -0.000000000000000000, -0.000000000000000000, 1.000000000000000000 ) ) ;
#158 = VECTOR ( 'NONE', #5494, 1000.000000000000000 ) ;
#159 = DIRECTION ( 'NONE',  ( 0.000000000000000000, 0.000000000000000000, 1.000000000000000000 ) ) ;
#160 = LINE ( 'NONE', #4572, #2888 ) ;
#161 = DIRECTION ( 'NONE',  ( 0.000000000000000000, 0.000000000000000000, -1.000000000000000000 ) ) ;
#162 = ADVANCED_FACE ( 'NONE', ( #5325 ), #3615, .F. ) ;
#163 = CARTESIAN_POINT ( 'NONE',  ( 15.95000000000000284, 4.774999999999999467, -2.500000000000000444 ) ) ;
#164 = VECTOR ( 'NONE', #2158, 1000.000000000000000 ) ;
#165 = EDGE_CURVE ( 'NONE', #4266, #5660, #1509, .T. ) ;
#166 = VERTEX_POINT ( 'NONE', #360 ) ;
#167 = LINE ( 'NONE', #1746, #5819 ) ;
#168 = DIRECTION ( 'NONE',  ( -1.000000000000000000, 0.000000000000000000, -0.000000000000000000 ) ) ;
#169 = DIRECTION ( 'NONE',  ( 1.000000000000000000, 0.000000000000000000, 0.000000000000000000 ) ) ;
#170 = LINE ( 'NONE', #1918, #637 ) ;
#171 = LINE ( 'NONE', #2280, #5346 ) ;
#172 = ORIENTED_EDGE ( 'NONE', *, *, #6172, .T. ) ;
#173 = AXIS2_PLACEMENT_3D ( 'NONE', #2041, #2149, #6544 ) ;
#174 = ADVANCED_FACE ( 'NONE', ( #5368 ), #2516, .T. ) ;
#175 = VECTOR ( 'NONE', #5713, 1000.000000000000000 ) ;
#176 = EDGE_LOOP ( 'NONE', ( #6216, #4901, #6862, #1983, #5157, #6806, #3546, #1206, #2907, #3858, #5082, #2686, #2093, #2751, #5063, #573, #4990, #4020, #3967, #4862 ) ) ;
#177 = DIRECTION ( 'NONE',  ( 1.000000000000000000, 0.000000000000000000, 0.000000000000000000 ) ) ;
#178 = LINE ( 'NONE', #1660, #4407 ) ;
#179 = ORIENTED_EDGE ( 'NONE', *, *, #2353, .T. ) ;
#180 = CARTESIAN_POINT ( 'NONE',  ( 11.75000000000000000, 0.000000000000000000, -1.250000000000000222 ) ) ;
#181 = DIRECTION ( 'NONE',  ( -9.842402700577615253E-16, -1.000000000000000000, 0.000000000000000000 ) ) ;
#182 = VERTEX_POINT ( 'NONE', #3723 ) ;
#183 = DIRECTION ( 'NONE',  ( 1.000000000000000000, 0.000000000000000000, 0.000000000000000000 ) ) ;
#184 = VECTOR ( 'NONE', #7024, 1000.000000000000000 ) ;
#185 = CARTESIAN_POINT ( 'NONE',  ( 14.51500000000000057, 5.375000000000002665, -2.225000000000000533 ) ) ;
#186 = ADVANCED_FACE ( 'NONE', ( #2558, #4776 ), #3684, .F. ) ;
#187 = CARTESIAN_POINT ( 'NONE',  ( 8.250000000000000000, 0.000000000000000000, 0.7499999999999998890 ) ) ;
#188 = ORIENTED_EDGE ( 'NONE', *, *, #7010, .F. ) ;
#189 = PLANE ( 'NONE',  #6063 ) ;
#190 = EDGE_CURVE ( 'NONE', #1570, #5487, #973, .T. ) ;
#191 = DIRECTION ( 'NONE',  ( -1.000000000000000000, 0.000000000000000000, 0.000000000000000000 ) ) ;
#192 = ORIENTED_EDGE ( 'NONE', *, *, #4016, .F. ) ;
#193 = CARTESIAN_POINT ( 'NONE',  ( -14.51500000000000057, 5.375000000000000000, -2.225000000000000533 ) ) ;
#194 = CARTESIAN_POINT ( 'NONE',  ( 15.95000000000000284, 6.500000000000000000, 2.500000000000000444 ) ) ;
#195 = ORIENTED_EDGE ( 'NONE', *, *, #1544, .F. ) ;
#196 = CARTESIAN_POINT ( 'NONE',  ( 14.76499999999999879, 6.250000000000007105, -2.225000000000000533 ) ) ;
#197 = CARTESIAN_POINT ( 'NONE',  ( 14.76499999999999879, 5.624999999999997335, -2.500000000000000444 ) ) ;
#198 = CARTESIAN_POINT ( 'NONE',  ( -15.95000000000000284, 6.274999999999999467, -0.8500000000000005329 ) ) ;
#199 = DIRECTION ( 'NONE',  ( 0.000000000000000000, 0.000000000000000000, -1.000000000000000000 ) ) ;
#200 = EDGE_CURVE ( 'NONE', #3018, #3646, #5676, .T. ) ;
#201 =( REPRESENTATION_RELATIONSHIP ('NONE','NONE', #1131, #6340 ) REPRESENTATION_RELATIONSHIP_WITH_TRANSFORMATION ( #1701 )SHAPE_REPRESENTATION_RELATIONSHIP( ) );
#202 = CARTESIAN_POINT ( 'NONE',  ( -8.249999999999996447, 0.000000000000000000, -0.7499999999999994449 ) ) ;
#203 = ORIENTED_EDGE ( 'NONE', *, *, #3297, .F. ) ;
#204 = DIRECTION ( 'NONE',  ( 0.000000000000000000, 1.000000000000000000, 0.000000000000000000 ) ) ;
#205 = FACE_OUTER_BOUND ( 'NONE', #1466, .T. ) ;
#206 = DIRECTION ( 'NONE',  ( 1.000000000000000000, 0.000000000000000000, 0.000000000000000000 ) ) ;
#207 = DIRECTION ( 'NONE',  ( -0.000000000000000000, 0.000000000000000000, -1.000000000000000000 ) ) ;
#208 = LINE ( 'NONE', #6228, #142 ) ;
#209 = LINE ( 'NONE', #1951, #6792 ) ;
#210 = CARTESIAN_POINT ( 'NONE',  ( -13.68999999999999773, 5.375000000000000000, -2.500000000000000444 ) ) ;
#211 = PLANE ( 'NONE',  #5687 ) ;
#212 = ORIENTED_EDGE ( 'NONE', *, *, #614, .T. ) ;
#213 = LINE ( 'NONE', #6235, #4797 ) ;
#214 = CARTESIAN_POINT ( 'NONE',  ( 14.25000000000000000, 0.000000000000000000, 0.7499999999999997780 ) ) ;
#215 = CARTESIAN_POINT ( 'NONE',  ( -9.749999999999998224, 1.624999999999999778, 1.250000000000000444 ) ) ;
#216 = EDGE_CURVE ( 'NONE', #779, #4720, #577, .T. ) ;
#217 = FACE_OUTER_BOUND ( 'NONE', #786, .T. ) ;
#218 = ORIENTED_EDGE ( 'NONE', *, *, #3901, .F. ) ;
#219 = DIRECTION ( 'NONE',  ( 1.000000000000000000, 0.000000000000000000, 0.000000000000000000 ) ) ;
#220 = ORIENTED_EDGE ( 'NONE', *, *, #3535, .T. ) ;
#221 = CARTESIAN_POINT ( 'NONE',  ( -2.250000000000000444, 0.000000000000000000, -1.250000000000000000 ) ) ;
#222 = EDGE_CURVE ( 'NONE', #1275, #1545, #706, .T. ) ;
#223 = EDGE_CURVE ( 'NONE', #2047, #2032, #2669, .T. ) ;
#224 = EDGE_CURVE ( 'NONE', #16, #4266, #2774, .T. ) ;
#225 = CARTESIAN_POINT ( 'NONE',  ( 12.24000000000001087, 4.775000000000002132, -8.724999999999999645 ) ) ;
#226 = ORIENTED_EDGE ( 'NONE', *, *, #242, .T. ) ;
#227 = CARTESIAN_POINT ( 'NONE',  ( 13.46500000000000163, 5.150000000000005684, -4.870572098594920796 ) ) ;
#228 = EDGE_LOOP ( 'NONE', ( #1705, #5377, #218, #1387 ) ) ;
#229 = CARTESIAN_POINT ( 'NONE',  ( 15.01499999999999879, 6.500000000000003553, -2.500000000000000444 ) ) ;
#230 = ORIENTED_EDGE ( 'NONE', *, *, #3947, .F. ) ;
#231 = CARTESIAN_POINT ( 'NONE',  ( -14.25000000000000178, 6.500000000000003553, 1.250000000000000666 ) ) ;
#232 = DIRECTION ( 'NONE',  ( 1.000000000000000000, 0.000000000000000000, 0.000000000000000000 ) ) ;
#233 = CARTESIAN_POINT ( 'NONE',  ( 14.51500000000000057, 5.375000000000002665, 2.500000000000000444 ) ) ;
#234 = LINE ( 'NONE', #6368, #5617 ) ;
#235 = ORIENTED_EDGE ( 'NONE', *, *, #3514, .F. ) ;
#236 = DIRECTION ( 'NONE',  ( 0.000000000000000000, 0.000000000000000000, -1.000000000000000000 ) ) ;
#237 = EDGE_CURVE ( 'NONE', #4285, #6245, #2909, .T. ) ;
#238 = DIRECTION ( 'NONE',  ( 0.000000000000000000, 1.000000000000000000, 0.000000000000000000 ) ) ;
#239 = PLANE ( 'NONE',  #6039 ) ;
#240 = ADVANCED_FACE ( 'NONE', ( #3294 ), #2124, .T. ) ;
#241 = ORIENTED_EDGE ( 'NONE', *, *, #3307, .F. ) ;
#242 = EDGE_CURVE ( 'NONE', #4375, #371, #1113, .T. ) ;
#243 = CARTESIAN_POINT ( 'NONE',  ( 14.25000000000000000, 0.000000000000000000, 0.7499999999999997780 ) ) ;
#244 = VERTEX_POINT ( 'NONE', #3453 ) ;
#245 = VECTOR ( 'NONE', #3305, 1000.000000000000000 ) ;
#246 = FACE_BOUND ( 'NONE', #2707, .T. ) ;
#247 = FACE_OUTER_BOUND ( 'NONE', #5398, .T. ) ;
#248 = CARTESIAN_POINT ( 'NONE',  ( 15.45000000000000284, 6.500000000000000000, -2.225000000000000533 ) ) ;
#249 = VECTOR ( 'NONE', #4570, 1000.000000000000000 ) ;
#250 = FACE_OUTER_BOUND ( 'NONE', #5615, .T. ) ;
#251 = AXIS2_PLACEMENT_3D ( 'NONE', #2963, #5158, #4640 ) ;
#252 = ORIENTED_EDGE ( 'NONE', *, *, #6918, .F. ) ;
#253 = DIRECTION ( 'NONE',  ( 0.000000000000000000, -1.000000000000000000, 0.000000000000000000 ) ) ;
#254 = EDGE_CURVE ( 'NONE', #2593, #4051, #2739, .T. ) ;
#255 = VERTEX_POINT ( 'NONE', #3327 ) ;
#256 = LINE ( 'NONE', #2477, #4071 ) ;
#257 = EDGE_LOOP ( 'NONE', ( #6027, #5643, #3627, #5414 ) ) ;
#258 = CARTESIAN_POINT ( 'NONE',  ( -8.249999999999996447, 1.624999999999999778, 0.7500000000000001110 ) ) ;
#259 = ORIENTED_EDGE ( 'NONE', *, *, #1311, .T. ) ;
#260 = AXIS2_PLACEMENT_3D ( 'NONE', #7031, #1997, #4222 ) ;
#261 = PLANE ( 'NONE',  #5695 ) ;
#262 = VECTOR ( 'NONE', #1318, 1000.000000000000000 ) ;
#263 = ORIENTED_EDGE ( 'NONE', *, *, #6837, .F. ) ;
#264 = VECTOR ( 'NONE', #3687, 1000.000000000000000 ) ;
#265 = CARTESIAN_POINT ( 'NONE',  ( -6.250000000000001776, 0.000000000000000000, 0.7500000000000000000 ) ) ;
#266 = ORIENTED_EDGE ( 'NONE', *, *, #5323, .F. ) ;
#267 = DIRECTION ( 'NONE',  ( 1.000000000000000000, 0.000000000000000000, -0.000000000000000000 ) ) ;
#268 = LINE ( 'NONE', #5192, #6399 ) ;
#269 = LINE ( 'NONE', #2454, #4339 ) ;
#270 = VECTOR ( 'NONE', #4560, 1000.000000000000000 ) ;
#271 = ORIENTED_EDGE ( 'NONE', *, *, #5524, .T. ) ;
#272 = VECTOR ( 'NONE', #5219, 1000.000000000000000 ) ;
#273 = DIRECTION ( 'NONE',  ( -0.000000000000000000, -0.000000000000000000, 1.000000000000000000 ) ) ;
#274 = LINE ( 'NONE', #1483, #1783 ) ;
#275 = CARTESIAN_POINT ( 'NONE',  ( -5.750000000000001776, 6.500000000000003553, 0.7500000000000000000 ) ) ;
#276 = EDGE_CURVE ( 'NONE', #7121, #4946, #2366, .T. ) ;
#277 = VECTOR ( 'NONE', #6240, 1000.000000000000000 ) ;
#278 = DIRECTION ( 'NONE',  ( -1.000000000000000000, 0.000000000000000000, -0.000000000000000000 ) ) ;
#279 = DIRECTION ( 'NONE',  ( 0.000000000000000000, 0.000000000000000000, 1.000000000000000000 ) ) ;
#280 = ORIENTED_EDGE ( 'NONE', *, *, #4525, .T. ) ;
#281 = VECTOR ( 'NONE', #6054, 1000.000000000000000 ) ;
#282 = DIRECTION ( 'NONE',  ( 0.000000000000000000, 0.000000000000000000, -1.000000000000000000 ) ) ;
#283 = VERTEX_POINT ( 'NONE', #6628 ) ;
#284 = DIRECTION ( 'NONE',  ( 0.000000000000000000, -1.000000000000000000, 0.000000000000000000 ) ) ;
#285 = VECTOR ( 'NONE', #3988, 1000.000000000000000 ) ;
#286 = PLANE ( 'NONE',  #1414 ) ;
#287 = VERTEX_POINT ( 'NONE', #6596 ) ;
#288 = FACE_OUTER_BOUND ( 'NONE', #2926, .T. ) ;
#289 = EDGE_LOOP ( 'NONE', ( #506, #716, #6768, #827 ) ) ;
#290 = CARTESIAN_POINT ( 'NONE',  ( 11.75000000000000000, 6.500000000000003553, -1.250000000000000222 ) ) ;
#291 = EDGE_LOOP ( 'NONE', ( #6262, #6493, #3093, #3240 ) ) ;
#292 = AXIS2_PLACEMENT_3D ( 'NONE', #3008, #169, #5169 ) ;
#293 = VERTEX_POINT ( 'NONE', #1039 ) ;
#294 = AXIS2_PLACEMENT_3D ( 'NONE', #6331, #5706, #1776 ) ;
#295 = CARTESIAN_POINT ( 'NONE',  ( -0.5350000000000024736, 1.624999999999999778, 1.250000000000000444 ) ) ;
#296 = ORIENTED_EDGE ( 'NONE', *, *, #1158, .T. ) ;
#297 = DIRECTION ( 'NONE',  ( -1.000000000000000000, 0.000000000000000000, -0.000000000000000000 ) ) ;
#298 = CARTESIAN_POINT ( 'NONE',  ( 8.250000000000000000, 6.500000000000003553, 1.250000000000000222 ) ) ;
#299 = DIRECTION ( 'NONE',  ( 0.000000000000000000, 0.000000000000000000, 1.000000000000000000 ) ) ;
#300 = DIRECTION ( 'NONE',  ( 1.000000000000000000, 0.000000000000000000, 0.000000000000000000 ) ) ;
#301 = EDGE_CURVE ( 'NONE', #4899, #166, #4006, .T. ) ;
#302 = CARTESIAN_POINT ( 'NONE',  ( 14.25000000000000000, 0.000000000000000000, 1.250000000000000222 ) ) ;
#303 = ORIENTED_EDGE ( 'NONE', *, *, #6857, .T. ) ;
#304 = LINE ( 'NONE', #5426, #4641 ) ;
#305 = VERTEX_POINT ( 'NONE', #3253 ) ;
#306 = LINE ( 'NONE', #6411, #2675 ) ;
#307 = PLANE ( 'NONE',  #3523 ) ;
#308 = CARTESIAN_POINT ( 'NONE',  ( -14.76499999999999879, 5.624999999999993783, -2.500000000000000444 ) ) ;
#309 = VERTEX_POINT ( 'NONE', #6070 ) ;
#310 = ADVANCED_FACE ( 'NONE', ( #4934 ), #3800, .T. ) ;
#311 = EDGE_CURVE ( 'NONE', #6314, #2747, #3835, .T. ) ;
#312 = DIRECTION ( 'NONE',  ( -0.000000000000000000, -1.239088197126290669E-15, 1.000000000000000000 ) ) ;
#313 = DIRECTION ( 'NONE',  ( 0.000000000000000000, -1.000000000000000000, 0.000000000000000000 ) ) ;
#314 = DIRECTION ( 'NONE',  ( -1.000000000000000000, 0.000000000000000000, 0.000000000000000000 ) ) ;
#315 = CARTESIAN_POINT ( 'NONE',  ( 11.75000000000000000, 0.000000000000000000, -0.7499999999999997780 ) ) ;
#316 = FACE_OUTER_BOUND ( 'NONE', #2945, .T. ) ;
#317 = DIRECTION ( 'NONE',  ( 1.000000000000000000, -0.000000000000000000, -0.000000000000000000 ) ) ;
#318 = ORIENTED_EDGE ( 'NONE', *, *, #4549, .F. ) ;
#319 = ORIENTED_EDGE ( 'NONE', *, *, #4905, .T. ) ;
#320 = CARTESIAN_POINT ( 'NONE',  ( 15.45000000000000284, 1.625000000000001332, 2.225000000000000089 ) ) ;
#321 = ORIENTED_EDGE ( 'NONE', *, *, #1803, .F. ) ;
#322 = CARTESIAN_POINT ( 'NONE',  ( -15.45000000000000107, 6.275000000000004796, -0.1000000000000002137 ) ) ;
#323 = EDGE_CURVE ( 'NONE', #6333, #1985, #46, .T. ) ;
#324 = FACE_OUTER_BOUND ( 'NONE', #6759, .T. ) ;
#325 = EDGE_CURVE ( 'NONE', #336, #4845, #10, .T. ) ;
#326 = ORIENTED_EDGE ( 'NONE', *, *, #5580, .F. ) ;
#327 = LINE ( 'NONE', #6395, #6780 ) ;
#328 = ORIENTED_EDGE ( 'NONE', *, *, #3869, .T. ) ;
#329 = CARTESIAN_POINT ( 'NONE',  ( 14.76499999999999879, 6.250000000000007105, -2.500000000000000444 ) ) ;
#330 = CARTESIAN_POINT ( 'NONE',  ( 5.750000000000000000, 0.000000000000000000, 0.7499999999999998890 ) ) ;
#331 = EDGE_CURVE ( 'NONE', #336, #3076, #178, .T. ) ;
#332 = DIRECTION ( 'NONE',  ( 1.000000000000000000, 0.000000000000000000, 0.000000000000000000 ) ) ;
#333 = FACE_OUTER_BOUND ( 'NONE', #4405, .T. ) ;
#334 = ORIENTED_EDGE ( 'NONE', *, *, #3846, .T. ) ;
#335 = EDGE_LOOP ( 'NONE', ( #1316, #6316, #1128, #3603 ) ) ;
#336 = VERTEX_POINT ( 'NONE', #3875 ) ;
#337 = DIRECTION ( 'NONE',  ( -0.000000000000000000, -0.000000000000000000, -1.000000000000000000 ) ) ;
#338 = CARTESIAN_POINT ( 'NONE',  ( -15.95000000000000284, 0.4249999999999999889, 2.500000000000000000 ) ) ;
#339 = FACE_OUTER_BOUND ( 'NONE', #2291, .T. ) ;
#340 = CARTESIAN_POINT ( 'NONE',  ( -3.750000000000000000, 6.500000000000003553, -1.250000000000000000 ) ) ;
#341 = DIRECTION ( 'NONE',  ( 1.000000000000000000, 0.000000000000000000, -0.000000000000000000 ) ) ;
#342 = DIRECTION ( 'NONE',  ( 1.000000000000000000, 0.000000000000000000, 0.000000000000000000 ) ) ;
#343 = CARTESIAN_POINT ( 'NONE',  ( 10.25000000000000000, 1.624999999999999778, -4.870572098594920796 ) ) ;
#344 = ORIENTED_EDGE ( 'NONE', *, *, #4410, .T. ) ;
#345 = DIRECTION ( 'NONE',  ( -1.000000000000000000, 0.000000000000000000, -0.000000000000000000 ) ) ;
#346 = CARTESIAN_POINT ( 'NONE',  ( 0.2500000000000002220, 6.500000000000003553, 0.7500000000000000000 ) ) ;
#347 = ORIENTED_EDGE ( 'NONE', *, *, #2263, .T. ) ;
#348 = VECTOR ( 'NONE', #1309, 1000.000000000000000 ) ;
#349 = ORIENTED_EDGE ( 'NONE', *, *, #1718, .T. ) ;
#350 = CARTESIAN_POINT ( 'NONE',  ( 0.000000000000000000, -3.000000000000000000, 0.000000000000000000 ) ) ;
#351 = LINE ( 'NONE', #1498, #848 ) ;
#352 = ORIENTED_EDGE ( 'NONE', *, *, #535, .F. ) ;
#353 = LINE ( 'NONE', #4302, #3596 ) ;
#354 = AXIS2_PLACEMENT_3D ( 'NONE', #2171, #1575, #1536 ) ;
#355 = AXIS2_PLACEMENT_3D ( 'NONE', #5274, #2531, #342 ) ;
#356 = ORIENTED_EDGE ( 'NONE', *, *, #165, .F. ) ;
#357 = CARTESIAN_POINT ( 'NONE',  ( -6.250000000000001776, 6.500000000000003553, 0.7500000000000000000 ) ) ;
#358 = ORIENTED_EDGE ( 'NONE', *, *, #1494, .T. ) ;
#359 = ORIENTED_EDGE ( 'NONE', *, *, #5627, .F. ) ;
#360 = CARTESIAN_POINT ( 'NONE',  ( 8.250000000000000000, 1.624999999999999778, 0.7499999999999998890 ) ) ;
#361 = COLOUR_RGB ( '',1.000000000000000000, 1.000000000000000000, 1.000000000000000000 ) ;
#362 = LINE ( 'NONE', #1912, #2345 ) ;
#363 = VECTOR ( 'NONE', #938, 1000.000000000000000 ) ;
#364 = LINE ( 'NONE', #3178, #821 ) ;
#365 = APPLICATION_PROTOCOL_DEFINITION ( 'draft international standard', 'automotive_design', 1998, #651 ) ;
#366 = FACE_OUTER_BOUND ( 'NONE', #7123, .T. ) ;
#367 = VECTOR ( 'NONE', #2326, 1000.000000000000000 ) ;
#368 = VECTOR ( 'NONE', #910, 1000.000000000000000 ) ;
#369 = EDGE_CURVE ( 'NONE', #876, #1711, #4894, .T. ) ;
#370 = DIRECTION ( 'NONE',  ( -1.000000000000000000, 0.000000000000000000, 0.000000000000000000 ) ) ;
#371 = VERTEX_POINT ( 'NONE', #1791 ) ;
#372 = ORIENTED_EDGE ( 'NONE', *, *, #6176, .T. ) ;
#373 = EDGE_LOOP ( 'NONE', ( #3703, #6966, #89, #2689 ) ) ;
#374 = LINE ( 'NONE', #3006, #5947 ) ;
#375 = CARTESIAN_POINT ( 'NONE',  ( 8.250000000000000000, 6.500000000000003553, 0.7499999999999998890 ) ) ;
#376 = VECTOR ( 'NONE', #3978, 1000.000000000000000 ) ;
#377 = FILL_AREA_STYLE_COLOUR ( '', #1212 ) ;
#378 = CARTESIAN_POINT ( 'NONE',  ( -10.24999999999999822, 0.000000000000000000, -1.250000000000000000 ) ) ;
#379 = ORIENTED_EDGE ( 'NONE', *, *, #5049, .F. ) ;
#380 = EDGE_CURVE ( 'NONE', #3854, #1545, #5307, .T. ) ;
#381 = VECTOR ( 'NONE', #2154, 1000.000000000000000 ) ;
#382 = ORIENTED_EDGE ( 'NONE', *, *, #2392, .T. ) ;
#383 = CARTESIAN_POINT ( 'NONE',  ( 14.76499999999999879, 5.624999999999997335, -2.500000000000000444 ) ) ;
#384 = ORIENTED_EDGE ( 'NONE', *, *, #1805, .F. ) ;
#385 = LINE ( 'NONE', #6580, #3402 ) ;
#386 = LINE ( 'NONE', #315, #940 ) ;
#387 = VECTOR ( 'NONE', #3452, 1000.000000000000000 ) ;
#388 = DIRECTION ( 'NONE',  ( -0.000000000000000000, 0.000000000000000000, 1.000000000000000000 ) ) ;
#389 = ADVANCED_FACE ( 'NONE', ( #4220 ), #2977, .T. ) ;
#390 = VECTOR ( 'NONE', #2741, 1000.000000000000000 ) ;
#391 = ORIENTED_EDGE ( 'NONE', *, *, #5914, .T. ) ;
#392 = DIRECTION ( 'NONE',  ( -1.000000000000000000, -1.252287328451660467E-15, 0.000000000000000000 ) ) ;
#393 = ORIENTED_EDGE ( 'NONE', *, *, #4128, .F. ) ;
#394 = DIRECTION ( 'NONE',  ( 0.000000000000000000, 0.000000000000000000, 1.000000000000000000 ) ) ;
#395 = AXIS2_PLACEMENT_3D ( 'NONE', #6480, #2671, #975 ) ;
#396 = EDGE_LOOP ( 'NONE', ( #5797, #5787, #5588, #5207 ) ) ;
#397 = DIRECTION ( 'NONE',  ( -1.000000000000000000, 0.000000000000000000, 0.000000000000000000 ) ) ;
#398 = ORIENTED_EDGE ( 'NONE', *, *, #1184, .T. ) ;
#399 = VERTEX_POINT ( 'NONE', #805 ) ;
#400 = FACE_OUTER_BOUND ( 'NONE', #2283, .T. ) ;
#401 = ADVANCED_FACE ( 'NONE', ( #1349 ), #5174, .T. ) ;
#402 = VECTOR ( 'NONE', #3090, 1000.000000000000000 ) ;
#403 = PLANE ( 'NONE',  #2118 ) ;
#404 = DIRECTION ( 'NONE',  ( 0.000000000000000000, 0.000000000000000000, 1.000000000000000000 ) ) ;
#405 = CARTESIAN_POINT ( 'NONE',  ( 4.250000000000000000, 1.624999999999999778, -4.870572098594920796 ) ) ;
#406 = SHAPE_DEFINITION_REPRESENTATION ( #2769, #1131 ) ;
#407 = CARTESIAN_POINT ( 'NONE',  ( 1.464999999999997637, 1.624999999999999778, -1.250000000000000000 ) ) ;
#408 = AXIS2_PLACEMENT_3D ( 'NONE', #4718, #5672, #5170 ) ;
#409 = PLANE ( 'NONE',  #1073 ) ;
#410 = ORIENTED_EDGE ( 'NONE', *, *, #2655, .T. ) ;
#411 = VERTEX_POINT ( 'NONE', #5828 ) ;
#412 = VERTEX_POINT ( 'NONE', #847 ) ;
#413 = PLANE ( 'NONE',  #40 ) ;
#414 = ORIENTED_EDGE ( 'NONE', *, *, #465, .F. ) ;
#415 = AXIS2_PLACEMENT_3D ( 'NONE', #3145, #7085, #300 ) ;
#416 = EDGE_CURVE ( 'NONE', #4510, #5250, #4696, .T. ) ;
#417 = CARTESIAN_POINT ( 'NONE',  ( -14.25000000000000178, 0.000000000000000000, -1.249999999999999778 ) ) ;
#418 = DIRECTION ( 'NONE',  ( -0.000000000000000000, -1.000000000000000000, -0.000000000000000000 ) ) ;
#419 = VERTEX_POINT ( 'NONE', #3525 ) ;
#420 = ORIENTED_EDGE ( 'NONE', *, *, #3275, .T. ) ;
#421 = CARTESIAN_POINT ( 'NONE',  ( -15.95000000000000284, 6.500000000000000000, -2.500000000000000444 ) ) ;
#422 = CARTESIAN_POINT ( 'NONE',  ( -12.46500000000000163, 5.149999999999998579, 2.500000000000000000 ) ) ;
#423 = EDGE_CURVE ( 'NONE', #4273, #442, #5240, .T. ) ;
#424 = DIRECTION ( 'NONE',  ( 1.000000000000000000, 0.000000000000000000, 0.000000000000000000 ) ) ;
#425 = DIRECTION ( 'NONE',  ( 0.7071067811865515695, -0.7071067811865435759, 0.000000000000000000 ) ) ;
#426 = ORIENTED_EDGE ( 'NONE', *, *, #6423, .T. ) ;
#427 = ORIENTED_EDGE ( 'NONE', *, *, #1051, .T. ) ;
#428 = CARTESIAN_POINT ( 'NONE',  ( -11.75000000000000000, 1.624999999999999778, -4.870572098594920796 ) ) ;
#429 = ORIENTED_EDGE ( 'NONE', *, *, #4322, .T. ) ;
#430 = CARTESIAN_POINT ( 'NONE',  ( -14.51500000000000057, 5.375000000000000000, 2.224999999999999645 ) ) ;
#431 = EDGE_LOOP ( 'NONE', ( #303, #5474, #710, #4471 ) ) ;
#432 = CARTESIAN_POINT ( 'NONE',  ( 15.45000000000000107, 6.274999999999999467, -0.8500000000000005329 ) ) ;
#433 = VERTEX_POINT ( 'NONE', #243 ) ;
#434 = VERTEX_POINT ( 'NONE', #2947 ) ;
#435 = DIRECTION ( 'NONE',  ( 0.000000000000000000, -1.000000000000000000, 0.000000000000000000 ) ) ;
#436 = FACE_OUTER_BOUND ( 'NONE', #4889, .T. ) ;
#437 = CARTESIAN_POINT ( 'NONE',  ( 2.250000000000000444, 0.000000000000000000, -0.7499999999999996669 ) ) ;
#438 = ADVANCED_FACE ( 'NONE', ( #2429 ), #211, .F. ) ;
#439 = DIRECTION ( 'NONE',  ( 0.000000000000000000, -1.000000000000000000, 0.000000000000000000 ) ) ;
#440 = CARTESIAN_POINT ( 'NONE',  ( -13.68999999999999773, 5.375000000000000000, 2.500000000000000000 ) ) ;
#441 = EDGE_CURVE ( 'NONE', #4588, #3886, #6982, .T. ) ;
#442 = VERTEX_POINT ( 'NONE', #6381 ) ;
#443 = ORIENTED_EDGE ( 'NONE', *, *, #4694, .T. ) ;
#444 = ORIENTED_EDGE ( 'NONE', *, *, #2767, .T. ) ;
#445 = PLANE ( 'NONE',  #1973 ) ;
#446 = CARTESIAN_POINT ( 'NONE',  ( -3.750000000000000000, 1.624999999999999778, -1.250000000000000000 ) ) ;
#447 = CARTESIAN_POINT ( 'NONE',  ( 0.000000000000000000, 0.000000000000000000, 0.000000000000000000 ) ) ;
#448 = LINE ( 'NONE', #7170, #245 ) ;
#449 = ORIENTED_EDGE ( 'NONE', *, *, #5898, .F. ) ;
#450 = LINE ( 'NONE', #1019, #4689 ) ;
#451 = ADVANCED_FACE ( 'NONE', ( #6951 ), #4182, .T. ) ;
#452 = ORIENTED_EDGE ( 'NONE', *, *, #1452, .F. ) ;
#453 = CARTESIAN_POINT ( 'NONE',  ( 9.750000000000000000, 6.500000000000003553, 0.7499999999999997780 ) ) ;
#454 = ORIENTED_EDGE ( 'NONE', *, *, #3707, .T. ) ;
#455 = FACE_OUTER_BOUND ( 'NONE', #5878, .T. ) ;
#456 = LINE ( 'NONE', #6422, #70 ) ;
#457 = DIRECTION ( 'NONE',  ( 0.000000000000000000, 0.000000000000000000, -1.000000000000000000 ) ) ;
#458 = CARTESIAN_POINT ( 'NONE',  ( 4.250000000000000000, 0.000000000000000000, 0.7499999999999998890 ) ) ;
#459 = EDGE_CURVE ( 'NONE', #2374, #1290, #3637, .T. ) ;
#460 = EDGE_CURVE ( 'NONE', #4354, #3746, #5864, .T. ) ;
#461 = EDGE_LOOP ( 'NONE', ( #6854, #2284, #1110, #2515 ) ) ;
#462 = LINE ( 'NONE', #4806, #3284 ) ;
#463 = EDGE_LOOP ( 'NONE', ( #4007, #4944, #4796, #6566 ) ) ;
#464 = CARTESIAN_POINT ( 'NONE',  ( -12.24000000000001087, 4.774999999999999467, -2.225000000000000533 ) ) ;
#465 = EDGE_CURVE ( 'NONE', #5759, #4353, #4662, .T. ) ;
#466 = ORIENTED_EDGE ( 'NONE', *, *, #4608, .F. ) ;
#467 = CARTESIAN_POINT ( 'NONE',  ( 2.250000000000000444, 6.500000000000003553, 1.250000000000000444 ) ) ;
#468 = ORIENTED_EDGE ( 'NONE', *, *, #99, .T. ) ;
#469 = EDGE_LOOP ( 'NONE', ( #1468, #3532, #6674, #1911 ) ) ;
#470 = DIRECTION ( 'NONE',  ( 1.000000000000000000, 0.000000000000000000, 0.000000000000000000 ) ) ;
#471 = DIRECTION ( 'NONE',  ( 0.000000000000000000, -1.000000000000000000, 0.000000000000000000 ) ) ;
#472 = AXIS2_PLACEMENT_3D ( 'NONE', #7100, #4363, #1683 ) ;
#473 = AXIS2_PLACEMENT_3D ( 'NONE', #6285, #6325, #727 ) ;
#474 = LINE ( 'NONE', #1086, #2577 ) ;
#475 = SURFACE_SIDE_STYLE ('',( #5548 ) ) ;
#476 = VECTOR ( 'NONE', #2855, 1000.000000000000000 ) ;
#477 = VECTOR ( 'NONE', #6778, 1000.000000000000000 ) ;
#478 = ORIENTED_EDGE ( 'NONE', *, *, #6445, .F. ) ;
#479 = VERTEX_POINT ( 'NONE', #1857 ) ;
#480 = VERTEX_POINT ( 'NONE', #4073 ) ;
#481 = FACE_OUTER_BOUND ( 'NONE', #817, .T. ) ;
#482 = LINE ( 'NONE', #3398, #7048 ) ;
#483 = DIRECTION ( 'NONE',  ( 1.000000000000000000, 0.000000000000000000, 0.000000000000000000 ) ) ;
#484 = VECTOR ( 'NONE', #2088, 1000.000000000000000 ) ;
#485 = AXIS2_PLACEMENT_3D ( 'NONE', #2398, #183, #5206 ) ;
#486 = EDGE_CURVE ( 'NONE', #4160, #1565, #6913, .T. ) ;
#487 = AXIS2_PLACEMENT_3D ( 'NONE', #290, #4702, #219 ) ;
#488 = FACE_OUTER_BOUND ( 'NONE', #3358, .T. ) ;
#489 = EDGE_LOOP ( 'NONE', ( #4502, #5077, #1942, #522 ) ) ;
#490 = DIRECTION ( 'NONE',  ( -0.000000000000000000, 0.000000000000000000, 1.000000000000000000 ) ) ;
#491 = EDGE_CURVE ( 'NONE', #1657, #499, #1895, .T. ) ;
#492 = FACE_OUTER_BOUND ( 'NONE', #3994, .T. ) ;
#493 = PLANE ( 'NONE',  #1034 ) ;
#494 = CARTESIAN_POINT ( 'NONE',  ( -13.75000000000000178, 6.500000000000003553, -0.7499999999999994449 ) ) ;
#495 = CARTESIAN_POINT ( 'NONE',  ( -14.76499999999999879, 5.624999999999993783, -2.500000000000000444 ) ) ;
#496 = AXIS2_PLACEMENT_3D ( 'NONE', #4265, #5322, #6549 ) ;
#497 = EDGE_CURVE ( 'NONE', #7, #1653, #4722, .T. ) ;
#498 = EDGE_LOOP ( 'NONE', ( #1014, #5013, #2760, #7126 ) ) ;
#499 = VERTEX_POINT ( 'NONE', #1954 ) ;
#500 = VECTOR ( 'NONE', #991, 1000.000000000000000 ) ;
#501 = DIRECTION ( 'NONE',  ( 0.000000000000000000, 0.000000000000000000, 1.000000000000000000 ) ) ;
#502 = ORIENTED_EDGE ( 'NONE', *, *, #3248, .F. ) ;
#503 = DIRECTION ( 'NONE',  ( -0.000000000000000000, 0.000000000000000000, 1.000000000000000000 ) ) ;
#504 = EDGE_CURVE ( 'NONE', #3186, #3393, #3089, .T. ) ;
#505 = AXIS2_PLACEMENT_3D ( 'NONE', #4668, #2983, #6987 ) ;
#506 = ORIENTED_EDGE ( 'NONE', *, *, #6948, .F. ) ;
#507 = DIRECTION ( 'NONE',  ( -0.000000000000000000, -0.000000000000000000, -1.000000000000000000 ) ) ;
#508 = ORIENTED_EDGE ( 'NONE', *, *, #504, .F. ) ;
#509 = CARTESIAN_POINT ( 'NONE',  ( 9.464999999999998082, 1.624999999999999778, 1.250000000000000222 ) ) ;
#510 = VERTEX_POINT ( 'NONE', #4114 ) ;
#511 = ORIENTED_EDGE ( 'NONE', *, *, #5696, .T. ) ;
#512 = VECTOR ( 'NONE', #6894, 1000.000000000000114 ) ;
#513 = CARTESIAN_POINT ( 'NONE',  ( -13.75000000000000178, 0.000000000000000000, -0.7499999999999994449 ) ) ;
#514 = ADVANCED_FACE ( 'NONE', ( #5786 ), #2636, .F. ) ;
#515 = DIRECTION ( 'NONE',  ( 0.000000000000000000, -1.000000000000000000, 0.000000000000000000 ) ) ;
#516 = DIRECTION ( 'NONE',  ( 0.000000000000000000, 0.000000000000000000, 1.000000000000000000 ) ) ;
#517 = VECTOR ( 'NONE', #2245, 1000.000000000000000 ) ;
#518 = ORIENTED_EDGE ( 'NONE', *, *, #3097, .T. ) ;
#519 = ORIENTED_EDGE ( 'NONE', *, *, #2807, .T. ) ;
#520 = DIRECTION ( 'NONE',  ( 0.000000000000000000, 0.000000000000000000, -1.000000000000000000 ) ) ;
#521 = CARTESIAN_POINT ( 'NONE',  ( 5.750000000000000000, 0.000000000000000000, 1.250000000000000222 ) ) ;
#522 = ORIENTED_EDGE ( 'NONE', *, *, #1585, .F. ) ;
#523 = VECTOR ( 'NONE', #30, 1000.000000000000000 ) ;
#524 =( REPRESENTATION_RELATIONSHIP ('NONE','NONE', #1131, #6340 ) REPRESENTATION_RELATIONSHIP_WITH_TRANSFORMATION ( #680 )SHAPE_REPRESENTATION_RELATIONSHIP( ) );
#525 = CARTESIAN_POINT ( 'NONE',  ( -6.250000000000001776, 1.624999999999999778, -4.870572098594920796 ) ) ;
#526 = CARTESIAN_POINT ( 'NONE',  ( 10.25000000000000000, 0.000000000000000000, 0.7499999999999997780 ) ) ;
#527 = ORIENTED_EDGE ( 'NONE', *, *, #6740, .F. ) ;
#528 = EDGE_CURVE ( 'NONE', #283, #4812, #1043, .T. ) ;
#529 = DIRECTION ( 'NONE',  ( -1.000000000000000000, 0.000000000000000000, -0.000000000000000000 ) ) ;
#530 = LINE ( 'NONE', #1686, #4927 ) ;
#531 = DIRECTION ( 'NONE',  ( 0.000000000000000000, -1.000000000000000000, 0.000000000000000000 ) ) ;
#532 = EDGE_CURVE ( 'NONE', #3352, #4588, #4271, .T. ) ;
#533 = EDGE_CURVE ( 'NONE', #4836, #5185, #6482, .T. ) ;
#534 = AXIS2_PLACEMENT_3D ( 'NONE', #3212, #6003, #5373 ) ;
#535 = EDGE_CURVE ( 'NONE', #4260, #5552, #6002, .T. ) ;
#536 = VERTEX_POINT ( 'NONE', #3211 ) ;
#537 = ORIENTED_EDGE ( 'NONE', *, *, #6141, .F. ) ;
#538 = LINE ( 'NONE', #2810, #4524 ) ;
#539 = ORIENTED_EDGE ( 'NONE', *, *, #4708, .F. ) ;
#540 = DIRECTION ( 'NONE',  ( 0.000000000000000000, 1.000000000000000000, 0.000000000000000000 ) ) ;
#541 = ADVANCED_FACE ( 'NONE', ( #2018 ), #3257, .T. ) ;
#542 = ORIENTED_EDGE ( 'NONE', *, *, #2380, .T. ) ;
#543 = DIRECTION ( 'NONE',  ( -0.7071067811865536790, -0.7071067811865414665, 0.000000000000000000 ) ) ;
#544 = LINE ( 'NONE', #3686, #6087 ) ;
#545 = CARTESIAN_POINT ( 'NONE',  ( 13.62605214705668644, 4.914168687704686178, 2.400000000000000355 ) ) ;
#546 = EDGE_CURVE ( 'NONE', #2417, #3854, #4380, .T. ) ;
#547 = DIRECTION ( 'NONE',  ( 1.000000000000000000, 0.000000000000000000, 0.000000000000000000 ) ) ;
#548 = CARTESIAN_POINT ( 'NONE',  ( 15.01499999999999879, 6.500000000000003553, -2.225000000000000533 ) ) ;
#549 = EDGE_CURVE ( 'NONE', #1542, #5942, #6598, .T. ) ;
#550 = ORIENTED_EDGE ( 'NONE', *, *, #1656, .F. ) ;
#551 = ORIENTED_EDGE ( 'NONE', *, *, #2862, .T. ) ;
#552 = ORIENTED_EDGE ( 'NONE', *, *, #1719, .T. ) ;
#553 = EDGE_LOOP ( 'NONE', ( #6363, #2733, #2679, #3720 ) ) ;
#554 = CARTESIAN_POINT ( 'NONE',  ( 9.750000000000000000, 6.500000000000003553, -0.7499999999999997780 ) ) ;
#555 = LINE ( 'NONE', #4278, #2071 ) ;
#556 = EDGE_LOOP ( 'NONE', ( #3252, #6756, #3784, #263, #5425, #3154, #1858, #843, #3342, #1553, #2072, #1092 ) ) ;
#557 = LINE ( 'NONE', #1743, #1986 ) ;
#558 = EDGE_CURVE ( 'NONE', #5232, #6025, #3688, .T. ) ;
#559 = LINE ( 'NONE', #2755, #3485 ) ;
#560 = LINE ( 'NONE', #6128, #6392 ) ;
#561 = LINE ( 'NONE', #5638, #5262 ) ;
#562 = CARTESIAN_POINT ( 'NONE',  ( 1.749999999999999778, 1.624999999999999778, -4.870572098594920796 ) ) ;
#563 = PLANE ( 'NONE',  #5093 ) ;
#564 = ORIENTED_EDGE ( 'NONE', *, *, #4061, .F. ) ;
#565 = EDGE_CURVE ( 'NONE', #399, #723, #3144, .T. ) ;
#566 = ORIENTED_EDGE ( 'NONE', *, *, #4238, .T. ) ;
#567 = ORIENTED_EDGE ( 'NONE', *, *, #5165, .F. ) ;
#568 = FACE_BOUND ( 'NONE', #67, .T. ) ;
#569 = EDGE_CURVE ( 'NONE', #2232, #3058, #6556, .T. ) ;
#570 = LINE ( 'NONE', #4240, #1394 ) ;
#571 = VERTEX_POINT ( 'NONE', #1559 ) ;
#572 = DIRECTION ( 'NONE',  ( 0.000000000000000000, 0.000000000000000000, -1.000000000000000000 ) ) ;
#573 = ORIENTED_EDGE ( 'NONE', *, *, #5050, .F. ) ;
#574 = EDGE_CURVE ( 'NONE', #4828, #1595, #1010, .T. ) ;
#575 = LINE ( 'NONE', #6709, #4432 ) ;
#576 = ORIENTED_EDGE ( 'NONE', *, *, #2318, .T. ) ;
#577 = LINE ( 'NONE', #509, #5453 ) ;
#578 = ITEM_DEFINED_TRANSFORMATION ( 'NONE', 'NONE', #4802,  #5273 ) ;
#579 = CARTESIAN_POINT ( 'NONE',  ( 4.250000000000000000, 1.624999999999999778, 1.250000000000000444 ) ) ;
#580 = CARTESIAN_POINT ( 'NONE',  ( -3.750000000000000000, 0.000000000000000000, 0.7500000000000000000 ) ) ;
#581 = ORIENTED_EDGE ( 'NONE', *, *, #7089, .F. ) ;
#582 = ORIENTED_EDGE ( 'NONE', *, *, #1814, .F. ) ;
#583 = ORIENTED_EDGE ( 'NONE', *, *, #2434, .T. ) ;
#584 = VECTOR ( 'NONE', #6376, 1000.000000000000000 ) ;
#585 = DIRECTION ( 'NONE',  ( 0.000000000000000000, -1.000000000000000000, 0.000000000000000000 ) ) ;
#586 = DIRECTION ( 'NONE',  ( -0.000000000000000000, -0.000000000000000000, 1.000000000000000000 ) ) ;
#587 = CARTESIAN_POINT ( 'NONE',  ( -6.250000000000001776, 1.624999999999999778, 0.7500000000000000000 ) ) ;
#588 = EDGE_LOOP ( 'NONE', ( #4335, #4319, #3676, #1106 ) ) ;
#589 = EDGE_CURVE ( 'NONE', #5298, #3893, #2710, .T. ) ;
#590 = VECTOR ( 'NONE', #5741, 1000.000000000000000 ) ;
#591 = CARTESIAN_POINT ( 'NONE',  ( -12.24000000000001087, 4.774999999999999467, -8.724999999999999645 ) ) ;
#592 = ORIENTED_EDGE ( 'NONE', *, *, #2204, .T. ) ;
#593 = DIRECTION ( 'NONE',  ( 0.000000000000000000, 0.000000000000000000, -1.000000000000000000 ) ) ;
#594 = LINE ( 'NONE', #695, #5565 ) ;
#595 = VECTOR ( 'NONE', #4430, 1000.000000000000000 ) ;
#596 = EDGE_CURVE ( 'NONE', #3938, #309, #3465, .T. ) ;
#597 = CARTESIAN_POINT ( 'NONE',  ( 11.75000000000000000, 1.624999999999999778, -0.7499999999999997780 ) ) ;
#598 = VECTOR ( 'NONE', #4340, 1000.000000000000000 ) ;
#599 = DIRECTION ( 'NONE',  ( -1.284980352575412699E-15, 1.000000000000000000, 0.000000000000000000 ) ) ;
#600 = EDGE_CURVE ( 'NONE', #5011, #788, #84, .T. ) ;
#601 = PRODUCT_DEFINITION_SHAPE ( 'NONE', 'NONE',  #7189 ) ;
#602 = VECTOR ( 'NONE', #1351, 1000.000000000000000 ) ;
#603 = ORIENTED_EDGE ( 'NONE', *, *, #2775, .T. ) ;
#604 = ORIENTED_EDGE ( 'NONE', *, *, #1950, .F. ) ;
#605 = EDGE_LOOP ( 'NONE', ( #4576, #511, #3334, #384 ) ) ;
#606 = CARTESIAN_POINT ( 'NONE',  ( -10.24999999999999822, 0.000000000000000000, 1.250000000000000444 ) ) ;
#607 = EDGE_LOOP ( 'NONE', ( #2658, #1350, #318, #230 ) ) ;
#608 = VECTOR ( 'NONE', #4211, 1000.000000000000000 ) ;
#609 = FACE_OUTER_BOUND ( 'NONE', #1964, .T. ) ;
#610 = VECTOR ( 'NONE', #14, 1000.000000000000000 ) ;
#611 = LINE ( 'NONE', #6626, #5357 ) ;
#612 = ORIENTED_EDGE ( 'NONE', *, *, #3913, .F. ) ;
#613 = EDGE_LOOP ( 'NONE', ( #4672, #4985, #1137, #2293, #1144, #2221, #4338, #2355, #2996, #1003 ) ) ;
#614 = EDGE_CURVE ( 'NONE', #4812, #2954, #4964, .T. ) ;
#615 = ITEM_DEFINED_TRANSFORMATION ( 'NONE', 'NONE', #5742,  #5273 ) ;
#616 = PLANE ( 'NONE',  #3745 ) ;
#617 = EDGE_CURVE ( 'NONE', #2913, #4397, #3877, .T. ) ;
#618 = VECTOR ( 'NONE', #6697, 1000.000000000000000 ) ;
#619 = LINE ( 'NONE', #3437, #952 ) ;
#620 = ORIENTED_EDGE ( 'NONE', *, *, #942, .F. ) ;
#621 = ORIENTED_EDGE ( 'NONE', *, *, #3850, .T. ) ;
#622 = ORIENTED_EDGE ( 'NONE', *, *, #7089, .T. ) ;
#623 = VECTOR ( 'NONE', #317, 1000.000000000000000 ) ;
#624 = LINE ( 'NONE', #2303, #3625 ) ;
#625 = CARTESIAN_POINT ( 'NONE',  ( -14.51500000000000057, 5.375000000000000000, -2.500000000000000444 ) ) ;
#626 = PLANE ( 'NONE',  #5925 ) ;
#627 = VECTOR ( 'NONE', #5950, 1000.000000000000000 ) ;
#628 = LINE ( 'NONE', #6685, #3387 ) ;
#629 = ORIENTED_EDGE ( 'NONE', *, *, #2604, .T. ) ;
#630 = CARTESIAN_POINT ( 'NONE',  ( -3.750000000000000000, 6.500000000000003553, -0.7499999999999995559 ) ) ;
#631 = EDGE_CURVE ( 'NONE', #7059, #6519, #1218, .T. ) ;
#632 = CARTESIAN_POINT ( 'NONE',  ( 10.25000000000000000, 0.000000000000000000, 0.7499999999999997780 ) ) ;
#633 = LINE ( 'NONE', #2277, #1047 ) ;
#634 = VECTOR ( 'NONE', #3052, 1000.000000000000000 ) ;
#635 = DIRECTION ( 'NONE',  ( 0.000000000000000000, 0.000000000000000000, 1.000000000000000000 ) ) ;
#636 = CARTESIAN_POINT ( 'NONE',  ( 14.25000000000000000, 1.624999999999999778, 1.250000000000000222 ) ) ;
#637 = VECTOR ( 'NONE', #775, 1000.000000000000000 ) ;
#638 = DIRECTION ( 'NONE',  ( -0.000000000000000000, 1.000000000000000000, -0.000000000000000000 ) ) ;
#639 = EDGE_CURVE ( 'NONE', #4510, #990, #5654, .T. ) ;
#640 = VERTEX_POINT ( 'NONE', #3064 ) ;
#641 = LINE ( 'NONE', #1240, #3715 ) ;
#642 = ORIENTED_EDGE ( 'NONE', *, *, #3618, .F. ) ;
#643 = MECHANICAL_DESIGN_GEOMETRIC_PRESENTATION_REPRESENTATION (  '', ( #757 ), #870 ) ;
#644 = CARTESIAN_POINT ( 'NONE',  ( -12.25000000000000000, 6.500000000000003553, 1.250000000000000666 ) ) ;
#645 = FACE_BOUND ( 'NONE', #5367, .T. ) ;
#646 = ORIENTED_EDGE ( 'NONE', *, *, #3618, .T. ) ;
#647 = DIRECTION ( 'NONE',  ( 0.000000000000000000, 0.000000000000000000, -1.000000000000000000 ) ) ;
#648 = CARTESIAN_POINT ( 'NONE',  ( -0.2500000000000002220, 0.000000000000000000, -0.7499999999999995559 ) ) ;
#649 = ITEM_DEFINED_TRANSFORMATION ( 'NONE', 'NONE', #415,  #5273 ) ;
#650 = CARTESIAN_POINT ( 'NONE',  ( 5.750000000000000000, 0.000000000000000000, -1.250000000000000222 ) ) ;
#651 = APPLICATION_CONTEXT ( 'automotive_design' ) ;
#652 = ORIENTED_EDGE ( 'NONE', *, *, #276, .T. ) ;
#653 = ORIENTED_EDGE ( 'NONE', *, *, #5445, .T. ) ;
#654 = ORIENTED_EDGE ( 'NONE', *, *, #4659, .F. ) ;
#655 = CARTESIAN_POINT ( 'NONE',  ( -15.95000000000000284, 4.250000000000000000, -0.8500000000000005329 ) ) ;
#656 = DIRECTION ( 'NONE',  ( 1.000000000000000000, 1.195124682037070119E-16, 0.000000000000000000 ) ) ;
#657 = LINE ( 'NONE', #3371, #1380 ) ;
#658 = PRODUCT_DEFINITION_SHAPE ( 'NONE', 'NONE',  #7192 ) ;
#659 = DIRECTION ( 'NONE',  ( 1.000000000000000000, 0.000000000000000000, 0.000000000000000000 ) ) ;
#660 = EDGE_LOOP ( 'NONE', ( #3722, #3242, #781, #4496 ) ) ;
#661 = DIRECTION ( 'NONE',  ( -1.000000000000000000, 0.000000000000000000, -0.000000000000000000 ) ) ;
#662 = FACE_OUTER_BOUND ( 'NONE', #6451, .T. ) ;
#663 = DIRECTION ( 'NONE',  ( -0.000000000000000000, -0.000000000000000000, -1.000000000000000000 ) ) ;
#664 = DIRECTION ( 'NONE',  ( 1.000000000000000000, -0.000000000000000000, -0.000000000000000000 ) ) ;
#665 = DIRECTION ( 'NONE',  ( 0.000000000000000000, -1.000000000000000000, -0.000000000000000000 ) ) ;
#666 = EDGE_CURVE ( 'NONE', #5746, #6585, #5287, .T. ) ;
#667 = ORIENTED_EDGE ( 'NONE', *, *, #2461, .T. ) ;
#668 = DIRECTION ( 'NONE',  ( 0.000000000000000000, 1.000000000000000000, 0.000000000000000000 ) ) ;
#669 = VERTEX_POINT ( 'NONE', #5842 ) ;
#670 = DIRECTION ( 'NONE',  ( 0.000000000000000000, -1.000000000000000000, 0.000000000000000000 ) ) ;
#671 = ORIENTED_EDGE ( 'NONE', *, *, #5374, .F. ) ;
#672 = CARTESIAN_POINT ( 'NONE',  ( -8.249999999999996447, 6.500000000000003553, 1.250000000000000444 ) ) ;
#673 = EDGE_CURVE ( 'NONE', #640, #1275, #5768, .T. ) ;
#674 = LINE ( 'NONE', #6387, #4771 ) ;
#675 = EDGE_LOOP ( 'NONE', ( #686, #6731, #3628, #2114 ) ) ;
#676 = FACE_OUTER_BOUND ( 'NONE', #1691, .T. ) ;
#677 = CARTESIAN_POINT ( 'NONE',  ( -13.75000000000000000, 5.100252258054545074, -0.7500000000000001110 ) ) ;
#678 = ORIENTED_EDGE ( 'NONE', *, *, #5887, .F. ) ;
#679 = CARTESIAN_POINT ( 'NONE',  ( -13.75000000000000000, -3.000000000000000000, -1.250000000000000444 ) ) ;
#680 = ITEM_DEFINED_TRANSFORMATION ( 'NONE', 'NONE', #4112,  #5273 ) ;
#681 = ADVANCED_FACE ( 'NONE', ( #324 ), #5151, .F. ) ;
#682 = ADVANCED_FACE ( 'NONE', ( #3030 ), #261, .F. ) ;
#683 = LINE ( 'NONE', #5110, #834 ) ;
#684 = ORIENTED_EDGE ( 'NONE', *, *, #5362, .T. ) ;
#685 = DIRECTION ( 'NONE',  ( -0.000000000000000000, 0.000000000000000000, 1.000000000000000000 ) ) ;
#686 = ORIENTED_EDGE ( 'NONE', *, *, #1115, .T. ) ;
#687 = CARTESIAN_POINT ( 'NONE',  ( -0.2500000000000002220, 6.500000000000003553, 1.250000000000000444 ) ) ;
#688 = DIRECTION ( 'NONE',  ( 0.000000000000000000, -0.000000000000000000, 1.000000000000000000 ) ) ;
#689 = DIRECTION ( 'NONE',  ( 1.000000000000000000, 0.000000000000000000, 0.000000000000000000 ) ) ;
#690 = CARTESIAN_POINT ( 'NONE',  ( -7.749999999999996447, 1.624999999999999778, -0.7499999999999994449 ) ) ;
#691 = CARTESIAN_POINT ( 'NONE',  ( -14.25000000000000178, 1.624999999999999778, 1.250000000000000666 ) ) ;
#692 = VECTOR ( 'NONE', #3092, 1000.000000000000000 ) ;
#693 = ORIENTED_EDGE ( 'NONE', *, *, #3537, .T. ) ;
#694 = CARTESIAN_POINT ( 'NONE',  ( -7.749999999999996447, 6.500000000000003553, 0.7500000000000001110 ) ) ;
#695 = CARTESIAN_POINT ( 'NONE',  ( -8.534999999999998366, 1.624999999999999778, -0.7499999999999994449 ) ) ;
#696 = CARTESIAN_POINT ( 'NONE',  ( 12.46499999999999986, 1.624999999999999778, 2.224999999999999645 ) ) ;
#697 = DIRECTION ( 'NONE',  ( 0.000000000000000000, -1.000000000000000000, 0.000000000000000000 ) ) ;
#698 = LINE ( 'NONE', #2974, #348 ) ;
#699 = VECTOR ( 'NONE', #1708, 1000.000000000000000 ) ;
#700 = AXIS2_PLACEMENT_3D ( 'NONE', #6553, #896, #1555 ) ;
#701 = ADVANCED_FACE ( 'NONE', ( #4733 ), #4089, .T. ) ;
#702 = ORIENTED_EDGE ( 'NONE', *, *, #459, .F. ) ;
#703 = VECTOR ( 'NONE', #6895, 1000.000000000000000 ) ;
#704 = CARTESIAN_POINT ( 'NONE',  ( 14.50000000000000000, 2.299999999999999822, 2.224999999999999645 ) ) ;
#705 = VECTOR ( 'NONE', #6964, 1000.000000000000000 ) ;
#706 = LINE ( 'NONE', #2186, #2078 ) ;
#707 = EDGE_LOOP ( 'NONE', ( #3111, #7168, #646, #2869 ) ) ;
#708 = FACE_OUTER_BOUND ( 'NONE', #5511, .T. ) ;
#709 = CARTESIAN_POINT ( 'NONE',  ( 3.750000000000000000, 6.500000000000003553, 0.7499999999999998890 ) ) ;
#710 = ORIENTED_EDGE ( 'NONE', *, *, #4178, .F. ) ;
#711 = CARTESIAN_POINT ( 'NONE',  ( -9.749999999999998224, 1.624999999999999778, 0.7500000000000001110 ) ) ;
#712 = VECTOR ( 'NONE', #670, 1000.000000000000000 ) ;
#713 = AXIS2_PLACEMENT_3D ( 'NONE', #5673, #2904, #5059 ) ;
#714 = CARTESIAN_POINT ( 'NONE',  ( -12.24000000000001087, 5.375000000000000000, 2.224999999999999645 ) ) ;
#715 = PLANE ( 'NONE',  #5015 ) ;
#716 = ORIENTED_EDGE ( 'NONE', *, *, #6327, .F. ) ;
#717 = CARTESIAN_POINT ( 'NONE',  ( -12.46499999999999986, 1.624999999999999778, 2.500000000000000000 ) ) ;
#718 = VECTOR ( 'NONE', #5858, 1000.000000000000000 ) ;
#719 = EDGE_CURVE ( 'NONE', #4129, #2374, #4195, .T. ) ;
#720 = PRODUCT_DEFINITION_SHAPE ( 'NONE', 'NONE',  #7200 ) ;
#721 = LINE ( 'NONE', #2922, #6278 ) ;
#722 = CONTEXT_DEPENDENT_SHAPE_REPRESENTATION ( #6852, #1062 ) ;
#723 = VERTEX_POINT ( 'NONE', #5693 ) ;
#724 = VECTOR ( 'NONE', #1910, 1000.000000000000000 ) ;
#725 = CARTESIAN_POINT ( 'NONE',  ( -14.76499999999999879, 6.250000000000005329, 2.224999999999999645 ) ) ;
#726 = ORIENTED_EDGE ( 'NONE', *, *, #380, .F. ) ;
#727 = DIRECTION ( 'NONE',  ( -1.000000000000000000, 0.000000000000000000, -0.000000000000000000 ) ) ;
#728 = DIRECTION ( 'NONE',  ( 1.000000000000000000, 0.000000000000000000, -6.938893903907229364E-16 ) ) ;
#729 = CARTESIAN_POINT ( 'NONE',  ( -14.25000000000000000, -2.725252258054539745, -1.250000000000000444 ) ) ;
#730 = AXIS2_PLACEMENT_3D ( 'NONE', #2951, #5519, #6743 ) ;
#731 = CARTESIAN_POINT ( 'NONE',  ( 10.00000000000000000, -5.204170427930420051E-17, 2.000000000000000000 ) ) ;
#732 = CARTESIAN_POINT ( 'NONE',  ( -15.45000000000000107, -29.59378440939045163, 2.225000000000000089 ) ) ;
#733 = AXIS2_PLACEMENT_3D ( 'NONE', #2504, #1385, #1425 ) ;
#734 = ORIENTED_EDGE ( 'NONE', *, *, #3552, .F. ) ;
#735 = DIRECTION ( 'NONE',  ( 0.7071067811865502373, 0.7071067811865447972, -0.000000000000000000 ) ) ;
#736 = CARTESIAN_POINT ( 'NONE',  ( 12.46499999999999986, 1.624999999999999778, 2.500000000000000000 ) ) ;
#737 = PLANE ( 'NONE',  #5613 ) ;
#738 = LINE ( 'NONE', #2420, #2938 ) ;
#739 = CARTESIAN_POINT ( 'NONE',  ( 14.50000000000000000, 2.299999999999999822, -4.870572098594920796 ) ) ;
#740 = VECTOR ( 'NONE', #2989, 1000.000000000000000 ) ;
#741 = EDGE_CURVE ( 'NONE', #283, #6710, #2959, .T. ) ;
#742 = VECTOR ( 'NONE', #3232, 1000.000000000000000 ) ;
#743 = ORIENTED_EDGE ( 'NONE', *, *, #4601, .F. ) ;
#744 = CARTESIAN_POINT ( 'NONE',  ( -14.25000000000000000, -2.725252258054539745, -1.250000000000000444 ) ) ;
#745 = EDGE_CURVE ( 'NONE', #1399, #1443, #721, .T. ) ;
#746 = ORIENTED_EDGE ( 'NONE', *, *, #1803, .T. ) ;
#747 = CARTESIAN_POINT ( 'NONE',  ( 15.95000000000000284, 6.500000000000000000, 2.500000000000000444 ) ) ;
#748 = DIRECTION ( 'NONE',  ( -1.000000000000000000, 1.247166386316374332E-16, -6.938893903907228378E-18 ) ) ;
#749 = EDGE_CURVE ( 'NONE', #5569, #5745, #4599, .T. ) ;
#750 = DIRECTION ( 'NONE',  ( 0.000000000000000000, -1.000000000000000000, -0.000000000000000000 ) ) ;
#751 = ADVANCED_FACE ( 'NONE', ( #6276 ), #4705, .T. ) ;
#752 = VECTOR ( 'NONE', #2090, 1000.000000000000000 ) ;
#753 = DIRECTION ( 'NONE',  ( -1.000000000000000000, 0.000000000000000000, 0.000000000000000000 ) ) ;
#754 = CARTESIAN_POINT ( 'NONE',  ( -4.250000000000000000, 0.000000000000000000, 1.250000000000000444 ) ) ;
#755 = EDGE_LOOP ( 'NONE', ( #3112, #5619, #3302, #845 ) ) ;
#756 = DIRECTION ( 'NONE',  ( -1.000000000000000000, 0.000000000000000000, 0.000000000000000000 ) ) ;
#757 = STYLED_ITEM ( 'NONE', ( #3188 ), #3479 ) ;
#758 = LINE ( 'NONE', #221, #3980 ) ;
#759 = DIRECTION ( 'NONE',  ( -0.000000000000000000, -0.000000000000000000, 1.000000000000000000 ) ) ;
#760 = EDGE_CURVE ( 'NONE', #3348, #5746, #5732, .T. ) ;
#761 = DIRECTION ( 'NONE',  ( 0.000000000000000000, -1.000000000000000000, 0.000000000000000000 ) ) ;
#762 = ORIENTED_EDGE ( 'NONE', *, *, #4024, .T. ) ;
#763 = CARTESIAN_POINT ( 'NONE',  ( 2.250000000000000444, 6.500000000000003553, -0.7499999999999996669 ) ) ;
#764 = DIRECTION ( 'NONE',  ( 0.000000000000000000, -1.000000000000000000, 0.000000000000000000 ) ) ;
#765 =( LENGTH_UNIT ( ) NAMED_UNIT ( * ) SI_UNIT ( .MILLI., .METRE. ) );
#766 = CARTESIAN_POINT ( 'NONE',  ( 4.000000000000000000, -2.081668171172167897E-17, 2.000000000000000000 ) ) ;
#767 = LINE ( 'NONE', #4647, #2656 ) ;
#768 = EDGE_CURVE ( 'NONE', #3306, #2822, #3573, .T. ) ;
#769 = EDGE_CURVE ( 'NONE', #2597, #4435, #4770, .T. ) ;
#770 = LINE ( 'NONE', #2416, #7038 ) ;
#771 = VERTEX_POINT ( 'NONE', #3098 ) ;
#772 = CARTESIAN_POINT ( 'NONE',  ( -14.76499999999999879, 6.250000000000005329, 2.224999999999999645 ) ) ;
#773 = DIRECTION ( 'NONE',  ( 0.000000000000000000, -1.000000000000000000, 0.000000000000000000 ) ) ;
#774 = DIRECTION ( 'NONE',  ( 9.842402700577613281E-16, 1.000000000000000000, -0.000000000000000000 ) ) ;
#775 = DIRECTION ( 'NONE',  ( 0.000000000000000000, 0.000000000000000000, -1.000000000000000000 ) ) ;
#776 = LINE ( 'NONE', #739, #3117 ) ;
#777 = ORIENTED_EDGE ( 'NONE', *, *, #6348, .T. ) ;
#778 = EDGE_CURVE ( 'NONE', #1690, #6710, #2700, .T. ) ;
#779 = VERTEX_POINT ( 'NONE', #4928 ) ;
#780 = DIRECTION ( 'NONE',  ( 0.000000000000000000, 0.000000000000000000, -1.000000000000000000 ) ) ;
#781 = ORIENTED_EDGE ( 'NONE', *, *, #3780, .F. ) ;
#782 = FACE_OUTER_BOUND ( 'NONE', #3815, .T. ) ;
#783 = ORIENTED_EDGE ( 'NONE', *, *, #2503, .T. ) ;
#784 = DIRECTION ( 'NONE',  ( 0.000000000000000000, -1.000000000000000000, 0.000000000000000000 ) ) ;
#785 = FACE_OUTER_BOUND ( 'NONE', #6564, .T. ) ;
#786 = EDGE_LOOP ( 'NONE', ( #1261, #5355, #17, #1208 ) ) ;
#787 = CARTESIAN_POINT ( 'NONE',  ( 14.76499999999999879, 6.250000000000007105, 2.224999999999999645 ) ) ;
#788 = VERTEX_POINT ( 'NONE', #5361 ) ;
#789 = FACE_OUTER_BOUND ( 'NONE', #4854, .T. ) ;
#790 = CARTESIAN_POINT ( 'NONE',  ( 14.51500000000000057, 5.375000000000002665, -2.500000000000000444 ) ) ;
#791 = CONTEXT_DEPENDENT_SHAPE_REPRESENTATION ( #524, #6941 ) ;
#792 = CARTESIAN_POINT ( 'NONE',  ( -13.68999999999999773, 5.375000000000000000, 2.224999999999999645 ) ) ;
#793 = ORIENTED_EDGE ( 'NONE', *, *, #6869, .T. ) ;
#794 = EDGE_CURVE ( 'NONE', #4513, #1670, #2043, .T. ) ;
#795 = DIRECTION ( 'NONE',  ( 0.000000000000000000, 0.000000000000000000, 1.000000000000000000 ) ) ;
#796 = CARTESIAN_POINT ( 'NONE',  ( -11.75000000000000000, 0.000000000000000000, -0.7499999999999994449 ) ) ;
#797 = CARTESIAN_POINT ( 'NONE',  ( -14.15000000000000213, 5.375000000000002665, -0.8499999999999978684 ) ) ;
#798 = VERTEX_POINT ( 'NONE', #2007 ) ;
#799 = DIRECTION ( 'NONE',  ( -0.000000000000000000, 0.000000000000000000, 1.000000000000000000 ) ) ;
#800 = CARTESIAN_POINT ( 'NONE',  ( -1.749999999999999778, 6.500000000000003553, 0.7500000000000000000 ) ) ;
#801 = CARTESIAN_POINT ( 'NONE',  ( 14.76499999999999879, 5.624999999999997335, -2.225000000000000533 ) ) ;
#802 = DIRECTION ( 'NONE',  ( 1.000000000000000000, 0.000000000000000000, -0.000000000000000000 ) ) ;
#803 = PLANE ( 'NONE',  #7033 ) ;
#804 = ADVANCED_FACE ( 'NONE', ( #1548 ), #4232, .T. ) ;
#805 = CARTESIAN_POINT ( 'NONE',  ( -15.94999999999999929, 0.000000000000000000, 2.500000000000000000 ) ) ;
#806 = ORIENTED_EDGE ( 'NONE', *, *, #4219, .F. ) ;
#807 = VECTOR ( 'NONE', #1919, 1000.000000000000000 ) ;
#808 = CARTESIAN_POINT ( 'NONE',  ( -13.46499999999999986, 5.150000000000004796, 2.224999999999999645 ) ) ;
#809 = CARTESIAN_POINT ( 'NONE',  ( -3.750000000000000000, 1.624999999999999778, -4.870572098594920796 ) ) ;
#810 = ORIENTED_EDGE ( 'NONE', *, *, #5528, .F. ) ;
#811 = CARTESIAN_POINT ( 'NONE',  ( -8.534999999999998366, 1.624999999999999778, -1.250000000000000000 ) ) ;
#812 = VECTOR ( 'NONE', #3630, 1000.000000000000000 ) ;
#813 = LINE ( 'NONE', #5726, #6307 ) ;
#814 = AXIS2_PLACEMENT_3D ( 'NONE', #763, #2301, #6934 ) ;
#815 = ORIENTED_EDGE ( 'NONE', *, *, #4936, .F. ) ;
#816 = FACE_OUTER_BOUND ( 'NONE', #4912, .T. ) ;
#817 = EDGE_LOOP ( 'NONE', ( #4788, #6815, #5874, #6182 ) ) ;
#818 = CARTESIAN_POINT ( 'NONE',  ( -8.249999999999996447, 1.624999999999999778, -4.870572098594920796 ) ) ;
#819 = EDGE_CURVE ( 'NONE', #1251, #5990, #7146, .T. ) ;
#820 = CARTESIAN_POINT ( 'NONE',  ( 15.45000000000000284, 6.500000000000000000, -2.225000000000000533 ) ) ;
#821 = VECTOR ( 'NONE', #3770, 1000.000000000000000 ) ;
#822 = CARTESIAN_POINT ( 'NONE',  ( -14.53500000000000369, 1.624999999999999778, -1.249999999999999778 ) ) ;
#823 = VECTOR ( 'NONE', #4047, 1000.000000000000000 ) ;
#824 = ORIENTED_EDGE ( 'NONE', *, *, #546, .T. ) ;
#825 = VECTOR ( 'NONE', #3113, 1000.000000000000000 ) ;
#826 = CARTESIAN_POINT ( 'NONE',  ( -2.250000000000000444, 6.500000000000003553, -0.7499999999999995559 ) ) ;
#827 = ORIENTED_EDGE ( 'NONE', *, *, #1465, .T. ) ;
#828 = CARTESIAN_POINT ( 'NONE',  ( -11.75000000000000000, 6.500000000000003553, -0.7499999999999994449 ) ) ;
#829 = ORIENTED_EDGE ( 'NONE', *, *, #639, .T. ) ;
#830 = EDGE_CURVE ( 'NONE', #4864, #6603, #5875, .T. ) ;
#831 = ADVANCED_FACE ( 'NONE', ( #6546 ), #3795, .T. ) ;
#832 = CARTESIAN_POINT ( 'NONE',  ( 8.000000000000000000, -4.163336342344335794E-17, 5.551115123125782702E-17 ) ) ;
#833 = FACE_OUTER_BOUND ( 'NONE', #4530, .T. ) ;
#834 = VECTOR ( 'NONE', #2960, 1000.000000000000000 ) ;
#835 = EDGE_CURVE ( 'NONE', #3393, #6699, #6623, .T. ) ;
#836 = EDGE_LOOP ( 'NONE', ( #2629, #4892, #3272, #1824 ) ) ;
#837 = VECTOR ( 'NONE', #3003, 1000.000000000000000 ) ;
#838 = DIRECTION ( 'NONE',  ( 1.195124682037070119E-16, -1.000000000000000000, 0.000000000000000000 ) ) ;
#839 = DIRECTION ( 'NONE',  ( 0.7071067811865561215, -0.7071067811865389130, 0.000000000000000000 ) ) ;
#840 = DIRECTION ( 'NONE',  ( 9.842402700577634975E-16, 1.000000000000000000, -0.000000000000000000 ) ) ;
#841 = DIRECTION ( 'NONE',  ( 1.000000000000000000, 0.000000000000000000, -0.000000000000000000 ) ) ;
#842 = CARTESIAN_POINT ( 'NONE',  ( -13.75000000000000000, -2.725252258054539745, -0.7500000000000001110 ) ) ;
#843 = ORIENTED_EDGE ( 'NONE', *, *, #1376, .F. ) ;
#844 = EDGE_CURVE ( 'NONE', #2667, #4353, #2152, .T. ) ;
#845 = ORIENTED_EDGE ( 'NONE', *, *, #6123, .F. ) ;
#846 = CARTESIAN_POINT ( 'NONE',  ( -13.75000000000000000, -2.725252258054539745, -1.250000000000000444 ) ) ;
#847 = CARTESIAN_POINT ( 'NONE',  ( 1.749999999999999778, 1.624999999999999778, 0.7499999999999998890 ) ) ;
#848 = VECTOR ( 'NONE', #501, 1000.000000000000000 ) ;
#849 = LINE ( 'NONE', #3599, #6405 ) ;
#850 = VERTEX_POINT ( 'NONE', #967 ) ;
#851 = DIRECTION ( 'NONE',  ( 0.000000000000000000, -1.000000000000000000, 0.000000000000000000 ) ) ;
#852 = EDGE_CURVE ( 'NONE', #3058, #4828, #3171, .T. ) ;
#853 = VECTOR ( 'NONE', #2849, 1000.000000000000000 ) ;
#854 = EDGE_CURVE ( 'NONE', #5045, #5017, #5402, .T. ) ;
#855 = ORIENTED_EDGE ( 'NONE', *, *, #3443, .F. ) ;
#856 = ORIENTED_EDGE ( 'NONE', *, *, #1311, .F. ) ;
#857 = CARTESIAN_POINT ( 'NONE',  ( -6.250000000000001776, 0.000000000000000000, 0.7500000000000000000 ) ) ;
#858 = LINE ( 'NONE', #322, #6919 ) ;
#859 = ORIENTED_EDGE ( 'NONE', *, *, #3700, .T. ) ;
#860 = AXIS2_PLACEMENT_3D ( 'NONE', #2377, #2336, #5149 ) ;
#861 = DIRECTION ( 'NONE',  ( -1.000000000000000000, -1.252287328451660467E-15, 0.000000000000000000 ) ) ;
#862 = VERTEX_POINT ( 'NONE', #5320 ) ;
#863 = VECTOR ( 'NONE', #2490, 1000.000000000000000 ) ;
#864 = DIRECTION ( 'NONE',  ( -1.000000000000000000, 0.000000000000000000, -0.000000000000000000 ) ) ;
#865 = VERTEX_POINT ( 'NONE', #5399 ) ;
#866 = DIRECTION ( 'NONE',  ( 1.000000000000000000, 0.000000000000000000, -0.000000000000000000 ) ) ;
#867 = CARTESIAN_POINT ( 'NONE',  ( 5.750000000000000000, 0.000000000000000000, -0.7499999999999996669 ) ) ;
#868 = APPLICATION_PROTOCOL_DEFINITION ( 'draft international standard', 'automotive_design', 1998, #6753 ) ;
#869 = DIRECTION ( 'NONE',  ( 0.000000000000000000, 0.000000000000000000, -1.000000000000000000 ) ) ;
#870 =( GEOMETRIC_REPRESENTATION_CONTEXT ( 3 ) GLOBAL_UNCERTAINTY_ASSIGNED_CONTEXT ( ( #6831 ) ) GLOBAL_UNIT_ASSIGNED_CONTEXT ( ( #7022, #2060, #3667 ) ) REPRESENTATION_CONTEXT ( 'NONE', 'WORKASPACE' ) );
#871 = CARTESIAN_POINT ( 'NONE',  ( -3.750000000000000000, 0.000000000000000000, -0.7499999999999995559 ) ) ;
#872 = PRODUCT_DEFINITION_SHAPE ( 'NONE', 'NONE',  #7183 ) ;
#873 = ORIENTED_EDGE ( 'NONE', *, *, #7097, .F. ) ;
#874 = ORIENTED_EDGE ( 'NONE', *, *, #2807, .F. ) ;
#875 = EDGE_LOOP ( 'NONE', ( #271, #4853, #7043, #7090, #172, #5039, #5948, #96, #537, #539, #5041, #6100, #3321, #6711 ) ) ;
#876 = VERTEX_POINT ( 'NONE', #430 ) ;
#877 = LINE ( 'NONE', #1987, #608 ) ;
#878 = DIRECTION ( 'NONE',  ( 0.000000000000000000, 0.000000000000000000, -1.000000000000000000 ) ) ;
#879 = CARTESIAN_POINT ( 'NONE',  ( -15.01499999999999879, 6.500000000000000000, -2.500000000000000444 ) ) ;
#880 = ADVANCED_FACE ( 'NONE', ( #5911 ), #2075, .F. ) ;
#881 = ORIENTED_EDGE ( 'NONE', *, *, #2735, .T. ) ;
#882 = CARTESIAN_POINT ( 'NONE',  ( -7.749999999999996447, 0.000000000000000000, -0.7499999999999994449 ) ) ;
#883 = CARTESIAN_POINT ( 'NONE',  ( 11.75000000000000000, 6.500000000000003553, -0.7499999999999997780 ) ) ;
#884 = CARTESIAN_POINT ( 'NONE',  ( -12.24000000000001087, 4.774999999999999467, -8.724999999999999645 ) ) ;
#885 = ORIENTED_EDGE ( 'NONE', *, *, #6176, .F. ) ;
#886 = CARTESIAN_POINT ( 'NONE',  ( -15.01499999999999879, 6.500000000000000000, 2.224999999999999645 ) ) ;
#887 = ORIENTED_EDGE ( 'NONE', *, *, #3709, .F. ) ;
#888 = LINE ( 'NONE', #2543, #1525 ) ;
#889 = ORIENTED_EDGE ( 'NONE', *, *, #6939, .T. ) ;
#890 = LINE ( 'NONE', #4124, #7159 ) ;
#891 = ORIENTED_EDGE ( 'NONE', *, *, #4600, .F. ) ;
#892 = FACE_OUTER_BOUND ( 'NONE', #6142, .T. ) ;
#893 = CARTESIAN_POINT ( 'NONE',  ( 7.750000000000000000, 6.500000000000003553, 0.7499999999999998890 ) ) ;
#894 = EDGE_LOOP ( 'NONE', ( #4317, #642, #5644, #3265 ) ) ;
#895 = ORIENTED_EDGE ( 'NONE', *, *, #3177, .F. ) ;
#896 = DIRECTION ( 'NONE',  ( 0.9396926207859093161, 0.3420201433256664925, 7.486319444837027705E-20 ) ) ;
#897 = LINE ( 'NONE', #4642, #6310 ) ;
#898 = SURFACE_SIDE_STYLE ('',( #4057 ) ) ;
#899 = PRODUCT_CONTEXT ( 'NONE', #3897, 'mechanical' ) ;
#900 = EDGE_CURVE ( 'NONE', #6184, #5552, #353, .T. ) ;
#901 = DIRECTION ( 'NONE',  ( 0.000000000000000000, -2.188853373384112515E-19, 1.000000000000000000 ) ) ;
#902 = DIRECTION ( 'NONE',  ( 0.000000000000000000, -1.000000000000000000, 0.000000000000000000 ) ) ;
#903 = ORIENTED_EDGE ( 'NONE', *, *, #2402, .T. ) ;
#904 = ORIENTED_EDGE ( 'NONE', *, *, #1260, .F. ) ;
#905 = ORIENTED_EDGE ( 'NONE', *, *, #2351, .F. ) ;
#906 = CARTESIAN_POINT ( 'NONE',  ( 1.749999999999999778, 1.624999999999999778, -1.250000000000000000 ) ) ;
#907 = CARTESIAN_POINT ( 'NONE',  ( -5.750000000000001776, 1.624999999999999778, -4.870572098594920796 ) ) ;
#908 = LINE ( 'NONE', #6456, #1088 ) ;
#909 = EDGE_CURVE ( 'NONE', #5971, #6241, #3204, .T. ) ;
#910 = DIRECTION ( 'NONE',  ( -1.000000000000000000, 0.000000000000000000, 0.000000000000000000 ) ) ;
#911 = EDGE_LOOP ( 'NONE', ( #1162, #3201, #2765, #1294 ) ) ;
#912 = EDGE_CURVE ( 'NONE', #2300, #6677, #2661, .T. ) ;
#913 = EDGE_CURVE ( 'NONE', #2310, #1290, #1584, .T. ) ;
#914 = LINE ( 'NONE', #1196, #5248 ) ;
#915 = VERTEX_POINT ( 'NONE', #2330 ) ;
#916 = LINE ( 'NONE', #5788, #4295 ) ;
#917 = CARTESIAN_POINT ( 'NONE',  ( -9.749999999999998224, 0.000000000000000000, 0.7500000000000001110 ) ) ;
#918 = EDGE_CURVE ( 'NONE', #945, #1024, #6735, .T. ) ;
#919 = ORIENTED_EDGE ( 'NONE', *, *, #2876, .F. ) ;
#920 = AXIS2_PLACEMENT_3D ( 'NONE', #5724, #750, #4627 ) ;
#921 = EDGE_LOOP ( 'NONE', ( #581, #6930, #5916, #2997 ) ) ;
#922 = CARTESIAN_POINT ( 'NONE',  ( -14.25000000000000000, -2.725252258054539745, -0.7500000000000001110 ) ) ;
#923 = VERTEX_POINT ( 'NONE', #4486 ) ;
#924 = DIRECTION ( 'NONE',  ( 1.000000000000000000, -1.284980352575412699E-15, 0.000000000000000000 ) ) ;
#925 = VECTOR ( 'NONE', #6687, 1000.000000000000000 ) ;
#926 = VECTOR ( 'NONE', #313, 1000.000000000000000 ) ;
#927 = ORIENTED_EDGE ( 'NONE', *, *, #6, .T. ) ;
#928 = DIRECTION ( 'NONE',  ( 0.000000000000000000, 0.000000000000000000, 1.000000000000000000 ) ) ;
#929 = ORIENTED_EDGE ( 'NONE', *, *, #4844, .T. ) ;
#930 = EDGE_CURVE ( 'NONE', #6007, #4044, #538, .T. ) ;
#931 = ORIENTED_EDGE ( 'NONE', *, *, #6694, .T. ) ;
#932 = DIRECTION ( 'NONE',  ( 1.000000000000000000, 0.000000000000000000, -0.000000000000000000 ) ) ;
#933 =( GEOMETRIC_REPRESENTATION_CONTEXT ( 3 ) GLOBAL_UNCERTAINTY_ASSIGNED_CONTEXT ( ( #2730 ) ) GLOBAL_UNIT_ASSIGNED_CONTEXT ( ( #765, #1938, #5811 ) ) REPRESENTATION_CONTEXT ( 'NONE', 'WORKASPACE' ) );
#934 = CARTESIAN_POINT ( 'NONE',  ( 3.750000000000000000, 6.500000000000003553, -1.250000000000000000 ) ) ;
#935 = EDGE_CURVE ( 'NONE', #3734, #3534, #2766, .T. ) ;
#936 = AXIS2_PLACEMENT_3D ( 'NONE', #5433, #924, #4370 ) ;
#937 = DIRECTION ( 'NONE',  ( 0.000000000000000000, 0.000000000000000000, -1.000000000000000000 ) ) ;
#938 = DIRECTION ( 'NONE',  ( -1.000000000000000000, 0.000000000000000000, 0.000000000000000000 ) ) ;
#939 = LINE ( 'NONE', #2601, #73 ) ;
#940 = VECTOR ( 'NONE', #3123, 1000.000000000000000 ) ;
#941 = DIRECTION ( 'NONE',  ( 1.000000000000000000, 0.000000000000000000, 0.000000000000000000 ) ) ;
#942 = EDGE_CURVE ( 'NONE', #2809, #5837, #1725, .T. ) ;
#943 = EDGE_LOOP ( 'NONE', ( #6911, #149, #629, #2166 ) ) ;
#944 = ORIENTED_EDGE ( 'NONE', *, *, #2191, .F. ) ;
#945 = VERTEX_POINT ( 'NONE', #3390 ) ;
#946 = LINE ( 'NONE', #5265, #2905 ) ;
#947 = VERTEX_POINT ( 'NONE', #2734 ) ;
#948 = VECTOR ( 'NONE', #756, 1000.000000000000000 ) ;
#949 = DIRECTION ( 'NONE',  ( 0.000000000000000000, 0.000000000000000000, -1.000000000000000000 ) ) ;
#950 = LINE ( 'NONE', #3158, #5216 ) ;
#951 = EDGE_LOOP ( 'NONE', ( #7078, #6611, #1500, #4362 ) ) ;
#952 = VECTOR ( 'NONE', #2230, 1000.000000000000000 ) ;
#953 = ADVANCED_FACE ( 'NONE', ( #140 ), #5612, .T. ) ;
#954 = VERTEX_POINT ( 'NONE', #1654 ) ;
#955 = CARTESIAN_POINT ( 'NONE',  ( -11.75000000000000000, 0.000000000000000000, 0.7500000000000001110 ) ) ;
#956 = PLANE ( 'NONE',  #6281 ) ;
#957 = VECTOR ( 'NONE', #1678, 1000.000000000000000 ) ;
#958 = CARTESIAN_POINT ( 'NONE',  ( -13.68999999999999773, 5.375000000000000000, -4.870572098594920796 ) ) ;
#959 = ORIENTED_EDGE ( 'NONE', *, *, #1959, .F. ) ;
#960 = ADVANCED_FACE ( 'NONE', ( #6704 ), #6138, .T. ) ;
#961 = VECTOR ( 'NONE', #4352, 1000.000000000000000 ) ;
#962 = EDGE_CURVE ( 'NONE', #954, #5971, #2843, .T. ) ;
#963 = ORIENTED_EDGE ( 'NONE', *, *, #3871, .F. ) ;
#964 = CARTESIAN_POINT ( 'NONE',  ( -14.51500000000000057, 5.375000000000000000, -2.500000000000000444 ) ) ;
#965 = ORIENTED_EDGE ( 'NONE', *, *, #4667, .T. ) ;
#966 = EDGE_CURVE ( 'NONE', #6345, #7, #1075, .T. ) ;
#967 = CARTESIAN_POINT ( 'NONE',  ( 11.75000000000000000, 1.624999999999999778, -1.250000000000000222 ) ) ;
#968 = AXIS2_PLACEMENT_3D ( 'NONE', #5513, #3255, #2634 ) ;
#969 = ORIENTED_EDGE ( 'NONE', *, *, #3732, .T. ) ;
#970 = CARTESIAN_POINT ( 'NONE',  ( 1.749999999999999778, 6.500000000000003553, 0.7499999999999998890 ) ) ;
#971 = ORIENTED_EDGE ( 'NONE', *, *, #491, .F. ) ;
#972 = ORIENTED_EDGE ( 'NONE', *, *, #3298, .T. ) ;
#973 = LINE ( 'NONE', #3176, #2424 ) ;
#974 = VECTOR ( 'NONE', #3740, 1000.000000000000000 ) ;
#975 = DIRECTION ( 'NONE',  ( 0.000000000000000000, 0.000000000000000000, -1.000000000000000000 ) ) ;
#976 = DIRECTION ( 'NONE',  ( 0.000000000000000000, 0.7071067811865561215, -0.7071067811865389130 ) ) ;
#977 = CARTESIAN_POINT ( 'NONE',  ( 15.45000000000000284, 1.625000000000001332, 2.225000000000000089 ) ) ;
#978 = ADVANCED_FACE ( 'NONE', ( #5647, #3431, #3288, #4555 ), #4958, .F. ) ;
#979 = VECTOR ( 'NONE', #6129, 1000.000000000000000 ) ;
#980 = CARTESIAN_POINT ( 'NONE',  ( -4.250000000000000000, 6.500000000000003553, 1.250000000000000444 ) ) ;
#981 = DIRECTION ( 'NONE',  ( 0.000000000000000000, 0.000000000000000000, 1.000000000000000000 ) ) ;
#982 = ORIENTED_EDGE ( 'NONE', *, *, #2130, .F. ) ;
#983 = ORIENTED_EDGE ( 'NONE', *, *, #2455, .T. ) ;
#984 = ORIENTED_EDGE ( 'NONE', *, *, #2811, .T. ) ;
#985 = DIRECTION ( 'NONE',  ( 0.7071067811865561215, -0.7071067811865389130, 0.000000000000000000 ) ) ;
#986 = EDGE_CURVE ( 'NONE', #3977, #4846, #106, .T. ) ;
#987 = CARTESIAN_POINT ( 'NONE',  ( -14.76499999999999879, 5.624999999999993783, 2.224999999999999645 ) ) ;
#988 = CARTESIAN_POINT ( 'NONE',  ( 5.750000000000000000, 0.000000000000000000, -0.7499999999999996669 ) ) ;
#989 = ADVANCED_FACE ( 'NONE', ( #2874 ), #2288, .T. ) ;
#990 = VERTEX_POINT ( 'NONE', #1759 ) ;
#991 = DIRECTION ( 'NONE',  ( 1.000000000000000000, 0.000000000000000000, 0.000000000000000000 ) ) ;
#992 = ORIENTED_EDGE ( 'NONE', *, *, #854, .T. ) ;
#993 = CARTESIAN_POINT ( 'NONE',  ( 13.46500000000000163, 5.375000000000002665, -2.500000000000002220 ) ) ;
#994 = CARTESIAN_POINT ( 'NONE',  ( 13.46500000000000163, 5.150000000000005684, -4.870572098594920796 ) ) ;
#995 = LINE ( 'NONE', #5461, #3699 ) ;
#996 = CARTESIAN_POINT ( 'NONE',  ( 13.68999999999999773, 5.375000000000000000, -4.870572098594920796 ) ) ;
#997 = EDGE_CURVE ( 'NONE', #499, #7, #3829, .T. ) ;
#998 = ORIENTED_EDGE ( 'NONE', *, *, #6846, .T. ) ;
#999 = PLANE ( 'NONE',  #173 ) ;
#1000 = ORIENTED_EDGE ( 'NONE', *, *, #1416, .F. ) ;
#1001 = DIRECTION ( 'NONE',  ( 0.000000000000000000, -1.000000000000000000, 0.000000000000000000 ) ) ;
#1002 = EDGE_CURVE ( 'NONE', #5649, #2064, #80, .T. ) ;
#1003 = ORIENTED_EDGE ( 'NONE', *, *, #3225, .F. ) ;
#1004 = LINE ( 'NONE', #467, #2329 ) ;
#1005 = ORIENTED_EDGE ( 'NONE', *, *, #5577, .F. ) ;
#1006 = ORIENTED_EDGE ( 'NONE', *, *, #1765, .F. ) ;
#1007 = PLANE ( 'NONE',  #5225 ) ;
#1008 = FACE_OUTER_BOUND ( 'NONE', #5910, .T. ) ;
#1009 = LINE ( 'NONE', #5370, #4179 ) ;
#1010 = LINE ( 'NONE', #1593, #5342 ) ;
#1011 = CARTESIAN_POINT ( 'NONE',  ( 14.25000000000000000, 1.624999999999999778, -4.870572098594920796 ) ) ;
#1012 = DIRECTION ( 'NONE',  ( 0.000000000000000000, -1.000000000000000000, 0.000000000000000000 ) ) ;
#1013 = ADVANCED_FACE ( 'NONE', ( #609 ), #6103, .T. ) ;
#1014 = ORIENTED_EDGE ( 'NONE', *, *, #6350, .T. ) ;
#1015 = VERTEX_POINT ( 'NONE', #1695 ) ;
#1016 = EDGE_LOOP ( 'NONE', ( #1216, #667, #3543, #3215 ) ) ;
#1017 = LINE ( 'NONE', #3218, #146 ) ;
#1018 = DIRECTION ( 'NONE',  ( 1.000000000000000000, 0.000000000000000000, 0.000000000000000000 ) ) ;
#1019 = CARTESIAN_POINT ( 'NONE',  ( -3.750000000000000000, 6.500000000000003553, -0.7499999999999995559 ) ) ;
#1020 =( REPRESENTATION_RELATIONSHIP ('NONE','NONE', #1131, #6340 ) REPRESENTATION_RELATIONSHIP_WITH_TRANSFORMATION ( #4937 )SHAPE_REPRESENTATION_RELATIONSHIP( ) );
#1021 = EDGE_CURVE ( 'NONE', #3368, #2732, #5036, .T. ) ;
#1022 = CARTESIAN_POINT ( 'NONE',  ( 13.46500000000000163, 4.775000000000003020, -8.724999999999999645 ) ) ;
#1023 = ADVANCED_FACE ( 'NONE', ( #316 ), #6266, .T. ) ;
#1024 = VERTEX_POINT ( 'NONE', #4119 ) ;
#1025 = DIRECTION ( 'NONE',  ( 0.000000000000000000, -1.000000000000000000, 0.000000000000000000 ) ) ;
#1026 = CARTESIAN_POINT ( 'NONE',  ( -14.51500000000000057, 5.375000000000000000, -2.225000000000000533 ) ) ;
#1027 = DIRECTION ( 'NONE',  ( 0.000000000000000000, -1.000000000000000000, 0.000000000000000000 ) ) ;
#1028 = EDGE_CURVE ( 'NONE', #4969, #6893, #2915, .T. ) ;
#1029 = VERTEX_POINT ( 'NONE', #4592 ) ;
#1030 = EDGE_LOOP ( 'NONE', ( #1700, #6627, #2731, #2507 ) ) ;
#1031 = FACE_BOUND ( 'NONE', #4456, .T. ) ;
#1032 = ORIENTED_EDGE ( 'NONE', *, *, #673, .F. ) ;
#1033 = CARTESIAN_POINT ( 'NONE',  ( 15.45000000000000284, 6.500000000000000000, -2.225000000000000533 ) ) ;
#1034 = AXIS2_PLACEMENT_3D ( 'NONE', #6096, #7178, #3789 ) ;
#1035 = ORIENTED_EDGE ( 'NONE', *, *, #5388, .F. ) ;
#1036 = DIRECTION ( 'NONE',  ( 0.000000000000000000, -1.000000000000000000, 0.000000000000000000 ) ) ;
#1037 = VERTEX_POINT ( 'NONE', #1352 ) ;
#1038 = VERTEX_POINT ( 'NONE', #5178 ) ;
#1039 = CARTESIAN_POINT ( 'NONE',  ( 4.250000000000000000, 0.000000000000000000, 1.250000000000000444 ) ) ;
#1040 = EDGE_CURVE ( 'NONE', #1812, #2803, #4079, .T. ) ;
#1041 = CARTESIAN_POINT ( 'NONE',  ( -5.750000000000001776, 1.624999999999999778, 0.7500000000000000000 ) ) ;
#1042 = AXIS2_PLACEMENT_3D ( 'NONE', #732, #1811, #2790 ) ;
#1043 = LINE ( 'NONE', #4003, #3012 ) ;
#1044 = CONTEXT_DEPENDENT_SHAPE_REPRESENTATION ( #6000, #872 ) ;
#1045 = VECTOR ( 'NONE', #5479, 1000.000000000000000 ) ;
#1046 = CARTESIAN_POINT ( 'NONE',  ( -0.2500000000000002220, 6.500000000000003553, 1.250000000000000444 ) ) ;
#1047 = VECTOR ( 'NONE', #3962, 1000.000000000000000 ) ;
#1048 = VECTOR ( 'NONE', #3179, 1000.000000000000000 ) ;
#1049 = VERTEX_POINT ( 'NONE', #4011 ) ;
#1050 = ORIENTED_EDGE ( 'NONE', *, *, #2576, .F. ) ;
#1051 = EDGE_CURVE ( 'NONE', #6213, #5011, #5682, .T. ) ;
#1052 = VERTEX_POINT ( 'NONE', #1797 ) ;
#1053 = FACE_OUTER_BOUND ( 'NONE', #2523, .T. ) ;
#1054 = DIRECTION ( 'NONE',  ( 1.000000000000000000, 0.000000000000000000, 0.000000000000000000 ) ) ;
#1055 = ADVANCED_FACE ( 'NONE', ( #2470 ), #6840, .F. ) ;
#1056 = CARTESIAN_POINT ( 'NONE',  ( 2.000000000000000000, -1.040834085586083948E-17, 1.387778780781445676E-17 ) ) ;
#1057 = CARTESIAN_POINT ( 'NONE',  ( -13.75000000000000000, -2.725252258054539745, -0.7500000000000001110 ) ) ;
#1058 = ORIENTED_EDGE ( 'NONE', *, *, #497, .F. ) ;
#1059 = ADVANCED_FACE ( 'NONE', ( #6955 ), #3565, .T. ) ;
#1060 = VECTOR ( 'NONE', #2723, 1000.000000000000000 ) ;
#1061 = VECTOR ( 'NONE', #2865, 1000.000000000000000 ) ;
#1062 = PRODUCT_DEFINITION_SHAPE ( 'NONE', 'NONE',  #7198 ) ;
#1063 = PLANE ( 'NONE',  #6547 ) ;
#1064 = AXIS2_PLACEMENT_3D ( 'NONE', #5417, #520, #2096 ) ;
#1065 = DIRECTION ( 'NONE',  ( 0.000000000000000000, -1.000000000000000000, 0.000000000000000000 ) ) ;
#1066 = VERTEX_POINT ( 'NONE', #711 ) ;
#1067 = CARTESIAN_POINT ( 'NONE',  ( -14.76499999999999879, 6.250000000000005329, -2.500000000000000444 ) ) ;
#1068 = CARTESIAN_POINT ( 'NONE',  ( 12.24000000000001087, 5.375000000000001776, -2.500000000000002220 ) ) ;
#1069 = UNCERTAINTY_MEASURE_WITH_UNIT (LENGTH_MEASURE( 1.000000000000000082E-05 ), #4204, 'distance_accuracy_value', 'NONE');
#1070 = AXIS2_PLACEMENT_3D ( 'NONE', #5845, #4159, #2994 ) ;
#1071 = EDGE_CURVE ( 'NONE', #2787, #5759, #1827, .T. ) ;
#1072 = ADVANCED_FACE ( 'NONE', ( #5279 ), #3497, .F. ) ;
#1073 = AXIS2_PLACEMENT_3D ( 'NONE', #7054, #370, #1563 ) ;
#1074 = VERTEX_POINT ( 'NONE', #215 ) ;
#1075 = LINE ( 'NONE', #2180, #1386 ) ;
#1076 = ADVANCED_FACE ( 'NONE', ( #3054 ), #1242, .T. ) ;
#1077 = EDGE_CURVE ( 'NONE', #1391, #798, #3600, .T. ) ;
#1078 = VECTOR ( 'NONE', #638, 1000.000000000000000 ) ;
#1079 = ORIENTED_EDGE ( 'NONE', *, *, #4226, .F. ) ;
#1080 = FACE_BOUND ( 'NONE', #396, .T. ) ;
#1081 = ORIENTED_EDGE ( 'NONE', *, *, #4843, .F. ) ;
#1082 = CARTESIAN_POINT ( 'NONE',  ( 12.46500000000000341, 5.149999999999998579, -4.870572098594920796 ) ) ;
#1083 = FACE_OUTER_BOUND ( 'NONE', #3174, .T. ) ;
#1084 = AXIS2_PLACEMENT_3D ( 'NONE', #6820, #728, #6855 ) ;
#1085 = CONTEXT_DEPENDENT_SHAPE_REPRESENTATION ( #5481, #5276 ) ;
#1086 = CARTESIAN_POINT ( 'NONE',  ( -15.12500000000000000, 2.299999999999999822, 2.224999999999999645 ) ) ;
#1087 = LINE ( 'NONE', #1117, #4203 ) ;
#1088 = VECTOR ( 'NONE', #1449, 1000.000000000000000 ) ;
#1089 = DIRECTION ( 'NONE',  ( 1.000000000000000000, 0.000000000000000000, 0.000000000000000000 ) ) ;
#1090 = ORIENTED_EDGE ( 'NONE', *, *, #2122, .T. ) ;
#1091 = ORIENTED_EDGE ( 'NONE', *, *, #5799, .F. ) ;
#1092 = ORIENTED_EDGE ( 'NONE', *, *, #4294, .T. ) ;
#1093 = DIRECTION ( 'NONE',  ( -0.000000000000000000, -0.000000000000000000, 1.000000000000000000 ) ) ;
#1094 = VERTEX_POINT ( 'NONE', #2952 ) ;
#1095 = SHAPE_REPRESENTATION ( 'BxB-PHDSS_30', ( #5273 ), #3881 ) ;
#1096 = VECTOR ( 'NONE', #6004, 1000.000000000000000 ) ;
#1097 = EDGE_CURVE ( 'NONE', #2610, #1653, #3458, .T. ) ;
#1098 = EDGE_LOOP ( 'NONE', ( #1461, #1485, #982, #2995 ) ) ;
#1099 = PLANE ( 'NONE',  #34 ) ;
#1100 = ORIENTED_EDGE ( 'NONE', *, *, #4765, .T. ) ;
#1101 = DIRECTION ( 'NONE',  ( 0.000000000000000000, 0.000000000000000000, 1.000000000000000000 ) ) ;
#1102 = LINE ( 'NONE', #3380, #517 ) ;
#1103 = CARTESIAN_POINT ( 'NONE',  ( -14.53500000000000369, 1.624999999999999778, 0.7500000000000001110 ) ) ;
#1104 = DIRECTION ( 'NONE',  ( 1.000000000000000000, 0.000000000000000000, 0.000000000000000000 ) ) ;
#1105 = PRODUCT_DEFINITION_FORMATION_WITH_SPECIFIED_SOURCE ( 'ANY', '', #19, .NOT_KNOWN. ) ;
#1106 = ORIENTED_EDGE ( 'NONE', *, *, #6968, .F. ) ;
#1107 = EDGE_LOOP ( 'NONE', ( #5521, #1174, #5146, #2369 ) ) ;
#1108 = ORIENTED_EDGE ( 'NONE', *, *, #4246, .T. ) ;
#1109 = CARTESIAN_POINT ( 'NONE',  ( 10.25000000000000000, 6.500000000000003553, -0.7499999999999997780 ) ) ;
#1110 = ORIENTED_EDGE ( 'NONE', *, *, #5836, .F. ) ;
#1111 = FACE_BOUND ( 'NONE', #2132, .T. ) ;
#1112 = ORIENTED_EDGE ( 'NONE', *, *, #2033, .F. ) ;
#1113 = LINE ( 'NONE', #6233, #2657 ) ;
#1114 = DIRECTION ( 'NONE',  ( -0.000000000000000000, 0.000000000000000000, 1.000000000000000000 ) ) ;
#1115 = EDGE_CURVE ( 'NONE', #3680, #3904, #1862, .T. ) ;
#1116 = CARTESIAN_POINT ( 'NONE',  ( 0.2500000000000002220, 1.624999999999999778, 1.250000000000000444 ) ) ;
#1117 = CARTESIAN_POINT ( 'NONE',  ( -15.94999999999999929, 6.500000000000000000, 2.500000000000000000 ) ) ;
#1118 = LINE ( 'NONE', #1733, #3957 ) ;
#1119 = FACE_OUTER_BOUND ( 'NONE', #6892, .T. ) ;
#1120 = EDGE_CURVE ( 'NONE', #1327, #1670, #6383, .T. ) ;
#1121 = ORIENTED_EDGE ( 'NONE', *, *, #5836, .T. ) ;
#1122 = EDGE_LOOP ( 'NONE', ( #4103, #5537, #5103, #5092 ) ) ;
#1123 = EDGE_LOOP ( 'NONE', ( #15, #7164, #3489, #5506 ) ) ;
#1124 = DIRECTION ( 'NONE',  ( -1.000000000000000000, -0.000000000000000000, -0.000000000000000000 ) ) ;
#1125 = CARTESIAN_POINT ( 'NONE',  ( -14.25000000000000000, -3.000000000000000000, -1.250000000000000444 ) ) ;
#1126 = ORIENTED_EDGE ( 'NONE', *, *, #1028, .F. ) ;
#1127 = DIRECTION ( 'NONE',  ( -0.000000000000000000, 0.000000000000000000, 1.000000000000000000 ) ) ;
#1128 = ORIENTED_EDGE ( 'NONE', *, *, #1477, .T. ) ;
#1129 = CARTESIAN_POINT ( 'NONE',  ( -8.249999999999996447, 0.000000000000000000, 0.7500000000000001110 ) ) ;
#1130 = EDGE_CURVE ( 'NONE', #5837, #5745, #2982, .T. ) ;
#1131 = SHAPE_REPRESENTATION ( 'B30B-PHDSS', ( #534, #4930, #2363, #2478, #6332, #2242, #4802, #5507, #6940, #2010, #6102, #79, #1796, #4462, #2943, #1680, #6455, #3647, #3764, #5742, #4693, #2136, #1326, #7061, #2594, #3527, #4343, #5985, #4112, #415, #5397, #1568 ), #5622 ) ;
#1132 = EDGE_CURVE ( 'NONE', #4661, #2545, #5789, .T. ) ;
#1133 = CARTESIAN_POINT ( 'NONE',  ( 0.2500000000000002220, 0.000000000000000000, 1.250000000000000444 ) ) ;
#1134 = LINE ( 'NONE', #2278, #6441 ) ;
#1135 = CARTESIAN_POINT ( 'NONE',  ( 5.750000000000000000, 1.624999999999999778, -4.870572098594920796 ) ) ;
#1136 = CARTESIAN_POINT ( 'NONE',  ( 1.749999999999999778, 6.500000000000003553, -0.7499999999999996669 ) ) ;
#1137 = ORIENTED_EDGE ( 'NONE', *, *, #5848, .F. ) ;
#1138 = ORIENTED_EDGE ( 'NONE', *, *, #3660, .F. ) ;
#1139 = PLANE ( 'NONE',  #4656 ) ;
#1140 = EDGE_LOOP ( 'NONE', ( #3794, #2268, #6394, #4229 ) ) ;
#1141 = DIRECTION ( 'NONE',  ( -0.000000000000000000, 0.000000000000000000, -1.000000000000000000 ) ) ;
#1142 = EDGE_CURVE ( 'NONE', #1015, #5009, #7103, .T. ) ;
#1143 = FACE_BOUND ( 'NONE', #7055, .T. ) ;
#1144 = ORIENTED_EDGE ( 'NONE', *, *, #6447, .T. ) ;
#1145 = CARTESIAN_POINT ( 'NONE',  ( -0.2500000000000002220, 1.624999999999999778, -4.870572098594920796 ) ) ;
#1146 = EDGE_LOOP ( 'NONE', ( #4149, #1151, #4943, #2648 ) ) ;
#1147 = ITEM_DEFINED_TRANSFORMATION ( 'NONE', 'NONE', #3764,  #5273 ) ;
#1148 = DIRECTION ( 'NONE',  ( -1.000000000000000000, 0.000000000000000000, -0.000000000000000000 ) ) ;
#1149 = ADVANCED_FACE ( 'NONE', ( #2069 ), #5945, .T. ) ;
#1150 = CARTESIAN_POINT ( 'NONE',  ( -10.24999999999999822, 0.000000000000000000, 1.250000000000000444 ) ) ;
#1151 = ORIENTED_EDGE ( 'NONE', *, *, #6360, .T. ) ;
#1152 = ORIENTED_EDGE ( 'NONE', *, *, #6844, .T. ) ;
#1153 = EDGE_LOOP ( 'NONE', ( #2986, #4358, #6801, #2568 ) ) ;
#1154 = VECTOR ( 'NONE', #1018, 1000.000000000000000 ) ;
#1155 = FACE_OUTER_BOUND ( 'NONE', #2139, .T. ) ;
#1156 = FACE_OUTER_BOUND ( 'NONE', #613, .T. ) ;
#1157 = FACE_OUTER_BOUND ( 'NONE', #5560, .T. ) ;
#1158 = EDGE_CURVE ( 'NONE', #499, #2610, #3234, .T. ) ;
#1159 = VECTOR ( 'NONE', #2271, 1000.000000000000000 ) ;
#1160 = VECTOR ( 'NONE', #4237, 1000.000000000000000 ) ;
#1161 = EDGE_CURVE ( 'NONE', #3921, #4495, #3753, .T. ) ;
#1162 = ORIENTED_EDGE ( 'NONE', *, *, #1732, .T. ) ;
#1163 = CARTESIAN_POINT ( 'NONE',  ( -11.75000000000000000, 6.500000000000003553, -1.249999999999999778 ) ) ;
#1164 = CARTESIAN_POINT ( 'NONE',  ( -2.250000000000000444, 1.624999999999999778, 1.250000000000000444 ) ) ;
#1165 = AXIS2_PLACEMENT_3D ( 'NONE', #884, #4290, #5242 ) ;
#1166 = LINE ( 'NONE', #1135, #1788 ) ;
#1167 = VECTOR ( 'NONE', #4698, 1000.000000000000000 ) ;
#1168 = PLANE ( 'NONE',  #713 ) ;
#1169 = ORIENTED_EDGE ( 'NONE', *, *, #7068, .F. ) ;
#1170 = VECTOR ( 'NONE', #735, 1000.000000000000000 ) ;
#1171 = ADVANCED_FACE ( 'NONE', ( #3165 ), #4257, .T. ) ;
#1172 = VERTEX_POINT ( 'NONE', #4292 ) ;
#1173 = ORIENTED_EDGE ( 'NONE', *, *, #3871, .T. ) ;
#1174 = ORIENTED_EDGE ( 'NONE', *, *, #5966, .T. ) ;
#1175 = DIRECTION ( 'NONE',  ( -0.000000000000000000, -0.000000000000000000, 1.000000000000000000 ) ) ;
#1176 = ORIENTED_EDGE ( 'NONE', *, *, #5577, .T. ) ;
#1177 = VECTOR ( 'NONE', #2987, 1000.000000000000000 ) ;
#1178 = DIRECTION ( 'NONE',  ( -0.7071067811865515695, 0.7071067811865435759, 0.000000000000000000 ) ) ;
#1179 = ADVANCED_FACE ( 'NONE', ( #2653 ), #6427, .F. ) ;
#1180 = VECTOR ( 'NONE', #4084, 1000.000000000000000 ) ;
#1181 = CARTESIAN_POINT ( 'NONE',  ( 3.750000000000000000, 6.500000000000003553, -0.7499999999999996669 ) ) ;
#1182 = EDGE_LOOP ( 'NONE', ( #1745, #3662, #3959, #4893 ) ) ;
#1183 = DIRECTION ( 'NONE',  ( 0.000000000000000000, 0.000000000000000000, -1.000000000000000000 ) ) ;
#1184 = EDGE_CURVE ( 'NONE', #5009, #1985, #3790, .T. ) ;
#1185 = CARTESIAN_POINT ( 'NONE',  ( -13.75000000000000178, 6.500000000000003553, -0.7499999999999994449 ) ) ;
#1186 = VECTOR ( 'NONE', #4142, 1000.000000000000000 ) ;
#1187 = ADVANCED_FACE ( 'NONE', ( #5429 ), #6985, .T. ) ;
#1188 = LINE ( 'NONE', #580, #3960 ) ;
#1189 = ORIENTED_EDGE ( 'NONE', *, *, #3514, .T. ) ;
#1190 = ORIENTED_EDGE ( 'NONE', *, *, #749, .F. ) ;
#1191 = VECTOR ( 'NONE', #6601, 1000.000000000000000 ) ;
#1192 = DIRECTION ( 'NONE',  ( -0.9396926207859084279, -0.3420201433256688794, -0.000000000000000000 ) ) ;
#1193 = EDGE_CURVE ( 'NONE', #5347, #5113, #4842, .T. ) ;
#1194 = LINE ( 'NONE', #2856, #2532 ) ;
#1195 = VECTOR ( 'NONE', #4309, 1000.000000000000000 ) ;
#1196 = CARTESIAN_POINT ( 'NONE',  ( -14.49999999999999822, 3.649999999999999911, -4.870572098594920796 ) ) ;
#1197 = EDGE_LOOP ( 'NONE', ( #3914, #328, #1190, #4749 ) ) ;
#1198 = DIRECTION ( 'NONE',  ( 0.000000000000000000, 0.7071067811865561215, -0.7071067811865389130 ) ) ;
#1199 = ADVANCED_FACE ( 'NONE', ( #1540 ), #5311, .F. ) ;
#1200 = DIRECTION ( 'NONE',  ( 0.000000000000000000, 1.000000000000000000, 0.000000000000000000 ) ) ;
#1201 = VECTOR ( 'NONE', #2067, 1000.000000000000000 ) ;
#1202 = CARTESIAN_POINT ( 'NONE',  ( 12.25000000000000000, 1.624999999999999778, 0.7499999999999997780 ) ) ;
#1203 = CARTESIAN_POINT ( 'NONE',  ( -14.53500000000000369, 1.624999999999999778, 1.250000000000000666 ) ) ;
#1204 = LINE ( 'NONE', #3450, #3468 ) ;
#1205 = VECTOR ( 'NONE', #6558, 1000.000000000000000 ) ;
#1206 = ORIENTED_EDGE ( 'NONE', *, *, #6055, .F. ) ;
#1207 = DIRECTION ( 'NONE',  ( 0.000000000000000000, -0.000000000000000000, 1.000000000000000000 ) ) ;
#1208 = ORIENTED_EDGE ( 'NONE', *, *, #20, .F. ) ;
#1209 = EDGE_CURVE ( 'NONE', #293, #3528, #4333, .T. ) ;
#1210 = CARTESIAN_POINT ( 'NONE',  ( -1.749999999999999778, 6.500000000000003553, -1.250000000000000000 ) ) ;
#1211 = ORIENTED_EDGE ( 'NONE', *, *, #2811, .F. ) ;
#1212 = COLOUR_RGB ( '',1.000000000000000000, 1.000000000000000000, 1.000000000000000000 ) ;
#1213 = DIRECTION ( 'NONE',  ( 1.359501156721635892E-17, 0.000000000000000000, -1.000000000000000000 ) ) ;
#1214 = DIRECTION ( 'NONE',  ( 0.000000000000000000, 1.000000000000000000, 0.000000000000000000 ) ) ;
#1215 = FACE_BOUND ( 'NONE', #2251, .T. ) ;
#1216 = ORIENTED_EDGE ( 'NONE', *, *, #2576, .T. ) ;
#1217 = DIRECTION ( 'NONE',  ( -0.7071067811865389130, -0.7071067811865561215, 0.000000000000000000 ) ) ;
#1218 = LINE ( 'NONE', #48, #2672 ) ;
#1219 = LINE ( 'NONE', #54, #610 ) ;
#1220 = EDGE_LOOP ( 'NONE', ( #4037, #280, #3466, #885 ) ) ;
#1221 = FACE_OUTER_BOUND ( 'NONE', #3890, .T. ) ;
#1222 = ORIENTED_EDGE ( 'NONE', *, *, #2258, .T. ) ;
#1223 = DIRECTION ( 'NONE',  ( 1.000000000000000000, 0.000000000000000000, 0.000000000000000000 ) ) ;
#1224 = DIRECTION ( 'NONE',  ( 0.000000000000000000, 0.000000000000000000, -1.000000000000000000 ) ) ;
#1225 = CARTESIAN_POINT ( 'NONE',  ( -12.25000000000000000, 1.624999999999999778, -4.870572098594920796 ) ) ;
#1226 = DIRECTION ( 'NONE',  ( 0.000000000000000000, -1.000000000000000000, 0.000000000000000000 ) ) ;
#1227 = ADVANCED_FACE ( 'NONE', ( #5984 ), #1999, .T. ) ;
#1228 = VERTEX_POINT ( 'NONE', #917 ) ;
#1229 = DIRECTION ( 'NONE',  ( 1.000000000000000000, 0.000000000000000000, 0.000000000000000000 ) ) ;
#1230 = DIRECTION ( 'NONE',  ( -0.000000000000000000, -0.000000000000000000, 1.000000000000000000 ) ) ;
#1231 = CARTESIAN_POINT ( 'NONE',  ( -10.24999999999999822, 0.000000000000000000, -0.7499999999999994449 ) ) ;
#1232 = CARTESIAN_POINT ( 'NONE',  ( -14.15000000000000213, 5.375000000000002665, -0.7500000000000001110 ) ) ;
#1233 = DIRECTION ( 'NONE',  ( 1.000000000000000000, 0.000000000000000000, 0.000000000000000000 ) ) ;
#1234 = ADVANCED_FACE ( 'NONE', ( #3125 ), #3708, .T. ) ;
#1235 = ORIENTED_EDGE ( 'NONE', *, *, #6948, .T. ) ;
#1236 = DIRECTION ( 'NONE',  ( 0.000000000000000000, 0.000000000000000000, -1.000000000000000000 ) ) ;
#1237 = CARTESIAN_POINT ( 'NONE',  ( 15.95000000000000284, 0.4249999999999999889, 2.500000000000000000 ) ) ;
#1238 = ORIENTED_EDGE ( 'NONE', *, *, #5757, .F. ) ;
#1239 = DIRECTION ( 'NONE',  ( 0.000000000000000000, 0.000000000000000000, -1.000000000000000000 ) ) ;
#1240 = CARTESIAN_POINT ( 'NONE',  ( -10.53500000000000014, 1.624999999999999778, -1.250000000000000000 ) ) ;
#1241 = ORIENTED_EDGE ( 'NONE', *, *, #1977, .F. ) ;
#1242 = PLANE ( 'NONE',  #485 ) ;
#1243 =( REPRESENTATION_RELATIONSHIP ('NONE','NONE', #1131, #6340 ) REPRESENTATION_RELATIONSHIP_WITH_TRANSFORMATION ( #2923 )SHAPE_REPRESENTATION_RELATIONSHIP( ) );
#1244 = FACE_OUTER_BOUND ( 'NONE', #1107, .T. ) ;
#1245 = CARTESIAN_POINT ( 'NONE',  ( 5.750000000000000000, 1.624999999999999778, 0.7499999999999998890 ) ) ;
#1246 = EDGE_LOOP ( 'NONE', ( #1792, #4497, #4379, #6408 ) ) ;
#1247 = DIRECTION ( 'NONE',  ( 0.000000000000000000, 0.000000000000000000, 1.000000000000000000 ) ) ;
#1248 = ITEM_DEFINED_TRANSFORMATION ( 'NONE', 'NONE', #1568,  #5273 ) ;
#1249 = ORIENTED_EDGE ( 'NONE', *, *, #1579, .F. ) ;
#1250 = PLANE ( 'NONE',  #1758 ) ;
#1251 = VERTEX_POINT ( 'NONE', #7072 ) ;
#1252 = CARTESIAN_POINT ( 'NONE',  ( -0.2500000000000002220, 0.000000000000000000, 1.250000000000000444 ) ) ;
#1253 = ADVANCED_FACE ( 'NONE', ( #6496 ), #1493, .F. ) ;
#1254 = CARTESIAN_POINT ( 'NONE',  ( -15.12500000000000178, 3.649999999999999911, -4.870572098594920796 ) ) ;
#1255 = DIRECTION ( 'NONE',  ( 1.000000000000000000, 0.000000000000000000, 0.000000000000000000 ) ) ;
#1256 = PLANE ( 'NONE',  #2302 ) ;
#1257 = DIRECTION ( 'NONE',  ( -1.000000000000000000, -0.000000000000000000, -0.000000000000000000 ) ) ;
#1258 = EDGE_CURVE ( 'NONE', #850, #5990, #4366, .T. ) ;
#1259 = AXIS2_PLACEMENT_3D ( 'NONE', #996, #2537, #4763 ) ;
#1260 = EDGE_CURVE ( 'NONE', #2878, #4864, #4919, .T. ) ;
#1261 = ORIENTED_EDGE ( 'NONE', *, *, #6618, .T. ) ;
#1262 = LINE ( 'NONE', #6751, #3490 ) ;
#1263 = CARTESIAN_POINT ( 'NONE',  ( 13.68999999999999773, 5.375000000000000000, 2.224999999999999645 ) ) ;
#1264 = EDGE_CURVE ( 'NONE', #4481, #771, #3899, .T. ) ;
#1265 = LINE ( 'NONE', #4690, #1666 ) ;
#1266 = DIRECTION ( 'NONE',  ( 0.000000000000000000, 0.000000000000000000, 1.000000000000000000 ) ) ;
#1267 = CARTESIAN_POINT ( 'NONE',  ( -15.45000000000000107, 6.500000000000000000, 0.1250000000000001110 ) ) ;
#1268 = AXIS2_PLACEMENT_3D ( 'NONE', #1067, #529, #490 ) ;
#1269 = VECTOR ( 'NONE', #1400, 1000.000000000000000 ) ;
#1270 = EDGE_CURVE ( 'NONE', #1984, #1251, #6581, .T. ) ;
#1271 = ORIENTED_EDGE ( 'NONE', *, *, #6348, .F. ) ;
#1272 = VECTOR ( 'NONE', #1672, 1000.000000000000000 ) ;
#1273 = VECTOR ( 'NONE', #6208, 1000.000000000000000 ) ;
#1274 = DIRECTION ( 'NONE',  ( 0.000000000000000000, 0.000000000000000000, -1.000000000000000000 ) ) ;
#1275 = VERTEX_POINT ( 'NONE', #5983 ) ;
#1276 = CARTESIAN_POINT ( 'NONE',  ( 15.95000000000000284, 6.500000000000000000, 2.500000000000000444 ) ) ;
#1277 = ORIENTED_EDGE ( 'NONE', *, *, #3381, .T. ) ;
#1278 = DIRECTION ( 'NONE',  ( -1.000000000000000000, 0.000000000000000000, 0.000000000000000000 ) ) ;
#1279 = EDGE_CURVE ( 'NONE', #2474, #4790, #6130, .T. ) ;
#1280 = AXIS2_PLACEMENT_3D ( 'NONE', #6916, #1421, #6382 ) ;
#1281 = VECTOR ( 'NONE', #599, 1000.000000000000000 ) ;
#1282 = DIRECTION ( 'NONE',  ( -0.000000000000000000, -0.000000000000000000, 1.000000000000000000 ) ) ;
#1283 = FACE_OUTER_BOUND ( 'NONE', #4767, .T. ) ;
#1284 = ORIENTED_EDGE ( 'NONE', *, *, #4549, .T. ) ;
#1285 = CARTESIAN_POINT ( 'NONE',  ( -3.750000000000000000, 1.624999999999999778, 1.250000000000000444 ) ) ;
#1286 = VECTOR ( 'NONE', #2860, 1000.000000000000000 ) ;
#1287 = CARTESIAN_POINT ( 'NONE',  ( 12.24000000000001087, 4.775000000000002132, -2.225000000000000533 ) ) ;
#1288 = EDGE_CURVE ( 'NONE', #4275, #36, #995, .T. ) ;
#1289 = ORIENTED_EDGE ( 'NONE', *, *, #2573, .F. ) ;
#1290 = VERTEX_POINT ( 'NONE', #6691 ) ;
#1291 = ADVANCED_FACE ( 'NONE', ( #6616 ), #3346, .T. ) ;
#1292 = AXIS2_PLACEMENT_3D ( 'NONE', #6140, #3394, #3292 ) ;
#1293 = LINE ( 'NONE', #3576, #3147 ) ;
#1294 = ORIENTED_EDGE ( 'NONE', *, *, #3417, .F. ) ;
#1295 = EDGE_LOOP ( 'NONE', ( #3216, #35, #567, #4429 ) ) ;
#1296 = CARTESIAN_POINT ( 'NONE',  ( -14.51500000000000057, 5.375000000000000000, 2.224999999999999645 ) ) ;
#1297 = CARTESIAN_POINT ( 'NONE',  ( -3.750000000000000000, 1.624999999999999778, -0.7499999999999995559 ) ) ;
#1298 = AXIS2_PLACEMENT_3D ( 'NONE', #4595, #1830, #4041 ) ;
#1299 = CARTESIAN_POINT ( 'NONE',  ( 18.00000000000000355, -9.367506770274757077E-17, 1.249000902703301354E-16 ) ) ;
#1300 = ADVANCED_FACE ( 'NONE', ( #4365 ), #493, .T. ) ;
#1301 = CARTESIAN_POINT ( 'NONE',  ( -13.46499999999999986, 1.625000000000001332, 2.225000000000000089 ) ) ;
#1302 = PLANE ( 'NONE',  #3760 ) ;
#1303 = AXIS2_PLACEMENT_3D ( 'NONE', #6713, #1702, #3911 ) ;
#1304 = ORIENTED_EDGE ( 'NONE', *, *, #2181, .T. ) ;
#1305 = DIRECTION ( 'NONE',  ( 1.000000000000000000, 0.000000000000000000, 0.000000000000000000 ) ) ;
#1306 = CARTESIAN_POINT ( 'NONE',  ( 10.25000000000000000, 0.000000000000000000, -1.250000000000000222 ) ) ;
#1307 = CARTESIAN_POINT ( 'NONE',  ( 13.75000000000000000, 1.624999999999999778, 1.250000000000000222 ) ) ;
#1308 = CARTESIAN_POINT ( 'NONE',  ( -15.95000000000000284, 0.4249999999999999889, 2.149999999999999911 ) ) ;
#1309 = DIRECTION ( 'NONE',  ( -0.000000000000000000, 1.000000000000000000, -0.000000000000000000 ) ) ;
#1310 = VECTOR ( 'NONE', #4847, 1000.000000000000000 ) ;
#1311 = EDGE_CURVE ( 'NONE', #4812, #2387, #5026, .T. ) ;
#1312 = VECTOR ( 'NONE', #5235, 1000.000000000000000 ) ;
#1313 = ORIENTED_EDGE ( 'NONE', *, *, #2425, .T. ) ;
#1314 = CARTESIAN_POINT ( 'NONE',  ( -15.45000000000000107, 6.500000000000000000, -2.225000000000000533 ) ) ;
#1315 = CARTESIAN_POINT ( 'NONE',  ( 3.750000000000000000, 6.500000000000003553, 0.7499999999999998890 ) ) ;
#1316 = ORIENTED_EDGE ( 'NONE', *, *, #4888, .F. ) ;
#1317 = CARTESIAN_POINT ( 'NONE',  ( 2.250000000000000444, 6.500000000000003553, -0.7499999999999996669 ) ) ;
#1318 = DIRECTION ( 'NONE',  ( 1.000000000000000000, 0.000000000000000000, 0.000000000000000000 ) ) ;
#1319 = VECTOR ( 'NONE', #1888, 1000.000000000000000 ) ;
#1320 = EDGE_CURVE ( 'NONE', #2374, #5283, #1577, .T. ) ;
#1321 = DIRECTION ( 'NONE',  ( -0.000000000000000000, 0.000000000000000000, 1.000000000000000000 ) ) ;
#1322 = VERTEX_POINT ( 'NONE', #1068 ) ;
#1323 = CARTESIAN_POINT ( 'NONE',  ( 12.46499999999999986, 1.624999999999999778, -4.870572098594920796 ) ) ;
#1324 = ORIENTED_EDGE ( 'NONE', *, *, #6211, .T. ) ;
#1325 = LINE ( 'NONE', #3464, #3601 ) ;
#1326 = AXIS2_PLACEMENT_3D ( 'NONE', #5774, #2453, #6367 ) ;
#1327 = VERTEX_POINT ( 'NONE', #4916 ) ;
#1328 = DIRECTION ( 'NONE',  ( -0.000000000000000000, 0.000000000000000000, 1.000000000000000000 ) ) ;
#1329 = CONTEXT_DEPENDENT_SHAPE_REPRESENTATION ( #4459, #6122 ) ;
#1330 = EDGE_CURVE ( 'NONE', #1052, #4995, #7179, .T. ) ;
#1331 = CARTESIAN_POINT ( 'NONE',  ( -14.19763647912323457, 5.244119849266605904, -1.197636479123233011 ) ) ;
#1332 = EDGE_CURVE ( 'NONE', #3809, #6213, #33, .T. ) ;
#1333 = ORIENTED_EDGE ( 'NONE', *, *, #1940, .F. ) ;
#1334 = DIRECTION ( 'NONE',  ( -1.000000000000000000, 0.000000000000000000, -0.000000000000000000 ) ) ;
#1335 = DIRECTION ( 'NONE',  ( -1.000000000000000000, -0.000000000000000000, -0.000000000000000000 ) ) ;
#1336 = LINE ( 'NONE', #2518, #4999 ) ;
#1337 = DIRECTION ( 'NONE',  ( 0.000000000000000000, 0.000000000000000000, 1.000000000000000000 ) ) ;
#1338 = CARTESIAN_POINT ( 'NONE',  ( -12.46499999999999986, 1.624999999999999778, 2.224999999999999645 ) ) ;
#1339 = CARTESIAN_POINT ( 'NONE',  ( -6.250000000000001776, 0.000000000000000000, 1.250000000000000444 ) ) ;
#1340 = ADVANCED_FACE ( 'NONE', ( #3313 ), #1610, .T. ) ;
#1341 = ORIENTED_EDGE ( 'NONE', *, *, #2944, .F. ) ;
#1342 = PLANE ( 'NONE',  #5352 ) ;
#1343 = CARTESIAN_POINT ( 'NONE',  ( -14.76499999999999879, 6.250000000000005329, -2.500000000000000444 ) ) ;
#1344 = CARTESIAN_POINT ( 'NONE',  ( 0.000000000000000000, 0.000000000000000000, 0.000000000000000000 ) ) ;
#1345 = DIRECTION ( 'NONE',  ( 0.000000000000000000, -1.000000000000000000, 0.000000000000000000 ) ) ;
#1346 = VERTEX_POINT ( 'NONE', #6053 ) ;
#1347 = UNCERTAINTY_MEASURE_WITH_UNIT (LENGTH_MEASURE( 1.000000000000000082E-05 ), #7094, 'distance_accuracy_value', 'NONE');
#1348 = ORIENTED_EDGE ( 'NONE', *, *, #741, .T. ) ;
#1349 = FACE_OUTER_BOUND ( 'NONE', #5993, .T. ) ;
#1350 = ORIENTED_EDGE ( 'NONE', *, *, #6646, .T. ) ;
#1351 = DIRECTION ( 'NONE',  ( 0.000000000000000000, -1.000000000000000000, 0.000000000000000000 ) ) ;
#1352 = CARTESIAN_POINT ( 'NONE',  ( -13.75000000000000178, 0.000000000000000000, 1.250000000000000666 ) ) ;
#1353 = VERTEX_POINT ( 'NONE', #6652 ) ;
#1354 = EDGE_CURVE ( 'NONE', #3758, #5830, #2652, .T. ) ;
#1355 = LINE ( 'NONE', #187, #5243 ) ;
#1356 = ORIENTED_EDGE ( 'NONE', *, *, #4226, .T. ) ;
#1357 = CARTESIAN_POINT ( 'NONE',  ( -14.25000000000000000, -3.000000000000000000, -0.8499999999999999778 ) ) ;
#1358 = EDGE_CURVE ( 'NONE', #6078, #3018, #3861, .T. ) ;
#1359 = DIRECTION ( 'NONE',  ( 0.000000000000000000, -1.000000000000000000, 0.000000000000000000 ) ) ;
#1360 = EDGE_LOOP ( 'NONE', ( #1737, #6409, #393, #3376 ) ) ;
#1361 = PLANE ( 'NONE',  #2445 ) ;
#1362 = VERTEX_POINT ( 'NONE', #1646 ) ;
#1363 = DIRECTION ( 'NONE',  ( 1.000000000000000000, 0.000000000000000000, 0.000000000000000000 ) ) ;
#1364 = LINE ( 'NONE', #229, #5606 ) ;
#1365 = DIRECTION ( 'NONE',  ( 0.000000000000000000, 0.000000000000000000, 1.000000000000000000 ) ) ;
#1366 = CARTESIAN_POINT ( 'NONE',  ( 20.00000000000000000, -1.040834085586084010E-16, 2.000000000000000000 ) ) ;
#1367 = EDGE_CURVE ( 'NONE', #6126, #1633, #2729, .T. ) ;
#1368 = ADVANCED_FACE ( 'NONE', ( #4954 ), #563, .T. ) ;
#1369 = LINE ( 'NONE', #163, #1879 ) ;
#1370 = ORIENTED_EDGE ( 'NONE', *, *, #3929, .T. ) ;
#1371 = CARTESIAN_POINT ( 'NONE',  ( 13.62605214705668644, 4.914168687704686178, 2.400000000000000355 ) ) ;
#1372 = CARTESIAN_POINT ( 'NONE',  ( -12.25000000000000000, 6.500000000000003553, -0.7499999999999994449 ) ) ;
#1373 = CARTESIAN_POINT ( 'NONE',  ( 10.25000000000000000, 6.500000000000003553, -1.250000000000000222 ) ) ;
#1374 = DIRECTION ( 'NONE',  ( -1.000000000000000000, -0.000000000000000000, -0.000000000000000000 ) ) ;
#1375 = ORIENTED_EDGE ( 'NONE', *, *, #1428, .T. ) ;
#1376 = EDGE_CURVE ( 'NONE', #3099, #6148, #4980, .T. ) ;
#1377 = VERTEX_POINT ( 'NONE', #2107 ) ;
#1378 = DIRECTION ( 'NONE',  ( 0.000000000000000000, -1.000000000000000000, 0.000000000000000000 ) ) ;
#1379 = DIRECTION ( 'NONE',  ( 1.000000000000000000, 0.000000000000000000, 0.000000000000000000 ) ) ;
#1380 = VECTOR ( 'NONE', #2824, 1000.000000000000114 ) ;
#1381 = VECTOR ( 'NONE', #470, 1000.000000000000000 ) ;
#1382 = CARTESIAN_POINT ( 'NONE',  ( -12.25000000000000000, 0.000000000000000000, -0.7499999999999994449 ) ) ;
#1383 = DIRECTION ( 'NONE',  ( 0.7071067811865340280, 0.7071067811865611175, 0.000000000000000000 ) ) ;
#1384 = VECTOR ( 'NONE', #656, 1000.000000000000000 ) ;
#1385 = DIRECTION ( 'NONE',  ( 0.000000000000000000, 0.000000000000000000, -1.000000000000000000 ) ) ;
#1386 = VECTOR ( 'NONE', #4515, 1000.000000000000000 ) ;
#1387 = ORIENTED_EDGE ( 'NONE', *, *, #4373, .F. ) ;
#1388 = LINE ( 'NONE', #1798, #1760 ) ;
#1389 = VERTEX_POINT ( 'NONE', #6259 ) ;
#1390 = CARTESIAN_POINT ( 'NONE',  ( -4.250000000000000000, 1.624999999999999778, -1.250000000000000000 ) ) ;
#1391 = VERTEX_POINT ( 'NONE', #4546 ) ;
#1392 = CARTESIAN_POINT ( 'NONE',  ( -15.95000000000000284, 4.250000000000000000, -0.1000000000000004774 ) ) ;
#1393 = ORIENTED_EDGE ( 'NONE', *, *, #7144, .T. ) ;
#1394 = VECTOR ( 'NONE', #4484, 1000.000000000000000 ) ;
#1395 = AXIS2_PLACEMENT_3D ( 'NONE', #5351, #388, #4801 ) ;
#1396 = ORIENTED_EDGE ( 'NONE', *, *, #5790, .T. ) ;
#1397 = VECTOR ( 'NONE', #3434, 1000.000000000000000 ) ;
#1398 = FACE_OUTER_BOUND ( 'NONE', #6656, .T. ) ;
#1399 = VERTEX_POINT ( 'NONE', #6755 ) ;
#1400 = DIRECTION ( 'NONE',  ( 0.000000000000000000, -1.000000000000000000, 0.000000000000000000 ) ) ;
#1401 = FACE_OUTER_BOUND ( 'NONE', #4706, .T. ) ;
#1402 = LINE ( 'NONE', #3617, #4993 ) ;
#1403 = CARTESIAN_POINT ( 'NONE',  ( 26.00000000000000355, -1.353084311261909287E-16, 1.804112415015879625E-16 ) ) ;
#1404 = DIRECTION ( 'NONE',  ( 1.000000000000000000, 1.195124682037070119E-16, 0.000000000000000000 ) ) ;
#1405 = VECTOR ( 'NONE', #3765, 1000.000000000000000 ) ;
#1406 = ORIENTED_EDGE ( 'NONE', *, *, #3850, .F. ) ;
#1407 = VERTEX_POINT ( 'NONE', #6195 ) ;
#1408 = ORIENTED_EDGE ( 'NONE', *, *, #4410, .F. ) ;
#1409 = VECTOR ( 'NONE', #3119, 1000.000000000000000 ) ;
#1410 = LINE ( 'NONE', #1522, #718 ) ;
#1411 = CARTESIAN_POINT ( 'NONE',  ( -14.25000000000000000, -3.000000000000000000, -0.7500000000000001110 ) ) ;
#1412 = FACE_OUTER_BOUND ( 'NONE', #6215, .T. ) ;
#1413 = ORIENTED_EDGE ( 'NONE', *, *, #909, .T. ) ;
#1414 = AXIS2_PLACEMENT_3D ( 'NONE', #2539, #4766, #4148 ) ;
#1415 = ADVANCED_FACE ( 'NONE', ( #6798 ), #239, .T. ) ;
#1416 = EDGE_CURVE ( 'NONE', #1322, #1029, #5603, .T. ) ;
#1417 = EDGE_CURVE ( 'NONE', #2747, #3075, #2835, .T. ) ;
#1418 = CARTESIAN_POINT ( 'NONE',  ( 5.750000000000000000, 6.500000000000003553, 0.7499999999999998890 ) ) ;
#1419 = VECTOR ( 'NONE', #6071, 1000.000000000000000 ) ;
#1420 = DIRECTION ( 'NONE',  ( 0.000000000000000000, 0.7071067811865561215, -0.7071067811865390240 ) ) ;
#1421 = DIRECTION ( 'NONE',  ( 0.7071067811865414665, -0.7071067811865536790, 0.000000000000000000 ) ) ;
#1422 = ORIENTED_EDGE ( 'NONE', *, *, #2402, .F. ) ;
#1423 = CARTESIAN_POINT ( 'NONE',  ( 4.250000000000000000, 1.624999999999999778, -4.870572098594920796 ) ) ;
#1424 = VECTOR ( 'NONE', #7135, 999.9999999999998863 ) ;
#1425 = DIRECTION ( 'NONE',  ( -1.000000000000000000, 0.000000000000000000, -0.000000000000000000 ) ) ;
#1426 = ORIENTED_EDGE ( 'NONE', *, *, #5704, .T. ) ;
#1427 = CARTESIAN_POINT ( 'NONE',  ( -7.749999999999996447, 0.000000000000000000, -0.7499999999999994449 ) ) ;
#1428 = EDGE_CURVE ( 'NONE', #2081, #865, #1204, .T. ) ;
#1429 = ORIENTED_EDGE ( 'NONE', *, *, #3007, .F. ) ;
#1430 = CARTESIAN_POINT ( 'NONE',  ( -7.749999999999996447, 0.000000000000000000, -1.250000000000000000 ) ) ;
#1431 = VECTOR ( 'NONE', #418, 1000.000000000000000 ) ;
#1432 = ORIENTED_EDGE ( 'NONE', *, *, #1115, .F. ) ;
#1433 = PLANE ( 'NONE',  #3851 ) ;
#1434 = EDGE_LOOP ( 'NONE', ( #2984, #426, #6883, #2791 ) ) ;
#1435 = DIRECTION ( 'NONE',  ( -0.000000000000000000, 0.000000000000000000, -1.000000000000000000 ) ) ;
#1436 = EDGE_CURVE ( 'NONE', #2606, #6603, #6298, .T. ) ;
#1437 = ORIENTED_EDGE ( 'NONE', *, *, #497, .T. ) ;
#1438 = CARTESIAN_POINT ( 'NONE',  ( 7.750000000000000000, 0.000000000000000000, 0.7499999999999998890 ) ) ;
#1439 = CARTESIAN_POINT ( 'NONE',  ( 9.750000000000000000, 6.500000000000003553, 1.250000000000000222 ) ) ;
#1440 = LINE ( 'NONE', #5884, #7172 ) ;
#1441 = DIRECTION ( 'NONE',  ( 1.000000000000000000, 0.000000000000000000, 0.000000000000000000 ) ) ;
#1442 = CARTESIAN_POINT ( 'NONE',  ( -10.24999999999999822, 0.000000000000000000, 0.7500000000000001110 ) ) ;
#1443 = VERTEX_POINT ( 'NONE', #3926 ) ;
#1444 = EDGE_LOOP ( 'NONE', ( #2045, #3207, #6750, #3191 ) ) ;
#1445 = EDGE_CURVE ( 'NONE', #1275, #7081, #3421, .T. ) ;
#1446 = VERTEX_POINT ( 'NONE', #636 ) ;
#1447 = CARTESIAN_POINT ( 'NONE',  ( -0.2500000000000002220, 1.624999999999999778, -0.7499999999999995559 ) ) ;
#1448 = DIRECTION ( 'NONE',  ( -0.000000000000000000, 0.000000000000000000, 1.000000000000000000 ) ) ;
#1449 = DIRECTION ( 'NONE',  ( 0.000000000000000000, -1.000000000000000000, 0.000000000000000000 ) ) ;
#1450 = DIRECTION ( 'NONE',  ( 1.000000000000000000, 0.000000000000000000, 0.000000000000000000 ) ) ;
#1451 = LINE ( 'NONE', #3668, #6642 ) ;
#1452 = EDGE_CURVE ( 'NONE', #2948, #6126, #2317, .T. ) ;
#1453 = DIRECTION ( 'NONE',  ( -1.000000000000000000, 0.000000000000000000, 0.000000000000000000 ) ) ;
#1454 = VERTEX_POINT ( 'NONE', #1267 ) ;
#1455 = ORIENTED_EDGE ( 'NONE', *, *, #3806, .T. ) ;
#1456 = DIRECTION ( 'NONE',  ( -1.000000000000000000, 0.000000000000000000, -0.000000000000000000 ) ) ;
#1457 = CARTESIAN_POINT ( 'NONE',  ( -14.25000000000000178, 6.500000000000003553, -0.7499999999999994449 ) ) ;
#1458 = CARTESIAN_POINT ( 'NONE',  ( -7.749999999999996447, 6.500000000000003553, 0.7500000000000001110 ) ) ;
#1459 = EDGE_CURVE ( 'NONE', #5391, #2510, #2393, .T. ) ;
#1460 = ORIENTED_EDGE ( 'NONE', *, *, #6474, .T. ) ;
#1461 = ORIENTED_EDGE ( 'NONE', *, *, #6618, .F. ) ;
#1462 = FACE_BOUND ( 'NONE', #3267, .T. ) ;
#1463 = ORIENTED_EDGE ( 'NONE', *, *, #4725, .T. ) ;
#1464 = CARTESIAN_POINT ( 'NONE',  ( 2.250000000000000444, 1.624999999999999778, -4.870572098594920796 ) ) ;
#1465 = EDGE_CURVE ( 'NONE', #6245, #90, #698, .T. ) ;
#1466 = EDGE_LOOP ( 'NONE', ( #6647, #2196, #3131, #612 ) ) ;
#1467 = CARTESIAN_POINT ( 'NONE',  ( 13.46499999999999808, 1.624999999999999778, 2.500000000000000000 ) ) ;
#1468 = ORIENTED_EDGE ( 'NONE', *, *, #532, .F. ) ;
#1469 = ORIENTED_EDGE ( 'NONE', *, *, #6525, .T. ) ;
#1470 = CARTESIAN_POINT ( 'NONE',  ( -14.25000000000000178, 0.000000000000000000, 0.7500000000000001110 ) ) ;
#1471 = ORIENTED_EDGE ( 'NONE', *, *, #549, .F. ) ;
#1472 = DIRECTION ( 'NONE',  ( -0.000000000000000000, -0.000000000000000000, 1.000000000000000000 ) ) ;
#1473 = CARTESIAN_POINT ( 'NONE',  ( -15.95000000000000284, 0.9249999999999996003, 2.500000000000000000 ) ) ;
#1474 = DIRECTION ( 'NONE',  ( 1.000000000000000000, 0.000000000000000000, 0.000000000000000000 ) ) ;
#1475 = CARTESIAN_POINT ( 'NONE',  ( 15.01499999999999879, 6.500000000000003553, -2.500000000000000444 ) ) ;
#1476 = EDGE_CURVE ( 'NONE', #4787, #5195, #171, .T. ) ;
#1477 = EDGE_CURVE ( 'NONE', #4481, #915, #776, .T. ) ;
#1478 = ORIENTED_EDGE ( 'NONE', *, *, #4157, .T. ) ;
#1479 = ORIENTED_EDGE ( 'NONE', *, *, #6939, .F. ) ;
#1480 = VERTEX_POINT ( 'NONE', #5199 ) ;
#1481 = DIRECTION ( 'NONE',  ( -0.000000000000000000, 0.000000000000000000, 1.000000000000000000 ) ) ;
#1482 = ORIENTED_EDGE ( 'NONE', *, *, #6485, .T. ) ;
#1483 = CARTESIAN_POINT ( 'NONE',  ( 14.25000000000000000, 1.624999999999999778, -4.870572098594920796 ) ) ;
#1484 = CARTESIAN_POINT ( 'NONE',  ( -9.749999999999998224, 0.000000000000000000, -1.250000000000000000 ) ) ;
#1485 = ORIENTED_EDGE ( 'NONE', *, *, #854, .F. ) ;
#1486 = EDGE_CURVE ( 'NONE', #5942, #2102, #3383, .T. ) ;
#1487 = EDGE_CURVE ( 'NONE', #1711, #2121, #6867, .T. ) ;
#1488 = ADVANCED_FACE ( 'NONE', ( #6728 ), #2941, .F. ) ;
#1489 = EDGE_LOOP ( 'NONE', ( #2859, #3318, #3777, #5090 ) ) ;
#1490 = ORIENTED_EDGE ( 'NONE', *, *, #6992, .F. ) ;
#1491 = CARTESIAN_POINT ( 'NONE',  ( 7.750000000000000000, 1.624999999999999778, -4.870572098594920796 ) ) ;
#1492 = CARTESIAN_POINT ( 'NONE',  ( -8.249999999999996447, 6.500000000000003553, 0.7500000000000001110 ) ) ;
#1493 = PLANE ( 'NONE',  #5112 ) ;
#1494 = EDGE_CURVE ( 'NONE', #3368, #1074, #208, .T. ) ;
#1495 = VECTOR ( 'NONE', #6579, 1000.000000000000114 ) ;
#1496 = EDGE_LOOP ( 'NONE', ( #7151, #5135, #783, #4626 ) ) ;
#1497 = ORIENTED_EDGE ( 'NONE', *, *, #2480, .T. ) ;
#1498 = CARTESIAN_POINT ( 'NONE',  ( 11.75000000000000000, 1.624999999999999778, -4.870572098594920796 ) ) ;
#1499 = ADVANCED_FACE ( 'NONE', ( #1716, #6160 ), #1168, .F. ) ;
#1500 = ORIENTED_EDGE ( 'NONE', *, *, #4005, .T. ) ;
#1501 = CARTESIAN_POINT ( 'NONE',  ( -12.25000000000000000, 0.000000000000000000, -1.249999999999999778 ) ) ;
#1502 = VECTOR ( 'NONE', #4535, 1000.000000000000000 ) ;
#1503 = VECTOR ( 'NONE', #5719, 1000.000000000000000 ) ;
#1504 = ORIENTED_EDGE ( 'NONE', *, *, #1417, .T. ) ;
#1505 = PLANE ( 'NONE',  #3384 ) ;
#1506 = EDGE_CURVE ( 'NONE', #7152, #2047, #6829, .T. ) ;
#1507 = ORIENTED_EDGE ( 'NONE', *, *, #6379, .F. ) ;
#1508 = ORIENTED_EDGE ( 'NONE', *, *, #4615, .T. ) ;
#1509 = LINE ( 'NONE', #329, #3361 ) ;
#1510 = AXIS2_PLACEMENT_3D ( 'NONE', #554, #3812, #2749 ) ;
#1511 = AXIS2_PLACEMENT_3D ( 'NONE', #672, #572, #1615 ) ;
#1512 = ADVANCED_FACE ( 'NONE', ( #4658 ), #5271, .T. ) ;
#1513 = FACE_OUTER_BOUND ( 'NONE', #4596, .T. ) ;
#1514 = CARTESIAN_POINT ( 'NONE',  ( 7.750000000000000000, 0.000000000000000000, 0.7499999999999998890 ) ) ;
#1515 = ITEM_DEFINED_TRANSFORMATION ( 'NONE', 'NONE', #4930,  #5273 ) ;
#1516 = PLANE ( 'NONE',  #6695 ) ;
#1517 = AXIS2_PLACEMENT_3D ( 'NONE', #2950, #3495, #6347 ) ;
#1518 = DIRECTION ( 'NONE',  ( 0.000000000000000000, 0.000000000000000000, 1.000000000000000000 ) ) ;
#1519 = ORIENTED_EDGE ( 'NONE', *, *, #2767, .F. ) ;
#1520 = EDGE_LOOP ( 'NONE', ( #1479, #1524, #382, #3303 ) ) ;
#1521 = ORIENTED_EDGE ( 'NONE', *, *, #4167, .T. ) ;
#1522 = CARTESIAN_POINT ( 'NONE',  ( -1.749999999999999778, 1.624999999999999778, -4.870572098594920796 ) ) ;
#1523 = ADVANCED_FACE ( 'NONE', ( #4140 ), #3081, .F. ) ;
#1524 = ORIENTED_EDGE ( 'NONE', *, *, #1161, .T. ) ;
#1525 = VECTOR ( 'NONE', #6991, 1000.000000000000000 ) ;
#1526 = DIRECTION ( 'NONE',  ( 0.000000000000000000, 0.000000000000000000, -1.000000000000000000 ) ) ;
#1527 =( NAMED_UNIT ( * ) PLANE_ANGLE_UNIT ( ) SI_UNIT ( $, .RADIAN. ) );
#1528 = CARTESIAN_POINT ( 'NONE',  ( -11.75000000000000000, 0.000000000000000000, -1.249999999999999778 ) ) ;
#1529 = EDGE_LOOP ( 'NONE', ( #2395, #777, #2541, #6162 ) ) ;
#1530 = CARTESIAN_POINT ( 'NONE',  ( 6.250000000000000000, 0.000000000000000000, 1.250000000000000222 ) ) ;
#1531 = EDGE_CURVE ( 'NONE', #5677, #2082, #6492, .T. ) ;
#1532 = VECTOR ( 'NONE', #87, 1000.000000000000000 ) ;
#1533 = ORIENTED_EDGE ( 'NONE', *, *, #1777, .F. ) ;
#1534 = DIRECTION ( 'NONE',  ( -0.000000000000000000, 1.000000000000000000, -0.000000000000000000 ) ) ;
#1535 = EDGE_LOOP ( 'NONE', ( #1870, #4136, #4199, #810 ) ) ;
#1536 = DIRECTION ( 'NONE',  ( -0.000000000000000000, 0.000000000000000000, 1.000000000000000000 ) ) ;
#1537 = CARTESIAN_POINT ( 'NONE',  ( 3.750000000000000000, 6.500000000000003553, 1.250000000000000444 ) ) ;
#1538 = DIRECTION ( 'NONE',  ( -1.000000000000000000, 0.000000000000000000, -0.000000000000000000 ) ) ;
#1539 = VECTOR ( 'NONE', #3059, 1000.000000000000000 ) ;
#1540 = FACE_OUTER_BOUND ( 'NONE', #1444, .T. ) ;
#1541 = CARTESIAN_POINT ( 'NONE',  ( -2.535000000000002363, 1.624999999999999778, 0.7500000000000000000 ) ) ;
#1542 = VERTEX_POINT ( 'NONE', #4719 ) ;
#1543 = PRESENTATION_LAYER_ASSIGNMENT (  '', '', ( #3970 ) ) ;
#1544 = EDGE_CURVE ( 'NONE', #166, #6184, #5303, .T. ) ;
#1545 = VERTEX_POINT ( 'NONE', #417 ) ;
#1546 = FACE_BOUND ( 'NONE', #1651, .T. ) ;
#1547 = ORIENTED_EDGE ( 'NONE', *, *, #6729, .T. ) ;
#1548 = FACE_OUTER_BOUND ( 'NONE', #5321, .T. ) ;
#1549 = EDGE_CURVE ( 'NONE', #1653, #2013, #6909, .T. ) ;
#1550 = VECTOR ( 'NONE', #2698, 1000.000000000000000 ) ;
#1551 = EDGE_LOOP ( 'NONE', ( #1437, #2025, #4686, #3263 ) ) ;
#1552 = CARTESIAN_POINT ( 'NONE',  ( -15.01499999999999879, 6.500000000000000000, -2.500000000000000444 ) ) ;
#1553 = ORIENTED_EDGE ( 'NONE', *, *, #5374, .T. ) ;
#1554 = ORIENTED_EDGE ( 'NONE', *, *, #5790, .F. ) ;
#1555 = DIRECTION ( 'NONE',  ( 0.000000000000000000, 2.188853373384112515E-19, -1.000000000000000000 ) ) ;
#1556 = VECTOR ( 'NONE', #5393, 1000.000000000000000 ) ;
#1557 = LINE ( 'NONE', #3296, #4095 ) ;
#1558 = CARTESIAN_POINT ( 'NONE',  ( 13.75000000000000000, 1.624999999999999778, -4.870572098594920796 ) ) ;
#1559 = CARTESIAN_POINT ( 'NONE',  ( -12.24000000000001087, 4.774999999999999467, -2.500000000000002220 ) ) ;
#1560 = DIRECTION ( 'NONE',  ( 0.000000000000000000, 0.000000000000000000, 1.000000000000000000 ) ) ;
#1561 = DIRECTION ( 'NONE',  ( -0.000000000000000000, 0.000000000000000000, 1.000000000000000000 ) ) ;
#1562 = AXIS2_PLACEMENT_3D ( 'NONE', #6120, #3920, #3340 ) ;
#1563 = DIRECTION ( 'NONE',  ( 0.000000000000000000, 0.000000000000000000, 1.000000000000000000 ) ) ;
#1564 = EDGE_LOOP ( 'NONE', ( #4027, #5937, #6022, #4509 ) ) ;
#1565 = VERTEX_POINT ( 'NONE', #7023 ) ;
#1566 = ORIENTED_EDGE ( 'NONE', *, *, #3397, .F. ) ;
#1567 = LINE ( 'NONE', #5650, #376 ) ;
#1568 = AXIS2_PLACEMENT_3D ( 'NONE', #2562, #2019, #1474 ) ;
#1569 = LINE ( 'NONE', #5450, #6879 ) ;
#1570 = VERTEX_POINT ( 'NONE', #1817 ) ;
#1571 = DIRECTION ( 'NONE',  ( 1.000000000000000000, 0.000000000000000000, 0.000000000000000000 ) ) ;
#1572 = ORIENTED_EDGE ( 'NONE', *, *, #835, .F. ) ;
#1573 = LINE ( 'NONE', #4395, #6170 ) ;
#1574 = VERTEX_POINT ( 'NONE', #4692 ) ;
#1575 = DIRECTION ( 'NONE',  ( -1.000000000000000000, 0.000000000000000000, -0.000000000000000000 ) ) ;
#1576 = DIRECTION ( 'NONE',  ( 0.000000000000000000, -1.000000000000000000, 0.000000000000000000 ) ) ;
#1577 = LINE ( 'NONE', #2692, #7013 ) ;
#1578 = CARTESIAN_POINT ( 'NONE',  ( -9.749999999999998224, 1.624999999999999778, -4.870572098594920796 ) ) ;
#1579 = EDGE_CURVE ( 'NONE', #287, #3735, #3010, .T. ) ;
#1580 = PRODUCT_DEFINITION_SHAPE ( 'NONE', 'NONE',  #7208 ) ;
#1581 = ORIENTED_EDGE ( 'NONE', *, *, #1544, .T. ) ;
#1582 = PLANE ( 'NONE',  #6436 ) ;
#1583 = ORIENTED_EDGE ( 'NONE', *, *, #5023, .F. ) ;
#1584 = LINE ( 'NONE', #6026, #4754 ) ;
#1585 = EDGE_CURVE ( 'NONE', #2822, #5298, #6946, .T. ) ;
#1586 = ORIENTED_EDGE ( 'NONE', *, *, #2282, .F. ) ;
#1587 = CARTESIAN_POINT ( 'NONE',  ( -0.2500000000000002220, 0.000000000000000000, 0.7500000000000000000 ) ) ;
#1588 = ORIENTED_EDGE ( 'NONE', *, *, #4272, .F. ) ;
#1589 = EDGE_LOOP ( 'NONE', ( #6434, #5314, #4677, #7145 ) ) ;
#1590 = DIRECTION ( 'NONE',  ( 0.000000000000000000, 0.000000000000000000, -1.000000000000000000 ) ) ;
#1591 = PRODUCT_DEFINITION ( 'UNKNOWN', '', #4574, #4917 ) ;
#1592 = DIRECTION ( 'NONE',  ( 1.000000000000000000, 0.000000000000000000, 0.000000000000000000 ) ) ;
#1593 = CARTESIAN_POINT ( 'NONE',  ( 15.45000000000000107, 6.275000000000004796, -0.1000000000000002137 ) ) ;
#1594 = DIRECTION ( 'NONE',  ( 1.195124682037070119E-16, -1.000000000000000000, 0.000000000000000000 ) ) ;
#1595 = VERTEX_POINT ( 'NONE', #4175 ) ;
#1596 = ORIENTED_EDGE ( 'NONE', *, *, #5520, .T. ) ;
#1597 = ORIENTED_EDGE ( 'NONE', *, *, #7150, .F. ) ;
#1598 = LINE ( 'NONE', #2134, #1397 ) ;
#1599 = EDGE_CURVE ( 'NONE', #6439, #5870, #3633, .T. ) ;
#1600 = DIRECTION ( 'NONE',  ( -1.000000000000000000, 0.000000000000000000, 0.000000000000000000 ) ) ;
#1601 = CARTESIAN_POINT ( 'NONE',  ( 13.75000000000000000, 0.000000000000000000, 0.7499999999999997780 ) ) ;
#1602 = ADVANCED_FACE ( 'NONE', ( #4214 ), #2574, .F. ) ;
#1603 = CARTESIAN_POINT ( 'NONE',  ( -14.51500000000000057, 5.375000000000000000, 2.224999999999999645 ) ) ;
#1604 = ORIENTED_EDGE ( 'NONE', *, *, #5186, .T. ) ;
#1605 = FACE_OUTER_BOUND ( 'NONE', #2131, .T. ) ;
#1606 = ADVANCED_FACE ( 'NONE', ( #7063 ), #1889, .F. ) ;
#1607 = ORIENTED_EDGE ( 'NONE', *, *, #4918, .F. ) ;
#1608 = LINE ( 'NONE', #6018, #3237 ) ;
#1609 = ADVANCED_FACE ( 'NONE', ( #1412 ), #1990, .T. ) ;
#1610 = PLANE ( 'NONE',  #5328 ) ;
#1611 = LINE ( 'NONE', #3822, #6207 ) ;
#1612 = EDGE_LOOP ( 'NONE', ( #1631, #6498, #4346, #1432 ) ) ;
#1613 = FACE_OUTER_BOUND ( 'NONE', #5299, .T. ) ;
#1614 = ORIENTED_EDGE ( 'NONE', *, *, #4341, .T. ) ;
#1615 = DIRECTION ( 'NONE',  ( -1.000000000000000000, 0.000000000000000000, -0.000000000000000000 ) ) ;
#1616 = VECTOR ( 'NONE', #784, 1000.000000000000000 ) ;
#1617 = ORIENTED_EDGE ( 'NONE', *, *, #1132, .F. ) ;
#1618 = CARTESIAN_POINT ( 'NONE',  ( 6.250000000000000000, 6.500000000000003553, -0.7499999999999996669 ) ) ;
#1619 = ORIENTED_EDGE ( 'NONE', *, *, #190, .F. ) ;
#1620 = DIRECTION ( 'NONE',  ( 1.000000000000000000, 0.000000000000000000, 0.000000000000000000 ) ) ;
#1621 = CARTESIAN_POINT ( 'NONE',  ( -1.749999999999999778, 1.624999999999999778, -0.7499999999999995559 ) ) ;
#1622 = VECTOR ( 'NONE', #4948, 1000.000000000000000 ) ;
#1623 = DIRECTION ( 'NONE',  ( -0.000000000000000000, 0.000000000000000000, 1.000000000000000000 ) ) ;
#1624 = VECTOR ( 'NONE', #1994, 1000.000000000000000 ) ;
#1625 = CARTESIAN_POINT ( 'NONE',  ( 11.46499999999999808, 1.624999999999999778, 1.250000000000000222 ) ) ;
#1626 = DIRECTION ( 'NONE',  ( 1.000000000000000000, 1.195124682037070119E-16, 0.000000000000000000 ) ) ;
#1627 = VECTOR ( 'NONE', #1365, 1000.000000000000000 ) ;
#1628 = LINE ( 'NONE', #6742, #5475 ) ;
#1629 = VECTOR ( 'NONE', #6660, 1000.000000000000000 ) ;
#1630 = VERTEX_POINT ( 'NONE', #3046 ) ;
#1631 = ORIENTED_EDGE ( 'NONE', *, *, #4794, .F. ) ;
#1632 = CARTESIAN_POINT ( 'NONE',  ( 1.749999999999999778, 6.500000000000003553, -0.7499999999999996669 ) ) ;
#1633 = VERTEX_POINT ( 'NONE', #6457 ) ;
#1634 = LINE ( 'NONE', #2100, #3935 ) ;
#1635 = ORIENTED_EDGE ( 'NONE', *, *, #5918, .F. ) ;
#1636 = VECTOR ( 'NONE', #1065, 1000.000000000000000 ) ;
#1637 = VECTOR ( 'NONE', #7136, 1000.000000000000000 ) ;
#1638 = PRODUCT_DEFINITION_SHAPE ( 'NONE', 'NONE',  #7199 ) ;
#1639 = LINE ( 'NONE', #6189, #4196 ) ;
#1640 = AXIS2_PLACEMENT_3D ( 'NONE', #124, #6863, #1229 ) ;
#1641 = CARTESIAN_POINT ( 'NONE',  ( -4.250000000000000000, 0.000000000000000000, 0.7500000000000000000 ) ) ;
#1642 = VERTEX_POINT ( 'NONE', #5861 ) ;
#1643 = FACE_OUTER_BOUND ( 'NONE', #4826, .T. ) ;
#1644 = CARTESIAN_POINT ( 'NONE',  ( 7.750000000000000000, 0.000000000000000000, 1.250000000000000222 ) ) ;
#1645 = CARTESIAN_POINT ( 'NONE',  ( 13.75000000000000000, 6.500000000000003553, 1.250000000000000222 ) ) ;
#1646 = CARTESIAN_POINT ( 'NONE',  ( -1.749999999999999778, 0.000000000000000000, -1.250000000000000000 ) ) ;
#1647 = CARTESIAN_POINT ( 'NONE',  ( -0.2500000000000002220, 0.000000000000000000, -1.250000000000000000 ) ) ;
#1648 = VECTOR ( 'NONE', #4092, 1000.000000000000000 ) ;
#1649 = EDGE_CURVE ( 'NONE', #2002, #7064, #2527, .T. ) ;
#1650 = ORIENTED_EDGE ( 'NONE', *, *, #6668, .F. ) ;
#1651 = EDGE_LOOP ( 'NONE', ( #1972, #7069, #3792, #5252 ) ) ;
#1652 = AXIS2_PLACEMENT_3D ( 'NONE', #6231, #668, #1207 ) ;
#1653 = VERTEX_POINT ( 'NONE', #1484 ) ;
#1654 = CARTESIAN_POINT ( 'NONE',  ( -13.46499999999999986, 5.375000000000000000, -2.225000000000000533 ) ) ;
#1655 = VECTOR ( 'NONE', #2953, 1000.000000000000000 ) ;
#1656 = EDGE_CURVE ( 'NONE', #336, #4510, #1451, .T. ) ;
#1657 = VERTEX_POINT ( 'NONE', #5895 ) ;
#1658 = LINE ( 'NONE', #3907, #4665 ) ;
#1659 = VERTEX_POINT ( 'NONE', #5936 ) ;
#1660 = CARTESIAN_POINT ( 'NONE',  ( -13.80236352087676899, -2.869119849266600131, -0.8023635208767682103 ) ) ;
#1661 = VECTOR ( 'NONE', #3542, 1000.000000000000000 ) ;
#1662 = CONTEXT_DEPENDENT_SHAPE_REPRESENTATION ( #4400, #5534 ) ;
#1663 = LINE ( 'NONE', #86, #4444 ) ;
#1664 = EDGE_CURVE ( 'NONE', #4946, #1642, #950, .T. ) ;
#1665 = CARTESIAN_POINT ( 'NONE',  ( 9.750000000000000000, 0.000000000000000000, 1.250000000000000222 ) ) ;
#1666 = VECTOR ( 'NONE', #5820, 1000.000000000000000 ) ;
#1667 = LINE ( 'NONE', #2884, #6179 ) ;
#1668 = ORIENTED_EDGE ( 'NONE', *, *, #2735, .F. ) ;
#1669 = ORIENTED_EDGE ( 'NONE', *, *, #5744, .F. ) ;
#1670 = VERTEX_POINT ( 'NONE', #4833 ) ;
#1671 = ORIENTED_EDGE ( 'NONE', *, *, #3459, .F. ) ;
#1672 = DIRECTION ( 'NONE',  ( -1.000000000000000000, -0.000000000000000000, -0.000000000000000000 ) ) ;
#1673 = DIRECTION ( 'NONE',  ( 1.000000000000000000, 0.000000000000000000, 0.000000000000000000 ) ) ;
#1674 = CARTESIAN_POINT ( 'NONE',  ( -0.2500000000000002220, 1.624999999999999778, 0.7500000000000000000 ) ) ;
#1675 = EDGE_LOOP ( 'NONE', ( #4, #5497, #6613, #2625 ) ) ;
#1676 = PLANE ( 'NONE',  #6448 ) ;
#1677 = VECTOR ( 'NONE', #3001, 1000.000000000000000 ) ;
#1678 = DIRECTION ( 'NONE',  ( 0.000000000000000000, -1.000000000000000000, 0.000000000000000000 ) ) ;
#1679 = EDGE_CURVE ( 'NONE', #7080, #2878, #448, .T. ) ;
#1680 = AXIS2_PLACEMENT_3D ( 'NONE', #6896, #4609, #689 ) ;
#1681 = VERTEX_POINT ( 'NONE', #2137 ) ;
#1682 = DIRECTION ( 'NONE',  ( 0.000000000000000000, -1.000000000000000000, 0.000000000000000000 ) ) ;
#1683 = DIRECTION ( 'NONE',  ( 0.000000000000000000, 0.000000000000000000, 1.000000000000000000 ) ) ;
#1684 = EDGE_CURVE ( 'NONE', #2219, #1570, #2612, .T. ) ;
#1685 = DIRECTION ( 'NONE',  ( 0.000000000000000000, 0.000000000000000000, -1.000000000000000000 ) ) ;
#1686 = CARTESIAN_POINT ( 'NONE',  ( -15.95000000000000284, 0.9250000000000000444, 2.149999999999999911 ) ) ;
#1687 = CARTESIAN_POINT ( 'NONE',  ( 0.000000000000000000, 6.500000000000000000, 0.000000000000000000 ) ) ;
#1688 = PRODUCT ( 'pin^BxB-PHDSS ass', 'pin^BxB-PHDSS ass', '', ( #7117 ) ) ;
#1689 = LINE ( 'NONE', #857, #2442 ) ;
#1690 = VERTEX_POINT ( 'NONE', #1528 ) ;
#1691 = EDGE_LOOP ( 'NONE', ( #2522, #3874, #266, #235 ) ) ;
#1692 = FACE_BOUND ( 'NONE', #5432, .T. ) ;
#1693 = CARTESIAN_POINT ( 'NONE',  ( -1.749999999999999778, 6.500000000000003553, 1.250000000000000444 ) ) ;
#1694 = ORIENTED_EDGE ( 'NONE', *, *, #3086, .F. ) ;
#1695 = CARTESIAN_POINT ( 'NONE',  ( -12.24000000000001087, 5.375000000000000000, 2.500000000000000444 ) ) ;
#1696 = EDGE_CURVE ( 'NONE', #6718, #4411, #4357, .T. ) ;
#1697 = ORIENTED_EDGE ( 'NONE', *, *, #830, .F. ) ;
#1698 = DIRECTION ( 'NONE',  ( 0.000000000000000000, -1.000000000000000000, 0.000000000000000000 ) ) ;
#1699 = ORIENTED_EDGE ( 'NONE', *, *, #6223, .T. ) ;
#1700 = ORIENTED_EDGE ( 'NONE', *, *, #1864, .T. ) ;
#1701 = ITEM_DEFINED_TRANSFORMATION ( 'NONE', 'NONE', #3647,  #5273 ) ;
#1702 = DIRECTION ( 'NONE',  ( 0.000000000000000000, -0.3420201433256702117, 0.9396926207859078728 ) ) ;
#1703 = CARTESIAN_POINT ( 'NONE',  ( -13.75000000000000178, 6.500000000000003553, 1.250000000000000666 ) ) ;
#1704 = ORIENTED_EDGE ( 'NONE', *, *, #3535, .F. ) ;
#1705 = ORIENTED_EDGE ( 'NONE', *, *, #3459, .T. ) ;
#1706 = ORIENTED_EDGE ( 'NONE', *, *, #222, .T. ) ;
#1707 = LINE ( 'NONE', #6679, #249 ) ;
#1708 = DIRECTION ( 'NONE',  ( 1.000000000000000000, 0.000000000000000000, 0.000000000000000000 ) ) ;
#1709 = EDGE_CURVE ( 'NONE', #5434, #6657, #6609, .T. ) ;
#1710 = CARTESIAN_POINT ( 'NONE',  ( 7.750000000000000000, 0.000000000000000000, 1.250000000000000222 ) ) ;
#1711 = VERTEX_POINT ( 'NONE', #6084 ) ;
#1712 = DIRECTION ( 'NONE',  ( -0.000000000000000000, -0.000000000000000000, 1.000000000000000000 ) ) ;
#1713 = DIRECTION ( 'NONE',  ( 0.000000000000000000, -1.000000000000000000, 0.000000000000000000 ) ) ;
#1714 = CARTESIAN_POINT ( 'NONE',  ( -13.46500000000000163, 6.500000000000000000, -2.500000000000000444 ) ) ;
#1715 = CARTESIAN_POINT ( 'NONE',  ( -15.94999999999999929, 6.500000000000000000, 2.500000000000000000 ) ) ;
#1716 = FACE_BOUND ( 'NONE', #4048, .T. ) ;
#1717 = EDGE_CURVE ( 'NONE', #2787, #2667, #4323, .T. ) ;
#1718 = EDGE_CURVE ( 'NONE', #3110, #336, #2645, .T. ) ;
#1719 = EDGE_CURVE ( 'NONE', #3427, #5871, #555, .T. ) ;
#1720 = VERTEX_POINT ( 'NONE', #2750 ) ;
#1721 = ORIENTED_EDGE ( 'NONE', *, *, #2549, .T. ) ;
#1722 = EDGE_LOOP ( 'NONE', ( #508, #2897, #6836, #2553 ) ) ;
#1723 = CARTESIAN_POINT ( 'NONE',  ( 14.25000000000000000, 1.624999999999999778, -1.250000000000000222 ) ) ;
#1724 = ORIENTED_EDGE ( 'NONE', *, *, #6869, .F. ) ;
#1725 = LINE ( 'NONE', #5508, #4296 ) ;
#1726 = FACE_BOUND ( 'NONE', #6634, .T. ) ;
#1727 = ADVANCED_FACE ( 'NONE', ( #3742 ), #5492, .T. ) ;
#1728 = ORIENTED_EDGE ( 'NONE', *, *, #5900, .T. ) ;
#1729 = CARTESIAN_POINT ( 'NONE',  ( 12.25000000000000000, 6.500000000000003553, -0.7499999999999997780 ) ) ;
#1730 = CONTEXT_DEPENDENT_SHAPE_REPRESENTATION ( #4025, #658 ) ;
#1731 = CARTESIAN_POINT ( 'NONE',  ( 13.97236314066101137, 4.314340451562333811, 2.500000000000000000 ) ) ;
#1732 = EDGE_CURVE ( 'NONE', #36, #4415, #4972, .T. ) ;
#1733 = CARTESIAN_POINT ( 'NONE',  ( -14.51500000000000057, 5.375000000000000000, -2.225000000000000533 ) ) ;
#1734 = CARTESIAN_POINT ( 'NONE',  ( -14.49999999999999822, 3.649999999999999911, 2.224999999999999645 ) ) ;
#1735 = ORIENTED_EDGE ( 'NONE', *, *, #6705, .T. ) ;
#1736 = VERTEX_POINT ( 'NONE', #1674 ) ;
#1737 = ORIENTED_EDGE ( 'NONE', *, *, #2623, .T. ) ;
#1738 = VECTOR ( 'NONE', #6252, 1000.000000000000000 ) ;
#1739 = CARTESIAN_POINT ( 'NONE',  ( 9.750000000000000000, 1.624999999999999778, -1.250000000000000222 ) ) ;
#1740 = FACE_OUTER_BOUND ( 'NONE', #4971, .T. ) ;
#1741 = VECTOR ( 'NONE', #7060, 1000.000000000000000 ) ;
#1742 = AXIS2_PLACEMENT_3D ( 'NONE', #6479, #5847, #3069 ) ;
#1743 = CARTESIAN_POINT ( 'NONE',  ( -12.46499999999999986, 1.624999999999999778, 2.500000000000000000 ) ) ;
#1744 = EDGE_CURVE ( 'NONE', #6765, #4481, #3271, .T. ) ;
#1745 = ORIENTED_EDGE ( 'NONE', *, *, #5280, .T. ) ;
#1746 = CARTESIAN_POINT ( 'NONE',  ( 1.464999999999997637, 1.624999999999999778, -0.7499999999999996669 ) ) ;
#1747 = DIRECTION ( 'NONE',  ( 0.000000000000000000, 0.000000000000000000, -1.000000000000000000 ) ) ;
#1748 = VECTOR ( 'NONE', #6136, 1000.000000000000000 ) ;
#1749 = CARTESIAN_POINT ( 'NONE',  ( -0.2500000000000002220, 0.000000000000000000, -1.250000000000000000 ) ) ;
#1750 = VECTOR ( 'NONE', #2337, 1000.000000000000000 ) ;
#1751 = DIRECTION ( 'NONE',  ( 0.000000000000000000, 0.000000000000000000, -1.000000000000000000 ) ) ;
#1752 = VECTOR ( 'NONE', #6295, 1000.000000000000000 ) ;
#1753 = ORIENTED_EDGE ( 'NONE', *, *, #4322, .F. ) ;
#1754 = DIRECTION ( 'NONE',  ( 0.000000000000000000, 0.000000000000000000, 1.000000000000000000 ) ) ;
#1755 = ORIENTED_EDGE ( 'NONE', *, *, #5053, .T. ) ;
#1756 = CARTESIAN_POINT ( 'NONE',  ( 13.46500000000000163, 5.150000000000005684, 2.224999999999999645 ) ) ;
#1757 = VERTEX_POINT ( 'NONE', #521 ) ;
#1758 = AXIS2_PLACEMENT_3D ( 'NONE', #4566, #5769, #3470 ) ;
#1759 = CARTESIAN_POINT ( 'NONE',  ( -13.75000000000000000, 5.100252258054545074, -1.250000000000000444 ) ) ;
#1760 = VECTOR ( 'NONE', #5688, 1000.000000000000000 ) ;
#1761 = LINE ( 'NONE', #2845, #3027 ) ;
#1762 = ORIENTED_EDGE ( 'NONE', *, *, #4621, .T. ) ;
#1763 = FACE_OUTER_BOUND ( 'NONE', #6810, .T. ) ;
#1764 = LINE ( 'NONE', #7169, #3050 ) ;
#1765 = EDGE_CURVE ( 'NONE', #5250, #3116, #2197, .T. ) ;
#1766 = CONTEXT_DEPENDENT_SHAPE_REPRESENTATION ( #111, #5061 ) ;
#1767 = VECTOR ( 'NONE', #2743, 1000.000000000000000 ) ;
#1768 = LINE ( 'NONE', #3364, #3730 ) ;
#1769 = ORIENTED_EDGE ( 'NONE', *, *, #190, .T. ) ;
#1770 = CARTESIAN_POINT ( 'NONE',  ( 15.01499999999999524, 6.500000000000000000, 2.224999999999999645 ) ) ;
#1771 = VECTOR ( 'NONE', #5223, 1000.000000000000000 ) ;
#1772 = DIRECTION ( 'NONE',  ( -1.000000000000000000, -0.000000000000000000, -0.000000000000000000 ) ) ;
#1773 = CARTESIAN_POINT ( 'NONE',  ( -4.250000000000000000, 0.000000000000000000, -0.7499999999999995559 ) ) ;
#1774 = DIRECTION ( 'NONE',  ( 1.000000000000000000, 0.000000000000000000, 0.000000000000000000 ) ) ;
#1775 = LINE ( 'NONE', #6220, #699 ) ;
#1776 = DIRECTION ( 'NONE',  ( 0.000000000000000000, 0.000000000000000000, 1.000000000000000000 ) ) ;
#1777 = EDGE_CURVE ( 'NONE', #876, #2119, #4434, .T. ) ;
#1778 = VECTOR ( 'NONE', #4792, 1000.000000000000000 ) ;
#1779 = DIRECTION ( 'NONE',  ( 1.000000000000000000, 0.000000000000000000, 0.000000000000000000 ) ) ;
#1780 = ORIENTED_EDGE ( 'NONE', *, *, #3574, .F. ) ;
#1781 = LINE ( 'NONE', #1847, #1170 ) ;
#1782 = DIRECTION ( 'NONE',  ( 1.000000000000000000, 0.000000000000000000, 0.000000000000000000 ) ) ;
#1783 = VECTOR ( 'NONE', #949, 1000.000000000000000 ) ;
#1784 = LINE ( 'NONE', #3998, #6928 ) ;
#1785 = DIRECTION ( 'NONE',  ( 1.000000000000000000, 0.000000000000000000, -0.000000000000000000 ) ) ;
#1786 = DIRECTION ( 'NONE',  ( 1.000000000000000000, 1.195124682037070119E-16, 0.000000000000000000 ) ) ;
#1787 = EDGE_CURVE ( 'NONE', #5720, #536, #6681, .T. ) ;
#1788 = VECTOR ( 'NONE', #2246, 1000.000000000000000 ) ;
#1789 = ORIENTED_EDGE ( 'NONE', *, *, #5031, .F. ) ;
#1790 = PLANE ( 'NONE',  #5717 ) ;
#1791 = CARTESIAN_POINT ( 'NONE',  ( 14.31867413426533808, 4.914168687704686178, 2.400000000000000355 ) ) ;
#1792 = ORIENTED_EDGE ( 'NONE', *, *, #6302, .T. ) ;
#1793 = FACE_BOUND ( 'NONE', #2170, .T. ) ;
#1794 = CARTESIAN_POINT ( 'NONE',  ( -15.45000000000000107, 6.500000000000000000, 2.225000000000000089 ) ) ;
#1795 = ORIENTED_EDGE ( 'NONE', *, *, #2341, .F. ) ;
#1796 = AXIS2_PLACEMENT_3D ( 'NONE', #6788, #1810, #6219 ) ;
#1797 = CARTESIAN_POINT ( 'NONE',  ( -12.46500000000000163, 5.149999999999998579, 2.224999999999999645 ) ) ;
#1798 = CARTESIAN_POINT ( 'NONE',  ( -10.53500000000000014, 1.624999999999999778, 0.7500000000000001110 ) ) ;
#1799 = ORIENTED_EDGE ( 'NONE', *, *, #900, .T. ) ;
#1800 = FACE_OUTER_BOUND ( 'NONE', #1122, .T. ) ;
#1801 = ITEM_DEFINED_TRANSFORMATION ( 'NONE', 'NONE', #7061,  #5273 ) ;
#1802 = ORIENTED_EDGE ( 'NONE', *, *, #5246, .T. ) ;
#1803 = EDGE_CURVE ( 'NONE', #1896, #3916, #1634, .T. ) ;
#1804 = EDGE_CURVE ( 'NONE', #6183, #479, #1569, .T. ) ;
#1805 = EDGE_CURVE ( 'NONE', #3520, #6677, #6118, .T. ) ;
#1806 = DIRECTION ( 'NONE',  ( 0.000000000000000000, 0.000000000000000000, -1.000000000000000000 ) ) ;
#1807 = VERTEX_POINT ( 'NONE', #3853 ) ;
#1808 = ORIENTED_EDGE ( 'NONE', *, *, #6, .F. ) ;
#1809 = CARTESIAN_POINT ( 'NONE',  ( -13.75000000000000178, 0.000000000000000000, -0.7499999999999994449 ) ) ;
#1810 = DIRECTION ( 'NONE',  ( 0.000000000000000000, 0.000000000000000000, 1.000000000000000000 ) ) ;
#1811 = DIRECTION ( 'NONE',  ( -1.000000000000000000, 0.000000000000000000, -0.000000000000000000 ) ) ;
#1812 = VERTEX_POINT ( 'NONE', #4907 ) ;
#1813 = CARTESIAN_POINT ( 'NONE',  ( 12.25000000000000000, 6.500000000000003553, 0.7499999999999997780 ) ) ;
#1814 = EDGE_CURVE ( 'NONE', #2179, #2223, #4868, .T. ) ;
#1815 = CARTESIAN_POINT ( 'NONE',  ( -15.95000000000000284, 0.4249999999999999889, 2.500000000000000000 ) ) ;
#1816 = LINE ( 'NONE', #1849, #175 ) ;
#1817 = CARTESIAN_POINT ( 'NONE',  ( -2.250000000000000444, 1.624999999999999778, -1.250000000000000000 ) ) ;
#1818 = CARTESIAN_POINT ( 'NONE',  ( -13.75000000000000178, 1.624999999999999778, -4.870572098594920796 ) ) ;
#1819 = EDGE_CURVE ( 'NONE', #3058, #3407, #6012, .T. ) ;
#1820 = ORIENTED_EDGE ( 'NONE', *, *, #325, .T. ) ;
#1821 = LINE ( 'NONE', #3194, #500 ) ;
#1822 = EDGE_CURVE ( 'NONE', #5728, #2787, #93, .T. ) ;
#1823 = DIRECTION ( 'NONE',  ( -0.000000000000000000, 0.000000000000000000, -1.000000000000000000 ) ) ;
#1824 = ORIENTED_EDGE ( 'NONE', *, *, #844, .F. ) ;
#1825 = CARTESIAN_POINT ( 'NONE',  ( 14.76499999999999879, 6.250000000000007105, 2.500000000000000444 ) ) ;
#1826 = ORIENTED_EDGE ( 'NONE', *, *, #6729, .F. ) ;
#1827 = LINE ( 'NONE', #4039, #4740 ) ;
#1828 = LINE ( 'NONE', #2129, #961 ) ;
#1829 = VERTEX_POINT ( 'NONE', #690 ) ;
#1830 = DIRECTION ( 'NONE',  ( -1.000000000000000000, 0.000000000000000000, 0.000000000000000000 ) ) ;
#1831 = ADVANCED_FACE ( 'NONE', ( #6789 ), #6721, .T. ) ;
#1832 = EDGE_LOOP ( 'NONE', ( #621, #2042, #2505, #2786 ) ) ;
#1833 = PLANE ( 'NONE',  #487 ) ;
#1834 = EDGE_LOOP ( 'NONE', ( #4077, #6532, #2289, #6270 ) ) ;
#1835 = DIRECTION ( 'NONE',  ( 0.000000000000000000, 1.000000000000000000, 0.000000000000000000 ) ) ;
#1836 = VERTEX_POINT ( 'NONE', #2238 ) ;
#1837 = LINE ( 'NONE', #6282, #3607 ) ;
#1838 = ORIENTED_EDGE ( 'NONE', *, *, #237, .T. ) ;
#1839 = CARTESIAN_POINT ( 'NONE',  ( -9.749999999999998224, 0.000000000000000000, -0.7499999999999994449 ) ) ;
#1840 = ADVANCED_FACE ( 'NONE', ( #1843 ), #1256, .T. ) ;
#1841 = EDGE_LOOP ( 'NONE', ( #4172, #1277, #3807, #2141 ) ) ;
#1842 = LINE ( 'NONE', #4607, #4067 ) ;
#1843 = FACE_OUTER_BOUND ( 'NONE', #6486, .T. ) ;
#1844 = AXIS2_PLACEMENT_3D ( 'NONE', #4666, #6807, #3020 ) ;
#1845 = EDGE_CURVE ( 'NONE', #2055, #76, #121, .T. ) ;
#1846 = ORIENTED_EDGE ( 'NONE', *, *, #4874, .T. ) ;
#1847 = CARTESIAN_POINT ( 'NONE',  ( 13.68999999999999773, 5.375000000000000000, 2.500000000000000000 ) ) ;
#1848 = DIRECTION ( 'NONE',  ( 0.000000000000000000, 0.000000000000000000, -1.000000000000000000 ) ) ;
#1849 = CARTESIAN_POINT ( 'NONE',  ( -15.95000000000000284, 0.9250000000000000444, 2.149999999999999911 ) ) ;
#1850 = CARTESIAN_POINT ( 'NONE',  ( 8.250000000000000000, 6.500000000000003553, 0.7499999999999998890 ) ) ;
#1851 = AXIS2_PLACEMENT_3D ( 'NONE', #69, #1200, #4616 ) ;
#1852 = VECTOR ( 'NONE', #6343, 1000.000000000000000 ) ;
#1853 = ORIENTED_EDGE ( 'NONE', *, *, #3943, .T. ) ;
#1854 = AXIS2_PLACEMENT_3D ( 'NONE', #3484, #6193, #168 ) ;
#1855 = PLANE ( 'NONE',  #1652 ) ;
#1856 = VECTOR ( 'NONE', #2551, 1000.000000000000000 ) ;
#1857 = CARTESIAN_POINT ( 'NONE',  ( 14.76499999999999879, 5.624999999999997335, -2.500000000000000444 ) ) ;
#1858 = ORIENTED_EDGE ( 'NONE', *, *, #4066, .T. ) ;
#1859 = DIRECTION ( 'NONE',  ( -0.000000000000000000, -0.000000000000000000, 1.000000000000000000 ) ) ;
#1860 = DIRECTION ( 'NONE',  ( 1.000000000000000000, 0.000000000000000000, 0.000000000000000000 ) ) ;
#1861 = ORIENTED_EDGE ( 'NONE', *, *, #3423, .F. ) ;
#1862 = LINE ( 'NONE', #811, #4528 ) ;
#1863 = AXIS2_PLACEMENT_3D ( 'NONE', #2808, #3388, #5536 ) ;
#1864 = EDGE_CURVE ( 'NONE', #3818, #3352, #1775, .T. ) ;
#1865 = DIRECTION ( 'NONE',  ( 0.000000000000000000, -0.000000000000000000, 1.000000000000000000 ) ) ;
#1866 = VERTEX_POINT ( 'NONE', #3991 ) ;
#1867 = CARTESIAN_POINT ( 'NONE',  ( -7.749999999999996447, 1.624999999999999778, -1.250000000000000000 ) ) ;
#1868 = AXIS2_PLACEMENT_3D ( 'NONE', #3737, #3266, #5489 ) ;
#1869 = LINE ( 'NONE', #6390, #4909 ) ;
#1870 = ORIENTED_EDGE ( 'NONE', *, *, #3696, .T. ) ;
#1871 = CARTESIAN_POINT ( 'NONE',  ( 14.31867413426533808, 4.914168687704686178, 2.400000000000000355 ) ) ;
#1872 = EDGE_CURVE ( 'NONE', #1985, #2102, #3444, .T. ) ;
#1873 = VECTOR ( 'NONE', #5249, 1000.000000000000000 ) ;
#1874 = DIRECTION ( 'NONE',  ( 0.000000000000000000, 0.000000000000000000, -1.000000000000000000 ) ) ;
#1875 = ORIENTED_EDGE ( 'NONE', *, *, #7068, .T. ) ;
#1876 = PLANE ( 'NONE',  #7120 ) ;
#1877 = CARTESIAN_POINT ( 'NONE',  ( 15.95000000000000284, 6.500000000000000000, 0.1250000000000001110 ) ) ;
#1878 = CARTESIAN_POINT ( 'NONE',  ( -4.535000000000002807, 1.624999999999999778, 0.7500000000000000000 ) ) ;
#1879 = VECTOR ( 'NONE', #4651, 1000.000000000000000 ) ;
#1880 = DIRECTION ( 'NONE',  ( 0.000000000000000000, 0.000000000000000000, 1.000000000000000000 ) ) ;
#1881 = DIRECTION ( 'NONE',  ( -1.000000000000000000, -0.000000000000000000, -0.000000000000000000 ) ) ;
#1882 = CARTESIAN_POINT ( 'NONE',  ( -6.250000000000001776, 0.000000000000000000, -1.250000000000000000 ) ) ;
#1883 = EDGE_CURVE ( 'NONE', #990, #3032, #657, .T. ) ;
#1884 = VECTOR ( 'NONE', #516, 1000.000000000000000 ) ;
#1885 = VERTEX_POINT ( 'NONE', #6153 ) ;
#1886 = DIRECTION ( 'NONE',  ( 0.000000000000000000, 0.000000000000000000, -1.000000000000000000 ) ) ;
#1887 = LINE ( 'NONE', #5671, #5731 ) ;
#1888 = DIRECTION ( 'NONE',  ( 1.000000000000000000, -0.000000000000000000, -0.000000000000000000 ) ) ;
#1889 = PLANE ( 'NONE',  #5566 ) ;
#1890 = VECTOR ( 'NONE', #6738, 1000.000000000000114 ) ;
#1891 = ADVANCED_FACE ( 'NONE', ( #1156 ), #5051, .F. ) ;
#1892 = AXIS2_PLACEMENT_3D ( 'NONE', #1537, #3751, #1456 ) ;
#1893 = ORIENTED_EDGE ( 'NONE', *, *, #1002, .T. ) ;
#1894 = CARTESIAN_POINT ( 'NONE',  ( 9.750000000000000000, 1.624999999999999778, -4.870572098594920796 ) ) ;
#1895 = LINE ( 'NONE', #4143, #6164 ) ;
#1896 = VERTEX_POINT ( 'NONE', #587 ) ;
#1897 = LINE ( 'NONE', #1794, #5581 ) ;
#1898 = ORIENTED_EDGE ( 'NONE', *, *, #2331, .T. ) ;
#1899 = CARTESIAN_POINT ( 'NONE',  ( 9.750000000000000000, 0.000000000000000000, 1.250000000000000222 ) ) ;
#1900 = VECTOR ( 'NONE', #7086, 1000.000000000000000 ) ;
#1901 = ORIENTED_EDGE ( 'NONE', *, *, #7144, .F. ) ;
#1902 = CARTESIAN_POINT ( 'NONE',  ( -15.45000000000000107, 1.625000000000001332, 2.225000000000000089 ) ) ;
#1903 = ORIENTED_EDGE ( 'NONE', *, *, #4120, .T. ) ;
#1904 = CARTESIAN_POINT ( 'NONE',  ( 15.12500000000000178, 3.649999999999999911, -4.870572098594920796 ) ) ;
#1905 = DIRECTION ( 'NONE',  ( -0.000000000000000000, -1.000000000000000000, -0.000000000000000000 ) ) ;
#1906 = ADVANCED_FACE ( 'NONE', ( #2892 ), #626, .T. ) ;
#1907 = VERTEX_POINT ( 'NONE', #1301 ) ;
#1908 = DIRECTION ( 'NONE',  ( -1.000000000000000000, 0.000000000000000000, -0.000000000000000000 ) ) ;
#1909 = VERTEX_POINT ( 'NONE', #3954 ) ;
#1910 = DIRECTION ( 'NONE',  ( 1.000000000000000000, 0.000000000000000000, 0.000000000000000000 ) ) ;
#1911 = ORIENTED_EDGE ( 'NONE', *, *, #441, .F. ) ;
#1912 = CARTESIAN_POINT ( 'NONE',  ( -14.49999999999999822, 3.649999999999999911, 2.224999999999999645 ) ) ;
#1913 = EDGE_CURVE ( 'NONE', #4273, #2474, #3410, .T. ) ;
#1914 = DIRECTION ( 'NONE',  ( 1.000000000000000000, 0.000000000000000000, 0.000000000000000000 ) ) ;
#1915 = ORIENTED_EDGE ( 'NONE', *, *, #4272, .T. ) ;
#1916 = DIRECTION ( 'NONE',  ( -1.000000000000000000, 0.000000000000000000, -0.000000000000000000 ) ) ;
#1917 = CARTESIAN_POINT ( 'NONE',  ( 15.95000000000000284, 0.4249999999999999889, 2.149999999999999911 ) ) ;
#1918 = CARTESIAN_POINT ( 'NONE',  ( -5.750000000000001776, 0.000000000000000000, -0.7499999999999995559 ) ) ;
#1919 = DIRECTION ( 'NONE',  ( 0.000000000000000000, -1.000000000000000000, 0.000000000000000000 ) ) ;
#1920 = CARTESIAN_POINT ( 'NONE',  ( -12.25000000000000000, 0.000000000000000000, 1.250000000000000666 ) ) ;
#1921 = EDGE_CURVE ( 'NONE', #5347, #293, #4499, .T. ) ;
#1922 = PLANE ( 'NONE',  #6800 ) ;
#1923 = DIRECTION ( 'NONE',  ( -0.000000000000000000, 0.000000000000000000, 1.000000000000000000 ) ) ;
#1924 = CARTESIAN_POINT ( 'NONE',  ( 15.95000000000000284, 6.500000000000000000, 2.500000000000000444 ) ) ;
#1925 = DIRECTION ( 'NONE',  ( -1.000000000000000000, 0.000000000000000000, -0.000000000000000000 ) ) ;
#1926 = EDGE_LOOP ( 'NONE', ( #2054, #1478, #1808, #6528 ) ) ;
#1927 = DIRECTION ( 'NONE',  ( -1.000000000000000000, 0.000000000000000000, -0.000000000000000000 ) ) ;
#1928 = DIRECTION ( 'NONE',  ( 0.000000000000000000, -1.000000000000000000, 0.000000000000000000 ) ) ;
#1929 = ADVANCED_FACE ( 'NONE', ( #1740 ), #6188, .F. ) ;
#1930 = LINE ( 'NONE', #790, #5968 ) ;
#1931 = DIRECTION ( 'NONE',  ( -1.000000000000000000, 0.000000000000000000, 0.000000000000000000 ) ) ;
#1932 = EDGE_CURVE ( 'NONE', #305, #4561, #1194, .T. ) ;
#1933 = ORIENTED_EDGE ( 'NONE', *, *, #1120, .F. ) ;
#1934 = LINE ( 'NONE', #4130, #5823 ) ;
#1935 = ORIENTED_EDGE ( 'NONE', *, *, #4755, .T. ) ;
#1936 = DIRECTION ( 'NONE',  ( -1.000000000000000000, 1.208177614423795264E-16, 0.000000000000000000 ) ) ;
#1937 = CARTESIAN_POINT ( 'NONE',  ( 10.25000000000000000, 6.500000000000003553, 0.7499999999999997780 ) ) ;
#1938 =( NAMED_UNIT ( * ) PLANE_ANGLE_UNIT ( ) SI_UNIT ( $, .RADIAN. ) );
#1939 = CARTESIAN_POINT ( 'NONE',  ( 13.46500000000000163, 5.150000000000005684, 2.224999999999999645 ) ) ;
#1940 = EDGE_CURVE ( 'NONE', #1736, #4072, #4610, .T. ) ;
#1941 = LINE ( 'NONE', #3109, #3966 ) ;
#1942 = ORIENTED_EDGE ( 'NONE', *, *, #589, .F. ) ;
#1943 = ORIENTED_EDGE ( 'NONE', *, *, #4918, .T. ) ;
#1944 = DIRECTION ( 'NONE',  ( 0.000000000000000000, 0.000000000000000000, 1.000000000000000000 ) ) ;
#1945 = LINE ( 'NONE', #6414, #5853 ) ;
#1946 = LINE ( 'NONE', #6828, #2240 ) ;
#1947 = DIRECTION ( 'NONE',  ( -1.000000000000000000, 0.000000000000000000, -0.000000000000000000 ) ) ;
#1948 = EDGE_CURVE ( 'NONE', #371, #6718, #160, .T. ) ;
#1949 = AXIS2_PLACEMENT_3D ( 'NONE', #4879, #6583, #5904 ) ;
#1950 = EDGE_CURVE ( 'NONE', #1052, #1542, #2968, .T. ) ;
#1951 = CARTESIAN_POINT ( 'NONE',  ( -12.25000000000000000, 0.000000000000000000, -0.7499999999999994449 ) ) ;
#1952 = ORIENTED_EDGE ( 'NONE', *, *, #4508, .F. ) ;
#1953 = PLANE ( 'NONE',  #2570 ) ;
#1954 = CARTESIAN_POINT ( 'NONE',  ( -9.749999999999998224, 1.624999999999999778, -0.7499999999999994449 ) ) ;
#1955 = VECTOR ( 'NONE', #6639, 1000.000000000000000 ) ;
#1956 = AXIS2_PLACEMENT_3D ( 'NONE', #2467, #4759, #7029 ) ;
#1957 = CARTESIAN_POINT ( 'NONE',  ( 15.45000000000000284, -29.59378440939045163, -2.225000000000000533 ) ) ;
#1958 = DIRECTION ( 'NONE',  ( 0.000000000000000000, 0.000000000000000000, -1.000000000000000000 ) ) ;
#1959 = EDGE_CURVE ( 'NONE', #1066, #1228, #767, .T. ) ;
#1960 = VECTOR ( 'NONE', #1848, 1000.000000000000000 ) ;
#1961 = DIRECTION ( 'NONE',  ( 0.000000000000000000, 0.000000000000000000, 1.000000000000000000 ) ) ;
#1962 = VECTOR ( 'NONE', #3649, 1000.000000000000000 ) ;
#1963 = PRODUCT_DEFINITION_SHAPE ( 'NONE', 'NONE',  #7180 ) ;
#1964 = EDGE_LOOP ( 'NONE', ( #4447, #1393, #6437, #5526 ) ) ;
#1965 = DIRECTION ( 'NONE',  ( 0.000000000000000000, -0.000000000000000000, 1.000000000000000000 ) ) ;
#1966 = ORIENTED_EDGE ( 'NONE', *, *, #5744, .T. ) ;
#1967 = DIRECTION ( 'NONE',  ( 1.000000000000000000, 0.000000000000000000, 0.000000000000000000 ) ) ;
#1968 = VERTEX_POINT ( 'NONE', #6897 ) ;
#1969 = DIRECTION ( 'NONE',  ( 0.000000000000000000, -1.000000000000000000, 0.000000000000000000 ) ) ;
#1970 = VECTOR ( 'NONE', #3894, 1000.000000000000000 ) ;
#1971 = AXIS2_PLACEMENT_3D ( 'NONE', #495, #2037, #7137 ) ;
#1972 = ORIENTED_EDGE ( 'NONE', *, *, #2267, .F. ) ;
#1973 = AXIS2_PLACEMENT_3D ( 'NONE', #6637, #1217, #985 ) ;
#1974 = PLANE ( 'NONE',  #6294 ) ;
#1975 = VERTEX_POINT ( 'NONE', #233 ) ;
#1976 = FACE_OUTER_BOUND ( 'NONE', #2624, .T. ) ;
#1977 = EDGE_CURVE ( 'NONE', #3528, #6364, #5194, .T. ) ;
#1978 = LINE ( 'NONE', #3616, #3161 ) ;
#1979 = LINE ( 'NONE', #1439, #2894 ) ;
#1980 = CARTESIAN_POINT ( 'NONE',  ( 11.75000000000000000, 0.000000000000000000, -0.7499999999999997780 ) ) ;
#1981 = VECTOR ( 'NONE', #4493, 1000.000000000000000 ) ;
#1982 = LINE ( 'NONE', #3624, #5130 ) ;
#1983 = ORIENTED_EDGE ( 'NONE', *, *, #962, .F. ) ;
#1984 = VERTEX_POINT ( 'NONE', #6330 ) ;
#1985 = VERTEX_POINT ( 'NONE', #4952 ) ;
#1986 = VECTOR ( 'NONE', #5634, 1000.000000000000000 ) ;
#1987 = CARTESIAN_POINT ( 'NONE',  ( -10.24999999999999822, 1.624999999999999778, -4.870572098594920796 ) ) ;
#1988 = CARTESIAN_POINT ( 'NONE',  ( -4.250000000000000000, 6.500000000000003553, 0.7500000000000000000 ) ) ;
#1989 = EDGE_CURVE ( 'NONE', #1545, #669, #304, .T. ) ;
#1990 = PLANE ( 'NONE',  #4169 ) ;
#1991 = AXIS2_PLACEMENT_3D ( 'NONE', #5313, #753, #1961 ) ;
#1992 = ORIENTED_EDGE ( 'NONE', *, *, #1071, .T. ) ;
#1993 = LINE ( 'NONE', #4218, #2687 ) ;
#1994 = DIRECTION ( 'NONE',  ( -1.000000000000000000, 0.000000000000000000, 0.000000000000000000 ) ) ;
#1995 = VECTOR ( 'NONE', #3655, 1000.000000000000000 ) ;
#1996 = EDGE_CURVE ( 'NONE', #2747, #5247, #560, .T. ) ;
#1997 = DIRECTION ( 'NONE',  ( 1.195124682037070119E-16, -1.000000000000000000, 0.000000000000000000 ) ) ;
#1998 = DIRECTION ( 'NONE',  ( 0.000000000000000000, 0.000000000000000000, -1.000000000000000000 ) ) ;
#1999 = PLANE ( 'NONE',  #1949 ) ;
#2000 = VECTOR ( 'NONE', #5085, 1000.000000000000000 ) ;
#2001 = DIRECTION ( 'NONE',  ( 0.000000000000000000, -1.000000000000000000, 0.000000000000000000 ) ) ;
#2002 = VERTEX_POINT ( 'NONE', #2726 ) ;
#2003 = EDGE_LOOP ( 'NONE', ( #6942, #3692, #427, #6475 ) ) ;
#2004 = ORIENTED_EDGE ( 'NONE', *, *, #200, .F. ) ;
#2005 = DIRECTION ( 'NONE',  ( 0.7071067811865536790, 0.7071067811865414665, -0.000000000000000000 ) ) ;
#2006 = VECTOR ( 'NONE', #71, 1000.000000000000000 ) ;
#2007 = CARTESIAN_POINT ( 'NONE',  ( -2.250000000000000444, 0.000000000000000000, -0.7499999999999995559 ) ) ;
#2008 = ADVANCED_FACE ( 'NONE', ( #455 ), #2756, .T. ) ;
#2009 = VERTEX_POINT ( 'NONE', #4913 ) ;
#2010 = AXIS2_PLACEMENT_3D ( 'NONE', #766, #5662, #5261 ) ;
#2011 = DIRECTION ( 'NONE',  ( 1.000000000000000000, 0.000000000000000000, -0.000000000000000000 ) ) ;
#2012 = ORIENTED_EDGE ( 'NONE', *, *, #2239, .F. ) ;
#2013 = VERTEX_POINT ( 'NONE', #28 ) ;
#2014 = LINE ( 'NONE', #5407, #1269 ) ;
#2015 = CARTESIAN_POINT ( 'NONE',  ( -14.76499999999999879, 5.624999999999993783, -2.500000000000000444 ) ) ;
#2016 = DIRECTION ( 'NONE',  ( 0.000000000000000000, 1.000000000000000000, 1.239088197126290669E-15 ) ) ;
#2017 = EDGE_CURVE ( 'NONE', #3843, #399, #2651, .T. ) ;
#2018 = FACE_OUTER_BOUND ( 'NONE', #911, .T. ) ;
#2019 = DIRECTION ( 'NONE',  ( 0.000000000000000000, 0.000000000000000000, 1.000000000000000000 ) ) ;
#2020 = CARTESIAN_POINT ( 'NONE',  ( -4.250000000000000000, 0.000000000000000000, 0.7500000000000000000 ) ) ;
#2021 = EDGE_CURVE ( 'NONE', #1443, #3076, #4398, .T. ) ;
#2022 = ADVANCED_FACE ( 'NONE', ( #2205 ), #2690, .T. ) ;
#2023 = CARTESIAN_POINT ( 'NONE',  ( 13.46499999999999808, 1.624999999999999778, 0.7499999999999997780 ) ) ;
#2024 = VERTEX_POINT ( 'NONE', #993 ) ;
#2025 = ORIENTED_EDGE ( 'NONE', *, *, #1549, .T. ) ;
#2026 = EDGE_LOOP ( 'NONE', ( #4520, #1735, #3367, #7045 ) ) ;
#2027 = DIRECTION ( 'NONE',  ( -0.8660254037844382635, -0.5000000000000008882, 0.000000000000000000 ) ) ;
#2028 = ORIENTED_EDGE ( 'NONE', *, *, #1040, .F. ) ;
#2029 = CARTESIAN_POINT ( 'NONE',  ( -14.15000000000000036, -3.000000000000000000, -1.250000000000000444 ) ) ;
#2030 = SURFACE_SIDE_STYLE ('',( #5384 ) ) ;
#2031 = DIRECTION ( 'NONE',  ( 0.7071067811865536790, -0.7071067811865414665, 0.000000000000000000 ) ) ;
#2032 = VERTEX_POINT ( 'NONE', #6049 ) ;
#2033 = EDGE_CURVE ( 'NONE', #4720, #3844, #2142, .T. ) ;
#2034 = LINE ( 'NONE', #2530, #51 ) ;
#2035 = ORIENTED_EDGE ( 'NONE', *, *, #1486, .F. ) ;
#2036 = DIRECTION ( 'NONE',  ( -1.000000000000000000, 0.000000000000000000, 0.000000000000000000 ) ) ;
#2037 = DIRECTION ( 'NONE',  ( -0.7071067811865414665, -0.7071067811865536790, 0.000000000000000000 ) ) ;
#2038 = EDGE_CURVE ( 'NONE', #1909, #5658, #3787, .T. ) ;
#2039 = ADVANCED_FACE ( 'NONE', ( #7176 ), #6536, .T. ) ;
#2040 = ORIENTED_EDGE ( 'NONE', *, *, #6016, .T. ) ;
#2041 = CARTESIAN_POINT ( 'NONE',  ( -6.250000000000001776, 6.500000000000003553, 0.7500000000000000000 ) ) ;
#2042 = ORIENTED_EDGE ( 'NONE', *, *, #3333, .T. ) ;
#2043 = LINE ( 'NONE', #3716, #6052 ) ;
#2044 = EDGE_CURVE ( 'NONE', #1681, #3843, #6614, .T. ) ;
#2045 = ORIENTED_EDGE ( 'NONE', *, *, #5006, .F. ) ;
#2046 = FACE_OUTER_BOUND ( 'NONE', #6586, .T. ) ;
#2047 = VERTEX_POINT ( 'NONE', #3196 ) ;
#2048 = EDGE_LOOP ( 'NONE', ( #3717, #6085, #887, #1249 ) ) ;
#2049 = PLANE ( 'NONE',  #4517 ) ;
#2050 = PLANE ( 'NONE',  #395 ) ;
#2051 = LINE ( 'NONE', #1558, #2792 ) ;
#2052 = DIRECTION ( 'NONE',  ( 1.000000000000000000, 0.000000000000000000, 0.000000000000000000 ) ) ;
#2053 = CARTESIAN_POINT ( 'NONE',  ( 14.25000000000000000, 0.000000000000000000, -1.250000000000000222 ) ) ;
#2054 = ORIENTED_EDGE ( 'NONE', *, *, #2130, .T. ) ;
#2055 = VERTEX_POINT ( 'NONE', #4873 ) ;
#2056 = ORIENTED_EDGE ( 'NONE', *, *, #5885, .F. ) ;
#2057 = FACE_OUTER_BOUND ( 'NONE', #4772, .T. ) ;
#2058 = ORIENTED_EDGE ( 'NONE', *, *, #5848, .T. ) ;
#2059 = DIRECTION ( 'NONE',  ( 0.000000000000000000, -1.000000000000000000, 0.000000000000000000 ) ) ;
#2060 =( NAMED_UNIT ( * ) PLANE_ANGLE_UNIT ( ) SI_UNIT ( $, .RADIAN. ) );
#2061 = DIRECTION ( 'NONE',  ( -0.000000000000000000, -0.000000000000000000, -1.000000000000000000 ) ) ;
#2062 = VERTEX_POINT ( 'NONE', #2065 ) ;
#2063 = LINE ( 'NONE', #6534, #5484 ) ;
#2064 = VERTEX_POINT ( 'NONE', #6648 ) ;
#2065 = CARTESIAN_POINT ( 'NONE',  ( -12.25000000000000000, 0.000000000000000000, 0.7500000000000001110 ) ) ;
#2066 = ADVANCED_FACE ( 'NONE', ( #1643 ), #5981, .F. ) ;
#2067 = DIRECTION ( 'NONE',  ( 0.000000000000000000, 0.000000000000000000, 1.000000000000000000 ) ) ;
#2068 = FACE_OUTER_BOUND ( 'NONE', #5065, .T. ) ;
#2069 = FACE_OUTER_BOUND ( 'NONE', #1926, .T. ) ;
#2070 = DIRECTION ( 'NONE',  ( 0.000000000000000000, -1.000000000000000000, 0.000000000000000000 ) ) ;
#2071 = VECTOR ( 'NONE', #21, 1000.000000000000000 ) ;
#2072 = ORIENTED_EDGE ( 'NONE', *, *, #5986, .T. ) ;
#2073 = LINE ( 'NONE', #5468, #627 ) ;
#2074 = ORIENTED_EDGE ( 'NONE', *, *, #1664, .T. ) ;
#2075 = PLANE ( 'NONE',  #936 ) ;
#2076 = ADVANCED_FACE ( 'NONE', ( #7134 ), #6092, .T. ) ;
#2077 = VECTOR ( 'NONE', #773, 1000.000000000000000 ) ;
#2078 = VECTOR ( 'NONE', #7153, 1000.000000000000000 ) ;
#2079 = ORIENTED_EDGE ( 'NONE', *, *, #673, .T. ) ;
#2080 = DIRECTION ( 'NONE',  ( -0.000000000000000000, 0.000000000000000000, -1.000000000000000000 ) ) ;
#2081 = VERTEX_POINT ( 'NONE', #1133 ) ;
#2082 = VERTEX_POINT ( 'NONE', #5529 ) ;
#2083 = CARTESIAN_POINT ( 'NONE',  ( 15.45000000000000107, 6.500000000000000000, 0.1250000000000001110 ) ) ;
#2084 = VECTOR ( 'NONE', #5022, 1000.000000000000000 ) ;
#2085 = DIRECTION ( 'NONE',  ( -0.000000000000000000, 0.000000000000000000, 1.000000000000000000 ) ) ;
#2086 = EDGE_CURVE ( 'NONE', #1454, #2032, #5392, .T. ) ;
#2087 = VECTOR ( 'NONE', #3727, 1000.000000000000000 ) ;
#2088 = DIRECTION ( 'NONE',  ( 0.000000000000000000, -1.000000000000000000, 0.000000000000000000 ) ) ;
#2089 = SHAPE_DEFINITION_REPRESENTATION ( #81, #6340 ) ;
#2090 = DIRECTION ( 'NONE',  ( -1.000000000000000000, 0.000000000000000000, 0.000000000000000000 ) ) ;
#2091 = VECTOR ( 'NONE', #4903, 1000.000000000000000 ) ;
#2092 = DIRECTION ( 'NONE',  ( 0.000000000000000000, -1.000000000000000000, 0.000000000000000000 ) ) ;
#2093 = ORIENTED_EDGE ( 'NONE', *, *, #1130, .T. ) ;
#2094 = EDGE_LOOP ( 'NONE', ( #1903, #6218, #6388, #3811 ) ) ;
#2095 = ORIENTED_EDGE ( 'NONE', *, *, #5656, .F. ) ;
#2096 = DIRECTION ( 'NONE',  ( -1.000000000000000000, 0.000000000000000000, -0.000000000000000000 ) ) ;
#2097 = VECTOR ( 'NONE', #2297, 1000.000000000000000 ) ;
#2098 = CARTESIAN_POINT ( 'NONE',  ( 6.250000000000000000, 0.000000000000000000, 0.7499999999999998890 ) ) ;
#2099 = EDGE_CURVE ( 'NONE', #1574, #6105, #1608, .T. ) ;
#2100 = CARTESIAN_POINT ( 'NONE',  ( -6.250000000000001776, 6.500000000000003553, 0.7500000000000000000 ) ) ;
#2101 = VECTOR ( 'NONE', #1874, 1000.000000000000000 ) ;
#2102 = VERTEX_POINT ( 'NONE', #736 ) ;
#2103 = CARTESIAN_POINT ( 'NONE',  ( -9.749999999999998224, 6.500000000000003553, 1.250000000000000444 ) ) ;
#2104 = ORIENTED_EDGE ( 'NONE', *, *, #2281, .F. ) ;
#2105 = ADVANCED_FACE ( 'NONE', ( #6752 ), #2832, .T. ) ;
#2106 = CARTESIAN_POINT ( 'NONE',  ( 9.750000000000000000, 6.500000000000003553, -0.7499999999999997780 ) ) ;
#2107 = CARTESIAN_POINT ( 'NONE',  ( -2.250000000000000444, 1.624999999999999778, 0.7500000000000000000 ) ) ;
#2108 = ADVANCED_FACE ( 'NONE', ( #662 ), #3379, .F. ) ;
#2109 = EDGE_CURVE ( 'NONE', #4836, #1829, #594, .T. ) ;
#2110 = VECTOR ( 'NONE', #5074, 1000.000000000000000 ) ;
#2111 = DIRECTION ( 'NONE',  ( 0.000000000000000000, 0.000000000000000000, -1.000000000000000000 ) ) ;
#2112 = AXIS2_PLACEMENT_3D ( 'NONE', #2916, #1594, #1626 ) ;
#2113 = LINE ( 'NONE', #5906, #1539 ) ;
#2114 = ORIENTED_EDGE ( 'NONE', *, *, #5665, .F. ) ;
#2115 = FACE_OUTER_BOUND ( 'NONE', #556, .T. ) ;
#2116 = VERTEX_POINT ( 'NONE', #6296 ) ;
#2117 = CARTESIAN_POINT ( 'NONE',  ( -9.749999999999998224, 6.500000000000003553, -0.7499999999999994449 ) ) ;
#2118 = AXIS2_PLACEMENT_3D ( 'NONE', #7154, #7083, #4269 ) ;
#2119 = VERTEX_POINT ( 'NONE', #5712 ) ;
#2120 = DIRECTION ( 'NONE',  ( 1.000000000000000000, 0.000000000000000000, 0.000000000000000000 ) ) ;
#2121 = VERTEX_POINT ( 'NONE', #2899 ) ;
#2122 = EDGE_CURVE ( 'NONE', #1290, #305, #2937, .T. ) ;
#2123 = ORIENTED_EDGE ( 'NONE', *, *, #1445, .F. ) ;
#2124 = PLANE ( 'NONE',  #5801 ) ;
#2125 = VECTOR ( 'NONE', #663, 1000.000000000000000 ) ;
#2126 = DIRECTION ( 'NONE',  ( 1.000000000000000000, 0.000000000000000000, 0.000000000000000000 ) ) ;
#2127 = AXIS2_PLACEMENT_3D ( 'NONE', #7118, #6972, #869 ) ;
#2128 = EDGE_CURVE ( 'NONE', #6184, #411, #4065, .T. ) ;
#2129 = CARTESIAN_POINT ( 'NONE',  ( -12.25000000000000000, 0.000000000000000000, 0.7500000000000001110 ) ) ;
#2130 = EDGE_CURVE ( 'NONE', #4870, #5045, #6864, .T. ) ;
#2131 = EDGE_LOOP ( 'NONE', ( #5551, #3336, #3309, #6503 ) ) ;
#2132 = EDGE_LOOP ( 'NONE', ( #2151, #6575, #1090, #5405 ) ) ;
#2133 = ORIENTED_EDGE ( 'NONE', *, *, #912, .F. ) ;
#2134 = CARTESIAN_POINT ( 'NONE',  ( -15.95000000000000284, 4.250000000000000000, -0.8500000000000005329 ) ) ;
#2135 = DIRECTION ( 'NONE',  ( 1.000000000000000000, 0.000000000000000000, 0.000000000000000000 ) ) ;
#2136 = AXIS2_PLACEMENT_3D ( 'NONE', #4134, #1337, #1914 ) ;
#2137 = CARTESIAN_POINT ( 'NONE',  ( -15.95000000000000284, 6.500000000000000000, -2.500000000000000444 ) ) ;
#2138 = CARTESIAN_POINT ( 'NONE',  ( -12.24000000000001087, 6.500000000000000000, -2.500000000000000444 ) ) ;
#2139 = EDGE_LOOP ( 'NONE', ( #1846, #1875, #5423, #5469 ) ) ;
#2140 = LINE ( 'NONE', #2243, #1060 ) ;
#2141 = ORIENTED_EDGE ( 'NONE', *, *, #2099, .F. ) ;
#2142 = LINE ( 'NONE', #5457, #3583 ) ;
#2143 = CARTESIAN_POINT ( 'NONE',  ( -1.749999999999999778, 0.000000000000000000, 0.7500000000000000000 ) ) ;
#2144 = DIRECTION ( 'NONE',  ( -1.000000000000000000, -0.000000000000000000, -0.000000000000000000 ) ) ;
#2145 = LINE ( 'NONE', #6582, #742 ) ;
#2146 = DIRECTION ( 'NONE',  ( 0.000000000000000000, -1.000000000000000000, 0.000000000000000000 ) ) ;
#2147 = ORIENTED_EDGE ( 'NONE', *, *, #6121, .F. ) ;
#2148 = VERTEX_POINT ( 'NONE', #1263 ) ;
#2149 = DIRECTION ( 'NONE',  ( -0.000000000000000000, 0.000000000000000000, 1.000000000000000000 ) ) ;
#2150 = EDGE_CURVE ( 'NONE', #2082, #3916, #2389, .T. ) ;
#2151 = ORIENTED_EDGE ( 'NONE', *, *, #4824, .T. ) ;
#2152 = LINE ( 'NONE', #2628, #6772 ) ;
#2153 = ORIENTED_EDGE ( 'NONE', *, *, #4431, .F. ) ;
#2154 = DIRECTION ( 'NONE',  ( 0.000000000000000000, 0.000000000000000000, -1.000000000000000000 ) ) ;
#2155 = VERTEX_POINT ( 'NONE', #5600 ) ;
#2156 = CARTESIAN_POINT ( 'NONE',  ( -13.46499999999999986, 1.624999999999999778, 2.500000000000000000 ) ) ;
#2157 = LINE ( 'NONE', #5480, #1419 ) ;
#2158 = DIRECTION ( 'NONE',  ( 0.000000000000000000, 0.000000000000000000, -1.000000000000000000 ) ) ;
#2159 = VERTEX_POINT ( 'NONE', #1164 ) ;
#2160 = VERTEX_POINT ( 'NONE', #6158 ) ;
#2161 = ORIENTED_EDGE ( 'NONE', *, *, #254, .F. ) ;
#2162 = DIRECTION ( 'NONE',  ( 7.080503983578863974E-16, -1.000000000000000000, 0.000000000000000000 ) ) ;
#2163 = ADVANCED_FACE ( 'NONE', ( #205 ), #2312, .T. ) ;
#2164 = DIRECTION ( 'NONE',  ( 0.000000000000000000, 0.000000000000000000, 1.000000000000000000 ) ) ;
#2165 = DIRECTION ( 'NONE',  ( 1.000000000000000000, 0.000000000000000000, -0.000000000000000000 ) ) ;
#2166 = ORIENTED_EDGE ( 'NONE', *, *, #4253, .T. ) ;
#2167 = EDGE_CURVE ( 'NONE', #3034, #4171, #633, .T. ) ;
#2168 = CARTESIAN_POINT ( 'NONE',  ( 10.25000000000000000, 6.500000000000003553, 1.250000000000000222 ) ) ;
#2169 = CARTESIAN_POINT ( 'NONE',  ( -13.84999999999999964, -3.000000000000000000, -0.8499999999999999778 ) ) ;
#2170 = EDGE_LOOP ( 'NONE', ( #2476, #5437, #3184, #4063 ) ) ;
#2171 = CARTESIAN_POINT ( 'NONE',  ( -5.750000000000001776, 6.500000000000003553, -0.7499999999999995559 ) ) ;
#2172 = EDGE_CURVE ( 'NONE', #1480, #1736, #5024, .T. ) ;
#2173 = CARTESIAN_POINT ( 'NONE',  ( -10.24999999999999822, 6.500000000000003553, 0.7500000000000001110 ) ) ;
#2174 = CARTESIAN_POINT ( 'NONE',  ( 3.750000000000000000, 0.000000000000000000, -1.250000000000000000 ) ) ;
#2175 = EDGE_CURVE ( 'NONE', #3904, #5359, #3418, .T. ) ;
#2176 = LINE ( 'NONE', #3711, #5027 ) ;
#2177 = DIRECTION ( 'NONE',  ( 1.000000000000000000, 0.000000000000000000, 0.000000000000000000 ) ) ;
#2178 = ORIENTED_EDGE ( 'NONE', *, *, #7010, .T. ) ;
#2179 = VERTEX_POINT ( 'NONE', #5084 ) ;
#2180 = CARTESIAN_POINT ( 'NONE',  ( -10.24999999999999822, 0.000000000000000000, -0.7499999999999994449 ) ) ;
#2181 = EDGE_CURVE ( 'NONE', #3886, #3818, #5562, .T. ) ;
#2182 = VECTOR ( 'NONE', #531, 1000.000000000000000 ) ;
#2183 = ORIENTED_EDGE ( 'NONE', *, *, #5053, .F. ) ;
#2184 = CARTESIAN_POINT ( 'NONE',  ( 14.25000000000000000, 0.000000000000000000, -0.7499999999999997780 ) ) ;
#2185 = ORIENTED_EDGE ( 'NONE', *, *, #2583, .T. ) ;
#2186 = CARTESIAN_POINT ( 'NONE',  ( -14.25000000000000178, 6.500000000000003553, -1.249999999999999778 ) ) ;
#2187 = VERTEX_POINT ( 'NONE', #2798 ) ;
#2188 = VECTOR ( 'NONE', #6289, 1000.000000000000000 ) ;
#2189 = VECTOR ( 'NONE', #6109, 1000.000000000000000 ) ;
#2190 = CARTESIAN_POINT ( 'NONE',  ( -15.95000000000000284, 6.274999999999999467, -0.8500000000000005329 ) ) ;
#2191 = EDGE_CURVE ( 'NONE', #4606, #7017, #2357, .T. ) ;
#2192 = CARTESIAN_POINT ( 'NONE',  ( -0.2500000000000002220, 6.500000000000003553, -0.7499999999999995559 ) ) ;
#2193 = VECTOR ( 'NONE', #1835, 1000.000000000000000 ) ;
#2194 = ORIENTED_EDGE ( 'NONE', *, *, #3481, .T. ) ;
#2195 = ORIENTED_EDGE ( 'NONE', *, *, #3401, .F. ) ;
#2196 = ORIENTED_EDGE ( 'NONE', *, *, #3552, .T. ) ;
#2197 = LINE ( 'NONE', #1125, #7116 ) ;
#2198 = ORIENTED_EDGE ( 'NONE', *, *, #5134, .F. ) ;
#2199 = VECTOR ( 'NONE', #5944, 1000.000000000000000 ) ;
#2200 = DIRECTION ( 'NONE',  ( 1.000000000000000000, -0.000000000000000000, -0.000000000000000000 ) ) ;
#2201 = ORIENTED_EDGE ( 'NONE', *, *, #3210, .F. ) ;
#2202 = AXIS2_PLACEMENT_3D ( 'NONE', #5817, #799, #6453 ) ;
#2203 = PLANE ( 'NONE',  #2900 ) ;
#2204 = EDGE_CURVE ( 'NONE', #2387, #1659, #4476, .T. ) ;
#2205 = FACE_OUTER_BOUND ( 'NONE', #5114, .T. ) ;
#2206 = LINE ( 'NONE', #1714, #2000 ) ;
#2207 = LINE ( 'NONE', #3898, #979 ) ;
#2208 = CARTESIAN_POINT ( 'NONE',  ( 13.46499999999999808, 1.624999999999999778, -4.870572098594920796 ) ) ;
#2209 = VECTOR ( 'NONE', #253, 1000.000000000000000 ) ;
#2210 =( REPRESENTATION_RELATIONSHIP ('NONE','NONE', #1131, #6340 ) REPRESENTATION_RELATIONSHIP_WITH_TRANSFORMATION ( #1147 )SHAPE_REPRESENTATION_RELATIONSHIP( ) );
#2211 = EDGE_CURVE ( 'NONE', #5867, #4125, #125, .T. ) ;
#2212 = VERTEX_POINT ( 'NONE', #4578 ) ;
#2213 = ORIENTED_EDGE ( 'NONE', *, *, #3359, .T. ) ;
#2214 = VECTOR ( 'NONE', #2274, 1000.000000000000000 ) ;
#2215 = CARTESIAN_POINT ( 'NONE',  ( 14.25000000000000000, 6.500000000000003553, 1.250000000000000222 ) ) ;
#2216 = ORIENTED_EDGE ( 'NONE', *, *, #2544, .T. ) ;
#2217 = DIRECTION ( 'NONE',  ( -0.000000000000000000, 0.000000000000000000, 1.000000000000000000 ) ) ;
#2218 = COLOUR_RGB ( '',0.7960784313725489669, 0.8235294117647058432, 0.9372549019607843146 ) ;
#2219 = VERTEX_POINT ( 'NONE', #6826 ) ;
#2220 = FACE_BOUND ( 'NONE', #4227, .T. ) ;
#2221 = ORIENTED_EDGE ( 'NONE', *, *, #4283, .F. ) ;
#2222 = DIRECTION ( 'NONE',  ( 0.000000000000000000, 1.000000000000000000, 0.000000000000000000 ) ) ;
#2223 = VERTEX_POINT ( 'NONE', #4029 ) ;
#2224 = VECTOR ( 'NONE', #2486, 1000.000000000000000 ) ;
#2225 = DIRECTION ( 'NONE',  ( 0.000000000000000000, 0.000000000000000000, -1.000000000000000000 ) ) ;
#2226 = ITEM_DEFINED_TRANSFORMATION ( 'NONE', 'NONE', #6102,  #5273 ) ;
#2227 = DIRECTION ( 'NONE',  ( 1.000000000000000000, 0.000000000000000000, 0.000000000000000000 ) ) ;
#2228 = DIRECTION ( 'NONE',  ( 0.000000000000000000, 0.000000000000000000, -1.000000000000000000 ) ) ;
#2229 = VECTOR ( 'NONE', #2619, 1000.000000000000000 ) ;
#2230 = DIRECTION ( 'NONE',  ( 0.000000000000000000, 0.000000000000000000, -1.000000000000000000 ) ) ;
#2231 = VERTEX_POINT ( 'NONE', #4250 ) ;
#2232 = VERTEX_POINT ( 'NONE', #3665 ) ;
#2233 = EDGE_CURVE ( 'NONE', #915, #2948, #4105, .T. ) ;
#2234 = ORIENTED_EDGE ( 'NONE', *, *, #596, .F. ) ;
#2235 = LINE ( 'NONE', #6400, #5143 ) ;
#2236 = CARTESIAN_POINT ( 'NONE',  ( -4.250000000000000000, 0.000000000000000000, -0.7499999999999995559 ) ) ;
#2237 = EDGE_CURVE ( 'NONE', #3643, #5298, #2496, .T. ) ;
#2238 = CARTESIAN_POINT ( 'NONE',  ( -13.75000000000000178, 0.000000000000000000, 0.7500000000000001110 ) ) ;
#2239 = EDGE_CURVE ( 'NONE', #6505, #2567, #3522, .T. ) ;
#2240 = VECTOR ( 'NONE', #4174, 1000.000000000000000 ) ;
#2241 = DIRECTION ( 'NONE',  ( -0.000000000000000000, -0.000000000000000000, 1.000000000000000000 ) ) ;
#2242 = AXIS2_PLACEMENT_3D ( 'NONE', #62, #3270, #1441 ) ;
#2243 = CARTESIAN_POINT ( 'NONE',  ( -14.25000000000000178, 0.000000000000000000, -0.7499999999999994449 ) ) ;
#2244 = DIRECTION ( 'NONE',  ( 0.000000000000000000, -1.000000000000000000, 0.000000000000000000 ) ) ;
#2245 = DIRECTION ( 'NONE',  ( 0.000000000000000000, -1.000000000000000000, 0.000000000000000000 ) ) ;
#2246 = DIRECTION ( 'NONE',  ( 0.000000000000000000, 0.000000000000000000, 1.000000000000000000 ) ) ;
#2247 = CARTESIAN_POINT ( 'NONE',  ( -12.53500000000000192, 1.624999999999999778, -0.7499999999999994449 ) ) ;
#2248 = EDGE_CURVE ( 'NONE', #2848, #5569, #5779, .T. ) ;
#2249 = ORIENTED_EDGE ( 'NONE', *, *, #6551, .F. ) ;
#2250 = ORIENTED_EDGE ( 'NONE', *, *, #6844, .F. ) ;
#2251 = EDGE_LOOP ( 'NONE', ( #931, #4277, #3102, #4669 ) ) ;
#2252 = EDGE_CURVE ( 'NONE', #1024, #3972, #6944, .T. ) ;
#2253 = FACE_OUTER_BOUND ( 'NONE', #6785, .T. ) ;
#2254 = ORIENTED_EDGE ( 'NONE', *, *, #1883, .T. ) ;
#2255 = CARTESIAN_POINT ( 'NONE',  ( -10.24999999999999822, 6.500000000000003553, 1.250000000000000444 ) ) ;
#2256 = EDGE_CURVE ( 'NONE', #166, #4260, #5892, .T. ) ;
#2257 = APPLICATION_CONTEXT ( 'automotive_design' ) ;
#2258 = EDGE_CURVE ( 'NONE', #6478, #3866, #3043, .T. ) ;
#2259 = FACE_BOUND ( 'NONE', #5336, .T. ) ;
#2260 = ORIENTED_EDGE ( 'NONE', *, *, #6020, .T. ) ;
#2261 = CARTESIAN_POINT ( 'NONE',  ( 13.75000000000000000, 6.500000000000003553, 0.7499999999999997780 ) ) ;
#2262 = FACE_OUTER_BOUND ( 'NONE', #894, .T. ) ;
#2263 = EDGE_CURVE ( 'NONE', #2981, #7096, #6977, .T. ) ;
#2264 = CARTESIAN_POINT ( 'NONE',  ( -14.51500000000000057, 5.375000000000000000, -2.500000000000000444 ) ) ;
#2265 = LINE ( 'NONE', #4968, #3276 ) ;
#2266 = ORIENTED_EDGE ( 'NONE', *, *, #2256, .T. ) ;
#2267 = EDGE_CURVE ( 'NONE', #1389, #5232, #6454, .T. ) ;
#2268 = ORIENTED_EDGE ( 'NONE', *, *, #5294, .T. ) ;
#2269 = CARTESIAN_POINT ( 'NONE',  ( 9.750000000000000000, 0.000000000000000000, 0.7499999999999997780 ) ) ;
#2270 = ORIENTED_EDGE ( 'NONE', *, *, #5520, .F. ) ;
#2271 = DIRECTION ( 'NONE',  ( -0.000000000000000000, -0.000000000000000000, 1.000000000000000000 ) ) ;
#2272 = CARTESIAN_POINT ( 'NONE',  ( -14.25000000000000178, 6.500000000000003553, 1.250000000000000666 ) ) ;
#2273 = CARTESIAN_POINT ( 'NONE',  ( 15.45000000000000107, 6.500000000000000000, 0.1250000000000001110 ) ) ;
#2274 = DIRECTION ( 'NONE',  ( 0.000000000000000000, 1.000000000000000000, 0.000000000000000000 ) ) ;
#2275 = EDGE_LOOP ( 'NONE', ( #3748, #1893, #6620, #2814 ) ) ;
#2276 = CARTESIAN_POINT ( 'NONE',  ( 15.12500000000000178, 3.649999999999999911, -4.870572098594920796 ) ) ;
#2277 = CARTESIAN_POINT ( 'NONE',  ( -14.25000000000000178, 6.500000000000003553, 0.7500000000000001110 ) ) ;
#2278 = CARTESIAN_POINT ( 'NONE',  ( -4.250000000000000000, 6.500000000000003553, -1.250000000000000000 ) ) ;
#2279 = CARTESIAN_POINT ( 'NONE',  ( -15.95000000000000284, 0.4249999999999999889, 2.149999999999999911 ) ) ;
#2280 = CARTESIAN_POINT ( 'NONE',  ( -1.749999999999999778, 1.624999999999999778, -4.870572098594920796 ) ) ;
#2281 = EDGE_CURVE ( 'NONE', #3110, #2231, #2525, .T. ) ;
#2282 = EDGE_CURVE ( 'NONE', #1630, #1399, #5859, .T. ) ;
#2283 = EDGE_LOOP ( 'NONE', ( #4385, #5378, #478, #6234 ) ) ;
#2284 = ORIENTED_EDGE ( 'NONE', *, *, #5134, .T. ) ;
#2285 = FACE_BOUND ( 'NONE', #4704, .T. ) ;
#2286 = DIRECTION ( 'NONE',  ( 0.000000000000000000, -1.000000000000000000, 0.000000000000000000 ) ) ;
#2287 = ORIENTED_EDGE ( 'NONE', *, *, #1260, .T. ) ;
#2288 = PLANE ( 'NONE',  #1511 ) ;
#2289 = ORIENTED_EDGE ( 'NONE', *, *, #2455, .F. ) ;
#2290 = FACE_BOUND ( 'NONE', #3317, .T. ) ;
#2291 = EDGE_LOOP ( 'NONE', ( #3685, #2147, #4427, #6079 ) ) ;
#2292 = PLANE ( 'NONE',  #6659 ) ;
#2293 = ORIENTED_EDGE ( 'NONE', *, *, #2086, .F. ) ;
#2294 = CARTESIAN_POINT ( 'NONE',  ( 5.750000000000000000, 0.000000000000000000, -1.250000000000000222 ) ) ;
#2295 = DIRECTION ( 'NONE',  ( -1.000000000000000000, 0.000000000000000000, 0.000000000000000000 ) ) ;
#2296 = AXIS2_PLACEMENT_3D ( 'NONE', #4582, #665, #5171 ) ;
#2297 = DIRECTION ( 'NONE',  ( -0.000000000000000000, -0.000000000000000000, 1.000000000000000000 ) ) ;
#2298 = CARTESIAN_POINT ( 'NONE',  ( 1.749999999999999778, 6.500000000000003553, -1.250000000000000000 ) ) ;
#2299 = ADVANCED_FACE ( 'NONE', ( #4751 ), #7019, .T. ) ;
#2300 = VERTEX_POINT ( 'NONE', #2572 ) ;
#2301 = DIRECTION ( 'NONE',  ( -1.000000000000000000, 0.000000000000000000, -0.000000000000000000 ) ) ;
#2302 = AXIS2_PLACEMENT_3D ( 'NONE', #6859, #6748, #4059 ) ;
#2303 = CARTESIAN_POINT ( 'NONE',  ( -15.12500000000000178, 3.649999999999999911, 2.224999999999999645 ) ) ;
#2304 = VECTOR ( 'NONE', #543, 1000.000000000000000 ) ;
#2305 = LINE ( 'NONE', #2890, #595 ) ;
#2306 = CARTESIAN_POINT ( 'NONE',  ( 14.00000000000000000, -7.285838599102587331E-17, 9.714451465470119729E-17 ) ) ;
#2307 = CARTESIAN_POINT ( 'NONE',  ( 4.250000000000000000, 6.500000000000003553, 1.250000000000000444 ) ) ;
#2308 = VECTOR ( 'NONE', #6747, 1000.000000000000000 ) ;
#2309 = VECTOR ( 'NONE', #6512, 1000.000000000000000 ) ;
#2310 = VERTEX_POINT ( 'NONE', #1306 ) ;
#2311 = LINE ( 'NONE', #4577, #7131 ) ;
#2312 = PLANE ( 'NONE',  #1854 ) ;
#2313 = VECTOR ( 'NONE', #2980, 1000.000000000000000 ) ;
#2314 = PLANE ( 'NONE',  #292 ) ;
#2315 = DIRECTION ( 'NONE',  ( 0.000000000000000000, -1.000000000000000000, 0.000000000000000000 ) ) ;
#2316 = VECTOR ( 'NONE', #4403, 1000.000000000000000 ) ;
#2317 = LINE ( 'NONE', #3526, #2883 ) ;
#2318 = EDGE_CURVE ( 'NONE', #4606, #3306, #5748, .T. ) ;
#2319 = VECTOR ( 'NONE', #6489, 1000.000000000000000 ) ;
#2320 = PRODUCT_DEFINITION_SHAPE ( 'NONE', 'NONE',  #7202 ) ;
#2321 = VERTEX_POINT ( 'NONE', #5973 ) ;
#2322 = CARTESIAN_POINT ( 'NONE',  ( -13.75000000000000000, -3.000000000000000000, -1.250000000000000444 ) ) ;
#2323 = ADVANCED_FACE ( 'NONE', ( #3187 ), #5933, .T. ) ;
#2324 = EDGE_LOOP ( 'NONE', ( #3626, #1586, #3205, #2928 ) ) ;
#2325 = FACE_BOUND ( 'NONE', #1098, .T. ) ;
#2326 = DIRECTION ( 'NONE',  ( -0.000000000000000000, 1.000000000000000000, -0.000000000000000000 ) ) ;
#2327 = ORIENTED_EDGE ( 'NONE', *, *, #3974, .T. ) ;
#2328 = ADVANCED_FACE ( 'NONE', ( #6010 ), #6523, .T. ) ;
#2329 = VECTOR ( 'NONE', #1036, 1000.000000000000000 ) ;
#2330 = CARTESIAN_POINT ( 'NONE',  ( 14.50000000000000000, 2.299999999999999822, 2.500000000000000000 ) ) ;
#2331 = EDGE_CURVE ( 'NONE', #1074, #1066, #3739, .T. ) ;
#2332 = VECTOR ( 'NONE', #6124, 1000.000000000000000 ) ;
#2333 = DIRECTION ( 'NONE',  ( -1.000000000000000000, 9.842402700577634975E-16, 0.000000000000000000 ) ) ;
#2334 = EDGE_LOOP ( 'NONE', ( #4729, #5401, #2770, #3323 ) ) ;
#2335 = DIRECTION ( 'NONE',  ( -1.000000000000000000, 0.000000000000000000, -0.000000000000000000 ) ) ;
#2336 = DIRECTION ( 'NONE',  ( 4.132210808480886339E-17, 0.3420201433256667700, 0.9396926207859090940 ) ) ;
#2337 = DIRECTION ( 'NONE',  ( 0.000000000000000000, -1.000000000000000000, 0.000000000000000000 ) ) ;
#2338 = ITEM_DEFINED_TRANSFORMATION ( 'NONE', 'NONE', #5397,  #5273 ) ;
#2339 = EDGE_CURVE ( 'NONE', #5185, #4354, #4904, .T. ) ;
#2340 = CARTESIAN_POINT ( 'NONE',  ( 12.25000000000000000, 6.500000000000003553, 0.7499999999999997780 ) ) ;
#2341 = EDGE_CURVE ( 'NONE', #788, #3809, #3268, .T. ) ;
#2342 = ORIENTED_EDGE ( 'NONE', *, *, #1158, .F. ) ;
#2343 = EDGE_LOOP ( 'NONE', ( #3743, #5700, #4838, #1375 ) ) ;
#2344 = VERTEX_POINT ( 'NONE', #3953 ) ;
#2345 = VECTOR ( 'NONE', #6286, 1000.000000000000000 ) ;
#2346 = PLANE ( 'NONE',  #1084 ) ;
#2347 = FACE_OUTER_BOUND ( 'NONE', #2324, .T. ) ;
#2348 = DIRECTION ( 'NONE',  ( 1.000000000000000000, 0.000000000000000000, 0.000000000000000000 ) ) ;
#2349 = DIRECTION ( 'NONE',  ( 0.000000000000000000, 0.000000000000000000, -1.000000000000000000 ) ) ;
#2350 = PLANE ( 'NONE',  #294 ) ;
#2351 = EDGE_CURVE ( 'NONE', #1322, #2155, #5159, .T. ) ;
#2352 = VECTOR ( 'NONE', #2863, 1000.000000000000000 ) ;
#2353 = EDGE_CURVE ( 'NONE', #5871, #4513, #5702, .T. ) ;
#2354 = LINE ( 'NONE', #6900, #3031 ) ;
#2355 = ORIENTED_EDGE ( 'NONE', *, *, #4563, .T. ) ;
#2356 = DIRECTION ( 'NONE',  ( 0.000000000000000000, 0.000000000000000000, 1.000000000000000000 ) ) ;
#2357 = LINE ( 'NONE', #5168, #5938 ) ;
#2358 = VECTOR ( 'NONE', #3956, 1000.000000000000000 ) ;
#2359 = CARTESIAN_POINT ( 'NONE',  ( -14.76499999999999879, 6.250000000000005329, -2.225000000000000533 ) ) ;
#2360 = DIRECTION ( 'NONE',  ( 0.000000000000000000, -1.000000000000000000, -1.338521200599385475E-16 ) ) ;
#2361 = DIRECTION ( 'NONE',  ( -0.000000000000000000, -0.000000000000000000, 1.000000000000000000 ) ) ;
#2362 = ORIENTED_EDGE ( 'NONE', *, *, #6706, .T. ) ;
#2363 = AXIS2_PLACEMENT_3D ( 'NONE', #447, #2644, #3852 ) ;
#2364 = EDGE_LOOP ( 'NONE', ( #132, #3451, #2405, #188 ) ) ;
#2365 = LINE ( 'NONE', #5132, #4320 ) ;
#2366 = LINE ( 'NONE', #4998, #6393 ) ;
#2367 = EDGE_LOOP ( 'NONE', ( #6174, #2213, #1617, #5970 ) ) ;
#2368 = LINE ( 'NONE', #6200, #2670 ) ;
#2369 = ORIENTED_EDGE ( 'NONE', *, *, #3864, .F. ) ;
#2370 = ORIENTED_EDGE ( 'NONE', *, *, #6344, .T. ) ;
#2371 = CARTESIAN_POINT ( 'NONE',  ( -5.750000000000001776, 6.500000000000003553, 0.7500000000000000000 ) ) ;
#2372 = CARTESIAN_POINT ( 'NONE',  ( -7.749999999999996447, 0.000000000000000000, 1.250000000000000444 ) ) ;
#2373 = PLANE ( 'NONE',  #1298 ) ;
#2374 = VERTEX_POINT ( 'NONE', #1739 ) ;
#2375 = CARTESIAN_POINT ( 'NONE',  ( -10.24999999999999822, 1.624999999999999778, -1.250000000000000000 ) ) ;
#2376 = LINE ( 'NONE', #3571, #4446 ) ;
#2377 = CARTESIAN_POINT ( 'NONE',  ( -14.24999999999999822, 5.100252258054545074, -0.7500000000000001110 ) ) ;
#2378 = CARTESIAN_POINT ( 'NONE',  ( 14.76499999999999879, 5.624999999999997335, -2.500000000000000444 ) ) ;
#2379 = ORIENTED_EDGE ( 'NONE', *, *, #3423, .T. ) ;
#2380 = EDGE_CURVE ( 'NONE', #6134, #5677, #2305, .T. ) ;
#2381 = CARTESIAN_POINT ( 'NONE',  ( -2.250000000000000444, 6.500000000000003553, 1.250000000000000444 ) ) ;
#2382 = ORIENTED_EDGE ( 'NONE', *, *, #3275, .F. ) ;
#2383 = ORIENTED_EDGE ( 'NONE', *, *, #574, .F. ) ;
#2384 = LINE ( 'NONE', #2999, #1627 ) ;
#2385 = DIRECTION ( 'NONE',  ( 1.000000000000000000, 0.000000000000000000, 0.000000000000000000 ) ) ;
#2386 = CARTESIAN_POINT ( 'NONE',  ( 15.12500000000000000, 2.299999999999999822, 2.224999999999999645 ) ) ;
#2387 = VERTEX_POINT ( 'NONE', #3338 ) ;
#2388 = CARTESIAN_POINT ( 'NONE',  ( 13.46499999999999808, 1.624999999999999778, -1.250000000000000222 ) ) ;
#2389 = LINE ( 'NONE', #3344, #3710 ) ;
#2390 = LINE ( 'NONE', #4617, #4452 ) ;
#2391 = CARTESIAN_POINT ( 'NONE',  ( 3.750000000000000000, 6.500000000000003553, 0.7499999999999998890 ) ) ;
#2392 = EDGE_CURVE ( 'NONE', #4495, #1024, #4533, .T. ) ;
#2393 = LINE ( 'NONE', #1818, #3823 ) ;
#2394 = CARTESIAN_POINT ( 'NONE',  ( 9.750000000000000000, 6.500000000000003553, -1.250000000000000222 ) ) ;
#2395 = ORIENTED_EDGE ( 'NONE', *, *, #1476, .T. ) ;
#2396 = CARTESIAN_POINT ( 'NONE',  ( -6.250000000000001776, 1.624999999999999778, -1.250000000000000000 ) ) ;
#2397 = CARTESIAN_POINT ( 'NONE',  ( 14.76499999999999879, 6.250000000000007105, -2.500000000000000444 ) ) ;
#2398 = CARTESIAN_POINT ( 'NONE',  ( -10.24999999999999822, 6.500000000000003553, -0.7499999999999994449 ) ) ;
#2399 = PLANE ( 'NONE',  #4780 ) ;
#2400 = ORIENTED_EDGE ( 'NONE', *, *, #323, .F. ) ;
#2401 = CARTESIAN_POINT ( 'NONE',  ( -14.76499999999999879, 6.250000000000005329, -2.500000000000000444 ) ) ;
#2402 = EDGE_CURVE ( 'NONE', #3116, #990, #5115, .T. ) ;
#2403 = DIRECTION ( 'NONE',  ( 0.7071067811865414665, -0.7071067811865536790, 0.000000000000000000 ) ) ;
#2404 = PLANE ( 'NONE',  #1070 ) ;
#2405 = ORIENTED_EDGE ( 'NONE', *, *, #2970, .F. ) ;
#2406 = DIRECTION ( 'NONE',  ( 0.000000000000000000, -1.000000000000000000, 0.000000000000000000 ) ) ;
#2407 = FACE_OUTER_BOUND ( 'NONE', #3669, .T. ) ;
#2408 = LINE ( 'NONE', #1878, #5692 ) ;
#2409 = EDGE_CURVE ( 'NONE', #3972, #2009, #6185, .T. ) ;
#2410 = CARTESIAN_POINT ( 'NONE',  ( 14.00000000000000000, -7.285838599102587331E-17, 2.000000000000000000 ) ) ;
#2411 = CARTESIAN_POINT ( 'NONE',  ( 3.750000000000000000, 0.000000000000000000, 0.7499999999999998890 ) ) ;
#2412 = FACE_OUTER_BOUND ( 'NONE', #1016, .T. ) ;
#2413 = ADVANCED_FACE ( 'NONE', ( #2347 ), #3887, .T. ) ;
#2414 = LINE ( 'NONE', #5120, #6301 ) ;
#2415 = AXIS2_PLACEMENT_3D ( 'NONE', #4329, #4287, #1101 ) ;
#2416 = CARTESIAN_POINT ( 'NONE',  ( -15.12500000000000178, 3.649999999999999911, 2.500000000000000000 ) ) ;
#2417 = VERTEX_POINT ( 'NONE', #1809 ) ;
#2418 = DIRECTION ( 'NONE',  ( -1.000000000000000000, 0.000000000000000000, -0.000000000000000000 ) ) ;
#2419 = LINE ( 'NONE', #1343, #4216 ) ;
#2420 = CARTESIAN_POINT ( 'NONE',  ( -15.95000000000000284, 6.275000000000004796, -0.1000000000000002137 ) ) ;
#2421 = CARTESIAN_POINT ( 'NONE',  ( 0.2500000000000002220, 6.500000000000003553, -1.250000000000000000 ) ) ;
#2422 = VERTEX_POINT ( 'NONE', #1773 ) ;
#2423 = VECTOR ( 'NONE', #5048, 1000.000000000000000 ) ;
#2424 = VECTOR ( 'NONE', #435, 1000.000000000000000 ) ;
#2425 = EDGE_CURVE ( 'NONE', #4846, #2732, #4022, .T. ) ;
#2426 = MECHANICAL_DESIGN_GEOMETRIC_PRESENTATION_REPRESENTATION (  '', ( #5574 ), #933 ) ;
#2427 = LINE ( 'NONE', #210, #3152 ) ;
#2428 = VECTOR ( 'NONE', #851, 1000.000000000000000 ) ;
#2429 = FACE_OUTER_BOUND ( 'NONE', #105, .T. ) ;
#2430 = ORIENTED_EDGE ( 'NONE', *, *, #1264, .F. ) ;
#2431 = LINE ( 'NONE', #1210, #602 ) ;
#2432 = DIRECTION ( 'NONE',  ( -1.000000000000000000, 0.000000000000000000, 0.000000000000000000 ) ) ;
#2433 = VECTOR ( 'NONE', #5755, 1000.000000000000000 ) ;
#2434 = EDGE_CURVE ( 'NONE', #2024, #6183, #2788, .T. ) ;
#2435 = LINE ( 'NONE', #346, #2924 ) ;
#2436 = ADVANCED_FACE ( 'NONE', ( #6250 ), #2930, .F. ) ;
#2437 = DIRECTION ( 'NONE',  ( -9.842402700577634975E-16, -1.000000000000000000, 0.000000000000000000 ) ) ;
#2438 = EDGE_LOOP ( 'NONE', ( #5523, #1413, #2641, #5794 ) ) ;
#2439 = PRODUCT_DEFINITION_SHAPE ( 'NONE', 'NONE',  #7190 ) ;
#2440 = DIRECTION ( 'NONE',  ( -0.000000000000000000, -0.000000000000000000, 1.000000000000000000 ) ) ;
#2441 = ORIENTED_EDGE ( 'NONE', *, *, #6292, .T. ) ;
#2442 = VECTOR ( 'NONE', #6923, 1000.000000000000000 ) ;
#2443 = EDGE_LOOP ( 'NONE', ( #2699, #4122, #4736, #5495 ) ) ;
#2444 = CARTESIAN_POINT ( 'NONE',  ( -8.249999999999996447, 0.000000000000000000, -1.250000000000000000 ) ) ;
#2445 = AXIS2_PLACEMENT_3D ( 'NONE', #5736, #1806, #864 ) ;
#2446 = ORIENTED_EDGE ( 'NONE', *, *, #1531, .F. ) ;
#2447 = LINE ( 'NONE', #6932, #724 ) ;
#2448 = ORIENTED_EDGE ( 'NONE', *, *, #1142, .F. ) ;
#2449 = FACE_OUTER_BOUND ( 'NONE', #3492, .T. ) ;
#2450 = CARTESIAN_POINT ( 'NONE',  ( 12.24000000000000732, 5.375000000000002665, -2.500000000000000444 ) ) ;
#2451 = LINE ( 'NONE', #231, #703 ) ;
#2452 = VECTOR ( 'NONE', #4360, 1000.000000000000000 ) ;
#2453 = DIRECTION ( 'NONE',  ( 0.000000000000000000, 0.000000000000000000, 1.000000000000000000 ) ) ;
#2454 = CARTESIAN_POINT ( 'NONE',  ( 12.25000000000000000, 0.000000000000000000, 0.7499999999999997780 ) ) ;
#2455 = EDGE_CURVE ( 'NONE', #479, #6587, #5078, .T. ) ;
#2456 =( GEOMETRIC_REPRESENTATION_CONTEXT ( 3 ) GLOBAL_UNCERTAINTY_ASSIGNED_CONTEXT ( ( #6692 ) ) GLOBAL_UNIT_ASSIGNED_CONTEXT ( ( #5005, #5144, #5517 ) ) REPRESENTATION_CONTEXT ( 'NONE', 'WORKASPACE' ) );
#2457 = EDGE_CURVE ( 'NONE', #2762, #2422, #4468, .T. ) ;
#2458 = ORIENTED_EDGE ( 'NONE', *, *, #4620, .T. ) ;
#2459 = FACE_OUTER_BOUND ( 'NONE', #461, .T. ) ;
#2460 = CARTESIAN_POINT ( 'NONE',  ( 15.12500000000000000, 2.299999999999999822, 2.500000000000000000 ) ) ;
#2461 = EDGE_CURVE ( 'NONE', #4275, #7059, #1707, .T. ) ;
#2462 = CARTESIAN_POINT ( 'NONE',  ( -15.95000000000000284, 6.500000000000000000, 0.1250000000000001110 ) ) ;
#2463 = CARTESIAN_POINT ( 'NONE',  ( 11.75000000000000000, 6.500000000000003553, 0.7499999999999997780 ) ) ;
#2464 = VECTOR ( 'NONE', #6597, 1000.000000000000000 ) ;
#2465 = EDGE_CURVE ( 'NONE', #865, #4072, #3918, .T. ) ;
#2466 = VECTOR ( 'NONE', #6569, 1000.000000000000000 ) ;
#2467 = CARTESIAN_POINT ( 'NONE',  ( -10.24999999999999822, 6.500000000000003553, 0.7500000000000001110 ) ) ;
#2468 = EDGE_LOOP ( 'NONE', ( #6732, #1802, #4774, #3986 ) ) ;
#2469 = LINE ( 'NONE', #4256, #3134 ) ;
#2470 = FACE_OUTER_BOUND ( 'NONE', #1589, .T. ) ;
#2471 = ADVANCED_FACE ( 'NONE', ( #1155 ), #5555, .T. ) ;
#2472 = VECTOR ( 'NONE', #1226, 1000.000000000000000 ) ;
#2473 = CARTESIAN_POINT ( 'NONE',  ( 1.749999999999999778, 6.500000000000003553, 0.7499999999999998890 ) ) ;
#2474 = VERTEX_POINT ( 'NONE', #92 ) ;
#2475 = PLANE ( 'NONE',  #5949 ) ;
#2476 = ORIENTED_EDGE ( 'NONE', *, *, #5362, .F. ) ;
#2477 = CARTESIAN_POINT ( 'NONE',  ( 14.25000000000000000, 6.500000000000003553, -1.250000000000000222 ) ) ;
#2478 = AXIS2_PLACEMENT_3D ( 'NONE', #6187, #5630, #6041 ) ;
#2479 = DIRECTION ( 'NONE',  ( 0.000000000000000000, 0.000000000000000000, 1.000000000000000000 ) ) ;
#2480 = EDGE_CURVE ( 'NONE', #771, #1633, #4498, .T. ) ;
#2481 = DIRECTION ( 'NONE',  ( 1.000000000000000000, 0.000000000000000000, 0.000000000000000000 ) ) ;
#2482 = ORIENTED_EDGE ( 'NONE', *, *, #7035, .T. ) ;
#2483 = FACE_OUTER_BOUND ( 'NONE', #5139, .T. ) ;
#2484 = ORIENTED_EDGE ( 'NONE', *, *, #2797, .T. ) ;
#2485 = DIRECTION ( 'NONE',  ( -0.000000000000000000, 0.000000000000000000, -1.000000000000000000 ) ) ;
#2486 = DIRECTION ( 'NONE',  ( 0.000000000000000000, -1.000000000000000000, 0.000000000000000000 ) ) ;
#2487 = CARTESIAN_POINT ( 'NONE',  ( 15.95000000000000284, 6.275000000000004796, -0.1000000000000002137 ) ) ;
#2488 = CONTEXT_DEPENDENT_SHAPE_REPRESENTATION ( #5008, #1963 ) ;
#2489 = EDGE_CURVE ( 'NONE', #1836, #4171, #3441, .T. ) ;
#2490 = DIRECTION ( 'NONE',  ( -0.000000000000000000, -0.000000000000000000, 1.000000000000000000 ) ) ;
#2491 = APPLICATION_CONTEXT ( 'automotive_design' ) ;
#2492 = PLANE ( 'NONE',  #4897 ) ;
#2493 = ORIENTED_EDGE ( 'NONE', *, *, #1051, .F. ) ;
#2494 = ORIENTED_EDGE ( 'NONE', *, *, #4005, .F. ) ;
#2495 = PLANE ( 'NONE',  #6413 ) ;
#2496 = LINE ( 'NONE', #3555, #7005 ) ;
#2497 = PLANE ( 'NONE',  #408 ) ;
#2498 = CARTESIAN_POINT ( 'NONE',  ( -15.95000000000000284, 4.250000000000000000, -0.8500000000000005329 ) ) ;
#2499 = DIRECTION ( 'NONE',  ( 1.000000000000000000, 0.000000000000000000, 0.000000000000000000 ) ) ;
#2500 = PLANE ( 'NONE',  #5725 ) ;
#2501 = PLANE ( 'NONE',  #5940 ) ;
#2502 = DIRECTION ( 'NONE',  ( -0.000000000000000000, -0.000000000000000000, 1.000000000000000000 ) ) ;
#2503 = EDGE_CURVE ( 'NONE', #3893, #7017, #2966, .T. ) ;
#2504 = CARTESIAN_POINT ( 'NONE',  ( -4.250000000000000000, 6.500000000000003553, -0.7499999999999995559 ) ) ;
#2505 = ORIENTED_EDGE ( 'NONE', *, *, #1664, .F. ) ;
#2506 = CARTESIAN_POINT ( 'NONE',  ( 13.97236314066101137, 4.314340451562333811, 2.400000000000000355 ) ) ;
#2507 = ORIENTED_EDGE ( 'NONE', *, *, #52, .F. ) ;
#2508 = CARTESIAN_POINT ( 'NONE',  ( 14.76499999999999879, 5.624999999999997335, 2.224999999999999645 ) ) ;
#2509 = CARTESIAN_POINT ( 'NONE',  ( -15.95000000000000284, 4.250000000000000000, -0.1000000000000004774 ) ) ;
#2510 = VERTEX_POINT ( 'NONE', #4739 ) ;
#2511 = DIRECTION ( 'NONE',  ( -1.252287328451660467E-15, 1.000000000000000000, 0.000000000000000000 ) ) ;
#2512 = VERTEX_POINT ( 'NONE', #6971 ) ;
#2513 = LINE ( 'NONE', #432, #4768 ) ;
#2514 = EDGE_CURVE ( 'NONE', #4072, #4872, #7007, .T. ) ;
#2515 = ORIENTED_EDGE ( 'NONE', *, *, #3698, .F. ) ;
#2516 = PLANE ( 'NONE',  #4643 ) ;
#2517 = DIRECTION ( 'NONE',  ( 0.000000000000000000, 0.000000000000000000, -1.000000000000000000 ) ) ;
#2518 = CARTESIAN_POINT ( 'NONE',  ( -13.84999999999999787, 5.375000000000002665, -1.250000000000000444 ) ) ;
#2519 = CONTEXT_DEPENDENT_SHAPE_REPRESENTATION ( #3002, #5217 ) ;
#2520 = DIRECTION ( 'NONE',  ( 0.7071067811865515695, -0.7071067811865435759, 0.000000000000000000 ) ) ;
#2521 = ORIENTED_EDGE ( 'NONE', *, *, #778, .T. ) ;
#2522 = ORIENTED_EDGE ( 'NONE', *, *, #5396, .T. ) ;
#2523 = EDGE_LOOP ( 'NONE', ( #5033, #4681, #5841, #3386 ) ) ;
#2524 = DIRECTION ( 'NONE',  ( 0.000000000000000000, -1.000000000000000000, 0.000000000000000000 ) ) ;
#2525 = LINE ( 'NONE', #1411, #812 ) ;
#2526 = PLANE ( 'NONE',  #860 ) ;
#2527 = LINE ( 'NONE', #4252, #3824 ) ;
#2528 = ORIENTED_EDGE ( 'NONE', *, *, #5463, .T. ) ;
#2529 = VECTOR ( 'NONE', #2146, 1000.000000000000000 ) ;
#2530 = CARTESIAN_POINT ( 'NONE',  ( -14.76499999999999879, 5.624999999999993783, -2.225000000000000533 ) ) ;
#2531 = DIRECTION ( 'NONE',  ( -0.000000000000000000, 0.000000000000000000, 1.000000000000000000 ) ) ;
#2532 = VECTOR ( 'NONE', #2385, 1000.000000000000000 ) ;
#2533 = LINE ( 'NONE', #422, #1424 ) ;
#2534 = EDGE_CURVE ( 'NONE', #1968, #5765, #5773, .T. ) ;
#2535 = CARTESIAN_POINT ( 'NONE',  ( -13.84999999999999787, 5.375000000000002665, -1.150000000000003020 ) ) ;
#2536 = ORIENTED_EDGE ( 'NONE', *, *, #6624, .T. ) ;
#2537 = DIRECTION ( 'NONE',  ( 0.7071067811865447972, -0.7071067811865502373, 0.000000000000000000 ) ) ;
#2538 = AXIS2_PLACEMENT_3D ( 'NONE', #3155, #5419, #5382 ) ;
#2539 = CARTESIAN_POINT ( 'NONE',  ( 6.250000000000000000, 6.500000000000003553, -0.7499999999999996669 ) ) ;
#2540 = VECTOR ( 'NONE', #5096, 1000.000000000000000 ) ;
#2541 = ORIENTED_EDGE ( 'NONE', *, *, #6227, .F. ) ;
#2542 = EDGE_CURVE ( 'NONE', #3682, #2055, #268, .T. ) ;
#2543 = CARTESIAN_POINT ( 'NONE',  ( 13.75000000000000000, 0.000000000000000000, -0.7499999999999997780 ) ) ;
#2544 = EDGE_CURVE ( 'NONE', #779, #4969, #1979, .T. ) ;
#2545 = VERTEX_POINT ( 'NONE', #5226 ) ;
#2546 = FACE_BOUND ( 'NONE', #3640, .T. ) ;
#2547 = ORIENTED_EDGE ( 'NONE', *, *, #4299, .F. ) ;
#2548 = PLANE ( 'NONE',  #3870 ) ;
#2549 = EDGE_CURVE ( 'NONE', #6719, #2344, #2451, .T. ) ;
#2550 = VECTOR ( 'NONE', #181, 1000.000000000000000 ) ;
#2551 = DIRECTION ( 'NONE',  ( 1.000000000000000000, -0.000000000000000000, -0.000000000000000000 ) ) ;
#2552 = AXIS2_PLACEMENT_3D ( 'NONE', #2463, #802, #5340 ) ;
#2553 = ORIENTED_EDGE ( 'NONE', *, *, #5060, .T. ) ;
#2554 = VECTOR ( 'NONE', #4730, 1000.000000000000000 ) ;
#2555 = LINE ( 'NONE', #4234, #2564 ) ;
#2556 = ORIENTED_EDGE ( 'NONE', *, *, #3347, .F. ) ;
#2557 = ORIENTED_EDGE ( 'NONE', *, *, #2167, .F. ) ;
#2558 = FACE_BOUND ( 'NONE', #3068, .T. ) ;
#2559 = DIRECTION ( 'NONE',  ( 0.000000000000000000, 0.000000000000000000, -1.000000000000000000 ) ) ;
#2560 = DIRECTION ( 'NONE',  ( 0.000000000000000000, 0.000000000000000000, 1.000000000000000000 ) ) ;
#2561 = DIRECTION ( 'NONE',  ( 1.000000000000000000, 0.000000000000000000, 0.000000000000000000 ) ) ;
#2562 = CARTESIAN_POINT ( 'NONE',  ( 28.00000000000000000, -1.457167719820517466E-16, 2.000000000000000000 ) ) ;
#2563 = FACE_OUTER_BOUND ( 'NONE', #5335, .T. ) ;
#2564 = VECTOR ( 'NONE', #4198, 1000.000000000000000 ) ;
#2565 = EDGE_CURVE ( 'NONE', #3034, #6719, #2384, .T. ) ;
#2566 = CARTESIAN_POINT ( 'NONE',  ( 1.749999999999999778, 1.624999999999999778, 1.250000000000000444 ) ) ;
#2567 = VERTEX_POINT ( 'NONE', #1297 ) ;
#2568 = ORIENTED_EDGE ( 'NONE', *, *, #4932, .F. ) ;
#2569 = ORIENTED_EDGE ( 'NONE', *, *, #3085, .F. ) ;
#2570 = AXIS2_PLACEMENT_3D ( 'NONE', #6950, #5345, #4757 ) ;
#2571 = FACE_OUTER_BOUND ( 'NONE', #2956, .T. ) ;
#2572 = CARTESIAN_POINT ( 'NONE',  ( 12.25000000000000000, 0.000000000000000000, 0.7499999999999997780 ) ) ;
#2573 = EDGE_CURVE ( 'NONE', #1574, #2593, #2408, .T. ) ;
#2574 = PLANE ( 'NONE',  #5097 ) ;
#2575 = ORIENTED_EDGE ( 'NONE', *, *, #1804, .T. ) ;
#2576 = EDGE_CURVE ( 'NONE', #6478, #4275, #5740, .T. ) ;
#2577 = VECTOR ( 'NONE', #6669, 1000.000000000000000 ) ;
#2578 = ORIENTED_EDGE ( 'NONE', *, *, #2742, .T. ) ;
#2579 = VECTOR ( 'NONE', #4162, 1000.000000000000000 ) ;
#2580 = DIRECTION ( 'NONE',  ( -0.000000000000000000, -0.000000000000000000, -1.000000000000000000 ) ) ;
#2581 = LINE ( 'NONE', #6424, #4419 ) ;
#2582 = CARTESIAN_POINT ( 'NONE',  ( -11.75000000000000000, 6.500000000000003553, -0.7499999999999994449 ) ) ;
#2583 = EDGE_CURVE ( 'NONE', #2512, #947, #5851, .T. ) ;
#2584 = VECTOR ( 'NONE', #2757, 1000.000000000000000 ) ;
#2585 = ORIENTED_EDGE ( 'NONE', *, *, #7097, .T. ) ;
#2586 = EDGE_LOOP ( 'NONE', ( #6115, #2012, #6114, #6488 ) ) ;
#2587 = MANIFOLD_SOLID_BREP ( 'LPattern1', #3122 ) ;
#2588 = ORIENTED_EDGE ( 'NONE', *, *, #2838, .T. ) ;
#2589 = FACE_BOUND ( 'NONE', #3335, .T. ) ;
#2590 = ORIENTED_EDGE ( 'NONE', *, *, #2281, .T. ) ;
#2591 = AXIS2_PLACEMENT_3D ( 'NONE', #3557, #2940, #2360 ) ;
#2592 = DIRECTION ( 'NONE',  ( -0.000000000000000000, 0.000000000000000000, -1.000000000000000000 ) ) ;
#2593 = VERTEX_POINT ( 'NONE', #3657 ) ;
#2594 = AXIS2_PLACEMENT_3D ( 'NONE', #4782, #4165, #2052 ) ;
#2595 = LINE ( 'NONE', #1552, #1405 ) ;
#2596 = ORIENTED_EDGE ( 'NONE', *, *, #5609, .T. ) ;
#2597 = VERTEX_POINT ( 'NONE', #6402 ) ;
#2598 = DIRECTION ( 'NONE',  ( -1.000000000000000000, -0.000000000000000000, -0.000000000000000000 ) ) ;
#2599 = LINE ( 'NONE', #437, #5344 ) ;
#2600 = APPLICATION_PROTOCOL_DEFINITION ( 'draft international standard', 'automotive_design', 1998, #4259 ) ;
#2601 = CARTESIAN_POINT ( 'NONE',  ( -14.76499999999999879, 6.250000000000005329, -2.500000000000000444 ) ) ;
#2602 = EDGE_CURVE ( 'NONE', #5290, #5837, #1402, .T. ) ;
#2603 = CARTESIAN_POINT ( 'NONE',  ( 15.12500000000000000, 2.299999999999999822, -4.870572098594920796 ) ) ;
#2604 = EDGE_CURVE ( 'NONE', #1346, #3032, #1336, .T. ) ;
#2605 = PRODUCT_DEFINITION_SHAPE ( 'NONE', 'NONE',  #7186 ) ;
#2606 = VERTEX_POINT ( 'NONE', #5882 ) ;
#2607 = ORIENTED_EDGE ( 'NONE', *, *, #2549, .F. ) ;
#2608 = ORIENTED_EDGE ( 'NONE', *, *, #5953, .F. ) ;
#2609 = CARTESIAN_POINT ( 'NONE',  ( -1.749999999999999778, 6.500000000000003553, -0.7499999999999995559 ) ) ;
#2610 = VERTEX_POINT ( 'NONE', #5327 ) ;
#2611 = LINE ( 'NONE', #3631, #6572 ) ;
#2612 = LINE ( 'NONE', #3223, #6161 ) ;
#2613 = PRODUCT_DEFINITION_SHAPE ( 'NONE', 'NONE',  #7195 ) ;
#2614 = EDGE_CURVE ( 'NONE', #5486, #1975, #1842, .T. ) ;
#2615 = PLANE ( 'NONE',  #5596 ) ;
#2616 = ADVANCED_FACE ( 'NONE', ( #4449 ), #7084, .F. ) ;
#2617 = ORIENTED_EDGE ( 'NONE', *, *, #3097, .F. ) ;
#2618 = DIRECTION ( 'NONE',  ( 0.000000000000000000, 0.000000000000000000, 1.000000000000000000 ) ) ;
#2619 = DIRECTION ( 'NONE',  ( 1.000000000000000000, 1.195124682037070119E-16, 0.000000000000000000 ) ) ;
#2620 = LINE ( 'NONE', #809, #6771 ) ;
#2621 = CARTESIAN_POINT ( 'NONE',  ( -5.750000000000001776, 0.000000000000000000, 1.250000000000000444 ) ) ;
#2622 = DIRECTION ( 'NONE',  ( -0.000000000000000000, 0.000000000000000000, 1.000000000000000000 ) ) ;
#2623 = EDGE_CURVE ( 'NONE', #412, #4870, #7050, .T. ) ;
#2624 = EDGE_LOOP ( 'NONE', ( #2254, #4017, #1238, #4939 ) ) ;
#2625 = ORIENTED_EDGE ( 'NONE', *, *, #3846, .F. ) ;
#2626 = LINE ( 'NONE', #3241, #4914 ) ;
#2627 = ORIENTED_EDGE ( 'NONE', *, *, #5670, .F. ) ;
#2628 = CARTESIAN_POINT ( 'NONE',  ( -11.75000000000000000, 6.500000000000003553, 1.250000000000000666 ) ) ;
#2629 = ORIENTED_EDGE ( 'NONE', *, *, #5898, .T. ) ;
#2630 = DIRECTION ( 'NONE',  ( 1.000000000000000000, 0.000000000000000000, 0.000000000000000000 ) ) ;
#2631 = ORIENTED_EDGE ( 'NONE', *, *, #4744, .T. ) ;
#2632 = ORIENTED_EDGE ( 'NONE', *, *, #5388, .T. ) ;
#2633 = DIRECTION ( 'NONE',  ( 0.000000000000000000, 0.000000000000000000, 1.000000000000000000 ) ) ;
#2634 = DIRECTION ( 'NONE',  ( 1.284980352575412699E-15, -1.000000000000000000, 0.000000000000000000 ) ) ;
#2635 = DIRECTION ( 'NONE',  ( -0.000000000000000000, 0.000000000000000000, 1.000000000000000000 ) ) ;
#2636 = PLANE ( 'NONE',  #5568 ) ;
#2637 = DIRECTION ( 'NONE',  ( 1.000000000000000000, 0.000000000000000000, 0.000000000000000000 ) ) ;
#2638 = CARTESIAN_POINT ( 'NONE',  ( 9.750000000000000000, 0.000000000000000000, 0.7499999999999997780 ) ) ;
#2639 = DIRECTION ( 'NONE',  ( 1.000000000000000000, 1.195124682037070119E-16, 0.000000000000000000 ) ) ;
#2640 = ORIENTED_EDGE ( 'NONE', *, *, #2172, .F. ) ;
#2641 = ORIENTED_EDGE ( 'NONE', *, *, #4744, .F. ) ;
#2642 = LINE ( 'NONE', #6009, #5004 ) ;
#2643 = CARTESIAN_POINT ( 'NONE',  ( -14.76499999999999879, 6.250000000000005329, -2.225000000000000533 ) ) ;
#2644 = DIRECTION ( 'NONE',  ( 0.000000000000000000, 0.000000000000000000, 1.000000000000000000 ) ) ;
#2645 = LINE ( 'NONE', #1057, #3121 ) ;
#2646 = EDGE_LOOP ( 'NONE', ( #344, #1762, #6962, #6903 ) ) ;
#2647 = EDGE_CURVE ( 'NONE', #3866, #7059, #4989, .T. ) ;
#2648 = ORIENTED_EDGE ( 'NONE', *, *, #3974, .F. ) ;
#2649 = DIRECTION ( 'NONE',  ( 1.000000000000000000, -0.000000000000000000, 0.000000000000000000 ) ) ;
#2650 = ORIENTED_EDGE ( 'NONE', *, *, #1696, .F. ) ;
#2651 = LINE ( 'NONE', #3819, #23 ) ;
#2652 = LINE ( 'NONE', #5532, #4181 ) ;
#2653 = FACE_OUTER_BOUND ( 'NONE', #1220, .T. ) ;
#2654 = ADVANCED_FACE ( 'NONE', ( #38 ), #6001, .F. ) ;
#2655 = EDGE_CURVE ( 'NONE', #2913, #6237, #2051, .T. ) ;
#2656 = VECTOR ( 'NONE', #4101, 1000.000000000000000 ) ;
#2657 = VECTOR ( 'NONE', #4350, 1000.000000000000227 ) ;
#2658 = ORIENTED_EDGE ( 'NONE', *, *, #2239, .T. ) ;
#2659 = FACE_BOUND ( 'NONE', #6777, .T. ) ;
#2660 = ORIENTED_EDGE ( 'NONE', *, *, #3101, .T. ) ;
#2661 = LINE ( 'NONE', #4887, #598 ) ;
#2662 = VECTOR ( 'NONE', #3079, 1000.000000000000000 ) ;
#2663 = VECTOR ( 'NONE', #1274, 1000.000000000000000 ) ;
#2664 = EDGE_CURVE ( 'NONE', #850, #6960, #570, .T. ) ;
#2665 = ORIENTED_EDGE ( 'NONE', *, *, #5887, .T. ) ;
#2666 = DIRECTION ( 'NONE',  ( -0.000000000000000000, 0.000000000000000000, -1.000000000000000000 ) ) ;
#2667 = VERTEX_POINT ( 'NONE', #5571 ) ;
#2668 = EDGE_LOOP ( 'NONE', ( #468, #6592, #1081, #874 ) ) ;
#2669 = LINE ( 'NONE', #5543, #2889 ) ;
#2670 = VECTOR ( 'NONE', #4076, 1000.000000000000000 ) ;
#2671 = DIRECTION ( 'NONE',  ( 1.000000000000000000, 0.000000000000000000, 0.000000000000000000 ) ) ;
#2672 = VECTOR ( 'NONE', #2225, 1000.000000000000000 ) ;
#2673 = ITEM_DEFINED_TRANSFORMATION ( 'NONE', 'NONE', #4462,  #5273 ) ;
#2674 = DIRECTION ( 'NONE',  ( 0.5000000000000007772, -0.8660254037844381525, 0.000000000000000000 ) ) ;
#2675 = VECTOR ( 'NONE', #3078, 1000.000000000000000 ) ;
#2676 = LINE ( 'NONE', #3065, #1191 ) ;
#2677 = ORIENTED_EDGE ( 'NONE', *, *, #5413, .F. ) ;
#2678 = ORIENTED_EDGE ( 'NONE', *, *, #1436, .T. ) ;
#2679 = ORIENTED_EDGE ( 'NONE', *, *, #3073, .F. ) ;
#2680 = CARTESIAN_POINT ( 'NONE',  ( 12.25000000000000000, 1.624999999999999778, 1.250000000000000222 ) ) ;
#2681 = ORIENTED_EDGE ( 'NONE', *, *, #4487, .T. ) ;
#2682 = VECTOR ( 'NONE', #3403, 1000.000000000000000 ) ;
#2683 = CARTESIAN_POINT ( 'NONE',  ( 11.75000000000000000, 6.500000000000003553, 0.7499999999999997780 ) ) ;
#2684 = SURFACE_STYLE_USAGE ( .BOTH. , #4793 ) ;
#2685 = CARTESIAN_POINT ( 'NONE',  ( 7.464999999999998082, 1.624999999999999778, -1.250000000000000222 ) ) ;
#2686 = ORIENTED_EDGE ( 'NONE', *, *, #2602, .T. ) ;
#2687 = VECTOR ( 'NONE', #1378, 1000.000000000000000 ) ;
#2688 = PLANE ( 'NONE',  #5697 ) ;
#2689 = ORIENTED_EDGE ( 'NONE', *, *, #835, .T. ) ;
#2690 = PLANE ( 'NONE',  #4054 ) ;
#2691 = LINE ( 'NONE', #5865, #402 ) ;
#2692 = CARTESIAN_POINT ( 'NONE',  ( 9.750000000000000000, 1.624999999999999778, -4.870572098594920796 ) ) ;
#2693 = DIRECTION ( 'NONE',  ( 0.000000000000000000, -1.000000000000000000, 0.000000000000000000 ) ) ;
#2694 = AXIS2_PLACEMENT_3D ( 'NONE', #5559, #6749, #1779 ) ;
#2695 = DIRECTION ( 'NONE',  ( 0.000000000000000000, -1.000000000000000000, 0.000000000000000000 ) ) ;
#2696 = LINE ( 'NONE', #2868, #1078 ) ;
#2697 = VECTOR ( 'NONE', #5400, 1000.000000000000227 ) ;
#2698 = DIRECTION ( 'NONE',  ( 1.000000000000000000, 1.195124682037070119E-16, 0.000000000000000000 ) ) ;
#2699 = ORIENTED_EDGE ( 'NONE', *, *, #3709, .T. ) ;
#2700 = LINE ( 'NONE', #1501, #1962 ) ;
#2701 = VECTOR ( 'NONE', #1859, 1000.000000000000000 ) ;
#2702 = ORIENTED_EDGE ( 'NONE', *, *, #6632, .F. ) ;
#2703 = FACE_BOUND ( 'NONE', #1551, .T. ) ;
#2704 = ADVANCED_FACE ( 'NONE', ( #2253 ), #77, .T. ) ;
#2705 = ORIENTED_EDGE ( 'NONE', *, *, #2934, .T. ) ;
#2706 = CARTESIAN_POINT ( 'NONE',  ( 15.01499999999999879, 6.500000000000003553, 2.224999999999999645 ) ) ;
#2707 = EDGE_LOOP ( 'NONE', ( #7163, #3389, #873, #6199 ) ) ;
#2708 = VECTOR ( 'NONE', #2315, 1000.000000000000000 ) ;
#2709 = LINE ( 'NONE', #3801, #2929 ) ;
#2710 = LINE ( 'NONE', #2294, #4414 ) ;
#2711 = ITEM_DEFINED_TRANSFORMATION ( 'NONE', 'NONE', #1796,  #5273 ) ;
#2712 = CARTESIAN_POINT ( 'NONE',  ( 15.12500000000000178, 3.649999999999999911, 2.224999999999999645 ) ) ;
#2713 = VECTOR ( 'NONE', #3621, 1000.000000000000000 ) ;
#2714 = CARTESIAN_POINT ( 'NONE',  ( 4.250000000000000000, 6.500000000000003553, -1.250000000000000000 ) ) ;
#2715 = ORIENTED_EDGE ( 'NONE', *, *, #6781, .F. ) ;
#2716 = ORIENTED_EDGE ( 'NONE', *, *, #460, .T. ) ;
#2717 = ORIENTED_EDGE ( 'NONE', *, *, #6705, .F. ) ;
#2718 = CARTESIAN_POINT ( 'NONE',  ( -13.46500000000000163, 4.774999999999999467, -2.500000000000002220 ) ) ;
#2719 = EDGE_CURVE ( 'NONE', #1446, #4885, #6733, .T. ) ;
#2720 = DIRECTION ( 'NONE',  ( -0.000000000000000000, -0.000000000000000000, 1.000000000000000000 ) ) ;
#2721 = CARTESIAN_POINT ( 'NONE',  ( 11.75000000000000000, 0.000000000000000000, 0.7499999999999997780 ) ) ;
#2722 = CARTESIAN_POINT ( 'NONE',  ( 10.25000000000000000, 1.624999999999999778, 1.250000000000000222 ) ) ;
#2723 = DIRECTION ( 'NONE',  ( 1.000000000000000000, 0.000000000000000000, 0.000000000000000000 ) ) ;
#2724 = ORIENTED_EDGE ( 'NONE', *, *, #1320, .F. ) ;
#2725 = EDGE_CURVE ( 'NONE', #3169, #4306, #1009, .T. ) ;
#2726 = CARTESIAN_POINT ( 'NONE',  ( 12.25000000000000000, 1.624999999999999778, -0.7499999999999997780 ) ) ;
#2727 = CARTESIAN_POINT ( 'NONE',  ( 14.51500000000000057, 5.375000000000002665, -2.500000000000000444 ) ) ;
#2728 = LINE ( 'NONE', #3281, #6812 ) ;
#2729 = LINE ( 'NONE', #4877, #2316 ) ;
#2730 = UNCERTAINTY_MEASURE_WITH_UNIT (LENGTH_MEASURE( 1.000000000000000082E-05 ), #765, 'distance_accuracy_value', 'NONE');
#2731 = ORIENTED_EDGE ( 'NONE', *, *, #600, .F. ) ;
#2732 = VERTEX_POINT ( 'NONE', #606 ) ;
#2733 = ORIENTED_EDGE ( 'NONE', *, *, #2844, .T. ) ;
#2734 = CARTESIAN_POINT ( 'NONE',  ( -15.12500000000000355, 3.649999999999999911, 2.500000000000000000 ) ) ;
#2735 = EDGE_CURVE ( 'NONE', #6166, #3035, #364, .T. ) ;
#2736 = ORIENTED_EDGE ( 'NONE', *, *, #3817, .T. ) ;
#2737 = FACE_BOUND ( 'NONE', #4300, .T. ) ;
#2738 = EDGE_LOOP ( 'NONE', ( #6730, #2266, #2547, #3130 ) ) ;
#2739 = LINE ( 'NONE', #6666, #1045 ) ;
#2740 = PLANE ( 'NONE',  #968 ) ;
#2741 = DIRECTION ( 'NONE',  ( 1.000000000000000000, 0.000000000000000000, 0.000000000000000000 ) ) ;
#2742 = EDGE_CURVE ( 'NONE', #2803, #5607, #4270, .T. ) ;
#2743 = DIRECTION ( 'NONE',  ( 0.000000000000000000, -1.000000000000000000, 0.000000000000000000 ) ) ;
#2744 = FACE_OUTER_BOUND ( 'NONE', #6707, .T. ) ;
#2745 = EDGE_CURVE ( 'NONE', #2848, #5454, #6510, .T. ) ;
#2746 = ORIENTED_EDGE ( 'NONE', *, *, #5931, .F. ) ;
#2747 = VERTEX_POINT ( 'NONE', #6701 ) ;
#2748 = EDGE_LOOP ( 'NONE', ( #7141, #7148, #829, #4014 ) ) ;
#2749 = DIRECTION ( 'NONE',  ( -1.000000000000000000, 0.000000000000000000, -0.000000000000000000 ) ) ;
#2750 = CARTESIAN_POINT ( 'NONE',  ( 2.250000000000000444, 0.000000000000000000, -1.250000000000000000 ) ) ;
#2751 = ORIENTED_EDGE ( 'NONE', *, *, #3869, .F. ) ;
#2752 = CARTESIAN_POINT ( 'NONE',  ( 12.24000000000001087, 5.375000000000001776, -2.225000000000000533 ) ) ;
#2753 = LINE ( 'NONE', #3814, #158 ) ;
#2754 = VERTEX_POINT ( 'NONE', #1723 ) ;
#2755 = CARTESIAN_POINT ( 'NONE',  ( -15.45000000000000107, 6.274999999999999467, -0.8500000000000005329 ) ) ;
#2756 = PLANE ( 'NONE',  #354 ) ;
#2757 = DIRECTION ( 'NONE',  ( 0.7071067811865536790, -0.7071067811865414665, 0.000000000000000000 ) ) ;
#2758 = CARTESIAN_POINT ( 'NONE',  ( 8.250000000000000000, 0.000000000000000000, -0.7499999999999996669 ) ) ;
#2759 = DIRECTION ( 'NONE',  ( 1.000000000000000000, 0.000000000000000000, 0.000000000000000000 ) ) ;
#2760 = ORIENTED_EDGE ( 'NONE', *, *, #3909, .F. ) ;
#2761 = EDGE_CURVE ( 'NONE', #4787, #5830, #5409, .T. ) ;
#2762 = VERTEX_POINT ( 'NONE', #4779 ) ;
#2763 = ORIENTED_EDGE ( 'NONE', *, *, #4982, .F. ) ;
#2764 = CARTESIAN_POINT ( 'NONE',  ( 1.749999999999999778, 1.624999999999999778, -4.870572098594920796 ) ) ;
#2765 = ORIENTED_EDGE ( 'NONE', *, *, #2993, .F. ) ;
#2766 = LINE ( 'NONE', #6202, #2540 ) ;
#2767 = EDGE_CURVE ( 'NONE', #2871, #5857, #3932, .T. ) ;
#2768 = AXIS2_PLACEMENT_3D ( 'NONE', #2582, #345, #2622 ) ;
#2769 = PRODUCT_DEFINITION_SHAPE ( 'NONE', 'NONE',  #7130 ) ;
#2770 = ORIENTED_EDGE ( 'NONE', *, *, #4100, .F. ) ;
#2771 = EDGE_CURVE ( 'NONE', #5487, #798, #3903, .T. ) ;
#2772 = FACE_BOUND ( 'NONE', #6974, .T. ) ;
#2773 = ORIENTED_EDGE ( 'NONE', *, *, #4167, .F. ) ;
#2774 = LINE ( 'NONE', #2706, #2304 ) ;
#2775 = EDGE_CURVE ( 'NONE', #5021, #1720, #2599, .T. ) ;
#2776 = LINE ( 'NONE', #1145, #1661 ) ;
#2777 = VECTOR ( 'NONE', #5975, 1000.000000000000000 ) ;
#2778 = VECTOR ( 'NONE', #3530, 1000.000000000000000 ) ;
#2779 = LINE ( 'NONE', #2818, #6555 ) ;
#2780 = ADVANCED_FACE ( 'NONE', ( #1513 ), #1139, .T. ) ;
#2781 = PRESENTATION_STYLE_ASSIGNMENT (( #3805 ) ) ;
#2782 = VECTOR ( 'NONE', #4655, 1000.000000000000000 ) ;
#2783 = CARTESIAN_POINT ( 'NONE',  ( -0.2500000000000002220, 6.500000000000003553, -1.250000000000000000 ) ) ;
#2784 = VECTOR ( 'NONE', #439, 1000.000000000000000 ) ;
#2785 = ORIENTED_EDGE ( 'NONE', *, *, #1531, .T. ) ;
#2786 = ORIENTED_EDGE ( 'NONE', *, *, #276, .F. ) ;
#2787 = VERTEX_POINT ( 'NONE', #3429 ) ;
#2788 = LINE ( 'NONE', #625, #1384 ) ;
#2789 = EDGE_CURVE ( 'NONE', #6134, #6594, #5138, .T. ) ;
#2790 = DIRECTION ( 'NONE',  ( -0.000000000000000000, 0.000000000000000000, 1.000000000000000000 ) ) ;
#2791 = ORIENTED_EDGE ( 'NONE', *, *, #3359, .F. ) ;
#2792 = VECTOR ( 'NONE', #4311, 1000.000000000000000 ) ;
#2793 = LINE ( 'NONE', #2138, #2452 ) ;
#2794 = ORIENTED_EDGE ( 'NONE', *, *, #2534, .T. ) ;
#2795 = AXIS2_PLACEMENT_3D ( 'NONE', #5795, #2955, #6242 ) ;
#2796 = LINE ( 'NONE', #1163, #3836 ) ;
#2797 = EDGE_CURVE ( 'NONE', #2610, #3585, #641, .T. ) ;
#2798 = CARTESIAN_POINT ( 'NONE',  ( 9.750000000000000000, 1.624999999999999778, 0.7499999999999997780 ) ) ;
#2799 = FACE_OUTER_BOUND ( 'NONE', #6108, .T. ) ;
#2800 = EDGE_CURVE ( 'NONE', #4885, #433, #6308, .T. ) ;
#2801 = CARTESIAN_POINT ( 'NONE',  ( 5.750000000000000000, 6.500000000000003553, -0.7499999999999996669 ) ) ;
#2802 = AXIS2_PLACEMENT_3D ( 'NONE', #4344, #5365, #2120 ) ;
#2803 = VERTEX_POINT ( 'NONE', #1276 ) ;
#2804 = ORIENTED_EDGE ( 'NONE', *, *, #5670, .T. ) ;
#2805 = ORIENTED_EDGE ( 'NONE', *, *, #1649, .T. ) ;
#2806 = VECTOR ( 'NONE', #4394, 1000.000000000000000 ) ;
#2807 = EDGE_CURVE ( 'NONE', #1885, #6364, #5205, .T. ) ;
#2808 = CARTESIAN_POINT ( 'NONE',  ( -13.75000000000000000, -2.725252258054539745, -1.250000000000000444 ) ) ;
#2809 = VERTEX_POINT ( 'NONE', #5645 ) ;
#2810 = CARTESIAN_POINT ( 'NONE',  ( -13.68999999999999773, 5.375000000000000000, 2.224999999999999645 ) ) ;
#2811 = EDGE_CURVE ( 'NONE', #6166, #5021, #2841, .T. ) ;
#2812 = VECTOR ( 'NONE', #5483, 1000.000000000000227 ) ;
#2813 = FACE_BOUND ( 'NONE', #2343, .T. ) ;
#2814 = ORIENTED_EDGE ( 'NONE', *, *, #1077, .F. ) ;
#2815 = ADVANCED_FACE ( 'NONE', ( #247 ), #5680, .F. ) ;
#2816 = VECTOR ( 'NONE', #4683, 1000.000000000000000 ) ;
#2817 = CONTEXT_DEPENDENT_SHAPE_REPRESENTATION ( #5897, #7026 ) ;
#2818 = CARTESIAN_POINT ( 'NONE',  ( 7.464999999999998082, 1.624999999999999778, 1.250000000000000222 ) ) ;
#2819 = VECTOR ( 'NONE', #6827, 1000.000000000000000 ) ;
#2820 = DIRECTION ( 'NONE',  ( 0.000000000000000000, -1.000000000000000000, 0.000000000000000000 ) ) ;
#2821 = ORIENTED_EDGE ( 'NONE', *, *, #5665, .T. ) ;
#2822 = VERTEX_POINT ( 'NONE', #6767 ) ;
#2823 = CARTESIAN_POINT ( 'NONE',  ( 14.49999999999999822, 3.649999999999999911, -4.870572098594920796 ) ) ;
#2824 = DIRECTION ( 'NONE',  ( -0.3236155771181827290, 0.8891264907159899256, 0.3236155771181821739 ) ) ;
#2825 = DIRECTION ( 'NONE',  ( 1.000000000000000000, 0.000000000000000000, 0.000000000000000000 ) ) ;
#2826 = VECTOR ( 'NONE', #4581, 1000.000000000000000 ) ;
#2827 =( REPRESENTATION_RELATIONSHIP ('NONE','NONE', #1131, #6340 ) REPRESENTATION_RELATIONSHIP_WITH_TRANSFORMATION ( #3436 )SHAPE_REPRESENTATION_RELATIONSHIP( ) );
#2828 = ADVANCED_FACE ( 'NONE', ( #2912 ), #5723, .F. ) ;
#2829 = PLANE ( 'NONE',  #2694 ) ;
#2830 = ORIENTED_EDGE ( 'NONE', *, *, #3756, .T. ) ;
#2831 = DIRECTION ( 'NONE',  ( -1.000000000000000000, 0.000000000000000000, 0.000000000000000000 ) ) ;
#2832 = PLANE ( 'NONE',  #1851 ) ;
#2833 = DIRECTION ( 'NONE',  ( 1.000000000000000000, 0.000000000000000000, 0.000000000000000000 ) ) ;
#2834 = CARTESIAN_POINT ( 'NONE',  ( -0.2500000000000002220, 1.624999999999999778, 1.250000000000000444 ) ) ;
#2835 = LINE ( 'NONE', #2421, #6406 ) ;
#2836 = EDGE_CURVE ( 'NONE', #6819, #3099, #4038, .T. ) ;
#2837 = PRODUCT_DEFINITION_SHAPE ( 'NONE', 'NONE',  #6996 ) ;
#2838 = EDGE_CURVE ( 'NONE', #5890, #6469, #2368, .T. ) ;
#2839 = EDGE_LOOP ( 'NONE', ( #2964, #2058, #6590, #2250 ) ) ;
#2840 = ORIENTED_EDGE ( 'NONE', *, *, #1354, .T. ) ;
#2841 = LINE ( 'NONE', #1317, #7011 ) ;
#2842 = EDGE_LOOP ( 'NONE', ( #5095, #3249, #3150, #1079 ) ) ;
#2843 = LINE ( 'NONE', #3905, #6888 ) ;
#2844 = EDGE_CURVE ( 'NONE', #2219, #1362, #2431, .T. ) ;
#2845 = CARTESIAN_POINT ( 'NONE',  ( 6.250000000000000000, 0.000000000000000000, 0.7499999999999998890 ) ) ;
#2846 = ORIENTED_EDGE ( 'NONE', *, *, #5862, .F. ) ;
#2847 = FACE_OUTER_BOUND ( 'NONE', #1675, .T. ) ;
#2848 = VERTEX_POINT ( 'NONE', #2397 ) ;
#2849 = DIRECTION ( 'NONE',  ( 1.000000000000000000, 0.000000000000000000, 0.000000000000000000 ) ) ;
#2850 = CARTESIAN_POINT ( 'NONE',  ( -8.249999999999996447, 1.624999999999999778, -1.250000000000000000 ) ) ;
#2851 = CARTESIAN_POINT ( 'NONE',  ( 12.46500000000000341, 5.149999999999998579, 2.224999999999999645 ) ) ;
#2852 = ORIENTED_EDGE ( 'NONE', *, *, #528, .F. ) ;
#2853 = ORIENTED_EDGE ( 'NONE', *, *, #4811, .T. ) ;
#2854 = ORIENTED_EDGE ( 'NONE', *, *, #2204, .F. ) ;
#2855 = DIRECTION ( 'NONE',  ( 0.000000000000000000, -1.000000000000000000, 0.000000000000000000 ) ) ;
#2856 = CARTESIAN_POINT ( 'NONE',  ( 9.750000000000000000, 0.000000000000000000, -0.7499999999999997780 ) ) ;
#2857 = CARTESIAN_POINT ( 'NONE',  ( -14.25000000000000178, 0.000000000000000000, 1.250000000000000666 ) ) ;
#2858 = ADVANCED_FACE ( 'NONE', ( #137 ), #4590, .T. ) ;
#2859 = ORIENTED_EDGE ( 'NONE', *, *, #3996, .T. ) ;
#2860 = DIRECTION ( 'NONE',  ( 1.000000000000000000, 0.000000000000000000, 0.000000000000000000 ) ) ;
#2861 = CARTESIAN_POINT ( 'NONE',  ( 9.750000000000000000, 0.000000000000000000, -0.7499999999999997780 ) ) ;
#2862 = EDGE_CURVE ( 'NONE', #4489, #5660, #6838, .T. ) ;
#2863 = DIRECTION ( 'NONE',  ( 1.000000000000000000, 0.000000000000000000, 0.000000000000000000 ) ) ;
#2864 = LINE ( 'NONE', #5563, #4106 ) ;
#2865 = DIRECTION ( 'NONE',  ( 0.000000000000000000, -1.000000000000000000, 0.000000000000000000 ) ) ;
#2866 = ORIENTED_EDGE ( 'NONE', *, *, #1872, .T. ) ;
#2867 = LINE ( 'NONE', #4002, #3975 ) ;
#2868 = CARTESIAN_POINT ( 'NONE',  ( 14.76499999999999879, 6.250000000000007105, -2.500000000000000444 ) ) ;
#2869 = ORIENTED_EDGE ( 'NONE', *, *, #2282, .T. ) ;
#2870 = FACE_OUTER_BOUND ( 'NONE', #102, .T. ) ;
#2871 = VERTEX_POINT ( 'NONE', #4553 ) ;
#2872 = DIRECTION ( 'NONE',  ( -1.000000000000000000, 0.000000000000000000, 0.000000000000000000 ) ) ;
#2873 = ORIENTED_EDGE ( 'NONE', *, *, #5102, .F. ) ;
#2874 = FACE_OUTER_BOUND ( 'NONE', #3691, .T. ) ;
#2875 = ADVANCED_FACE ( 'NONE', ( #6805 ), #4625, .T. ) ;
#2876 = EDGE_CURVE ( 'NONE', #4435, #5658, #1897, .T. ) ;
#2877 = DIRECTION ( 'NONE',  ( 0.000000000000000000, 0.000000000000000000, -1.000000000000000000 ) ) ;
#2878 = VERTEX_POINT ( 'NONE', #4664 ) ;
#2879 = CARTESIAN_POINT ( 'NONE',  ( -15.95000000000000284, 4.250000000000000000, -0.8500000000000005329 ) ) ;
#2880 = EDGE_CURVE ( 'NONE', #3415, #1907, #4009, .T. ) ;
#2881 = LINE ( 'NONE', #5104, #4922 ) ;
#2882 = ADVANCED_FACE ( 'NONE', ( #782 ), #6236, .F. ) ;
#2883 = VECTOR ( 'NONE', #5128, 1000.000000000000000 ) ;
#2884 = CARTESIAN_POINT ( 'NONE',  ( -8.249999999999996447, 0.000000000000000000, -1.250000000000000000 ) ) ;
#2885 = EDGE_LOOP ( 'NONE', ( #2942, #1121, #969, #7173 ) ) ;
#2886 = ORIENTED_EDGE ( 'NONE', *, *, #4390, .F. ) ;
#2887 = EDGE_LOOP ( 'NONE', ( #1304, #5100, #2493, #192 ) ) ;
#2888 = VECTOR ( 'NONE', #6823, 1000.000000000000000 ) ;
#2889 = VECTOR ( 'NONE', #4376, 1000.000000000000000 ) ;
#2890 = CARTESIAN_POINT ( 'NONE',  ( -5.750000000000001776, 1.624999999999999778, -4.870572098594920796 ) ) ;
#2891 = DIRECTION ( 'NONE',  ( 1.000000000000000000, 0.000000000000000000, 0.000000000000000000 ) ) ;
#2892 = FACE_OUTER_BOUND ( 'NONE', #4827, .T. ) ;
#2893 = LINE ( 'NONE', #5118, #3170 ) ;
#2894 = VECTOR ( 'NONE', #4163, 1000.000000000000000 ) ;
#2895 = AXIS2_PLACEMENT_3D ( 'NONE', #2117, #5952, #503 ) ;
#2896 = DIRECTION ( 'NONE',  ( -1.000000000000000000, -0.000000000000000000, -0.000000000000000000 ) ) ;
#2897 = ORIENTED_EDGE ( 'NONE', *, *, #5266, .T. ) ;
#2898 = DIRECTION ( 'NONE',  ( -1.000000000000000000, 0.000000000000000000, 0.000000000000000000 ) ) ;
#2899 = CARTESIAN_POINT ( 'NONE',  ( -13.68999999999999773, 5.375000000000000000, 2.500000000000000000 ) ) ;
#2900 = AXIS2_PLACEMENT_3D ( 'NONE', #3227, #4871, #593 ) ;
#2901 = CARTESIAN_POINT ( 'NONE',  ( -15.95000000000000284, 6.500000000000000000, 0.1250000000000001110 ) ) ;
#2902 = LINE ( 'NONE', #1232, #4798 ) ;
#2903 = VECTOR ( 'NONE', #4001, 1000.000000000000000 ) ;
#2904 = DIRECTION ( 'NONE',  ( 0.000000000000000000, 0.000000000000000000, 1.000000000000000000 ) ) ;
#2905 = VECTOR ( 'NONE', #3153, 1000.000000000000000 ) ;
#2906 = PRODUCT_DEFINITION_SHAPE ( 'NONE', 'NONE',  #7205 ) ;
#2907 = ORIENTED_EDGE ( 'NONE', *, *, #769, .T. ) ;
#2908 = DIRECTION ( 'NONE',  ( 0.000000000000000000, 0.000000000000000000, -1.000000000000000000 ) ) ;
#2909 = LINE ( 'NONE', #1237, #2663 ) ;
#2910 = ORIENTED_EDGE ( 'NONE', *, *, #1161, .F. ) ;
#2911 = PLANE ( 'NONE',  #5976 ) ;
#2912 = FACE_OUTER_BOUND ( 'NONE', #943, .T. ) ;
#2913 = VERTEX_POINT ( 'NONE', #5903 ) ;
#2914 = AXIS2_PLACEMENT_3D ( 'NONE', #826, #4018, #4707 ) ;
#2915 = LINE ( 'NONE', #1899, #262 ) ;
#2916 = CARTESIAN_POINT ( 'NONE',  ( -14.51500000000000057, 5.375000000000000000, -2.500000000000000444 ) ) ;
#2917 = VECTOR ( 'NONE', #4472, 1000.000000000000000 ) ;
#2918 = CARTESIAN_POINT ( 'NONE',  ( 13.46500000000000163, 5.150000000000005684, 2.500000000000000000 ) ) ;
#2919 = ORIENTED_EDGE ( 'NONE', *, *, #4620, .F. ) ;
#2920 = LINE ( 'NONE', #4043, #1177 ) ;
#2921 = ORIENTED_EDGE ( 'NONE', *, *, #3391, .F. ) ;
#2922 = CARTESIAN_POINT ( 'NONE',  ( -13.75000000000000000, -3.000000000000000000, -1.150000000000000577 ) ) ;
#2923 = ITEM_DEFINED_TRANSFORMATION ( 'NONE', 'NONE', #2136,  #5273 ) ;
#2924 = VECTOR ( 'NONE', #2001, 1000.000000000000000 ) ;
#2925 = CARTESIAN_POINT ( 'NONE',  ( -4.250000000000000000, 1.624999999999999778, 1.250000000000000444 ) ) ;
#2926 = EDGE_LOOP ( 'NONE', ( #5306, #5583, #5403, #4053 ) ) ;
#2927 = PLANE ( 'NONE',  #251 ) ;
#2928 = ORIENTED_EDGE ( 'NONE', *, *, #5909, .F. ) ;
#2929 = VECTOR ( 'NONE', #3837, 1000.000000000000000 ) ;
#2930 = PLANE ( 'NONE',  #4649 ) ;
#2931 = DIRECTION ( 'NONE',  ( 0.000000000000000000, 0.000000000000000000, -1.000000000000000000 ) ) ;
#2932 = VECTOR ( 'NONE', #5269, 1000.000000000000000 ) ;
#2933 = CARTESIAN_POINT ( 'NONE',  ( -14.25000000000000178, 6.500000000000003553, -1.249999999999999778 ) ) ;
#2934 = EDGE_CURVE ( 'NONE', #1399, #5250, #7071, .T. ) ;
#2935 = ORIENTED_EDGE ( 'NONE', *, *, #6559, .T. ) ;
#2936 = CARTESIAN_POINT ( 'NONE',  ( 1.749999999999999778, 0.000000000000000000, -0.7499999999999996669 ) ) ;
#2937 = LINE ( 'NONE', #2861, #6511 ) ;
#2938 = VECTOR ( 'NONE', #5198, 1000.000000000000000 ) ;
#2939 = DIRECTION ( 'NONE',  ( -0.000000000000000000, 0.000000000000000000, 1.000000000000000000 ) ) ;
#2940 = DIRECTION ( 'NONE',  ( 0.000000000000000000, -1.338521200599385475E-16, 1.000000000000000000 ) ) ;
#2941 = PLANE ( 'NONE',  #2296 ) ;
#2942 = ORIENTED_EDGE ( 'NONE', *, *, #4178, .T. ) ;
#2943 = AXIS2_PLACEMENT_3D ( 'NONE', #5227, #159, #5160 ) ;
#2944 = EDGE_CURVE ( 'NONE', #2321, #4129, #3053, .T. ) ;
#2945 = EDGE_LOOP ( 'NONE', ( #542, #2785, #2195, #74 ) ) ;
#2946 = DIRECTION ( 'NONE',  ( 0.000000000000000000, 0.000000000000000000, -1.000000000000000000 ) ) ;
#2947 = CARTESIAN_POINT ( 'NONE',  ( -9.749999999999998224, 0.000000000000000000, 1.250000000000000444 ) ) ;
#2948 = VERTEX_POINT ( 'NONE', #4697 ) ;
#2949 = DIRECTION ( 'NONE',  ( 0.000000000000000000, 0.000000000000000000, 1.000000000000000000 ) ) ;
#2950 = CARTESIAN_POINT ( 'NONE',  ( -12.46499999999999986, 1.624999999999999778, -4.870572098594920796 ) ) ;
#2951 = CARTESIAN_POINT ( 'NONE',  ( -2.250000000000000444, 6.500000000000003553, -0.7499999999999995559 ) ) ;
#2952 = CARTESIAN_POINT ( 'NONE',  ( -3.750000000000000000, 0.000000000000000000, -0.7499999999999995559 ) ) ;
#2953 = DIRECTION ( 'NONE',  ( 1.000000000000000000, 0.000000000000000000, 0.000000000000000000 ) ) ;
#2954 = VERTEX_POINT ( 'NONE', #1382 ) ;
#2955 = DIRECTION ( 'NONE',  ( 0.000000000000000000, 0.000000000000000000, 1.000000000000000000 ) ) ;
#2956 = EDGE_LOOP ( 'NONE', ( #454, #1699, #963, #4567 ) ) ;
#2957 = ORIENTED_EDGE ( 'NONE', *, *, #1717, .T. ) ;
#2958 = EDGE_CURVE ( 'NONE', #2567, #6439, #2620, .T. ) ;
#2959 = LINE ( 'NONE', #4126, #705 ) ;
#2960 = DIRECTION ( 'NONE',  ( 0.000000000000000000, -1.000000000000000000, 0.000000000000000000 ) ) ;
#2961 = CARTESIAN_POINT ( 'NONE',  ( -6.250000000000001776, 6.500000000000003553, -1.250000000000000000 ) ) ;
#2962 = VERTEX_POINT ( 'NONE', #3564 ) ;
#2963 = CARTESIAN_POINT ( 'NONE',  ( -12.25000000000000000, 6.500000000000003553, -1.249999999999999778 ) ) ;
#2964 = ORIENTED_EDGE ( 'NONE', *, *, #223, .T. ) ;
#2965 = CARTESIAN_POINT ( 'NONE',  ( -0.2500000000000002220, 0.000000000000000000, -0.7499999999999995559 ) ) ;
#2966 = LINE ( 'NONE', #867, #133 ) ;
#2967 = DIRECTION ( 'NONE',  ( 0.000000000000000000, 0.000000000000000000, 1.000000000000000000 ) ) ;
#2968 = LINE ( 'NONE', #1338, #590 ) ;
#2969 = DIRECTION ( 'NONE',  ( 0.000000000000000000, -0.7071067811865393571, -0.7071067811865555663 ) ) ;
#2970 = EDGE_CURVE ( 'NONE', #3733, #4885, #2581, .T. ) ;
#2971 = ORIENTED_EDGE ( 'NONE', *, *, #5827, .T. ) ;
#2972 = PLANE ( 'NONE',  #4537 ) ;
#2973 = DIRECTION ( 'NONE',  ( 0.000000000000000000, 0.000000000000000000, -1.000000000000000000 ) ) ;
#2974 = CARTESIAN_POINT ( 'NONE',  ( 15.95000000000000284, 0.9250000000000000444, 2.149999999999999911 ) ) ;
#2975 = ADVANCED_FACE ( 'NONE', ( #5829 ), #956, .F. ) ;
#2976 = VERTEX_POINT ( 'NONE', #3091 ) ;
#2977 = PLANE ( 'NONE',  #5098 ) ;
#2978 = ORIENTED_EDGE ( 'NONE', *, *, #1376, .T. ) ;
#2979 = CARTESIAN_POINT ( 'NONE',  ( 13.46499999999999808, 1.624999999999999778, -4.870572098594920796 ) ) ;
#2980 = DIRECTION ( 'NONE',  ( -0.000000000000000000, -0.000000000000000000, -1.000000000000000000 ) ) ;
#2981 = VERTEX_POINT ( 'NONE', #4841 ) ;
#2982 = LINE ( 'NONE', #248, #4636 ) ;
#2983 = DIRECTION ( 'NONE',  ( 1.000000000000000000, 0.000000000000000000, 0.000000000000000000 ) ) ;
#2984 = ORIENTED_EDGE ( 'NONE', *, *, #3056, .T. ) ;
#2985 = PLANE ( 'NONE',  #43 ) ;
#2986 = ORIENTED_EDGE ( 'NONE', *, *, #441, .T. ) ;
#2987 = DIRECTION ( 'NONE',  ( -1.000000000000000000, 0.000000000000000000, 0.000000000000000000 ) ) ;
#2988 = ORIENTED_EDGE ( 'NONE', *, *, #3085, .T. ) ;
#2989 = DIRECTION ( 'NONE',  ( -1.000000000000000000, -0.000000000000000000, -0.000000000000000000 ) ) ;
#2990 = ORIENTED_EDGE ( 'NONE', *, *, #5266, .F. ) ;
#2991 = EDGE_CURVE ( 'NONE', #5765, #3407, #849, .T. ) ;
#2992 = EDGE_CURVE ( 'NONE', #6839, #7064, #386, .T. ) ;
#2993 = EDGE_CURVE ( 'NONE', #6519, #6963, #2469, .T. ) ;
#2994 = DIRECTION ( 'NONE',  ( 1.000000000000000000, 0.000000000000000000, 0.000000000000000000 ) ) ;
#2995 = ORIENTED_EDGE ( 'NONE', *, *, #2623, .F. ) ;
#2996 = ORIENTED_EDGE ( 'NONE', *, *, #2876, .T. ) ;
#2997 = ORIENTED_EDGE ( 'NONE', *, *, #4708, .T. ) ;
#2998 = CARTESIAN_POINT ( 'NONE',  ( -2.250000000000000444, 0.000000000000000000, -1.250000000000000000 ) ) ;
#2999 = CARTESIAN_POINT ( 'NONE',  ( -14.25000000000000178, 1.624999999999999778, -4.870572098594920796 ) ) ;
#3000 = DIRECTION ( 'NONE',  ( 1.000000000000000000, 0.000000000000000000, 0.000000000000000000 ) ) ;
#3001 = DIRECTION ( 'NONE',  ( 0.000000000000000000, 0.000000000000000000, -1.000000000000000000 ) ) ;
#3002 =( REPRESENTATION_RELATIONSHIP ('NONE','NONE', #1131, #6340 ) REPRESENTATION_RELATIONSHIP_WITH_TRANSFORMATION ( #5964 )SHAPE_REPRESENTATION_RELATIONSHIP( ) );
#3003 = DIRECTION ( 'NONE',  ( -1.000000000000000000, -0.000000000000000000, -0.000000000000000000 ) ) ;
#3004 = VECTOR ( 'NONE', #1093, 1000.000000000000000 ) ;
#3005 = ORIENTED_EDGE ( 'NONE', *, *, #745, .F. ) ;
#3006 = CARTESIAN_POINT ( 'NONE',  ( -4.250000000000000000, 6.500000000000003553, 0.7500000000000000000 ) ) ;
#3007 = EDGE_CURVE ( 'NONE', #7081, #669, #7102, .T. ) ;
#3008 = CARTESIAN_POINT ( 'NONE',  ( 3.750000000000000000, 6.500000000000003553, -0.7499999999999996669 ) ) ;
#3009 = DIRECTION ( 'NONE',  ( -1.000000000000000000, 0.000000000000000000, 0.000000000000000000 ) ) ;
#3010 = LINE ( 'NONE', #879, #4282 ) ;
#3011 = AXIS2_PLACEMENT_3D ( 'NONE', #1988, #1448, #5338 ) ;
#3012 = VECTOR ( 'NONE', #5514, 1000.000000000000000 ) ;
#3013 = ADVANCED_FACE ( 'NONE', ( #5277 ), #4800, .F. ) ;
#3014 = VECTOR ( 'NONE', #6167, 1000.000000000000000 ) ;
#3015 = LINE ( 'NONE', #5091, #387 ) ;
#3016 = VECTOR ( 'NONE', #1359, 1000.000000000000000 ) ;
#3017 = DIRECTION ( 'NONE',  ( 1.000000000000000000, 0.000000000000000000, 0.000000000000000000 ) ) ;
#3018 = VERTEX_POINT ( 'NONE', #5866 ) ;
#3019 = DIRECTION ( 'NONE',  ( -0.000000000000000000, 0.000000000000000000, -1.000000000000000000 ) ) ;
#3020 = DIRECTION ( 'NONE',  ( -1.000000000000000000, 0.000000000000000000, -0.000000000000000000 ) ) ;
#3021 = AXIS2_PLACEMENT_3D ( 'NONE', #2276, #204, #6334 ) ;
#3022 = DIRECTION ( 'NONE',  ( -1.000000000000000000, 0.000000000000000000, -0.000000000000000000 ) ) ;
#3023 = EDGE_LOOP ( 'NONE', ( #3644, #5189, #6356, #3575 ) ) ;
#3024 = CARTESIAN_POINT ( 'NONE',  ( -9.749999999999998224, 0.000000000000000000, 0.7500000000000001110 ) ) ;
#3025 = ADVANCED_FACE ( 'NONE', ( #2068 ), #2501, .T. ) ;
#3026 = PLANE ( 'NONE',  #4764 ) ;
#3027 = VECTOR ( 'NONE', #507, 1000.000000000000000 ) ;
#3028 = DIRECTION ( 'NONE',  ( -1.000000000000000000, -0.000000000000000000, -0.000000000000000000 ) ) ;
#3029 = EDGE_LOOP ( 'NONE', ( #429, #6506, #4197, #6744 ) ) ;
#3030 = FACE_OUTER_BOUND ( 'NONE', #1834, .T. ) ;
#3031 = VECTOR ( 'NONE', #2639, 1000.000000000000000 ) ;
#3032 = VERTEX_POINT ( 'NONE', #2535 ) ;
#3033 = FACE_OUTER_BOUND ( 'NONE', #4042, .T. ) ;
#3034 = VERTEX_POINT ( 'NONE', #4184 ) ;
#3035 = VERTEX_POINT ( 'NONE', #3706 ) ;
#3036 = CARTESIAN_POINT ( 'NONE',  ( -13.46500000000000163, 5.375000000000000000, -2.500000000000002220 ) ) ;
#3037 = AXIS2_PLACEMENT_3D ( 'NONE', #2298, #5587, #5044 ) ;
#3038 = ADVANCED_FACE ( 'NONE', ( #6464 ), #3672, .F. ) ;
#3039 = LINE ( 'NONE', #1882, #6574 ) ;
#3040 = AXIS2_PLACEMENT_3D ( 'NONE', #6467, #7139, #5465 ) ;
#3041 = ORIENTED_EDGE ( 'NONE', *, *, #1950, .T. ) ;
#3042 = DIRECTION ( 'NONE',  ( 1.000000000000000000, 1.195124682037070119E-16, 0.000000000000000000 ) ) ;
#3043 = LINE ( 'NONE', #5267, #2077 ) ;
#3044 = FACE_OUTER_BOUND ( 'NONE', #2026, .T. ) ;
#3045 = PLANE ( 'NONE',  #4565 ) ;
#3046 = CARTESIAN_POINT ( 'NONE',  ( -14.15000000000000036, -3.000000000000000000, -0.8499999999999999778 ) ) ;
#3047 = ADVANCED_FACE ( 'NONE', ( #4761 ), #6538, .F. ) ;
#3048 = VECTOR ( 'NONE', #1905, 1000.000000000000000 ) ;
#3049 = CARTESIAN_POINT ( 'NONE',  ( 12.25000000000000000, 0.000000000000000000, -0.7499999999999997780 ) ) ;
#3050 = VECTOR ( 'NONE', #5620, 1000.000000000000000 ) ;
#3051 = CARTESIAN_POINT ( 'NONE',  ( -13.46500000000000163, 4.774999999999999467, -8.724999999999999645 ) ) ;
#3052 = DIRECTION ( 'NONE',  ( -1.000000000000000000, 0.000000000000000000, 0.000000000000000000 ) ) ;
#3053 = LINE ( 'NONE', #343, #2199 ) ;
#3054 = FACE_OUTER_BOUND ( 'NONE', #228, .T. ) ;
#3055 = VECTOR ( 'NONE', #4500, 1000.000000000000114 ) ;
#3056 = EDGE_CURVE ( 'NONE', #5341, #1389, #916, .T. ) ;
#3057 = PLANE ( 'NONE',  #505 ) ;
#3058 = VERTEX_POINT ( 'NONE', #4439 ) ;
#3059 = DIRECTION ( 'NONE',  ( 0.000000000000000000, -1.000000000000000000, 0.000000000000000000 ) ) ;
#3060 = ORIENTED_EDGE ( 'NONE', *, *, #1428, .F. ) ;
#3061 = LINE ( 'NONE', #818, #6291 ) ;
#3062 = AXIS2_PLACEMENT_3D ( 'NONE', #6491, #4832, #6526 ) ;
#3063 = ORIENTED_EDGE ( 'NONE', *, *, #4630, .T. ) ;
#3064 = CARTESIAN_POINT ( 'NONE',  ( -13.75000000000000178, 1.624999999999999778, -1.249999999999999778 ) ) ;
#3065 = CARTESIAN_POINT ( 'NONE',  ( -13.46499999999999986, 5.150000000000004796, 2.224999999999999645 ) ) ;
#3066 = VERTEX_POINT ( 'NONE', #526 ) ;
#3067 = DIRECTION ( 'NONE',  ( -0.000000000000000000, -0.000000000000000000, 1.000000000000000000 ) ) ;
#3068 = EDGE_LOOP ( 'NONE', ( #3264, #6319, #2677, #2990 ) ) ;
#3069 = DIRECTION ( 'NONE',  ( -1.000000000000000000, 0.000000000000000000, -1.359501156721635892E-17 ) ) ;
#3070 = PLANE ( 'NONE',  #66 ) ;
#3071 = DIRECTION ( 'NONE',  ( 0.000000000000000000, -1.000000000000000000, -1.338521200599385475E-16 ) ) ;
#3072 = CARTESIAN_POINT ( 'NONE',  ( -15.95000000000000284, 6.275000000000004796, -0.1000000000000002137 ) ) ;
#3073 = EDGE_CURVE ( 'NONE', #2064, #1362, #4361, .T. ) ;
#3074 = CARTESIAN_POINT ( 'NONE',  ( -15.12500000000000000, 2.299999999999999822, -4.870572098594920796 ) ) ;
#3075 = VERTEX_POINT ( 'NONE', #4326 ) ;
#3076 = VERTEX_POINT ( 'NONE', #2169 ) ;
#3077 = EDGE_LOOP ( 'NONE', ( #4318, #9, #1853, #4804 ) ) ;
#3078 = DIRECTION ( 'NONE',  ( 0.000000000000000000, -1.000000000000000000, 0.000000000000000000 ) ) ;
#3079 = DIRECTION ( 'NONE',  ( 0.000000000000000000, -1.000000000000000000, 0.000000000000000000 ) ) ;
#3080 = SURFACE_STYLE_USAGE ( .BOTH. , #2030 ) ;
#3081 = PLANE ( 'NONE',  #6654 ) ;
#3082 = ORIENTED_EDGE ( 'NONE', *, *, #1696, .T. ) ;
#3083 = LINE ( 'NONE', #3273, #2358 ) ;
#3084 = EDGE_CURVE ( 'NONE', #669, #2417, #2140, .T. ) ;
#3085 = EDGE_CURVE ( 'NONE', #5486, #2148, #6127, .T. ) ;
#3086 = EDGE_CURVE ( 'NONE', #6893, #3066, #4911, .T. ) ;
#3087 = ORIENTED_EDGE ( 'NONE', *, *, #1330, .F. ) ;
#3088 = LINE ( 'NONE', #383, #4083 ) ;
#3089 = LINE ( 'NONE', #3493, #1503 ) ;
#3090 = DIRECTION ( 'NONE',  ( 0.000000000000000000, -1.000000000000000000, 0.000000000000000000 ) ) ;
#3091 = CARTESIAN_POINT ( 'NONE',  ( 11.75000000000000000, 1.624999999999999778, 1.250000000000000222 ) ) ;
#3092 = DIRECTION ( 'NONE',  ( 0.000000000000000000, 0.000000000000000000, -1.000000000000000000 ) ) ;
#3093 = ORIENTED_EDGE ( 'NONE', *, *, #5776, .F. ) ;
#3094 = LINE ( 'NONE', #2783, #6540 ) ;
#3095 = VERTEX_POINT ( 'NONE', #5561 ) ;
#3096 = FACE_BOUND ( 'NONE', #4830, .T. ) ;
#3097 = EDGE_CURVE ( 'NONE', #2009, #1711, #4950, .T. ) ;
#3098 = CARTESIAN_POINT ( 'NONE',  ( 14.49999999999999822, 3.649999999999999911, 2.224999999999999645 ) ) ;
#3099 = VERTEX_POINT ( 'NONE', #5598 ) ;
#3100 = FACE_OUTER_BOUND ( 'NONE', #4747, .T. ) ;
#3101 = EDGE_CURVE ( 'NONE', #1642, #4513, #6047, .T. ) ;
#3102 = ORIENTED_EDGE ( 'NONE', *, *, #2970, .T. ) ;
#3103 = DIRECTION ( 'NONE',  ( -0.000000000000000000, -0.000000000000000000, 1.000000000000000000 ) ) ;
#3104 = CARTESIAN_POINT ( 'NONE',  ( 15.45000000000000284, -29.59378440939045163, 2.225000000000000089 ) ) ;
#3105 = EDGE_CURVE ( 'NONE', #7076, #4125, #1573, .T. ) ;
#3106 = CARTESIAN_POINT ( 'NONE',  ( 7.464999999999998082, 1.624999999999999778, -0.7499999999999996669 ) ) ;
#3107 = PRODUCT_CONTEXT ( 'NONE', #651, 'mechanical' ) ;
#3108 = CARTESIAN_POINT ( 'NONE',  ( 0.2500000000000002220, 0.000000000000000000, -0.7499999999999995559 ) ) ;
#3109 = CARTESIAN_POINT ( 'NONE',  ( 14.76499999999999879, 6.250000000000007105, 2.224999999999999645 ) ) ;
#3110 = VERTEX_POINT ( 'NONE', #6612 ) ;
#3111 = ORIENTED_EDGE ( 'NONE', *, *, #745, .T. ) ;
#3112 = ORIENTED_EDGE ( 'NONE', *, *, #491, .T. ) ;
#3113 = DIRECTION ( 'NONE',  ( 0.000000000000000000, -1.000000000000000000, 0.000000000000000000 ) ) ;
#3114 = ADVANCED_FACE ( 'NONE', ( #1605 ), #2203, .T. ) ;
#3115 = DIRECTION ( 'NONE',  ( 0.7071067811865561215, -0.7071067811865389130, 0.000000000000000000 ) ) ;
#3116 = VERTEX_POINT ( 'NONE', #6686 ) ;
#3117 = VECTOR ( 'NONE', #5640, 1000.000000000000000 ) ;
#3118 = ORIENTED_EDGE ( 'NONE', *, *, #152, .T. ) ;
#3119 = DIRECTION ( 'NONE',  ( -0.000000000000000000, -0.000000000000000000, 1.000000000000000000 ) ) ;
#3120 = ORIENTED_EDGE ( 'NONE', *, *, #2771, .T. ) ;
#3121 = VECTOR ( 'NONE', #483, 1000.000000000000000 ) ;
#3122 = CLOSED_SHELL ( 'NONE', ( #5028, #1906, #240, #6369, #2039, #953, #174, #2323, #5360, #4239, #6989, #401, #1187, #989, #3025, #4034, #1023, #4580, #4090, #5965, #2076, #2471, #1227, #2299, #4823, #5992, #960, #451, #2858, #5238, #1727, #3924, #4351, #1149, #4141, #5067, #4147, #6132, #7108, #389, #4402, #2163, #65, #6680, #1415, #4310, #804, #6860, #6763, #1059, #4519, #4111, #4258, #5977, #5641, #4453, #4777, #5229, #5072, #6232, #32, #1171, #139, #1076, #4743, #831, #3559, #5179, #1234, #751, #3262, #1300, #2780, #2008, #5125, #3114, #3460, #3325, #4008, #4575, #5181, #3374, #701, #3773, #310, #5089, #1340, #3491, #4583, #2, #4228, #6300, #5734, #27, #154, #1368, #3330, #5047, #6770, #5869, #541, #3608, #2328, #2022, #6929, #1013, #6104, #3426, #1523, #3220, #5683, #7161, #4992, #3047, #1291, #2105, #1929, #6318, #978, #7167, #5472, #162, #6011, #4538, #4396, #2654, #3551, #1488, #5304, #2616, #1602, #2108, #6906, #3531, #2066, #1606, #4281, #2882, #5088, #6902, #682, #6901, #1179, #3280, #3189, #5946, #2975, #2815, #1253, #1055, #4284, #1, #1199, #4080, #5691, #1072, #3579, #3314, #4850, #880, #2436, #6683, #6981, #1891, #3013, #186, #1499, #5547, #3126, #3469, #514, #3289, #3038, #438, #681, #5743, #3424, #3622, #4131, #1840, #8, #7166, #2875, #3354, #4921, #4000, #5760, #3679, #5684, #3562, #6530, #1512, #6563, #3245 ) ) ;
#3123 = DIRECTION ( 'NONE',  ( 1.000000000000000000, 0.000000000000000000, 0.000000000000000000 ) ) ;
#3124 = LINE ( 'NONE', #6693, #1431 ) ;
#3125 = FACE_OUTER_BOUND ( 'NONE', #675, .T. ) ;
#3126 = ADVANCED_FACE ( 'NONE', ( #6015 ), #6724, .F. ) ;
#3127 = AXIS2_PLACEMENT_3D ( 'NONE', #6117, #3370, #5591 ) ;
#3128 = FACE_OUTER_BOUND ( 'NONE', #3540, .T. ) ;
#3129 = VECTOR ( 'NONE', #7077, 1000.000000000000000 ) ;
#3130 = ORIENTED_EDGE ( 'NONE', *, *, #5633, .F. ) ;
#3131 = ORIENTED_EDGE ( 'NONE', *, *, #6466, .F. ) ;
#3132 = CARTESIAN_POINT ( 'NONE',  ( 13.62605214705668644, 4.914168687704686178, 2.500000000000000000 ) ) ;
#3133 = ORIENTED_EDGE ( 'NONE', *, *, #5003, .F. ) ;
#3134 = VECTOR ( 'NONE', #5309, 1000.000000000000000 ) ;
#3135 = DIRECTION ( 'NONE',  ( -1.000000000000000000, 0.000000000000000000, 0.000000000000000000 ) ) ;
#3136 = ORIENTED_EDGE ( 'NONE', *, *, #7150, .T. ) ;
#3137 = AXIS2_PLACEMENT_3D ( 'NONE', #4153, #3570, #4123 ) ;
#3138 = CARTESIAN_POINT ( 'NONE',  ( 13.46500000000000163, 4.775000000000003020, -2.225000000000000533 ) ) ;
#3139 = ORIENTED_EDGE ( 'NONE', *, *, #6076, .F. ) ;
#3140 = ORIENTED_EDGE ( 'NONE', *, *, #1097, .F. ) ;
#3141 = FACE_OUTER_BOUND ( 'NONE', #755, .T. ) ;
#3142 = FACE_OUTER_BOUND ( 'NONE', #1182, .T. ) ;
#3143 = DIRECTION ( 'NONE',  ( 0.000000000000000000, -0.7071067811865389130, -0.7071067811865561215 ) ) ;
#3144 = LINE ( 'NONE', #5372, #3246 ) ;
#3145 = CARTESIAN_POINT ( 'NONE',  ( 26.00000000000000355, -1.353084311261909287E-16, 2.000000000000000000 ) ) ;
#3146 = LINE ( 'NONE', #1011, #1205 ) ;
#3147 = VECTOR ( 'NONE', #3067, 1000.000000000000000 ) ;
#3148 = LINE ( 'NONE', #2603, #5136 ) ;
#3149 = EDGE_LOOP ( 'NONE', ( #391, #1789, #3326, #3082 ) ) ;
#3150 = ORIENTED_EDGE ( 'NONE', *, *, #2237, .F. ) ;
#3151 = ORIENTED_EDGE ( 'NONE', *, *, #5599, .T. ) ;
#3152 = VECTOR ( 'NONE', #2908, 1000.000000000000000 ) ;
#3153 = DIRECTION ( 'NONE',  ( 1.000000000000000000, 0.000000000000000000, 0.000000000000000000 ) ) ;
#3154 = ORIENTED_EDGE ( 'NONE', *, *, #1486, .T. ) ;
#3155 = CARTESIAN_POINT ( 'NONE',  ( -12.25000000000000000, 6.500000000000003553, 0.7500000000000001110 ) ) ;
#3156 = CARTESIAN_POINT ( 'NONE',  ( -15.95000000000000284, 0.4249999999999999889, 2.500000000000000000 ) ) ;
#3157 =( LENGTH_UNIT ( ) NAMED_UNIT ( * ) SI_UNIT ( .MILLI., .METRE. ) );
#3158 = CARTESIAN_POINT ( 'NONE',  ( -7.749999999999996447, 0.000000000000000000, 0.7500000000000001110 ) ) ;
#3159 = AXIS2_PLACEMENT_3D ( 'NONE', #4040, #5686, #2228 ) ;
#3160 = ORIENTED_EDGE ( 'NONE', *, *, #1021, .F. ) ;
#3161 = VECTOR ( 'NONE', #6366, 1000.000000000000000 ) ;
#3162 = LINE ( 'NONE', #6494, #1556 ) ;
#3163 = DIRECTION ( 'NONE',  ( 1.000000000000000000, 0.000000000000000000, 0.000000000000000000 ) ) ;
#3164 = CARTESIAN_POINT ( 'NONE',  ( 1.749999999999999778, 0.000000000000000000, -0.7499999999999996669 ) ) ;
#3165 = FACE_OUTER_BOUND ( 'NONE', #5324, .T. ) ;
#3166 = VECTOR ( 'NONE', #774, 1000.000000000000000 ) ;
#3167 = ORIENTED_EDGE ( 'NONE', *, *, #935, .F. ) ;
#3168 = DIRECTION ( 'NONE',  ( 0.7071067811865561215, -0.7071067811865389130, 0.000000000000000000 ) ) ;
#3169 = VERTEX_POINT ( 'NONE', #1641 ) ;
#3170 = VECTOR ( 'NONE', #161, 1000.000000000000000 ) ;
#3171 = LINE ( 'NONE', #3243, #4994 ) ;
#3172 = ORIENTED_EDGE ( 'NONE', *, *, #2800, .F. ) ;
#3173 = DIRECTION ( 'NONE',  ( 1.000000000000000000, 0.000000000000000000, -0.000000000000000000 ) ) ;
#3174 = EDGE_LOOP ( 'NONE', ( #1091, #3206, #4700, #2794 ) ) ;
#3175 = ORIENTED_EDGE ( 'NONE', *, *, #112, .F. ) ;
#3176 = CARTESIAN_POINT ( 'NONE',  ( -2.250000000000000444, 6.500000000000003553, -1.250000000000000000 ) ) ;
#3177 = EDGE_CURVE ( 'NONE', #1659, #1690, #2796, .T. ) ;
#3178 = CARTESIAN_POINT ( 'NONE',  ( 2.250000000000000444, 1.624999999999999778, -4.870572098594920796 ) ) ;
#3179 = DIRECTION ( 'NONE',  ( 1.000000000000000000, 0.000000000000000000, -0.000000000000000000 ) ) ;
#3180 = CARTESIAN_POINT ( 'NONE',  ( 15.12500000000000178, 3.649999999999999911, -4.870572098594920796 ) ) ;
#3181 = DIRECTION ( 'NONE',  ( -0.000000000000000000, -0.000000000000000000, 1.000000000000000000 ) ) ;
#3182 = ORIENTED_EDGE ( 'NONE', *, *, #2958, .T. ) ;
#3183 = ORIENTED_EDGE ( 'NONE', *, *, #5396, .F. ) ;
#3184 = ORIENTED_EDGE ( 'NONE', *, *, #4703, .F. ) ;
#3185 = PLANE ( 'NONE',  #1064 ) ;
#3186 = VERTEX_POINT ( 'NONE', #6645 ) ;
#3187 = FACE_OUTER_BOUND ( 'NONE', #5343, .T. ) ;
#3188 = PRESENTATION_STYLE_ASSIGNMENT (( #3080 ) ) ;
#3189 = ADVANCED_FACE ( 'NONE', ( #3816 ), #68, .F. ) ;
#3190 = DIRECTION ( 'NONE',  ( 0.000000000000000000, -1.000000000000000000, 0.000000000000000000 ) ) ;
#3191 = ORIENTED_EDGE ( 'NONE', *, *, #3297, .T. ) ;
#3192 = PLANE ( 'NONE',  #5835 ) ;
#3193 = ORIENTED_EDGE ( 'NONE', *, *, #7035, .F. ) ;
#3194 = CARTESIAN_POINT ( 'NONE',  ( -6.250000000000001776, 0.000000000000000000, -0.7499999999999995559 ) ) ;
#3195 = ORIENTED_EDGE ( 'NONE', *, *, #5349, .F. ) ;
#3196 = CARTESIAN_POINT ( 'NONE',  ( -15.95000000000000284, 6.275000000000004796, -0.1000000000000002137 ) ) ;
#3197 = DIRECTION ( 'NONE',  ( -0.000000000000000000, -0.000000000000000000, 1.000000000000000000 ) ) ;
#3198 = ADVANCED_FACE ( 'NONE', ( #6157 ), #1099, .T. ) ;
#3199 = DIRECTION ( 'NONE',  ( 1.000000000000000000, 0.000000000000000000, 0.000000000000000000 ) ) ;
#3200 = DIRECTION ( 'NONE',  ( 0.000000000000000000, 0.000000000000000000, 1.000000000000000000 ) ) ;
#3201 = ORIENTED_EDGE ( 'NONE', *, *, #5473, .T. ) ;
#3202 = FACE_BOUND ( 'NONE', #6933, .T. ) ;
#3203 = ORIENTED_EDGE ( 'NONE', *, *, #666, .T. ) ;
#3204 = LINE ( 'NONE', #464, #1856 ) ;
#3205 = ORIENTED_EDGE ( 'NONE', *, *, #5593, .F. ) ;
#3206 = ORIENTED_EDGE ( 'NONE', *, *, #574, .T. ) ;
#3207 = ORIENTED_EDGE ( 'NONE', *, *, #5383, .T. ) ;
#3208 = DIRECTION ( 'NONE',  ( 0.000000000000000000, 0.000000000000000000, -1.000000000000000000 ) ) ;
#3209 = CARTESIAN_POINT ( 'NONE',  ( 7.750000000000000000, 6.500000000000003553, 1.250000000000000222 ) ) ;
#3210 = EDGE_CURVE ( 'NONE', #1074, #434, #7132, .T. ) ;
#3211 = CARTESIAN_POINT ( 'NONE',  ( -14.76499999999999879, 5.624999999999993783, -2.225000000000000533 ) ) ;
#3212 = CARTESIAN_POINT ( 'NONE',  ( 0.000000000000000000, 0.000000000000000000, 0.000000000000000000 ) ) ;
#3213 = CARTESIAN_POINT ( 'NONE',  ( -14.51500000000000057, 5.375000000000000000, -2.500000000000000444 ) ) ;
#3214 = CARTESIAN_POINT ( 'NONE',  ( 13.69000000000000483, 5.375000000000002665, -2.500000000000000444 ) ) ;
#3215 = ORIENTED_EDGE ( 'NONE', *, *, #2258, .F. ) ;
#3216 = ORIENTED_EDGE ( 'NONE', *, *, #6145, .T. ) ;
#3217 = ORIENTED_EDGE ( 'NONE', *, *, #5909, .T. ) ;
#3218 = CARTESIAN_POINT ( 'NONE',  ( 15.95000000000000284, 0.000000000000000000, 2.500000000000000444 ) ) ;
#3219 = ORIENTED_EDGE ( 'NONE', *, *, #942, .T. ) ;
#3220 = ADVANCED_FACE ( 'NONE', ( #488 ), #2688, .F. ) ;
#3221 = DIRECTION ( 'NONE',  ( -0.000000000000000000, -0.000000000000000000, 1.000000000000000000 ) ) ;
#3222 =( NAMED_UNIT ( * ) SI_UNIT ( $, .STERADIAN. ) SOLID_ANGLE_UNIT ( ) );
#3223 = CARTESIAN_POINT ( 'NONE',  ( -2.535000000000002363, 1.624999999999999778, -1.250000000000000000 ) ) ;
#3224 = DIRECTION ( 'NONE',  ( 0.000000000000000000, -1.000000000000000000, 0.000000000000000000 ) ) ;
#3225 = EDGE_CURVE ( 'NONE', #3406, #5658, #559, .T. ) ;
#3226 = ORIENTED_EDGE ( 'NONE', *, *, #2409, .T. ) ;
#3227 = CARTESIAN_POINT ( 'NONE',  ( -4.250000000000000000, 6.500000000000003553, -0.7499999999999995559 ) ) ;
#3228 = ORIENTED_EDGE ( 'NONE', *, *, #6466, .T. ) ;
#3229 = DIRECTION ( 'NONE',  ( 6.938893903907227392E-16, -0.000000000000000000, 1.000000000000000000 ) ) ;
#3230 = CARTESIAN_POINT ( 'NONE',  ( -14.76499999999999879, 5.624999999999993783, -2.500000000000000444 ) ) ;
#3231 = CARTESIAN_POINT ( 'NONE',  ( 12.25000000000000000, 6.500000000000003553, -1.250000000000000222 ) ) ;
#3232 = DIRECTION ( 'NONE',  ( -0.000000000000000000, -0.000000000000000000, 1.000000000000000000 ) ) ;
#3233 = VECTOR ( 'NONE', #4186, 1000.000000000000000 ) ;
#3234 = LINE ( 'NONE', #1578, #692 ) ;
#3235 = EDGE_CURVE ( 'NONE', #1565, #3406, #5123, .T. ) ;
#3236 =( REPRESENTATION_RELATIONSHIP ('NONE','NONE', #1131, #6340 ) REPRESENTATION_RELATIONSHIP_WITH_TRANSFORMATION ( #578 )SHAPE_REPRESENTATION_RELATIONSHIP( ) );
#3237 = VECTOR ( 'NONE', #1025, 1000.000000000000000 ) ;
#3238 = VECTOR ( 'NONE', #1590, 1000.000000000000000 ) ;
#3239 = EDGE_LOOP ( 'NONE', ( #693, #5540, #156, #3949, #5046, #2569, #5310, #7066, #6993 ) ) ;
#3240 = ORIENTED_EDGE ( 'NONE', *, *, #1996, .F. ) ;
#3241 = CARTESIAN_POINT ( 'NONE',  ( -6.535000000000004583, 1.624999999999999778, 0.7500000000000000000 ) ) ;
#3242 = ORIENTED_EDGE ( 'NONE', *, *, #6420, .F. ) ;
#3243 = CARTESIAN_POINT ( 'NONE',  ( 15.45000000000000107, 4.250000000000000000, -0.1000000000000004774 ) ) ;
#3244 = VECTOR ( 'NONE', #6786, 1000.000000000000000 ) ;
#3245 = ADVANCED_FACE ( 'NONE', ( #6255 ), #2972, .T. ) ;
#3246 = VECTOR ( 'NONE', #6033, 1000.000000000000000 ) ;
#3247 = EDGE_CURVE ( 'NONE', #1984, #850, #1262, .T. ) ;
#3248 = EDGE_CURVE ( 'NONE', #1172, #6166, #167, .T. ) ;
#3249 = ORIENTED_EDGE ( 'NONE', *, *, #1585, .T. ) ;
#3250 = CARTESIAN_POINT ( 'NONE',  ( -6.535000000000004583, 1.624999999999999778, 1.250000000000000444 ) ) ;
#3251 = EDGE_LOOP ( 'NONE', ( #2665, #519, #1241, #3799 ) ) ;
#3252 = ORIENTED_EDGE ( 'NONE', *, *, #2880, .T. ) ;
#3253 = CARTESIAN_POINT ( 'NONE',  ( 9.750000000000000000, 0.000000000000000000, -0.7499999999999997780 ) ) ;
#3254 = AXIS2_PLACEMENT_3D ( 'NONE', #1957, #4145, #2036 ) ;
#3255 = DIRECTION ( 'NONE',  ( -1.000000000000000000, -1.284980352575412699E-15, 0.000000000000000000 ) ) ;
#3256 = VECTOR ( 'NONE', #284, 1000.000000000000000 ) ;
#3257 = PLANE ( 'NONE',  #3366 ) ;
#3258 = CONTEXT_DEPENDENT_SHAPE_REPRESENTATION ( #3236, #4810 ) ;
#3259 = CARTESIAN_POINT ( 'NONE',  ( -14.25000000000000000, -2.725252258054539745, -1.250000000000000444 ) ) ;
#3260 = VECTOR ( 'NONE', #4137, 1000.000000000000000 ) ;
#3261 = LINE ( 'NONE', #2714, #6081 ) ;
#3262 = ADVANCED_FACE ( 'NONE', ( #6905 ), #97, .T. ) ;
#3263 = ORIENTED_EDGE ( 'NONE', *, *, #966, .T. ) ;
#3264 = ORIENTED_EDGE ( 'NONE', *, *, #5576, .F. ) ;
#3265 = ORIENTED_EDGE ( 'NONE', *, *, #1718, .F. ) ;
#3266 = DIRECTION ( 'NONE',  ( 0.000000000000000000, 0.000000000000000000, -1.000000000000000000 ) ) ;
#3267 = EDGE_LOOP ( 'NONE', ( #6500, #1050, #4307, #6520 ) ) ;
#3268 = LINE ( 'NONE', #4947, #3591 ) ;
#3269 = VECTOR ( 'NONE', #1698, 1000.000000000000000 ) ;
#3270 = DIRECTION ( 'NONE',  ( 0.000000000000000000, 0.000000000000000000, 1.000000000000000000 ) ) ;
#3271 = LINE ( 'NONE', #4391, #1622 ) ;
#3272 = ORIENTED_EDGE ( 'NONE', *, *, #6065, .F. ) ;
#3273 = CARTESIAN_POINT ( 'NONE',  ( 11.75000000000000000, 0.000000000000000000, -0.7499999999999997780 ) ) ;
#3274 = CARTESIAN_POINT ( 'NONE',  ( 15.95000000000000284, 6.274999999999999467, -0.8500000000000005329 ) ) ;
#3275 = EDGE_CURVE ( 'NONE', #4286, #5569, #2311, .T. ) ;
#3276 = VECTOR ( 'NONE', #3404, 999.9999999999998863 ) ;
#3277 = DIRECTION ( 'NONE',  ( 0.000000000000000000, -1.000000000000000000, -0.000000000000000000 ) ) ;
#3278 = ORIENTED_EDGE ( 'NONE', *, *, #6619, .F. ) ;
#3279 = DIRECTION ( 'NONE',  ( -1.000000000000000000, 0.000000000000000000, 0.000000000000000000 ) ) ;
#3280 = ADVANCED_FACE ( 'NONE', ( #3416 ), #3483, .F. ) ;
#3281 = CARTESIAN_POINT ( 'NONE',  ( -15.95000000000000284, 6.274999999999999467, -0.8500000000000005329 ) ) ;
#3282 = DIRECTION ( 'NONE',  ( 1.000000000000000000, 0.000000000000000000, 0.000000000000000000 ) ) ;
#3283 = VECTOR ( 'NONE', #6832, 1000.000000000000000 ) ;
#3284 = VECTOR ( 'NONE', #2005, 1000.000000000000000 ) ;
#3285 = ORIENTED_EDGE ( 'NONE', *, *, #2992, .F. ) ;
#3286 = FACE_BOUND ( 'NONE', #5406, .T. ) ;
#3287 = ORIENTED_EDGE ( 'NONE', *, *, #3248, .T. ) ;
#3288 = FACE_BOUND ( 'NONE', #5069, .T. ) ;
#3289 = ADVANCED_FACE ( 'NONE', ( #4542 ), #6825, .F. ) ;
#3290 = AXIS2_PLACEMENT_3D ( 'NONE', #1372, #3587, #2973 ) ;
#3291 = ORIENTED_EDGE ( 'NONE', *, *, #6210, .T. ) ;
#3292 = DIRECTION ( 'NONE',  ( -1.000000000000000000, 0.000000000000000000, -0.000000000000000000 ) ) ;
#3293 = VERTEX_POINT ( 'NONE', #5711 ) ;
#3294 = FACE_OUTER_BOUND ( 'NONE', #5201, .T. ) ;
#3295 = VECTOR ( 'NONE', #2969, 1000.000000000000114 ) ;
#3296 = CARTESIAN_POINT ( 'NONE',  ( 14.31867413426533808, 4.914168687704686178, 2.400000000000000355 ) ) ;
#3297 = EDGE_CURVE ( 'NONE', #4342, #4208, #1781, .T. ) ;
#3298 = EDGE_CURVE ( 'NONE', #6585, #5021, #3521, .T. ) ;
#3299 = CARTESIAN_POINT ( 'NONE',  ( -15.95000000000000284, 6.500000000000000000, 0.1250000000000001110 ) ) ;
#3300 = MECHANICAL_DESIGN_GEOMETRIC_PRESENTATION_REPRESENTATION (  '', ( #3993 ), #3414 ) ;
#3301 = DIRECTION ( 'NONE',  ( 0.000000000000000000, -1.000000000000000000, 0.000000000000000000 ) ) ;
#3302 = ORIENTED_EDGE ( 'NONE', *, *, #966, .F. ) ;
#3303 = ORIENTED_EDGE ( 'NONE', *, *, #2252, .T. ) ;
#3304 = EDGE_LOOP ( 'NONE', ( #6014, #1769, #2056, #6522 ) ) ;
#3305 = DIRECTION ( 'NONE',  ( 0.000000000000000000, 0.000000000000000000, 1.000000000000000000 ) ) ;
#3306 = VERTEX_POINT ( 'NONE', #3961 ) ;
#3307 = EDGE_CURVE ( 'NONE', #2119, #3921, #4104, .T. ) ;
#3308 = CARTESIAN_POINT ( 'NONE',  ( -13.75000000000000000, -3.000000000000000000, -0.7500000000000001110 ) ) ;
#3309 = ORIENTED_EDGE ( 'NONE', *, *, #2457, .F. ) ;
#3310 = DIRECTION ( 'NONE',  ( 0.000000000000000000, 0.000000000000000000, -1.000000000000000000 ) ) ;
#3311 = DIRECTION ( 'NONE',  ( -0.000000000000000000, -1.000000000000000000, -0.000000000000000000 ) ) ;
#3312 = DIRECTION ( 'NONE',  ( -0.000000000000000000, -1.000000000000000000, -0.000000000000000000 ) ) ;
#3313 = FACE_OUTER_BOUND ( 'NONE', #4085, .T. ) ;
#3314 = ADVANCED_FACE ( 'NONE', ( #5167 ), #6192, .F. ) ;
#3315 = EDGE_CURVE ( 'NONE', #2754, #7080, #5636, .T. ) ;
#3316 = PRODUCT_DEFINITION_SHAPE ( 'NONE', 'NONE',  #7206 ) ;
#3317 = EDGE_LOOP ( 'NONE', ( #1100, #5988, #5503, #11 ) ) ;
#3318 = ORIENTED_EDGE ( 'NONE', *, *, #5818, .T. ) ;
#3319 = ORIENTED_EDGE ( 'NONE', *, *, #107, .T. ) ;
#3320 = CARTESIAN_POINT ( 'NONE',  ( 14.76499999999999879, 6.250000000000007105, -2.500000000000000444 ) ) ;
#3321 = ORIENTED_EDGE ( 'NONE', *, *, #6714, .F. ) ;
#3322 = DIRECTION ( 'NONE',  ( -1.000000000000000000, 0.000000000000000000, -0.000000000000000000 ) ) ;
#3323 = ORIENTED_EDGE ( 'NONE', *, *, #7021, .F. ) ;
#3324 = LINE ( 'NONE', #4416, #6418 ) ;
#3325 = ADVANCED_FACE ( 'NONE', ( #4064 ), #1342, .T. ) ;
#3326 = ORIENTED_EDGE ( 'NONE', *, *, #5272, .F. ) ;
#3327 = CARTESIAN_POINT ( 'NONE',  ( 3.750000000000000000, 1.624999999999999778, 1.250000000000000444 ) ) ;
#3328 = CONTEXT_DEPENDENT_SHAPE_REPRESENTATION ( #1020, #6999 ) ;
#3329 = CARTESIAN_POINT ( 'NONE',  ( -6.250000000000001776, 1.624999999999999778, -0.7499999999999995559 ) ) ;
#3330 = ADVANCED_FACE ( 'NONE', ( #4614 ), #5083, .T. ) ;
#3331 = LINE ( 'NONE', #3214, #1884 ) ;
#3332 = DIRECTION ( 'NONE',  ( 0.000000000000000000, 0.000000000000000000, -1.000000000000000000 ) ) ;
#3333 = EDGE_CURVE ( 'NONE', #3427, #1642, #5668, .T. ) ;
#3334 = ORIENTED_EDGE ( 'NONE', *, *, #6956, .F. ) ;
#3335 = EDGE_LOOP ( 'NONE', ( #2342, #971, #1671, #5927 ) ) ;
#3336 = ORIENTED_EDGE ( 'NONE', *, *, #3947, .T. ) ;
#3337 = ORIENTED_EDGE ( 'NONE', *, *, #99, .F. ) ;
#3338 = CARTESIAN_POINT ( 'NONE',  ( -11.75000000000000000, 1.624999999999999778, -0.7499999999999994449 ) ) ;
#3339 = CARTESIAN_POINT ( 'NONE',  ( -14.76499999999999879, 5.624999999999993783, -2.500000000000000444 ) ) ;
#3340 = DIRECTION ( 'NONE',  ( 1.284980352575412699E-15, -1.000000000000000000, 0.000000000000000000 ) ) ;
#3341 = EDGE_CURVE ( 'NONE', #7081, #1049, #946, .T. ) ;
#3342 = ORIENTED_EDGE ( 'NONE', *, *, #4819, .T. ) ;
#3343 = DIRECTION ( 'NONE',  ( 1.000000000000000000, -0.000000000000000000, 0.000000000000000000 ) ) ;
#3344 = CARTESIAN_POINT ( 'NONE',  ( -6.250000000000001776, 0.000000000000000000, 0.7500000000000000000 ) ) ;
#3345 = LINE ( 'NONE', #1103, #3636 ) ;
#3346 = PLANE ( 'NONE',  #5466 ) ;
#3347 = EDGE_CURVE ( 'NONE', #1038, #2116, #7058, .T. ) ;
#3348 = VERTEX_POINT ( 'NONE', #906 ) ;
#3349 = ORIENTED_EDGE ( 'NONE', *, *, #4328, .F. ) ;
#3350 = FACE_BOUND ( 'NONE', #5288, .T. ) ;
#3351 = CARTESIAN_POINT ( 'NONE',  ( -15.95000000000000284, 6.274999999999999467, -0.8500000000000005329 ) ) ;
#3352 = VERTEX_POINT ( 'NONE', #6943 ) ;
#3353 = DIRECTION ( 'NONE',  ( 0.000000000000000000, -1.000000000000000000, 0.000000000000000000 ) ) ;
#3354 = ADVANCED_FACE ( 'NONE', ( #2459 ), #4687, .T. ) ;
#3355 = VECTOR ( 'NONE', #5124, 1000.000000000000000 ) ;
#3356 = FACE_BOUND ( 'NONE', #2003, .T. ) ;
#3357 = EDGE_LOOP ( 'NONE', ( #4929, #2216, #1724, #3349 ) ) ;
#3358 = EDGE_LOOP ( 'NONE', ( #4803, #5694, #3183, #7037 ) ) ;
#3359 = EDGE_CURVE ( 'NONE', #5341, #2545, #306, .T. ) ;
#3360 = VECTOR ( 'NONE', #4388, 1000.000000000000000 ) ;
#3361 = VECTOR ( 'NONE', #3103, 1000.000000000000000 ) ;
#3362 = CARTESIAN_POINT ( 'NONE',  ( 9.750000000000000000, 1.624999999999999778, -0.7499999999999997780 ) ) ;
#3363 = VECTOR ( 'NONE', #6495, 1000.000000000000000 ) ;
#3364 = CARTESIAN_POINT ( 'NONE',  ( 13.46499999999999808, 1.624999999999999778, 1.250000000000000222 ) ) ;
#3365 = CARTESIAN_POINT ( 'NONE',  ( -6.250000000000001776, 6.500000000000003553, 1.250000000000000444 ) ) ;
#3366 = AXIS2_PLACEMENT_3D ( 'NONE', #4858, #6072, #2561 ) ;
#3367 = ORIENTED_EDGE ( 'NONE', *, *, #5102, .T. ) ;
#3368 = VERTEX_POINT ( 'NONE', #4829 ) ;
#3369 = VERTEX_POINT ( 'NONE', #1447 ) ;
#3370 = DIRECTION ( 'NONE',  ( 0.000000000000000000, 0.000000000000000000, -1.000000000000000000 ) ) ;
#3371 = CARTESIAN_POINT ( 'NONE',  ( -13.80236352087676721, 5.244119849266605016, -1.197636479123233455 ) ) ;
#3372 = CARTESIAN_POINT ( 'NONE',  ( -14.49999999999999822, 3.649999999999999911, 2.500000000000000000 ) ) ;
#3373 = AXIS2_PLACEMENT_3D ( 'NONE', #1473, #2016, #6554 ) ;
#3374 = ADVANCED_FACE ( 'NONE', ( #5337 ), #2495, .T. ) ;
#3375 = LINE ( 'NONE', #525, #2806 ) ;
#3376 = ORIENTED_EDGE ( 'NONE', *, *, #4473, .F. ) ;
#3377 = AXIS2_PLACEMENT_3D ( 'NONE', #6794, #4654, #3446 ) ;
#3378 = DIRECTION ( 'NONE',  ( 0.000000000000000000, 0.000000000000000000, -1.000000000000000000 ) ) ;
#3379 = PLANE ( 'NONE',  #5331 ) ;
#3380 = CARTESIAN_POINT ( 'NONE',  ( 0.2500000000000002220, 6.500000000000003553, -0.7499999999999995559 ) ) ;
#3381 = EDGE_CURVE ( 'NONE', #2593, #3169, #374, .T. ) ;
#3382 = LINE ( 'NONE', #6194, #5735 ) ;
#3383 = LINE ( 'NONE', #3965, #18 ) ;
#3384 = AXIS2_PLACEMENT_3D ( 'NONE', #970, #3173, #2080 ) ;
#3385 = ORIENTED_EDGE ( 'NONE', *, *, #6918, .T. ) ;
#3386 = ORIENTED_EDGE ( 'NONE', *, *, #533, .F. ) ;
#3387 = VECTOR ( 'NONE', #5595, 1000.000000000000000 ) ;
#3388 = DIRECTION ( 'NONE',  ( 0.000000000000000000, -0.3420201433256702117, -0.9396926207859078728 ) ) ;
#3389 = ORIENTED_EDGE ( 'NONE', *, *, #1459, .F. ) ;
#3390 = CARTESIAN_POINT ( 'NONE',  ( -15.94999999999999929, 6.500000000000000000, 2.500000000000000000 ) ) ;
#3391 = EDGE_CURVE ( 'NONE', #4397, #3733, #5380, .T. ) ;
#3392 = AXIS2_PLACEMENT_3D ( 'NONE', #4127, #2295, #6779 ) ;
#3393 = VERTEX_POINT ( 'NONE', #4716 ) ;
#3394 = DIRECTION ( 'NONE',  ( 0.000000000000000000, 0.000000000000000000, -1.000000000000000000 ) ) ;
#3395 = VERTEX_POINT ( 'NONE', #5300 ) ;
#3396 = DIRECTION ( 'NONE',  ( 0.000000000000000000, 0.000000000000000000, -1.000000000000000000 ) ) ;
#3397 = EDGE_CURVE ( 'NONE', #3352, #788, #3586, .T. ) ;
#3398 = CARTESIAN_POINT ( 'NONE',  ( 13.46500000000000163, 5.375000000000002665, -8.724999999999999645 ) ) ;
#3399 = VECTOR ( 'NONE', #4925, 1000.000000000000000 ) ;
#3400 = LINE ( 'NONE', #5002, #6915 ) ;
#3401 = EDGE_CURVE ( 'NONE', #6594, #2082, #4750, .T. ) ;
#3402 = VECTOR ( 'NONE', #3788, 1000.000000000000000 ) ;
#3403 = DIRECTION ( 'NONE',  ( -0.000000000000000000, -0.000000000000000000, 1.000000000000000000 ) ) ;
#3404 = DIRECTION ( 'NONE',  ( -0.7071067811865340280, -0.7071067811865611175, 0.000000000000000000 ) ) ;
#3405 = EDGE_LOOP ( 'NONE', ( #6924, #6089, #5737, #5129 ) ) ;
#3406 = VERTEX_POINT ( 'NONE', #7018 ) ;
#3407 = VERTEX_POINT ( 'NONE', #6372 ) ;
#3408 = ORIENTED_EDGE ( 'NONE', *, *, #1805, .T. ) ;
#3409 = CARTESIAN_POINT ( 'NONE',  ( -10.24999999999999822, 0.000000000000000000, 0.7500000000000001110 ) ) ;
#3410 = LINE ( 'NONE', #3517, #3704 ) ;
#3411 = CARTESIAN_POINT ( 'NONE',  ( 5.750000000000000000, 6.500000000000003553, 0.7499999999999998890 ) ) ;
#3412 = VECTOR ( 'NONE', #6404, 1000.000000000000000 ) ;
#3413 = LINE ( 'NONE', #3855, #5363 ) ;
#3414 =( GEOMETRIC_REPRESENTATION_CONTEXT ( 3 ) GLOBAL_UNCERTAINTY_ASSIGNED_CONTEXT ( ( #3821 ) ) GLOBAL_UNIT_ASSIGNED_CONTEXT ( ( #3157, #1527, #4906 ) ) REPRESENTATION_CONTEXT ( 'NONE', 'WORKASPACE' ) );
#3415 = VERTEX_POINT ( 'NONE', #6521 ) ;
#3416 = FACE_OUTER_BOUND ( 'NONE', #2443, .T. ) ;
#3417 = EDGE_CURVE ( 'NONE', #36, #6519, #4248, .T. ) ;
#3418 = LINE ( 'NONE', #4504, #5105 ) ;
#3419 = CARTESIAN_POINT ( 'NONE',  ( 3.464999999999997637, 1.624999999999999778, 1.250000000000000444 ) ) ;
#3420 = DIRECTION ( 'NONE',  ( 1.000000000000000000, 0.000000000000000000, 0.000000000000000000 ) ) ;
#3421 = LINE ( 'NONE', #128, #2903 ) ;
#3422 = CARTESIAN_POINT ( 'NONE',  ( 15.45000000000000284, 1.625000000000001332, 2.225000000000000089 ) ) ;
#3423 = EDGE_CURVE ( 'NONE', #2809, #3293, #1946, .T. ) ;
#3424 = ADVANCED_FACE ( 'NONE', ( #3629 ), #413, .F. ) ;
#3425 = CARTESIAN_POINT ( 'NONE',  ( 13.75000000000000000, 0.000000000000000000, 0.7499999999999997780 ) ) ;
#3426 = ADVANCED_FACE ( 'NONE', ( #2057 ), #5930, .F. ) ;
#3427 = VERTEX_POINT ( 'NONE', #5778 ) ;
#3428 = FACE_BOUND ( 'NONE', #257, .T. ) ;
#3429 = CARTESIAN_POINT ( 'NONE',  ( -12.25000000000000000, 1.624999999999999778, 1.250000000000000666 ) ) ;
#3430 = ORIENTED_EDGE ( 'NONE', *, *, #6608, .T. ) ;
#3431 = FACE_BOUND ( 'NONE', #6391, .T. ) ;
#3432 = FACE_OUTER_BOUND ( 'NONE', #4554, .T. ) ;
#3433 = ORIENTED_EDGE ( 'NONE', *, *, #614, .F. ) ;
#3434 = DIRECTION ( 'NONE',  ( 0.000000000000000000, 1.000000000000000000, 0.000000000000000000 ) ) ;
#3435 = CARTESIAN_POINT ( 'NONE',  ( -12.25000000000000000, 6.500000000000003553, -0.7499999999999994449 ) ) ;
#3436 = ITEM_DEFINED_TRANSFORMATION ( 'NONE', 'NONE', #5985,  #5273 ) ;
#3437 = CARTESIAN_POINT ( 'NONE',  ( -7.749999999999996447, 1.624999999999999778, -4.870572098594920796 ) ) ;
#3438 = EDGE_LOOP ( 'NONE', ( #4094, #2458, #1126, #4448 ) ) ;
#3439 = FACE_OUTER_BOUND ( 'NONE', #7162, .T. ) ;
#3440 = EDGE_LOOP ( 'NONE', ( #2035, #2441, #6550, #2866 ) ) ;
#3441 = LINE ( 'NONE', #5661, #5458 ) ;
#3443 = EDGE_CURVE ( 'NONE', #5649, #2219, #1410, .T. ) ;
#3442 = DIRECTION ( 'NONE',  ( 1.000000000000000000, 0.000000000000000000, 0.000000000000000000 ) ) ;
#3444 = LINE ( 'NONE', #3476, #2188 ) ;
#3445 = ORIENTED_EDGE ( 'NONE', *, *, #2771, .F. ) ;
#3446 = DIRECTION ( 'NONE',  ( -0.000000000000000000, 0.000000000000000000, 1.000000000000000000 ) ) ;
#3447 = CARTESIAN_POINT ( 'NONE',  ( 12.24000000000001087, 4.775000000000002132, -2.225000000000000533 ) ) ;
#3448 = LINE ( 'NONE', #800, #6203 ) ;
#3449 = LINE ( 'NONE', #6375, #3876 ) ;
#3450 = CARTESIAN_POINT ( 'NONE',  ( 0.2500000000000002220, 0.000000000000000000, 0.7500000000000000000 ) ) ;
#3451 = ORIENTED_EDGE ( 'NONE', *, *, #2719, .T. ) ;
#3452 = DIRECTION ( 'NONE',  ( 1.000000000000000000, 0.000000000000000000, -0.000000000000000000 ) ) ;
#3453 = CARTESIAN_POINT ( 'NONE',  ( -5.750000000000001776, 0.000000000000000000, -1.250000000000000000 ) ) ;
#3454 = ORIENTED_EDGE ( 'NONE', *, *, #5783, .T. ) ;
#3455 = DIRECTION ( 'NONE',  ( 6.938893903907227392E-16, -0.000000000000000000, 1.000000000000000000 ) ) ;
#3456 = DIRECTION ( 'NONE',  ( 0.000000000000000000, -1.000000000000000000, 0.000000000000000000 ) ) ;
#3457 = ORIENTED_EDGE ( 'NONE', *, *, #6890, .T. ) ;
#3458 = LINE ( 'NONE', #6878, #5920 ) ;
#3459 = EDGE_CURVE ( 'NONE', #3585, #1657, #877, .T. ) ;
#3460 = ADVANCED_FACE ( 'NONE', ( #2571 ), #5891, .T. ) ;
#3461 = PLANE ( 'NONE',  #1991 ) ;
#3462 = FACE_BOUND ( 'NONE', #463, .T. ) ;
#3463 = ORIENTED_EDGE ( 'NONE', *, *, #4514, .T. ) ;
#3464 = CARTESIAN_POINT ( 'NONE',  ( 15.12500000000000178, 3.649999999999999911, 2.224999999999999645 ) ) ;
#3465 = LINE ( 'NONE', #5106, #135 ) ;
#3466 = ORIENTED_EDGE ( 'NONE', *, *, #3880, .F. ) ;
#3467 = DIRECTION ( 'NONE',  ( 0.000000000000000000, -1.000000000000000000, 0.000000000000000000 ) ) ;
#3468 = VECTOR ( 'NONE', #4070, 1000.000000000000000 ) ;
#3469 = ADVANCED_FACE ( 'NONE', ( #2847 ), #6606, .F. ) ;
#3470 = DIRECTION ( 'NONE',  ( 1.000000000000000000, 0.000000000000000000, 0.000000000000000000 ) ) ;
#3471 = EDGE_LOOP ( 'NONE', ( #5175, #444, #3278, #3133, #4474, #1152, #1460, #1189, #5010, #4428, #5200, #3884, #1490, #347 ) ) ;
#3472 = CARTESIAN_POINT ( 'NONE',  ( 1.749999999999999778, 0.000000000000000000, 1.250000000000000444 ) ) ;
#3473 = VECTOR ( 'NONE', #1881, 1000.000000000000000 ) ;
#3474 = VECTOR ( 'NONE', #6872, 1000.000000000000000 ) ;
#3475 = CARTESIAN_POINT ( 'NONE',  ( -14.76499999999999879, 6.250000000000005329, 2.500000000000000444 ) ) ;
#3476 = CARTESIAN_POINT ( 'NONE',  ( 12.46499999999999986, 1.624999999999999778, 2.500000000000000000 ) ) ;
#3477 = ADVANCED_FACE ( 'NONE', ( #481 ), #2292, .T. ) ;
#3478 = VECTOR ( 'NONE', #6217, 1000.000000000000000 ) ;
#3479 = ADVANCED_BREP_SHAPE_REPRESENTATION ( '', ( #4920, #5273 ), #5163 ) ;
#3480 = VECTOR ( 'NONE', #4781, 1000.000000000000000 ) ;
#3481 = EDGE_CURVE ( 'NONE', #798, #2064, #1567, .T. ) ;
#3482 = ORIENTED_EDGE ( 'NONE', *, *, #1258, .T. ) ;
#3483 = PLANE ( 'NONE',  #3377 ) ;
#3484 = CARTESIAN_POINT ( 'NONE',  ( 5.750000000000000000, 6.500000000000003553, 1.250000000000000222 ) ) ;
#3485 = VECTOR ( 'NONE', #1198, 1000.000000000000000 ) ;
#3486 = DIRECTION ( 'NONE',  ( 0.000000000000000000, -1.000000000000000000, 0.000000000000000000 ) ) ;
#3487 = VECTOR ( 'NONE', #4724, 1000.000000000000000 ) ;
#3488 = DIRECTION ( 'NONE',  ( 0.000000000000000000, 0.000000000000000000, -1.000000000000000000 ) ) ;
#3489 = ORIENTED_EDGE ( 'NONE', *, *, #4888, .T. ) ;
#3490 = VECTOR ( 'NONE', #2898, 1000.000000000000000 ) ;
#3491 = ADVANCED_FACE ( 'NONE', ( #1763 ), #5616, .T. ) ;
#3492 = EDGE_LOOP ( 'NONE', ( #6062, #7111, #2978, #6036 ) ) ;
#3493 = CARTESIAN_POINT ( 'NONE',  ( -14.50000000000000000, 2.299999999999999822, -4.870572098594920796 ) ) ;
#3494 = VERTEX_POINT ( 'NONE', #2680 ) ;
#3495 = DIRECTION ( 'NONE',  ( 1.000000000000000000, 4.921201350288817487E-16, 0.000000000000000000 ) ) ;
#3496 = AXIS2_PLACEMENT_3D ( 'NONE', #2192, #4464, #3332 ) ;
#3497 = PLANE ( 'NONE',  #920 ) ;
#3498 = LINE ( 'NONE', #4188, #6196 ) ;
#3499 = VECTOR ( 'NONE', #7140, 1000.000000000000000 ) ;
#3500 = PLANE ( 'NONE',  #4078 ) ;
#3501 = ORIENTED_EDGE ( 'NONE', *, *, #1071, .F. ) ;
#3502 = PLANE ( 'NONE',  #3137 ) ;
#3503 = FACE_OUTER_BOUND ( 'NONE', #5611, .T. ) ;
#3504 = EDGE_CURVE ( 'NONE', #1037, #1836, #3778, .T. ) ;
#3505 = CARTESIAN_POINT ( 'NONE',  ( 11.75000000000000000, 6.500000000000003553, 1.250000000000000222 ) ) ;
#3506 = DIRECTION ( 'NONE',  ( 0.7071067811865536790, 0.7071067811865414665, 0.000000000000000000 ) ) ;
#3507 = ORIENTED_EDGE ( 'NONE', *, *, #1097, .T. ) ;
#3508 = VECTOR ( 'NONE', #2126, 1000.000000000000000 ) ;
#3509 = DIRECTION ( 'NONE',  ( 1.284980352575412699E-15, -1.000000000000000000, 0.000000000000000000 ) ) ;
#3510 = ORIENTED_EDGE ( 'NONE', *, *, #4601, .T. ) ;
#3511 = ORIENTED_EDGE ( 'NONE', *, *, #5356, .F. ) ;
#3512 = AXIS2_PLACEMENT_3D ( 'NONE', #5408, #6032, #5369 ) ;
#3513 = CARTESIAN_POINT ( 'NONE',  ( 15.01499999999999879, 6.500000000000003553, -2.500000000000000444 ) ) ;
#3514 = EDGE_CURVE ( 'NONE', #2160, #3095, #1598, .T. ) ;
#3515 = FILL_AREA_STYLE_COLOUR ( '', #361 ) ;
#3516 = DIRECTION ( 'NONE',  ( 1.000000000000000000, 0.000000000000000000, 0.000000000000000000 ) ) ;
#3517 = CARTESIAN_POINT ( 'NONE',  ( 5.750000000000000000, 1.624999999999999778, -4.870572098594920796 ) ) ;
#3518 = VECTOR ( 'NONE', #238, 1000.000000000000000 ) ;
#3519 = DIRECTION ( 'NONE',  ( 0.000000000000000000, 0.000000000000000000, -1.000000000000000000 ) ) ;
#3520 = VERTEX_POINT ( 'NONE', #5070 ) ;
#3521 = LINE ( 'NONE', #2936, #1286 ) ;
#3522 = LINE ( 'NONE', #6373, #2782 ) ;
#3523 = AXIS2_PLACEMENT_3D ( 'NONE', #5781, #3009, #4108 ) ;
#3524 = LINE ( 'NONE', #5749, #3166 ) ;
#3525 = CARTESIAN_POINT ( 'NONE',  ( 13.75000000000000000, 0.000000000000000000, -1.250000000000000222 ) ) ;
#3526 = CARTESIAN_POINT ( 'NONE',  ( 15.12500000000000178, 3.649999999999999911, 2.500000000000000000 ) ) ;
#3527 = AXIS2_PLACEMENT_3D ( 'NONE', #4859, #5883, #6557 ) ;
#3528 = VERTEX_POINT ( 'NONE', #6206 ) ;
#3529 = CARTESIAN_POINT ( 'NONE',  ( 1.749999999999999778, 6.500000000000003553, 0.7499999999999998890 ) ) ;
#3530 = DIRECTION ( 'NONE',  ( 0.000000000000000000, 0.000000000000000000, -1.000000000000000000 ) ) ;
#3531 = ADVANCED_FACE ( 'NONE', ( #4945 ), #445, .F. ) ;
#3532 = ORIENTED_EDGE ( 'NONE', *, *, #1864, .F. ) ;
#3533 = DIRECTION ( 'NONE',  ( -1.000000000000000000, 0.000000000000000000, -0.000000000000000000 ) ) ;
#3534 = VERTEX_POINT ( 'NONE', #4521 ) ;
#3535 = EDGE_CURVE ( 'NONE', #3494, #3534, #2642, .T. ) ;
#3536 = DIRECTION ( 'NONE',  ( 0.000000000000000000, -1.000000000000000000, 0.000000000000000000 ) ) ;
#3537 = EDGE_CURVE ( 'NONE', #16, #2055, #3810, .T. ) ;
#3538 = EDGE_LOOP ( 'NONE', ( #296, #3507, #1058, #6640 ) ) ;
#3539 = DIRECTION ( 'NONE',  ( 0.000000000000000000, 1.000000000000000000, 0.000000000000000000 ) ) ;
#3540 = EDGE_LOOP ( 'NONE', ( #7057, #5209, #3885, #1422 ) ) ;
#3541 = DIRECTION ( 'NONE',  ( -1.284980352575412699E-15, -1.000000000000000000, 0.000000000000000000 ) ) ;
#3542 = DIRECTION ( 'NONE',  ( 0.000000000000000000, 0.000000000000000000, 1.000000000000000000 ) ) ;
#3543 = ORIENTED_EDGE ( 'NONE', *, *, #2647, .F. ) ;
#3544 = EDGE_CURVE ( 'NONE', #723, #2212, #1017, .T. ) ;
#3545 = CARTESIAN_POINT ( 'NONE',  ( 13.46500000000000163, 6.500000000000000000, -2.500000000000000444 ) ) ;
#3546 = ORIENTED_EDGE ( 'NONE', *, *, #6460, .F. ) ;
#3547 = LINE ( 'NONE', #5659, #3941 ) ;
#3548 = DIRECTION ( 'NONE',  ( 0.000000000000000000, 0.000000000000000000, 1.000000000000000000 ) ) ;
#3549 = PRESENTATION_STYLE_ASSIGNMENT (( #3581 ) ) ;
#3550 = PRODUCT_DEFINITION_SHAPE ( 'NONE', 'NONE',  #7188 ) ;
#3551 = ADVANCED_FACE ( 'NONE', ( #676 ), #145, .F. ) ;
#3552 = EDGE_CURVE ( 'NONE', #4790, #6625, #110, .T. ) ;
#3553 = ORIENTED_EDGE ( 'NONE', *, *, #6040, .T. ) ;
#3554 = DIRECTION ( 'NONE',  ( 0.000000000000000000, 1.000000000000000000, 0.000000000000000000 ) ) ;
#3555 = CARTESIAN_POINT ( 'NONE',  ( 6.250000000000000000, 0.000000000000000000, -0.7499999999999996669 ) ) ;
#3556 = LINE ( 'NONE', #5780, #1312 ) ;
#3557 = CARTESIAN_POINT ( 'NONE',  ( -15.95000000000000284, 6.275000000000004796, -0.1000000000000002137 ) ) ;
#3558 = DIRECTION ( 'NONE',  ( -1.000000000000000000, 0.000000000000000000, 0.000000000000000000 ) ) ;
#3559 = ADVANCED_FACE ( 'NONE', ( #1053 ), #7124, .T. ) ;
#3560 = EDGE_LOOP ( 'NONE', ( #4923, #326, #7074, #1635 ) ) ;
#3561 = CARTESIAN_POINT ( 'NONE',  ( 3.464999999999997637, 1.624999999999999778, -1.250000000000000000 ) ) ;
#3562 = ADVANCED_FACE ( 'NONE', ( #5972 ), #3185, .T. ) ;
#3563 = ORIENTED_EDGE ( 'NONE', *, *, #2789, .T. ) ;
#3564 = CARTESIAN_POINT ( 'NONE',  ( 8.250000000000000000, 0.000000000000000000, 1.250000000000000222 ) ) ;
#3565 = PLANE ( 'NONE',  #1844 ) ;
#3566 = FACE_OUTER_BOUND ( 'NONE', #4369, .T. ) ;
#3567 = ORIENTED_EDGE ( 'NONE', *, *, #3333, .F. ) ;
#3568 = LINE ( 'NONE', #143, #2209 ) ;
#3569 = VERTEX_POINT ( 'NONE', #2718 ) ;
#3570 = DIRECTION ( 'NONE',  ( -1.000000000000000000, 0.000000000000000000, -0.000000000000000000 ) ) ;
#3571 = CARTESIAN_POINT ( 'NONE',  ( 0.2500000000000002220, 6.500000000000003553, 1.250000000000000444 ) ) ;
#3572 = ORIENTED_EDGE ( 'NONE', *, *, #1040, .T. ) ;
#3573 = LINE ( 'NONE', #3678, #5108 ) ;
#3574 = EDGE_CURVE ( 'NONE', #3916, #6774, #1689, .T. ) ;
#3575 = ORIENTED_EDGE ( 'NONE', *, *, #565, .T. ) ;
#3576 = CARTESIAN_POINT ( 'NONE',  ( 7.750000000000000000, 0.000000000000000000, -0.7499999999999996669 ) ) ;
#3577 = ORIENTED_EDGE ( 'NONE', *, *, #1358, .F. ) ;
#3578 = LINE ( 'NONE', #6214, #6643 ) ;
#3579 = ADVANCED_FACE ( 'NONE', ( #6315 ), #189, .F. ) ;
#3580 = CARTESIAN_POINT ( 'NONE',  ( 14.51500000000000057, 5.375000000000002665, 2.224999999999999645 ) ) ;
#3581 = SURFACE_STYLE_USAGE ( .BOTH. , #898 ) ;
#3582 = DIRECTION ( 'NONE',  ( 0.000000000000000000, 0.000000000000000000, 1.000000000000000000 ) ) ;
#3583 = VECTOR ( 'NONE', #3310, 1000.000000000000000 ) ;
#3584 = VECTOR ( 'NONE', #7082, 1000.000000000000000 ) ;
#3585 = VERTEX_POINT ( 'NONE', #2375 ) ;
#3586 = LINE ( 'NONE', #6976, #3260 ) ;
#3587 = DIRECTION ( 'NONE',  ( 1.000000000000000000, 0.000000000000000000, 0.000000000000000000 ) ) ;
#3588 = CARTESIAN_POINT ( 'NONE',  ( 15.01499999999999524, 6.500000000000000000, -2.225000000000000533 ) ) ;
#3589 = CARTESIAN_POINT ( 'NONE',  ( 6.250000000000000000, 6.500000000000003553, -1.250000000000000222 ) ) ;
#3590 = ORIENTED_EDGE ( 'NONE', *, *, #4866, .T. ) ;
#3591 = VECTOR ( 'NONE', #1224, 1000.000000000000000 ) ;
#3592 = AXIS2_PLACEMENT_3D ( 'NONE', #644, #4451, #3322 ) ;
#3593 = ORIENTED_EDGE ( 'NONE', *, *, #6040, .F. ) ;
#3594 = AXIS2_PLACEMENT_3D ( 'NONE', #5610, #2872, #4117 ) ;
#3595 = DIRECTION ( 'NONE',  ( 0.7071067811865536790, -0.7071067811865414665, 0.000000000000000000 ) ) ;
#3596 = VECTOR ( 'NONE', #1001, 1000.000000000000000 ) ;
#3597 = CARTESIAN_POINT ( 'NONE',  ( -15.45000000000000107, 4.250000000000000000, -0.1000000000000004774 ) ) ;
#3598 = DIRECTION ( 'NONE',  ( 0.000000000000000000, -1.000000000000000000, -0.000000000000000000 ) ) ;
#3599 = CARTESIAN_POINT ( 'NONE',  ( 15.95000000000000284, 4.250000000000000000, -0.1000000000000004774 ) ) ;
#3600 = LINE ( 'NONE', #5141, #3256 ) ;
#3601 = VECTOR ( 'NONE', #3541, 1000.000000000000000 ) ;
#3602 = FACE_OUTER_BOUND ( 'NONE', #2842, .T. ) ;
#3603 = ORIENTED_EDGE ( 'NONE', *, *, #2233, .T. ) ;
#3604 = EDGE_LOOP ( 'NONE', ( #576, #1356, #2702, #944 ) ) ;
#3605 = CARTESIAN_POINT ( 'NONE',  ( -13.46499999999999986, 5.150000000000004796, -4.870572098594920796 ) ) ;
#3606 = ORIENTED_EDGE ( 'NONE', *, *, #5767, .T. ) ;
#3607 = VECTOR ( 'NONE', #3509, 1000.000000000000000 ) ;
#3608 = ADVANCED_FACE ( 'NONE', ( #1800 ), #3502, .T. ) ;
#3609 = VERTEX_POINT ( 'NONE', #1285 ) ;
#3610 =( REPRESENTATION_RELATIONSHIP ('NONE','NONE', #1131, #6340 ) REPRESENTATION_RELATIONSHIP_WITH_TRANSFORMATION ( #6629 )SHAPE_REPRESENTATION_RELATIONSHIP( ) );
#3611 = VECTOR ( 'NONE', #6154, 1000.000000000000000 ) ;
#3612 = VERTEX_POINT ( 'NONE', #6355 ) ;
#3613 = CARTESIAN_POINT ( 'NONE',  ( -14.76499999999999879, 6.250000000000005329, 2.500000000000000444 ) ) ;
#3614 = ORIENTED_EDGE ( 'NONE', *, *, #5280, .F. ) ;
#3615 = PLANE ( 'NONE',  #1742 ) ;
#3616 = CARTESIAN_POINT ( 'NONE',  ( -12.53500000000000192, 1.624999999999999778, -1.249999999999999778 ) ) ;
#3617 = CARTESIAN_POINT ( 'NONE',  ( 15.45000000000000284, -29.59378440939045163, -2.225000000000000533 ) ) ;
#3618 = EDGE_CURVE ( 'NONE', #3076, #1630, #6389, .T. ) ;
#3619 = VECTOR ( 'NONE', #981, 1000.000000000000000 ) ;
#3620 = CARTESIAN_POINT ( 'NONE',  ( 24.00000000000000000, -1.249000902703300861E-16, 1.665334536937734811E-16 ) ) ;
#3621 = DIRECTION ( 'NONE',  ( -1.000000000000000000, -0.000000000000000000, -0.000000000000000000 ) ) ;
#3622 = ADVANCED_FACE ( 'NONE', ( #5284 ), #5690, .T. ) ;
#3623 = EDGE_CURVE ( 'NONE', #3904, #4836, #3061, .T. ) ;
#3624 = CARTESIAN_POINT ( 'NONE',  ( 10.25000000000000000, 0.000000000000000000, -0.7499999999999997780 ) ) ;
#3625 = VECTOR ( 'NONE', #3952, 1000.000000000000000 ) ;
#3626 = ORIENTED_EDGE ( 'NONE', *, *, #2934, .F. ) ;
#3627 = ORIENTED_EDGE ( 'NONE', *, *, #1279, .F. ) ;
#3628 = ORIENTED_EDGE ( 'NONE', *, *, #3804, .F. ) ;
#3629 = FACE_OUTER_BOUND ( 'NONE', #3149, .T. ) ;
#3630 = DIRECTION ( 'NONE',  ( 0.000000000000000000, 1.000000000000000000, 0.000000000000000000 ) ) ;
#3631 = CARTESIAN_POINT ( 'NONE',  ( -15.95000000000000284, 4.250000000000000000, -0.1000000000000004774 ) ) ;
#3632 = SURFACE_STYLE_FILL_AREA ( #3781 ) ;
#3633 = LINE ( 'NONE', #340, #6998 ) ;
#3634 = VECTOR ( 'NONE', #1685, 1000.000000000000000 ) ;
#3635 = ADVANCED_FACE ( 'NONE', ( #4015 ), #3026, .T. ) ;
#3636 = VECTOR ( 'NONE', #4442, 1000.000000000000000 ) ;
#3637 = LINE ( 'NONE', #2394, #926 ) ;
#3638 = LINE ( 'NONE', #3896, #3634 ) ;
#3639 = CARTESIAN_POINT ( 'NONE',  ( -14.25000000000000000, -2.725252258054539745, -1.250000000000000444 ) ) ;
#3640 = EDGE_LOOP ( 'NONE', ( #1668, #502, #3193, #252 ) ) ;
#3641 = CARTESIAN_POINT ( 'NONE',  ( -14.51500000000000057, 5.375000000000000000, 2.500000000000000444 ) ) ;
#3642 = EDGE_CURVE ( 'NONE', #1353, #6765, #1325, .T. ) ;
#3643 = VERTEX_POINT ( 'NONE', #4597 ) ;
#3644 = ORIENTED_EDGE ( 'NONE', *, *, #6172, .F. ) ;
#3645 = CARTESIAN_POINT ( 'NONE',  ( 11.75000000000000000, 0.000000000000000000, 1.250000000000000222 ) ) ;
#3646 = VERTEX_POINT ( 'NONE', #717 ) ;
#3647 = AXIS2_PLACEMENT_3D ( 'NONE', #2410, #1880, #2891 ) ;
#3648 = DIRECTION ( 'NONE',  ( 1.000000000000000000, -0.000000000000000000, -0.000000000000000000 ) ) ;
#3649 = DIRECTION ( 'NONE',  ( -1.000000000000000000, -0.000000000000000000, -0.000000000000000000 ) ) ;
#3650 = PRODUCT_DEFINITION_SHAPE ( 'NONE', 'NONE',  #7187 ) ;
#3651 = VERTEX_POINT ( 'NONE', #1390 ) ;
#3652 = DIRECTION ( 'NONE',  ( 0.000000000000000000, -0.7071067811865561215, 0.7071067811865389130 ) ) ;
#3653 = ORIENTED_EDGE ( 'NONE', *, *, #4283, .T. ) ;
#3654 = PLANE ( 'NONE',  #4987 ) ;
#3655 = DIRECTION ( 'NONE',  ( -1.000000000000000000, -1.195124682037070119E-16, 0.000000000000000000 ) ) ;
#3656 =( REPRESENTATION_RELATIONSHIP ('NONE','NONE', #1131, #6340 ) REPRESENTATION_RELATIONSHIP_WITH_TRANSFORMATION ( #2711 )SHAPE_REPRESENTATION_RELATIONSHIP( ) );
#3657 = CARTESIAN_POINT ( 'NONE',  ( -4.250000000000000000, 1.624999999999999778, 0.7500000000000000000 ) ) ;
#3658 = APPLICATION_PROTOCOL_DEFINITION ( 'draft international standard', 'automotive_design', 1998, #3897 ) ;
#3659 = FACE_OUTER_BOUND ( 'NONE', #4814, .T. ) ;
#3660 = EDGE_CURVE ( 'NONE', #6007, #6078, #5763, .T. ) ;
#3661 = EDGE_LOOP ( 'NONE', ( #6662, #2805, #3285, #6975 ) ) ;
#3662 = ORIENTED_EDGE ( 'NONE', *, *, #5642, .F. ) ;
#3663 = ORIENTED_EDGE ( 'NONE', *, *, #5914, .F. ) ;
#3664 = CARTESIAN_POINT ( 'NONE',  ( 13.75000000000000000, 0.000000000000000000, 0.7499999999999997780 ) ) ;
#3665 = CARTESIAN_POINT ( 'NONE',  ( 15.45000000000000107, 6.275000000000001243, -0.8500000000000005329 ) ) ;
#3666 = LINE ( 'NONE', #7093, #974 ) ;
#3667 =( NAMED_UNIT ( * ) SI_UNIT ( $, .STERADIAN. ) SOLID_ANGLE_UNIT ( ) );
#3668 = CARTESIAN_POINT ( 'NONE',  ( -13.75000000000000000, -2.725252258054539745, -1.250000000000000444 ) ) ;
#3669 = EDGE_LOOP ( 'NONE', ( #6935, #5792, #891, #5257, #1471, #604 ) ) ;
#3670 = FACE_OUTER_BOUND ( 'NONE', #4113, .T. ) ;
#3671 = ORIENTED_EDGE ( 'NONE', *, *, #2725, .F. ) ;
#3672 = PLANE ( 'NONE',  #1165 ) ;
#3673 = DIRECTION ( 'NONE',  ( -1.000000000000000000, 0.000000000000000000, -0.000000000000000000 ) ) ;
#3674 = DIRECTION ( 'NONE',  ( -1.000000000000000000, 0.000000000000000000, 0.000000000000000000 ) ) ;
#3675 = ORIENTED_EDGE ( 'NONE', *, *, #4711, .T. ) ;
#3676 = ORIENTED_EDGE ( 'NONE', *, *, #2038, .F. ) ;
#3677 = DIRECTION ( 'NONE',  ( -1.000000000000000000, 0.000000000000000000, 0.000000000000000000 ) ) ;
#3678 = CARTESIAN_POINT ( 'NONE',  ( 6.250000000000000000, 1.624999999999999778, -4.870572098594920796 ) ) ;
#3679 = ADVANCED_FACE ( 'NONE', ( #789 ), #1833, .T. ) ;
#3680 = VERTEX_POINT ( 'NONE', #1867 ) ;
#3681 = PLANE ( 'NONE',  #2802 ) ;
#3682 = VERTEX_POINT ( 'NONE', #320 ) ;
#3683 = ORIENTED_EDGE ( 'NONE', *, *, #3864, .T. ) ;
#3684 = PLANE ( 'NONE',  #6758 ) ;
#3685 = ORIENTED_EDGE ( 'NONE', *, *, #5757, .T. ) ;
#3686 = CARTESIAN_POINT ( 'NONE',  ( 11.75000000000000000, 6.500000000000003553, 1.250000000000000222 ) ) ;
#3687 = DIRECTION ( 'NONE',  ( 1.000000000000000000, 0.000000000000000000, 0.000000000000000000 ) ) ;
#3688 = LINE ( 'NONE', #5440, #363 ) ;
#3689 = DIRECTION ( 'NONE',  ( -0.000000000000000000, 0.000000000000000000, 1.000000000000000000 ) ) ;
#3690 = CARTESIAN_POINT ( 'NONE',  ( -4.535000000000002807, 1.624999999999999778, 1.250000000000000444 ) ) ;
#3691 = EDGE_LOOP ( 'NONE', ( #6060, #652, #7073, #1933 ) ) ;
#3692 = ORIENTED_EDGE ( 'NONE', *, *, #1332, .T. ) ;
#3693 = CARTESIAN_POINT ( 'NONE',  ( -14.51500000000000057, 5.375000000000000000, -2.500000000000000444 ) ) ;
#3694 = ORIENTED_EDGE ( 'NONE', *, *, #533, .T. ) ;
#3695 = DIRECTION ( 'NONE',  ( 1.000000000000000000, 0.000000000000000000, 0.000000000000000000 ) ) ;
#3696 = EDGE_CURVE ( 'NONE', #3844, #2187, #2920, .T. ) ;
#3697 = DIRECTION ( 'NONE',  ( 0.000000000000000000, 0.000000000000000000, -1.000000000000000000 ) ) ;
#3698 = EDGE_CURVE ( 'NONE', #2754, #6833, #256, .T. ) ;
#3699 = VECTOR ( 'NONE', #457, 1000.000000000000000 ) ;
#3700 = EDGE_CURVE ( 'NONE', #47, #5486, #5838, .T. ) ;
#3701 = ORIENTED_EDGE ( 'NONE', *, *, #1814, .T. ) ;
#3702 =( REPRESENTATION_RELATIONSHIP ('NONE','NONE', #1131, #6340 ) REPRESENTATION_RELATIONSHIP_WITH_TRANSFORMATION ( #3982 )SHAPE_REPRESENTATION_RELATIONSHIP( ) );
#3703 = ORIENTED_EDGE ( 'NONE', *, *, #4615, .F. ) ;
#3704 = VECTOR ( 'NONE', #5117, 1000.000000000000000 ) ;
#3705 = VECTOR ( 'NONE', #780, 1000.000000000000000 ) ;
#3706 = CARTESIAN_POINT ( 'NONE',  ( 2.250000000000000444, 1.624999999999999778, -1.250000000000000000 ) ) ;
#3707 = EDGE_CURVE ( 'NONE', #6439, #3651, #5147, .T. ) ;
#3708 = PLANE ( 'NONE',  #1395 ) ;
#3709 = EDGE_CURVE ( 'NONE', #3735, #6354, #4086, .T. ) ;
#3710 = VECTOR ( 'NONE', #3923, 1000.000000000000000 ) ;
#3711 = CARTESIAN_POINT ( 'NONE',  ( 13.75000000000000000, 6.500000000000003553, -1.250000000000000222 ) ) ;
#3712 = VECTOR ( 'NONE', #3135, 1000.000000000000000 ) ;
#3713 = DIRECTION ( 'NONE',  ( 0.000000000000000000, -1.000000000000000000, 0.000000000000000000 ) ) ;
#3714 = ORIENTED_EDGE ( 'NONE', *, *, #2761, .T. ) ;
#3715 = VECTOR ( 'NONE', #4512, 1000.000000000000000 ) ;
#3716 = CARTESIAN_POINT ( 'NONE',  ( -8.249999999999996447, 0.000000000000000000, 0.7500000000000001110 ) ) ;
#3717 = ORIENTED_EDGE ( 'NONE', *, *, #4150, .T. ) ;
#3718 = VECTOR ( 'NONE', #337, 1000.000000000000000 ) ;
#3719 = DIRECTION ( 'NONE',  ( -0.3236155771181827290, -0.8891264907159899256, -0.3236155771181821739 ) ) ;
#3720 = ORIENTED_EDGE ( 'NONE', *, *, #1002, .F. ) ;
#3721 = ADVANCED_FACE ( 'NONE', ( #4632 ), #6884, .F. ) ;
#3722 = ORIENTED_EDGE ( 'NONE', *, *, #4835, .F. ) ;
#3723 = CARTESIAN_POINT ( 'NONE',  ( -14.51500000000000057, 5.375000000000000000, -2.500000000000000444 ) ) ;
#3724 = PLANE ( 'NONE',  #3512 ) ;
#3725 = VERTEX_POINT ( 'NONE', #5316 ) ;
#3726 = DIRECTION ( 'NONE',  ( 0.000000000000000000, -1.000000000000000000, 0.000000000000000000 ) ) ;
#3727 = DIRECTION ( 'NONE',  ( -1.000000000000000000, -0.000000000000000000, -0.000000000000000000 ) ) ;
#3728 = DIRECTION ( 'NONE',  ( 0.000000000000000000, 0.000000000000000000, 1.000000000000000000 ) ) ;
#3729 = LINE ( 'NONE', #3072, #1096 ) ;
#3730 = VECTOR ( 'NONE', #1089, 1000.000000000000000 ) ;
#3731 = CARTESIAN_POINT ( 'NONE',  ( 15.45000000000000107, 4.250000000000000000, -0.1000000000000004774 ) ) ;
#3732 = EDGE_CURVE ( 'NONE', #419, #4864, #888, .T. ) ;
#3733 = VERTEX_POINT ( 'NONE', #4190 ) ;
#3734 = VERTEX_POINT ( 'NONE', #3645 ) ;
#3735 = VERTEX_POINT ( 'NONE', #6432 ) ;
#3736 = VECTOR ( 'NONE', #5111, 1000.000000000000000 ) ;
#3737 = CARTESIAN_POINT ( 'NONE',  ( -8.249999999999996447, 6.500000000000003553, -0.7499999999999994449 ) ) ;
#3738 = ORIENTED_EDGE ( 'NONE', *, *, #912, .T. ) ;
#3739 = LINE ( 'NONE', #6568, #3360 ) ;
#3740 = DIRECTION ( 'NONE',  ( 0.000000000000000000, 0.000000000000000000, 1.000000000000000000 ) ) ;
#3741 = DIRECTION ( 'NONE',  ( 9.020562075079396891E-17, -6.259272319258516522E-34, -1.000000000000000222 ) ) ;
#3742 = FACE_OUTER_BOUND ( 'NONE', #4851, .T. ) ;
#3743 = ORIENTED_EDGE ( 'NONE', *, *, #2465, .T. ) ;
#3744 = LINE ( 'NONE', #988, #184 ) ;
#3745 = AXIS2_PLACEMENT_3D ( 'NONE', #3299, #50, #5546 ) ;
#3746 = VERTEX_POINT ( 'NONE', #1430 ) ;
#3747 = DIRECTION ( 'NONE',  ( -0.000000000000000000, -0.000000000000000000, 1.000000000000000000 ) ) ;
#3748 = ORIENTED_EDGE ( 'NONE', *, *, #6155, .T. ) ;
#3749 = CARTESIAN_POINT ( 'NONE',  ( -15.45000000000000107, 6.500000000000000000, 0.1250000000000001110 ) ) ;
#3750 = AXIS2_PLACEMENT_3D ( 'NONE', #5212, #6433, #5873 ) ;
#3751 = DIRECTION ( 'NONE',  ( 0.000000000000000000, 0.000000000000000000, -1.000000000000000000 ) ) ;
#3752 = CARTESIAN_POINT ( 'NONE',  ( -13.46499999999999986, 5.150000000000004796, 2.500000000000000000 ) ) ;
#3753 = LINE ( 'NONE', #886, #4404 ) ;
#3754 = VECTOR ( 'NONE', #5275, 1000.000000000000000 ) ;
#3755 = PLANE ( 'NONE',  #3040 ) ;
#3756 = EDGE_CURVE ( 'NONE', #5247, #6949, #3094, .T. ) ;
#3757 = LINE ( 'NONE', #6621, #3399 ) ;
#3758 = VERTEX_POINT ( 'NONE', #6113 ) ;
#3759 = PRODUCT_RELATED_PRODUCT_CATEGORY ( 'part', '', ( #1688 ) ) ;
#3760 = AXIS2_PLACEMENT_3D ( 'NONE', #4573, #4611, #4648 ) ;
#3761 = CARTESIAN_POINT ( 'NONE',  ( 13.75000000000000000, 0.000000000000000000, -0.7499999999999997780 ) ) ;
#3762 = EDGE_LOOP ( 'NONE', ( #1547, #1755, #3060, #6450 ) ) ;
#3763 = EDGE_CURVE ( 'NONE', #2223, #2155, #1118, .T. ) ;
#3764 = AXIS2_PLACEMENT_3D ( 'NONE', #6822, #795, #3000 ) ;
#3765 = DIRECTION ( 'NONE',  ( -0.000000000000000000, -0.000000000000000000, 1.000000000000000000 ) ) ;
#3766 = ORIENTED_EDGE ( 'NONE', *, *, #2128, .F. ) ;
#3767 = ORIENTED_EDGE ( 'NONE', *, *, #4703, .T. ) ;
#3768 = DIRECTION ( 'NONE',  ( 0.000000000000000000, 0.000000000000000000, -1.000000000000000000 ) ) ;
#3769 = CARTESIAN_POINT ( 'NONE',  ( -12.25000000000000000, 1.624999999999999778, 0.7500000000000001110 ) ) ;
#3770 = DIRECTION ( 'NONE',  ( 0.000000000000000000, 0.000000000000000000, -1.000000000000000000 ) ) ;
#3771 = DIRECTION ( 'NONE',  ( 0.000000000000000000, 0.000000000000000000, 1.000000000000000000 ) ) ;
#3772 = CARTESIAN_POINT ( 'NONE',  ( 10.25000000000000000, 0.000000000000000000, 1.250000000000000222 ) ) ;
#3773 = ADVANCED_FACE ( 'NONE', ( #2744 ), #6672, .T. ) ;
#3774 = FACE_OUTER_BOUND ( 'NONE', #1529, .T. ) ;
#3775 = EDGE_LOOP ( 'NONE', ( #2400, #5955, #6277, #398 ) ) ;
#3776 = ORIENTED_EDGE ( 'NONE', *, *, #4056, .T. ) ;
#3777 = ORIENTED_EDGE ( 'NONE', *, *, #5451, .F. ) ;
#3778 = LINE ( 'NONE', #5101, #270 ) ;
#3779 = LINE ( 'NONE', #6524, #2932 ) ;
#3780 = EDGE_CURVE ( 'NONE', #6237, #1446, #1768, .T. ) ;
#3781 = FILL_AREA_STYLE ('',( #377 ) ) ;
#3782 = DIRECTION ( 'NONE',  ( -0.000000000000000000, -0.000000000000000000, 1.000000000000000000 ) ) ;
#3783 = DIRECTION ( 'NONE',  ( 1.284980352575412699E-15, -1.000000000000000000, 0.000000000000000000 ) ) ;
#3784 = ORIENTED_EDGE ( 'NONE', *, *, #200, .T. ) ;
#3785 = CARTESIAN_POINT ( 'NONE',  ( -14.51500000000000057, 5.375000000000000000, 2.224999999999999645 ) ) ;
#3786 = EDGE_LOOP ( 'NONE', ( #5166, #2886, #5951, #5915 ) ) ;
#3787 = LINE ( 'NONE', #3859, #925 ) ;
#3788 = DIRECTION ( 'NONE',  ( 0.000000000000000000, 2.188853373384112515E-19, -1.000000000000000000 ) ) ;
#3789 = DIRECTION ( 'NONE',  ( 0.000000000000000000, 0.000000000000000000, -1.000000000000000000 ) ) ;
#3790 = LINE ( 'NONE', #6465, #3487 ) ;
#3791 = EDGE_CURVE ( 'NONE', #5204, #2231, #1628, .T. ) ;
#3792 = ORIENTED_EDGE ( 'NONE', *, *, #4731, .F. ) ;
#3793 = CARTESIAN_POINT ( 'NONE',  ( -13.75000000000000178, 6.500000000000003553, 0.7500000000000001110 ) ) ;
#3794 = ORIENTED_EDGE ( 'NONE', *, *, #2480, .F. ) ;
#3795 = PLANE ( 'NONE',  #2895 ) ;
#3796 = EDGE_LOOP ( 'NONE', ( #119, #2830, #1035, #4786 ) ) ;
#3797 = DIRECTION ( 'NONE',  ( 1.000000000000000000, -0.000000000000000000, -0.000000000000000000 ) ) ;
#3798 = ORIENTED_EDGE ( 'NONE', *, *, #3763, .T. ) ;
#3799 = ORIENTED_EDGE ( 'NONE', *, *, #5246, .F. ) ;
#3800 = PLANE ( 'NONE',  #5332 ) ;
#3801 = CARTESIAN_POINT ( 'NONE',  ( -13.75000000000000178, 1.624999999999999778, -4.870572098594920796 ) ) ;
#3802 = DIRECTION ( 'NONE',  ( -0.000000000000000000, 1.000000000000000000, 1.338521200599385475E-16 ) ) ;
#3803 = FACE_OUTER_BOUND ( 'NONE', #1489, .T. ) ;
#3804 = EDGE_CURVE ( 'NONE', #3746, #5359, #1667, .T. ) ;
#3805 = SURFACE_STYLE_USAGE ( .BOTH. , #475 ) ;
#3806 = EDGE_CURVE ( 'NONE', #6165, #2300, #3984, .T. ) ;
#3807 = ORIENTED_EDGE ( 'NONE', *, *, #6846, .F. ) ;
#3808 = ORIENTED_EDGE ( 'NONE', *, *, #5885, .T. ) ;
#3809 = VERTEX_POINT ( 'NONE', #3883 ) ;
#3810 = LINE ( 'NONE', #4865, #2091 ) ;
#3811 = ORIENTED_EDGE ( 'NONE', *, *, #4487, .F. ) ;
#3812 = DIRECTION ( 'NONE',  ( 0.000000000000000000, 0.000000000000000000, -1.000000000000000000 ) ) ;
#3813 = CARTESIAN_POINT ( 'NONE',  ( -12.53500000000000192, 1.624999999999999778, 1.250000000000000666 ) ) ;
#3814 = CARTESIAN_POINT ( 'NONE',  ( -15.95000000000000284, 0.9249999999999996003, 2.500000000000000000 ) ) ;
#3815 = EDGE_LOOP ( 'NONE', ( #4384, #859, #109, #1482 ) ) ;
#3816 = FACE_OUTER_BOUND ( 'NONE', #1197, .T. ) ;
#3817 = EDGE_CURVE ( 'NONE', #2732, #434, #5586, .T. ) ;
#3818 = VERTEX_POINT ( 'NONE', #6212 ) ;
#3819 = CARTESIAN_POINT ( 'NONE',  ( -15.94999999999999929, 0.000000000000000000, 2.500000000000000000 ) ) ;
#3820 = DIRECTION ( 'NONE',  ( -0.000000000000000000, -0.000000000000000000, 1.000000000000000000 ) ) ;
#3821 = UNCERTAINTY_MEASURE_WITH_UNIT (LENGTH_MEASURE( 1.000000000000000082E-05 ), #3157, 'distance_accuracy_value', 'NONE');
#3822 = CARTESIAN_POINT ( 'NONE',  ( 1.464999999999997637, 1.624999999999999778, 0.7499999999999998890 ) ) ;
#3823 = VECTOR ( 'NONE', #3488, 1000.000000000000000 ) ;
#3824 = VECTOR ( 'NONE', #4752, 1000.000000000000000 ) ;
#3825 = VECTOR ( 'NONE', #2222, 1000.000000000000000 ) ;
#3826 = ORIENTED_EDGE ( 'NONE', *, *, #4150, .F. ) ;
#3827 = DIRECTION ( 'NONE',  ( -0.7071067811865389130, -0.7071067811865561215, 0.000000000000000000 ) ) ;
#3828 = ORIENTED_EDGE ( 'NONE', *, *, #1477, .F. ) ;
#3829 = LINE ( 'NONE', #4412, #1629 ) ;
#3830 = VECTOR ( 'NONE', #3071, 1000.000000000000000 ) ;
#3831 = VECTOR ( 'NONE', #4809, 1000.000000000000000 ) ;
#3832 = EDGE_LOOP ( 'NONE', ( #824, #6746, #6578, #6914 ) ) ;
#3833 = FACE_OUTER_BOUND ( 'NONE', #4245, .T. ) ;
#3834 = ORIENTED_EDGE ( 'NONE', *, *, #7021, .T. ) ;
#3835 = LINE ( 'NONE', #4962, #7000 ) ;
#3836 = VECTOR ( 'NONE', #1682, 1000.000000000000000 ) ;
#3837 = DIRECTION ( 'NONE',  ( 0.000000000000000000, 0.000000000000000000, -1.000000000000000000 ) ) ;
#3838 = VECTOR ( 'NONE', #4507, 1000.000000000000000 ) ;
#3839 = PLANE ( 'NONE',  #5962 ) ;
#3840 = AXIS2_PLACEMENT_3D ( 'NONE', #5747, #4028, #1886 ) ;
#3841 = CARTESIAN_POINT ( 'NONE',  ( -8.249999999999996447, 0.000000000000000000, 1.250000000000000444 ) ) ;
#3842 = LINE ( 'NONE', #4426, #2097 ) ;
#3843 = VERTEX_POINT ( 'NONE', #6180 ) ;
#3844 = VERTEX_POINT ( 'NONE', #5518 ) ;
#3845 = EDGE_CURVE ( 'NONE', #5805, #6105, #1188, .T. ) ;
#3846 = EDGE_CURVE ( 'NONE', #1029, #7076, #1219, .T. ) ;
#3847 = EDGE_LOOP ( 'NONE', ( #6477, #1455, #5834, #1704 ) ) ;
#3848 = DIRECTION ( 'NONE',  ( 0.000000000000000000, -1.000000000000000000, 0.000000000000000000 ) ) ;
#3849 = CARTESIAN_POINT ( 'NONE',  ( -8.249999999999996447, 0.000000000000000000, -0.7499999999999994449 ) ) ;
#3850 = EDGE_CURVE ( 'NONE', #7121, #3427, #619, .T. ) ;
#3851 = AXIS2_PLACEMENT_3D ( 'NONE', #5404, #7149, #7002 ) ;
#3852 = DIRECTION ( 'NONE',  ( 1.000000000000000000, 0.000000000000000000, 0.000000000000000000 ) ) ;
#3853 = CARTESIAN_POINT ( 'NONE',  ( 14.31867413426533808, 4.914168687704686178, 2.500000000000000000 ) ) ;
#3854 = VERTEX_POINT ( 'NONE', #6715 ) ;
#3855 = CARTESIAN_POINT ( 'NONE',  ( -2.535000000000002363, 1.624999999999999778, 1.250000000000000444 ) ) ;
#3856 = AXIS2_PLACEMENT_3D ( 'NONE', #3365, #4494, #6673 ) ;
#3857 = DIRECTION ( 'NONE',  ( -1.000000000000000000, -1.195124682037070119E-16, 0.000000000000000000 ) ) ;
#3858 = ORIENTED_EDGE ( 'NONE', *, *, #4563, .F. ) ;
#3859 = CARTESIAN_POINT ( 'NONE',  ( -15.95000000000000284, 6.500000000000000000, -1.074999999999995515 ) ) ;
#3860 = LINE ( 'NONE', #3925, #6808 ) ;
#3861 = LINE ( 'NONE', #3752, #2182 ) ;
#3862 = AXIS2_PLACEMENT_3D ( 'NONE', #1185, #6599, #6178 ) ;
#3863 = DIRECTION ( 'NONE',  ( -1.000000000000000000, -0.000000000000000000, -0.000000000000000000 ) ) ;
#3864 = EDGE_CURVE ( 'NONE', #5391, #1037, #5043, .T. ) ;
#3865 = VECTOR ( 'NONE', #3648, 1000.000000000000000 ) ;
#3866 = VERTEX_POINT ( 'NONE', #6077 ) ;
#3867 = ORIENTED_EDGE ( 'NONE', *, *, #760, .T. ) ;
#3868 = CARTESIAN_POINT ( 'NONE',  ( -1.749999999999999778, 6.500000000000003553, -0.7499999999999995559 ) ) ;
#3869 = EDGE_CURVE ( 'NONE', #5454, #5745, #5657, .T. ) ;
#3870 = AXIS2_PLACEMENT_3D ( 'NONE', #3505, #1998, #3673 ) ;
#3871 = EDGE_CURVE ( 'NONE', #5870, #2762, #4967, .T. ) ;
#3872 = EDGE_LOOP ( 'NONE', ( #4152, #3563, #5416, #1669 ) ) ;
#3873 = FACE_BOUND ( 'NONE', #3832, .T. ) ;
#3874 = ORIENTED_EDGE ( 'NONE', *, *, #3235, .T. ) ;
#3875 = CARTESIAN_POINT ( 'NONE',  ( -13.75000000000000000, -2.725252258054539745, -0.7500000000000001110 ) ) ;
#3876 = VECTOR ( 'NONE', #1266, 1000.000000000000000 ) ;
#3877 = LINE ( 'NONE', #2261, #1273 ) ;
#3878 = ITEM_DEFINED_TRANSFORMATION ( 'NONE', 'NONE', #1680,  #5273 ) ;
#3879 = CARTESIAN_POINT ( 'NONE',  ( -5.750000000000001776, 1.624999999999999778, -1.250000000000000000 ) ) ;
#3880 = EDGE_CURVE ( 'NONE', #182, #6101, #6633, .T. ) ;
#3881 =( GEOMETRIC_REPRESENTATION_CONTEXT ( 3 ) GLOBAL_UNCERTAINTY_ASSIGNED_CONTEXT ( ( #129 ) ) GLOBAL_UNIT_ASSIGNED_CONTEXT ( ( #5715, #6866, #4069 ) ) REPRESENTATION_CONTEXT ( 'NONE', 'WORKASPACE' ) );
#3882 = CARTESIAN_POINT ( 'NONE',  ( 2.250000000000000444, 1.624999999999999778, 0.7499999999999998890 ) ) ;
#3883 = CARTESIAN_POINT ( 'NONE',  ( 4.250000000000000000, 0.000000000000000000, -1.250000000000000000 ) ) ;
#3884 = ORIENTED_EDGE ( 'NONE', *, *, #2017, .T. ) ;
#3885 = ORIENTED_EDGE ( 'NONE', *, *, #1883, .F. ) ;
#3886 = VERTEX_POINT ( 'NONE', #5623 ) ;
#3887 = PLANE ( 'NONE',  #4523 ) ;
#3888 = FACE_OUTER_BOUND ( 'NONE', #1246, .T. ) ;
#3889 = CARTESIAN_POINT ( 'NONE',  ( 2.250000000000000444, 0.000000000000000000, 0.7499999999999998890 ) ) ;
#3890 = EDGE_LOOP ( 'NONE', ( #5535, #6324, #1795, #1566 ) ) ;
#3891 = PLANE ( 'NONE',  #1562 ) ;
#3892 = LINE ( 'NONE', #1603, #2332 ) ;
#3893 = VERTEX_POINT ( 'NONE', #650 ) ;
#3894 = DIRECTION ( 'NONE',  ( -0.000000000000000000, -0.000000000000000000, -1.000000000000000000 ) ) ;
#3895 = DIRECTION ( 'NONE',  ( -0.000000000000000000, -1.000000000000000000, -0.000000000000000000 ) ) ;
#3896 = CARTESIAN_POINT ( 'NONE',  ( 12.25000000000000000, 1.624999999999999778, -4.870572098594920796 ) ) ;
#3897 = APPLICATION_CONTEXT ( 'automotive_design' ) ;
#3898 = CARTESIAN_POINT ( 'NONE',  ( -15.95000000000000284, 6.274999999999999467, -0.8500000000000005329 ) ) ;
#3899 = LINE ( 'NONE', #4443, #1281 ) ;
#3900 = PRODUCT_DEFINITION_CONTEXT ( 'detailed design', #2491, 'design' ) ;
#3901 = EDGE_CURVE ( 'NONE', #2013, #6345, #3842, .T. ) ;
#3902 = ORIENTED_EDGE ( 'NONE', *, *, #749, .T. ) ;
#3903 = LINE ( 'NONE', #5919, #5464 ) ;
#3904 = VERTEX_POINT ( 'NONE', #2850 ) ;
#3905 = CARTESIAN_POINT ( 'NONE',  ( -13.46500000000000163, 4.774999999999999467, -2.225000000000000533 ) ) ;
#3906 = ORIENTED_EDGE ( 'NONE', *, *, #5524, .F. ) ;
#3907 = CARTESIAN_POINT ( 'NONE',  ( 14.25000000000000000, 6.500000000000003553, 0.7499999999999997780 ) ) ;
#3908 = ORIENTED_EDGE ( 'NONE', *, *, #3544, .F. ) ;
#3909 = EDGE_CURVE ( 'NONE', #4074, #3758, #5073, .T. ) ;
#3910 = CONTEXT_DEPENDENT_SHAPE_REPRESENTATION ( #4359, #601 ) ;
#3911 = DIRECTION ( 'NONE',  ( -1.000000000000000000, -0.000000000000000000, 0.000000000000000000 ) ) ;
#3912 = DIRECTION ( 'NONE',  ( 0.7071067811865536790, 0.7071067811865414665, 0.000000000000000000 ) ) ;
#3913 = EDGE_CURVE ( 'NONE', #2474, #1757, #683, .T. ) ;
#3914 = ORIENTED_EDGE ( 'NONE', *, *, #2745, .T. ) ;
#3915 = ORIENTED_EDGE ( 'NONE', *, *, #6416, .F. ) ;
#3916 = VERTEX_POINT ( 'NONE', #265 ) ;
#3917 = ORIENTED_EDGE ( 'NONE', *, *, #2172, .T. ) ;
#3918 = LINE ( 'NONE', #5629, #1272 ) ;
#3919 = CARTESIAN_POINT ( 'NONE',  ( 15.45000000000000284, 6.500000000000000000, 2.225000000000000089 ) ) ;
#3920 = DIRECTION ( 'NONE',  ( -1.000000000000000000, -1.284980352575412699E-15, 0.000000000000000000 ) ) ;
#3921 = VERTEX_POINT ( 'NONE', #725 ) ;
#3922 = DIRECTION ( 'NONE',  ( 0.7071067811865536790, 0.7071067811865414665, 0.000000000000000000 ) ) ;
#3923 = DIRECTION ( 'NONE',  ( -1.000000000000000000, -0.000000000000000000, -0.000000000000000000 ) ) ;
#3924 = ADVANCED_FACE ( 'NONE', ( #3033 ), #2404, .T. ) ;
#3925 = CARTESIAN_POINT ( 'NONE',  ( 11.46499999999999808, 1.624999999999999778, 0.7499999999999997780 ) ) ;
#3926 = CARTESIAN_POINT ( 'NONE',  ( -13.84999999999999964, -3.000000000000000000, -1.150000000000000577 ) ) ;
#3927 = ORIENTED_EDGE ( 'NONE', *, *, #4843, .T. ) ;
#3928 = ORIENTED_EDGE ( 'NONE', *, *, #3804, .T. ) ;
#3929 = EDGE_CURVE ( 'NONE', #3293, #4286, #5698, .T. ) ;
#3930 = EDGE_LOOP ( 'NONE', ( #2104, #349, #1820, #3319 ) ) ;
#3931 = FACE_BOUND ( 'NONE', #6385, .T. ) ;
#3932 = LINE ( 'NONE', #6481, #3014 ) ;
#3933 = ORIENTED_EDGE ( 'NONE', *, *, #528, .T. ) ;
#3934 = CARTESIAN_POINT ( 'NONE',  ( 15.95000000000000284, 6.500000000000000000, 2.500000000000000444 ) ) ;
#3935 = VECTOR ( 'NONE', #3190, 1000.000000000000000 ) ;
#3936 = PRODUCT ( 'BxB-PHDSS_30', 'BxB-PHDSS_30', '', ( #3107 ) ) ;
#3937 = LINE ( 'NONE', #1618, #3269 ) ;
#3938 = VERTEX_POINT ( 'NONE', #5289 ) ;
#3939 = VECTOR ( 'NONE', #839, 1000.000000000000000 ) ;
#3940 = CONTEXT_DEPENDENT_SHAPE_REPRESENTATION ( #3610, #3650 ) ;
#3941 = VECTOR ( 'NONE', #2598, 1000.000000000000000 ) ;
#3942 = LINE ( 'NONE', #1731, #2812 ) ;
#3943 = EDGE_CURVE ( 'NONE', #6774, #6594, #2447, .T. ) ;
#3944 = VECTOR ( 'NONE', #3726, 1000.000000000000000 ) ;
#3945 = DIRECTION ( 'NONE',  ( -1.000000000000000000, -0.000000000000000000, -0.000000000000000000 ) ) ;
#3946 = PLANE ( 'NONE',  #730 ) ;
#3947 = EDGE_CURVE ( 'NONE', #6505, #2422, #1934, .T. ) ;
#3948 = AXIS2_PLACEMENT_3D ( 'NONE', #5832, #6349, #1383 ) ;
#3949 = ORIENTED_EDGE ( 'NONE', *, *, #2836, .F. ) ;
#3950 = EDGE_LOOP ( 'NONE', ( #762, #5490, #2840, #6254 ) ) ;
#3951 = ORIENTED_EDGE ( 'NONE', *, *, #1744, .F. ) ;
#3952 = DIRECTION ( 'NONE',  ( -1.284980352575412699E-15, 1.000000000000000000, 0.000000000000000000 ) ) ;
#3953 = CARTESIAN_POINT ( 'NONE',  ( -14.25000000000000178, 0.000000000000000000, 1.250000000000000666 ) ) ;
#3954 = CARTESIAN_POINT ( 'NONE',  ( -15.95000000000000284, 6.500000000000000000, -1.074999999999995515 ) ) ;
#3955 = PRODUCT_DEFINITION_SHAPE ( 'NONE', 'NONE',  #7191 ) ;
#3956 = DIRECTION ( 'NONE',  ( -0.000000000000000000, -0.000000000000000000, 1.000000000000000000 ) ) ;
#3957 = VECTOR ( 'NONE', #153, 1000.000000000000000 ) ;
#3958 = EDGE_CURVE ( 'NONE', #2159, #3758, #4637, .T. ) ;
#3959 = ORIENTED_EDGE ( 'NONE', *, *, #242, .F. ) ;
#3960 = VECTOR ( 'NONE', #5007, 1000.000000000000000 ) ;
#3961 = CARTESIAN_POINT ( 'NONE',  ( 6.250000000000000000, 1.624999999999999778, -0.7499999999999996669 ) ) ;
#3962 = DIRECTION ( 'NONE',  ( 0.000000000000000000, -1.000000000000000000, 0.000000000000000000 ) ) ;
#3963 = LINE ( 'NONE', #2143, #2125 ) ;
#3964 = CARTESIAN_POINT ( 'NONE',  ( 13.46500000000000163, 4.775000000000003020, -2.500000000000002220 ) ) ;
#3965 = CARTESIAN_POINT ( 'NONE',  ( 12.46499999999999986, 1.624999999999999778, -4.870572098594920796 ) ) ;
#3966 = VECTOR ( 'NONE', #2092, 1000.000000000000000 ) ;
#3967 = ORIENTED_EDGE ( 'NONE', *, *, #2211, .F. ) ;
#3968 = LINE ( 'NONE', #3529, #6426 ) ;
#3969 = EDGE_LOOP ( 'NONE', ( #6708, #5844, #564, #1000 ) ) ;
#3970 = STYLED_ITEM ( 'NONE', ( #2781 ), #4920 ) ;
#3971 = DIRECTION ( 'NONE',  ( -1.247166386316374332E-16, -1.000000000000000000, -2.188853373384112997E-19 ) ) ;
#3972 = VERTEX_POINT ( 'NONE', #3613 ) ;
#3973 = DIRECTION ( 'NONE',  ( -1.000000000000000000, 0.000000000000000000, -1.359501156721635892E-17 ) ) ;
#3974 = EDGE_CURVE ( 'NONE', #7076, #2024, #5156, .T. ) ;
#3975 = VECTOR ( 'NONE', #4547, 1000.000000000000000 ) ;
#3976 = DIRECTION ( 'NONE',  ( -1.000000000000000000, 1.208177614423795264E-16, 0.000000000000000000 ) ) ;
#3977 = VERTEX_POINT ( 'NONE', #5256 ) ;
#3978 = DIRECTION ( 'NONE',  ( 1.000000000000000000, 0.000000000000000000, 0.000000000000000000 ) ) ;
#3979 = DIRECTION ( 'NONE',  ( -0.000000000000000000, 0.000000000000000000, 1.000000000000000000 ) ) ;
#3980 = VECTOR ( 'NONE', #6885, 1000.000000000000000 ) ;
#3981 = DIRECTION ( 'NONE',  ( 0.000000000000000000, -1.000000000000000000, 0.000000000000000000 ) ) ;
#3982 = ITEM_DEFINED_TRANSFORMATION ( 'NONE', 'NONE', #2594,  #5273 ) ;
#3983 = VECTOR ( 'NONE', #3197, 1000.000000000000000 ) ;
#3984 = LINE ( 'NONE', #2340, #1981 ) ;
#3985 =( REPRESENTATION_RELATIONSHIP ('NONE','NONE', #1131, #6340 ) REPRESENTATION_RELATIONSHIP_WITH_TRANSFORMATION ( #4422 )SHAPE_REPRESENTATION_RELATIONSHIP( ) );
#3986 = ORIENTED_EDGE ( 'NONE', *, *, #1921, .F. ) ;
#3987 = ORIENTED_EDGE ( 'NONE', *, *, #2409, .F. ) ;
#3988 = DIRECTION ( 'NONE',  ( 1.000000000000000000, -0.000000000000000000, -0.000000000000000000 ) ) ;
#3989 = CARTESIAN_POINT ( 'NONE',  ( -13.75000000000000000, 5.100252258054545074, -1.250000000000000444 ) ) ;
#3990 = DIRECTION ( 'NONE',  ( 0.000000000000000000, 0.000000000000000000, 1.000000000000000000 ) ) ;
#3991 = CARTESIAN_POINT ( 'NONE',  ( 13.97236314066101137, 4.314340451562333811, 2.500000000000000000 ) ) ;
#3992 = AXIS2_PLACEMENT_3D ( 'NONE', #6484, #3689, #5923 ) ;
#3993 = STYLED_ITEM ( 'NONE', ( #5449 ), #5224 ) ;
#3994 = EDGE_LOOP ( 'NONE', ( #3291, #4010, #2846, #6198 ) ) ;
#3995 = CARTESIAN_POINT ( 'NONE',  ( -6.250000000000001776, 6.500000000000003553, -0.7499999999999995559 ) ) ;
#3996 = EDGE_CURVE ( 'NONE', #7032, #5334, #4678, .T. ) ;
#3997 = CARTESIAN_POINT ( 'NONE',  ( -11.75000000000000000, 1.624999999999999778, -4.870572098594920796 ) ) ;
#3998 = CARTESIAN_POINT ( 'NONE',  ( -13.75000000000000000, -2.725252258054539745, -1.250000000000000444 ) ) ;
#3999 = PLANE ( 'NONE',  #6098 ) ;
#4000 = ADVANCED_FACE ( 'NONE', ( #2483 ), #1361, .T. ) ;
#4001 = DIRECTION ( 'NONE',  ( 0.000000000000000000, 0.000000000000000000, 1.000000000000000000 ) ) ;
#4002 = CARTESIAN_POINT ( 'NONE',  ( 13.68999999999999773, 5.375000000000000000, 2.224999999999999645 ) ) ;
#4003 = CARTESIAN_POINT ( 'NONE',  ( -12.25000000000000000, 1.624999999999999778, -4.870572098594920796 ) ) ;
#4004 = ORIENTED_EDGE ( 'NONE', *, *, #1765, .T. ) ;
#4005 = EDGE_CURVE ( 'NONE', #6963, #3866, #1293, .T. ) ;
#4006 = LINE ( 'NONE', #4347, #3238 ) ;
#4007 = ORIENTED_EDGE ( 'NONE', *, *, #2489, .T. ) ;
#4008 = ADVANCED_FACE ( 'NONE', ( #6817 ), #5803, .T. ) ;
#4009 = LINE ( 'NONE', #6265, #2433 ) ;
#4010 = ORIENTED_EDGE ( 'NONE', *, *, #1921, .T. ) ;
#4011 = CARTESIAN_POINT ( 'NONE',  ( -13.75000000000000178, 1.624999999999999778, -0.7499999999999994449 ) ) ;
#4012 = CARTESIAN_POINT ( 'NONE',  ( 12.24000000000000909, 5.375000000000000000, 2.500000000000000000 ) ) ;
#4013 = CARTESIAN_POINT ( 'NONE',  ( 0.000000000000000000, 0.000000000000000000, 0.000000000000000000 ) ) ;
#4014 = ORIENTED_EDGE ( 'NONE', *, *, #6925, .T. ) ;
#4015 = FACE_OUTER_BOUND ( 'NONE', #3930, .T. ) ;
#4016 = EDGE_CURVE ( 'NONE', #3886, #6213, #6967, .T. ) ;
#4017 = ORIENTED_EDGE ( 'NONE', *, *, #2604, .F. ) ;
#4018 = DIRECTION ( 'NONE',  ( 0.000000000000000000, 0.000000000000000000, -1.000000000000000000 ) ) ;
#4019 = DIRECTION ( 'NONE',  ( 0.000000000000000000, -1.000000000000000000, 0.000000000000000000 ) ) ;
#4020 = ORIENTED_EDGE ( 'NONE', *, *, #6360, .F. ) ;
#4021 = FACE_OUTER_BOUND ( 'NONE', #6873, .T. ) ;
#4022 = LINE ( 'NONE', #3409, #3244 ) ;
#4023 = DIRECTION ( 'NONE',  ( 0.000000000000000000, -0.7071067811865389130, -0.7071067811865561215 ) ) ;
#4024 = EDGE_CURVE ( 'NONE', #480, #4074, #327, .T. ) ;
#4025 =( REPRESENTATION_RELATIONSHIP ('NONE','NONE', #1131, #6340 ) REPRESENTATION_RELATIONSHIP_WITH_TRANSFORMATION ( #2673 )SHAPE_REPRESENTATION_RELATIONSHIP( ) );
#4026 = LINE ( 'NONE', #4612, #837 ) ;
#4027 = ORIENTED_EDGE ( 'NONE', *, *, #1819, .F. ) ;
#4028 = DIRECTION ( 'NONE',  ( 1.000000000000000000, 0.000000000000000000, 0.000000000000000000 ) ) ;
#4029 = CARTESIAN_POINT ( 'NONE',  ( -12.24000000000001087, 5.375000000000000000, -2.225000000000000533 ) ) ;
#4030 = CARTESIAN_POINT ( 'NONE',  ( 13.46500000000000163, 4.775000000000003020, -2.225000000000000533 ) ) ;
#4031 = FACE_OUTER_BOUND ( 'NONE', #2839, .T. ) ;
#4032 = CARTESIAN_POINT ( 'NONE',  ( 14.25000000000000000, 6.500000000000003553, -0.7499999999999997780 ) ) ;
#4033 = VERTEX_POINT ( 'NONE', #4603 ) ;
#4034 = ADVANCED_FACE ( 'NONE', ( #1398 ), #1250, .T. ) ;
#4035 = ORIENTED_EDGE ( 'NONE', *, *, #7025, .T. ) ;
#4036 = DIRECTION ( 'NONE',  ( -0.000000000000000000, -0.000000000000000000, 1.000000000000000000 ) ) ;
#4037 = ORIENTED_EDGE ( 'NONE', *, *, #1787, .T. ) ;
#4038 = LINE ( 'NONE', #1756, #2550 ) ;
#4039 = CARTESIAN_POINT ( 'NONE',  ( -12.25000000000000000, 6.500000000000003553, 1.250000000000000666 ) ) ;
#4040 = CARTESIAN_POINT ( 'NONE',  ( 13.75000000000000000, 6.500000000000003553, -0.7499999999999997780 ) ) ;
#4041 = DIRECTION ( 'NONE',  ( 0.000000000000000000, 0.000000000000000000, 1.000000000000000000 ) ) ;
#4042 = EDGE_LOOP ( 'NONE', ( #3917, #4988, #5652, #2183 ) ) ;
#4043 = CARTESIAN_POINT ( 'NONE',  ( 9.464999999999998082, 1.624999999999999778, 0.7499999999999997780 ) ) ;
#4044 = VERTEX_POINT ( 'NONE', #792 ) ;
#4045 = ORIENTED_EDGE ( 'NONE', *, *, #6058, .T. ) ;
#4046 = CARTESIAN_POINT ( 'NONE',  ( 8.250000000000000000, 0.000000000000000000, -1.250000000000000222 ) ) ;
#4047 = DIRECTION ( 'NONE',  ( -0.000000000000000000, -0.000000000000000000, 1.000000000000000000 ) ) ;
#4048 = EDGE_LOOP ( 'NONE', ( #3951, #5839, #4233, #2430 ) ) ;
#4049 = VECTOR ( 'NONE', #1104, 1000.000000000000000 ) ;
#4050 = DIRECTION ( 'NONE',  ( -1.000000000000000000, -0.000000000000000000, -0.000000000000000000 ) ) ;
#4051 = VERTEX_POINT ( 'NONE', #2925 ) ;
#4052 = FACE_OUTER_BOUND ( 'NONE', #2364, .T. ) ;
#4053 = ORIENTED_EDGE ( 'NONE', *, *, #5704, .F. ) ;
#4054 = AXIS2_PLACEMENT_3D ( 'NONE', #2106, #4839, #5498 ) ;
#4055 = LINE ( 'NONE', #1937, #6684 ) ;
#4056 = EDGE_CURVE ( 'NONE', #947, #2116, #1837, .T. ) ;
#4057 = SURFACE_STYLE_FILL_AREA ( #6287 ) ;
#4058 = DIRECTION ( 'NONE',  ( 0.000000000000000000, 0.000000000000000000, 1.000000000000000000 ) ) ;
#4059 = DIRECTION ( 'NONE',  ( -0.000000000000000000, 0.000000000000000000, -1.000000000000000000 ) ) ;
#4060 = VECTOR ( 'NONE', #759, 1000.000000000000000 ) ;
#4061 = EDGE_CURVE ( 'NONE', #1029, #5867, #5187, .T. ) ;
#4062 = EDGE_CURVE ( 'NONE', #4417, #3116, #6323, .T. ) ;
#4063 = ORIENTED_EDGE ( 'NONE', *, *, #6350, .F. ) ;
#4064 = FACE_OUTER_BOUND ( 'NONE', #4097, .T. ) ;
#4065 = LINE ( 'NONE', #6224, #3355 ) ;
#4066 = EDGE_CURVE ( 'NONE', #2102, #6148, #6438, .T. ) ;
#4067 = VECTOR ( 'NONE', #5034, 1000.000000000000000 ) ;
#4068 = DIRECTION ( 'NONE',  ( 1.000000000000000000, 0.000000000000000000, 0.000000000000000000 ) ) ;
#4069 =( NAMED_UNIT ( * ) SI_UNIT ( $, .STERADIAN. ) SOLID_ANGLE_UNIT ( ) );
#4070 = DIRECTION ( 'NONE',  ( -0.000000000000000000, -0.000000000000000000, -1.000000000000000000 ) ) ;
#4071 = VECTOR ( 'NONE', #1928, 1000.000000000000000 ) ;
#4072 = VERTEX_POINT ( 'NONE', #1587 ) ;
#4073 = CARTESIAN_POINT ( 'NONE',  ( -1.749999999999999778, 0.000000000000000000, 0.7500000000000000000 ) ) ;
#4074 = VERTEX_POINT ( 'NONE', #5994 ) ;
#4075 = LINE ( 'NONE', #5982, #5037 ) ;
#4076 = DIRECTION ( 'NONE',  ( 0.000000000000000000, -1.000000000000000000, 0.000000000000000000 ) ) ;
#4077 = ORIENTED_EDGE ( 'NONE', *, *, #5824, .T. ) ;
#4078 = AXIS2_PLACEMENT_3D ( 'NONE', #5208, #4629, #4558 ) ;
#4079 = LINE ( 'NONE', #1924, #1167 ) ;
#4080 = ADVANCED_FACE ( 'NONE', ( #5956 ), #1433, .F. ) ;
#4081 =( REPRESENTATION_RELATIONSHIP ('NONE','NONE', #1131, #6340 ) REPRESENTATION_RELATIONSHIP_WITH_TRANSFORMATION ( #1801 )SHAPE_REPRESENTATION_RELATIONSHIP( ) );
#4082 = DIRECTION ( 'NONE',  ( 0.000000000000000000, 0.000000000000000000, -1.000000000000000000 ) ) ;
#4083 = VECTOR ( 'NONE', #3747, 1000.000000000000000 ) ;
#4084 = DIRECTION ( 'NONE',  ( -0.000000000000000000, 1.000000000000000000, -0.000000000000000000 ) ) ;
#4085 = EDGE_LOOP ( 'NONE', ( #3287, #984, #45, #6545 ) ) ;
#4086 = LINE ( 'NONE', #2401, #6175 ) ;
#4087 = ORIENTED_EDGE ( 'NONE', *, *, #2150, .F. ) ;
#4088 = EDGE_CURVE ( 'NONE', #2809, #2232, #2513, .T. ) ;
#4089 = PLANE ( 'NONE',  #5814 ) ;
#4090 = ADVANCED_FACE ( 'NONE', ( #3100 ), #1974, .T. ) ;
#4091 = MECHANICAL_DESIGN_GEOMETRIC_PRESENTATION_REPRESENTATION (  '', ( #3970 ), #2456 ) ;
#4092 = DIRECTION ( 'NONE',  ( -0.000000000000000000, -0.000000000000000000, 1.000000000000000000 ) ) ;
#4093 = ORIENTED_EDGE ( 'NONE', *, *, #224, .T. ) ;
#4094 = ORIENTED_EDGE ( 'NONE', *, *, #216, .T. ) ;
#4095 = VECTOR ( 'NONE', #1472, 1000.000000000000000 ) ;
#4096 = LINE ( 'NONE', #828, #2579 ) ;
#4097 = EDGE_LOOP ( 'NONE', ( #3182, #6783, #1607, #6043 ) ) ;
#4098 = CARTESIAN_POINT ( 'NONE',  ( -15.12500000000000178, 3.649999999999999911, -4.870572098594920796 ) ) ;
#4099 = DIRECTION ( 'NONE',  ( 0.000000000000000000, 0.000000000000000000, 1.000000000000000000 ) ) ;
#4100 = EDGE_CURVE ( 'NONE', #862, #6134, #4891, .T. ) ;
#4101 = DIRECTION ( 'NONE',  ( 0.000000000000000000, -1.000000000000000000, 0.000000000000000000 ) ) ;
#4102 = VECTOR ( 'NONE', #840, 1000.000000000000000 ) ;
#4103 = ORIENTED_EDGE ( 'NONE', *, *, #1288, .T. ) ;
#4104 = LINE ( 'NONE', #772, #4304 ) ;
#4105 = LINE ( 'NONE', #2460, #6760 ) ;
#4106 = VECTOR ( 'NONE', #5531, 1000.000000000000000 ) ;
#4107 = CARTESIAN_POINT ( 'NONE',  ( -14.25000000000000178, 6.500000000000003553, 0.7500000000000001110 ) ) ;
#4108 = DIRECTION ( 'NONE',  ( 0.000000000000000000, 0.000000000000000000, 1.000000000000000000 ) ) ;
#4109 = DIRECTION ( 'NONE',  ( -0.7071067811865414665, -0.7071067811865536790, 0.000000000000000000 ) ) ;
#4110 = EDGE_CURVE ( 'NONE', #3609, #1574, #2555, .T. ) ;
#4111 = ADVANCED_FACE ( 'NONE', ( #4852 ), #3681, .T. ) ;
#4112 = AXIS2_PLACEMENT_3D ( 'NONE', #1403, #1560, #7008 ) ;
#4113 = EDGE_LOOP ( 'NONE', ( #5752, #1463, #5444, #22, #334, #2327, #583, #2575, #6636, #5888, #2382, #3454, #2040, #4279, #466, #6804, #6518, #372, #5054, #1324 ) ) ;
#4114 = CARTESIAN_POINT ( 'NONE',  ( 13.46500000000000163, 5.375000000000002665, -2.225000000000000533 ) ) ;
#4115 = ORIENTED_EDGE ( 'NONE', *, *, #2252, .F. ) ;
#4116 = CARTESIAN_POINT ( 'NONE',  ( 15.45000000000000284, 1.625000000000001332, -2.225000000000000533 ) ) ;
#4117 = DIRECTION ( 'NONE',  ( 0.000000000000000000, 0.000000000000000000, 1.000000000000000000 ) ) ;
#4118 = CARTESIAN_POINT ( 'NONE',  ( -10.24999999999999822, 0.000000000000000000, 0.7500000000000001110 ) ) ;
#4119 = CARTESIAN_POINT ( 'NONE',  ( -15.01499999999999879, 6.500000000000000000, 2.500000000000000444 ) ) ;
#4120 = EDGE_CURVE ( 'NONE', #3369, #6314, #5913, .T. ) ;
#4121 = PLANE ( 'NONE',  #6430 ) ;
#4122 = ORIENTED_EDGE ( 'NONE', *, *, #6460, .T. ) ;
#4123 = DIRECTION ( 'NONE',  ( -0.000000000000000000, 0.000000000000000000, 1.000000000000000000 ) ) ;
#4124 = CARTESIAN_POINT ( 'NONE',  ( 1.749999999999999778, 0.000000000000000000, -1.250000000000000000 ) ) ;
#4125 = VERTEX_POINT ( 'NONE', #3138 ) ;
#4126 = CARTESIAN_POINT ( 'NONE',  ( -12.25000000000000000, 6.500000000000003553, -1.249999999999999778 ) ) ;
#4127 = CARTESIAN_POINT ( 'NONE',  ( -9.749999999999998224, 6.500000000000003553, 0.7500000000000001110 ) ) ;
#4128 = EDGE_CURVE ( 'NONE', #64, #923, #4813, .T. ) ;
#4129 = VERTEX_POINT ( 'NONE', #7110 ) ;
#4130 = CARTESIAN_POINT ( 'NONE',  ( -4.250000000000000000, 6.500000000000003553, -0.7499999999999995559 ) ) ;
#4131 = ADVANCED_FACE ( 'NONE', ( #2046 ), #4773, .T. ) ;
#4132 = VERTEX_POINT ( 'NONE', #6476 ) ;
#4133 = LINE ( 'NONE', #2965, #1771 ) ;
#4134 = CARTESIAN_POINT ( 'NONE',  ( 18.00000000000000355, -9.367506770274757077E-17, 2.000000000000000000 ) ) ;
#4135 = CARTESIAN_POINT ( 'NONE',  ( 1.749999999999999778, 6.500000000000003553, -0.7499999999999996669 ) ) ;
#4136 = ORIENTED_EDGE ( 'NONE', *, *, #4328, .T. ) ;
#4137 = DIRECTION ( 'NONE',  ( 0.000000000000000000, -1.000000000000000000, 0.000000000000000000 ) ) ;
#4138 = LINE ( 'NONE', #696, #4102 ) ;
#4139 = FACE_OUTER_BOUND ( 'NONE', #2668, .T. ) ;
#4140 = FACE_OUTER_BOUND ( 'NONE', #921, .T. ) ;
#4141 = ADVANCED_FACE ( 'NONE', ( #6504 ), #1505, .T. ) ;
#4142 = DIRECTION ( 'NONE',  ( 1.000000000000000000, 0.000000000000000000, 0.000000000000000000 ) ) ;
#4143 = CARTESIAN_POINT ( 'NONE',  ( -10.53500000000000014, 1.624999999999999778, -0.7499999999999994449 ) ) ;
#4144 = LINE ( 'NONE', #5176, #5849 ) ;
#4145 = DIRECTION ( 'NONE',  ( -0.000000000000000000, 0.000000000000000000, -1.000000000000000000 ) ) ;
#4146 = DIRECTION ( 'NONE',  ( 0.000000000000000000, -1.000000000000000000, 0.000000000000000000 ) ) ;
#4147 = ADVANCED_FACE ( 'NONE', ( #7044 ), #4735, .T. ) ;
#4148 = DIRECTION ( 'NONE',  ( -0.000000000000000000, 0.000000000000000000, 1.000000000000000000 ) ) ;
#4149 = ORIENTED_EDGE ( 'NONE', *, *, #3105, .T. ) ;
#4150 = EDGE_CURVE ( 'NONE', #287, #2597, #2595, .T. ) ;
#4151 = LINE ( 'NONE', #6882, #1180 ) ;
#4152 = ORIENTED_EDGE ( 'NONE', *, *, #4100, .T. ) ;
#4153 = CARTESIAN_POINT ( 'NONE',  ( 8.250000000000000000, 6.500000000000003553, -0.7499999999999996669 ) ) ;
#4154 = ORIENTED_EDGE ( 'NONE', *, *, #3086, .T. ) ;
#4155 = CARTESIAN_POINT ( 'NONE',  ( 13.75000000000000000, 0.000000000000000000, -1.250000000000000222 ) ) ;
#4156 = ORIENTED_EDGE ( 'NONE', *, *, #546, .F. ) ;
#4157 = EDGE_CURVE ( 'NONE', #5045, #5434, #1004, .T. ) ;
#4158 = ORIENTED_EDGE ( 'NONE', *, *, #6740, .T. ) ;
#4159 = DIRECTION ( 'NONE',  ( -0.000000000000000000, 0.000000000000000000, 1.000000000000000000 ) ) ;
#4160 = VERTEX_POINT ( 'NONE', #5476 ) ;
#4161 = DIRECTION ( 'NONE',  ( -1.000000000000000000, 0.000000000000000000, -0.000000000000000000 ) ) ;
#4162 = DIRECTION ( 'NONE',  ( 0.000000000000000000, -1.000000000000000000, 0.000000000000000000 ) ) ;
#4163 = DIRECTION ( 'NONE',  ( 0.000000000000000000, -1.000000000000000000, 0.000000000000000000 ) ) ;
#4164 = VECTOR ( 'NONE', #1027, 1000.000000000000000 ) ;
#4165 = DIRECTION ( 'NONE',  ( 0.000000000000000000, 0.000000000000000000, 1.000000000000000000 ) ) ;
#4166 = PLANE ( 'NONE',  #5389 ) ;
#4167 = EDGE_CURVE ( 'NONE', #6625, #6469, #1761, .T. ) ;
#4168 = DIRECTION ( 'NONE',  ( 0.000000000000000000, 0.000000000000000000, -1.000000000000000000 ) ) ;
#4169 = AXIS2_PLACEMENT_3D ( 'NONE', #842, #5782, #5236 ) ;
#4170 = VECTOR ( 'NONE', #6305, 1000.000000000000000 ) ;
#4171 = VERTEX_POINT ( 'NONE', #4488 ) ;
#4172 = ORIENTED_EDGE ( 'NONE', *, *, #2573, .T. ) ;
#4173 = CARTESIAN_POINT ( 'NONE',  ( -5.750000000000001776, 0.000000000000000000, 0.7500000000000000000 ) ) ;
#4174 = DIRECTION ( 'NONE',  ( 1.000000000000000000, -0.000000000000000000, -0.000000000000000000 ) ) ;
#4175 = CARTESIAN_POINT ( 'NONE',  ( 15.45000000000000107, 6.275000000000004796, -0.1000000000000002137 ) ) ;
#4176 = VECTOR ( 'NONE', #299, 1000.000000000000000 ) ;
#4177 = VECTOR ( 'NONE', #1931, 1000.000000000000000 ) ;
#4178 = EDGE_CURVE ( 'NONE', #6603, #6833, #5510, .T. ) ;
#4179 = VECTOR ( 'NONE', #404, 1000.000000000000000 ) ;
#4180 = FACE_OUTER_BOUND ( 'NONE', #3357, .T. ) ;
#4181 = VECTOR ( 'NONE', #3282, 1000.000000000000000 ) ;
#4182 = PLANE ( 'NONE',  #355 ) ;
#4183 = FACE_OUTER_BOUND ( 'NONE', #6230, .T. ) ;
#4184 = CARTESIAN_POINT ( 'NONE',  ( -14.25000000000000178, 1.624999999999999778, 0.7500000000000001110 ) ) ;
#4185 = EDGE_LOOP ( 'NONE', ( #6037, #7088, #5572, #6682, #5542, #5062 ) ) ;
#4186 = DIRECTION ( 'NONE',  ( 1.000000000000000000, 1.195124682037070119E-16, 0.000000000000000000 ) ) ;
#4187 = AXIS2_PLACEMENT_3D ( 'NONE', #2879, #3396, #2335 ) ;
#4188 = CARTESIAN_POINT ( 'NONE',  ( 13.97236314066101137, 4.314340451562333811, 2.400000000000000355 ) ) ;
#4189 = ORIENTED_EDGE ( 'NONE', *, *, #2175, .F. ) ;
#4190 = CARTESIAN_POINT ( 'NONE',  ( 13.75000000000000000, 0.000000000000000000, 1.250000000000000222 ) ) ;
#4191 = ORIENTED_EDGE ( 'NONE', *, *, #6423, .F. ) ;
#4192 = VECTOR ( 'NONE', #6362, 1000.000000000000000 ) ;
#4193 = PLANE ( 'NONE',  #3750 ) ;
#4194 = ORIENTED_EDGE ( 'NONE', *, *, #6965, .T. ) ;
#4195 = LINE ( 'NONE', #6435, #4177 ) ;
#4196 = VECTOR ( 'NONE', #2200, 1000.000000000000000 ) ;
#4197 = ORIENTED_EDGE ( 'NONE', *, *, #2425, .F. ) ;
#4198 = DIRECTION ( 'NONE',  ( 0.000000000000000000, 0.000000000000000000, -1.000000000000000000 ) ) ;
#4199 = ORIENTED_EDGE ( 'NONE', *, *, #5445, .F. ) ;
#4200 = CARTESIAN_POINT ( 'NONE',  ( -10.24999999999999822, 6.500000000000003553, -0.7499999999999994449 ) ) ;
#4201 = CARTESIAN_POINT ( 'NONE',  ( 12.25000000000000000, 1.624999999999999778, -4.870572098594920796 ) ) ;
#4202 = DIRECTION ( 'NONE',  ( 0.000000000000000000, 2.188853373384112515E-19, -1.000000000000000000 ) ) ;
#4203 = VECTOR ( 'NONE', #13, 1000.000000000000000 ) ;
#4204 =( LENGTH_UNIT ( ) NAMED_UNIT ( * ) SI_UNIT ( .MILLI., .METRE. ) );
#4205 = DIRECTION ( 'NONE',  ( 1.000000000000000000, 0.000000000000000000, 0.000000000000000000 ) ) ;
#4206 = DIRECTION ( 'NONE',  ( 0.000000000000000000, 0.000000000000000000, -1.000000000000000000 ) ) ;
#4207 = VECTOR ( 'NONE', #3713, 1000.000000000000000 ) ;
#4208 = VERTEX_POINT ( 'NONE', #4374 ) ;
#4209 = ORIENTED_EDGE ( 'NONE', *, *, #331, .T. ) ;
#4210 = ORIENTED_EDGE ( 'NONE', *, *, #4667, .F. ) ;
#4211 = DIRECTION ( 'NONE',  ( 0.000000000000000000, 0.000000000000000000, 1.000000000000000000 ) ) ;
#4212 = CARTESIAN_POINT ( 'NONE',  ( -15.01499999999999879, 6.500000000000000000, 2.500000000000000444 ) ) ;
#4213 = FILL_AREA_STYLE_COLOUR ( '', #6703 ) ;
#4214 = FACE_OUTER_BOUND ( 'NONE', #289, .T. ) ;
#4215 = ORIENTED_EDGE ( 'NONE', *, *, #3845, .T. ) ;
#4216 = VECTOR ( 'NONE', #6335, 1000.000000000000000 ) ;
#4217 = VECTOR ( 'NONE', #6641, 1000.000000000000000 ) ;
#4218 = CARTESIAN_POINT ( 'NONE',  ( 3.750000000000000000, 6.500000000000003553, 1.250000000000000444 ) ) ;
#4219 = EDGE_CURVE ( 'NONE', #2179, #1322, #3324, .T. ) ;
#4220 = FACE_OUTER_BOUND ( 'NONE', #3251, .T. ) ;
#4221 = DIRECTION ( 'NONE',  ( 1.000000000000000000, 1.195124682037070119E-16, 0.000000000000000000 ) ) ;
#4222 = DIRECTION ( 'NONE',  ( 1.000000000000000000, 1.195124682037070119E-16, 0.000000000000000000 ) ) ;
#4223 = DIRECTION ( 'NONE',  ( -1.000000000000000000, 0.000000000000000000, 0.000000000000000000 ) ) ;
#4224 = DIRECTION ( 'NONE',  ( -0.000000000000000000, -0.000000000000000000, 1.000000000000000000 ) ) ;
#4225 = PRESENTATION_LAYER_ASSIGNMENT (  '', '', ( #757 ) ) ;
#4226 = EDGE_CURVE ( 'NONE', #3306, #3643, #3937, .T. ) ;
#4227 = EDGE_LOOP ( 'NONE', ( #6191, #5297, #927, #5855 ) ) ;
#4228 = ADVANCED_FACE ( 'NONE', ( #4518 ), #4805, .T. ) ;
#4229 = ORIENTED_EDGE ( 'NONE', *, *, #1367, .T. ) ;
#4230 = ORIENTED_EDGE ( 'NONE', *, *, #5627, .T. ) ;
#4231 = LINE ( 'NONE', #3793, #4207 ) ;
#4232 = PLANE ( 'NONE',  #31 ) ;
#4233 = ORIENTED_EDGE ( 'NONE', *, *, #5294, .F. ) ;
#4234 = CARTESIAN_POINT ( 'NONE',  ( -3.750000000000000000, 1.624999999999999778, -4.870572098594920796 ) ) ;
#4235 = EDGE_LOOP ( 'NONE', ( #1006, #3217, #2590, #39 ) ) ;
#4236 = ORIENTED_EDGE ( 'NONE', *, *, #6986, .T. ) ;
#4237 = DIRECTION ( 'NONE',  ( -1.000000000000000000, 0.000000000000000000, 0.000000000000000000 ) ) ;
#4238 = EDGE_CURVE ( 'NONE', #6587, #5454, #575, .T. ) ;
#4239 = ADVANCED_FACE ( 'NONE', ( #3833 ), #108, .T. ) ;
#4240 = CARTESIAN_POINT ( 'NONE',  ( 11.75000000000000000, 1.624999999999999778, -4.870572098594920796 ) ) ;
#4241 = DIRECTION ( 'NONE',  ( 0.000000000000000000, 0.000000000000000000, 1.000000000000000000 ) ) ;
#4242 = PLANE ( 'NONE',  #3992 ) ;
#4243 = CARTESIAN_POINT ( 'NONE',  ( -0.2500000000000002220, 0.000000000000000000, 1.250000000000000444 ) ) ;
#4244 = ORIENTED_EDGE ( 'NONE', *, *, #5272, .T. ) ;
#4245 = EDGE_LOOP ( 'NONE', ( #358, #6352, #4734, #3160 ) ) ;
#4246 = EDGE_CURVE ( 'NONE', #4033, #433, #1658, .T. ) ;
#4247 = ORIENTED_EDGE ( 'NONE', *, *, #6016, .F. ) ;
#4248 = LINE ( 'NONE', #4276, #825 ) ;
#4249 = ORIENTED_EDGE ( 'NONE', *, *, #535, .T. ) ;
#4250 = CARTESIAN_POINT ( 'NONE',  ( -14.25000000000000000, 5.100252258054545074, -0.7500000000000001110 ) ) ;
#4251 = CARTESIAN_POINT ( 'NONE',  ( -15.45000000000000107, 6.500000000000000000, 2.225000000000000089 ) ) ;
#4252 = CARTESIAN_POINT ( 'NONE',  ( 12.25000000000000000, 6.500000000000003553, -0.7499999999999997780 ) ) ;
#4253 = EDGE_CURVE ( 'NONE', #3032, #4417, #611, .T. ) ;
#4254 = ORIENTED_EDGE ( 'NONE', *, *, #5333, .F. ) ;
#4255 = DIRECTION ( 'NONE',  ( 0.7071067811865561215, -0.7071067811865389130, 0.000000000000000000 ) ) ;
#4256 = CARTESIAN_POINT ( 'NONE',  ( 7.750000000000000000, 0.000000000000000000, -1.250000000000000222 ) ) ;
#4257 = PLANE ( 'NONE',  #2768 ) ;
#4258 = ADVANCED_FACE ( 'NONE', ( #3873, #4931, #2703, #1143, #2737, #2772, #4960, #6204, #6107, #3356, #6173, #6068, #1111, #1080, #1215, #3432, #5541, #5614, #5068, #4996, #5578, #44, #2220, #2813, #5038, #2259, #6736, #1726, #645, #2290, #3462 ), #2985, .F. ) ;
#4259 = APPLICATION_CONTEXT ( 'automotive_design' ) ;
#4260 = VERTEX_POINT ( 'NONE', #5761 ) ;
#4261 = CARTESIAN_POINT ( 'NONE',  ( 6.250000000000000000, 1.624999999999999778, 0.7499999999999998890 ) ) ;
#4262 = ORIENTED_EDGE ( 'NONE', *, *, #4608, .T. ) ;
#4263 = DIRECTION ( 'NONE',  ( 1.000000000000000000, 0.000000000000000000, -0.000000000000000000 ) ) ;
#4264 = ORIENTED_EDGE ( 'NONE', *, *, #5824, .F. ) ;
#4265 = CARTESIAN_POINT ( 'NONE',  ( 13.75000000000000000, 6.500000000000003553, 0.7499999999999997780 ) ) ;
#4266 = VERTEX_POINT ( 'NONE', #787 ) ;
#4267 = ORIENTED_EDGE ( 'NONE', *, *, #3880, .T. ) ;
#4268 = LINE ( 'NONE', #4710, #1160 ) ;
#4269 = DIRECTION ( 'NONE',  ( 0.5000000000000002220, 0.8660254037844384856, 0.000000000000000000 ) ) ;
#4270 = LINE ( 'NONE', #4857, #5813 ) ;
#4271 = LINE ( 'NONE', #405, #6517 ) ;
#4272 = EDGE_CURVE ( 'NONE', #5232, #244, #3568, .T. ) ;
#4273 = VERTEX_POINT ( 'NONE', #1245 ) ;
#4274 = ORIENTED_EDGE ( 'NONE', *, *, #2775, .F. ) ;
#4275 = VERTEX_POINT ( 'NONE', #5099 ) ;
#4276 = CARTESIAN_POINT ( 'NONE',  ( 8.250000000000000000, 6.500000000000003553, -1.250000000000000222 ) ) ;
#4277 = ORIENTED_EDGE ( 'NONE', *, *, #3391, .T. ) ;
#4278 = CARTESIAN_POINT ( 'NONE',  ( -8.534999999999998366, 1.624999999999999778, 0.7500000000000001110 ) ) ;
#4279 = ORIENTED_EDGE ( 'NONE', *, *, #2044, .F. ) ;
#4280 = CARTESIAN_POINT ( 'NONE',  ( 14.49999999999999822, 3.649999999999999911, 2.500000000000000000 ) ) ;
#4281 = ADVANCED_FACE ( 'NONE', ( #816 ), #3500, .F. ) ;
#4282 = VECTOR ( 'NONE', #3115, 1000.000000000000000 ) ;
#4283 = EDGE_CURVE ( 'NONE', #3415, #3395, #4151, .T. ) ;
#4284 = ADVANCED_FACE ( 'NONE', ( #6313 ), #715, .F. ) ;
#4285 = VERTEX_POINT ( 'NONE', #5145 ) ;
#4286 = VERTEX_POINT ( 'NONE', #4671 ) ;
#4287 = DIRECTION ( 'NONE',  ( -1.000000000000000000, 0.000000000000000000, 0.000000000000000000 ) ) ;
#4288 = VECTOR ( 'NONE', #332, 1000.000000000000000 ) ;
#4289 = VECTOR ( 'NONE', #2633, 1000.000000000000000 ) ;
#4290 = DIRECTION ( 'NONE',  ( 0.000000000000000000, -1.000000000000000000, -0.000000000000000000 ) ) ;
#4291 = CARTESIAN_POINT ( 'NONE',  ( 14.25000000000000000, 0.000000000000000000, -0.7499999999999997780 ) ) ;
#4292 = CARTESIAN_POINT ( 'NONE',  ( 1.749999999999999778, 1.624999999999999778, -0.7499999999999996669 ) ) ;
#4293 = LINE ( 'NONE', #1541, #281 ) ;
#4294 = EDGE_CURVE ( 'NONE', #4132, #3415, #6353, .T. ) ;
#4295 = VECTOR ( 'NONE', #3163, 1000.000000000000000 ) ;
#4296 = VECTOR ( 'NONE', #5066, 1000.000000000000000 ) ;
#4297 = ORIENTED_EDGE ( 'NONE', *, *, #1445, .T. ) ;
#4298 = LINE ( 'NONE', #428, #1310 ) ;
#4299 = EDGE_CURVE ( 'NONE', #2962, #4260, #1355, .T. ) ;
#4300 = EDGE_LOOP ( 'NONE', ( #4815, #6737, #4467, #5533 ) ) ;
#4301 = AXIS2_PLACEMENT_3D ( 'NONE', #3995, #236, #2418 ) ;
#4302 = CARTESIAN_POINT ( 'NONE',  ( 7.750000000000000000, 6.500000000000003553, 0.7499999999999998890 ) ) ;
#4303 = ORIENTED_EDGE ( 'NONE', *, *, #5953, .T. ) ;
#4304 = VECTOR ( 'NONE', #3554, 1000.000000000000000 ) ;
#4305 = EDGE_CURVE ( 'NONE', #434, #1228, #6959, .T. ) ;
#4306 = VERTEX_POINT ( 'NONE', #754 ) ;
#4307 = ORIENTED_EDGE ( 'NONE', *, *, #6058, .F. ) ;
#4308 = CARTESIAN_POINT ( 'NONE',  ( 15.95000000000000284, 0.9250000000000000444, 2.149999999999999911 ) ) ;
#4309 = DIRECTION ( 'NONE',  ( 0.000000000000000000, -1.000000000000000000, 0.000000000000000000 ) ) ;
#4310 = ADVANCED_FACE ( 'NONE', ( #288 ), #2475, .T. ) ;
#4311 = DIRECTION ( 'NONE',  ( 0.000000000000000000, 0.000000000000000000, 1.000000000000000000 ) ) ;
#4312 =( NAMED_UNIT ( * ) PLANE_ANGLE_UNIT ( ) SI_UNIT ( $, .RADIAN. ) );
#4313 = VECTOR ( 'NONE', #3719, 1000.000000000000114 ) ;
#4314 =( REPRESENTATION_RELATIONSHIP ('NONE','NONE', #1131, #6340 ) REPRESENTATION_RELATIONSHIP_WITH_TRANSFORMATION ( #1248 )SHAPE_REPRESENTATION_RELATIONSHIP( ) );
#4315 = DIRECTION ( 'NONE',  ( 0.000000000000000000, -0.000000000000000000, -1.000000000000000000 ) ) ;
#4316 = FACE_OUTER_BOUND ( 'NONE', #5032, .T. ) ;
#4317 = ORIENTED_EDGE ( 'NONE', *, *, #5593, .T. ) ;
#4318 = ORIENTED_EDGE ( 'NONE', *, *, #2150, .T. ) ;
#4319 = ORIENTED_EDGE ( 'NONE', *, *, #3225, .T. ) ;
#4320 = VECTOR ( 'NONE', #4586, 1000.000000000000000 ) ;
#4321 = CARTESIAN_POINT ( 'NONE',  ( 12.24000000000001087, 4.775000000000002132, -8.724999999999999645 ) ) ;
#4322 = EDGE_CURVE ( 'NONE', #3977, #3368, #4701, .T. ) ;
#4323 = LINE ( 'NONE', #3813, #1154 ) ;
#4324 = ORIENTED_EDGE ( 'NONE', *, *, #4835, .T. ) ;
#4325 = VECTOR ( 'NONE', #4983, 1000.000000000000000 ) ;
#4326 = CARTESIAN_POINT ( 'NONE',  ( 0.2500000000000002220, 0.000000000000000000, -1.250000000000000000 ) ) ;
#4327 = ORIENTED_EDGE ( 'NONE', *, *, #2353, .F. ) ;
#4328 = EDGE_CURVE ( 'NONE', #2187, #6702, #674, .T. ) ;
#4329 = CARTESIAN_POINT ( 'NONE',  ( -3.750000000000000000, 6.500000000000003553, 0.7500000000000000000 ) ) ;
#4330 = AXIS2_PLACEMENT_3D ( 'NONE', #3104, #3548, #267 ) ;
#4331 = DIRECTION ( 'NONE',  ( 1.195124682037070119E-16, -1.000000000000000000, 0.000000000000000000 ) ) ;
#4332 = DIRECTION ( 'NONE',  ( 0.000000000000000000, 1.000000000000000000, 0.000000000000000000 ) ) ;
#4333 = LINE ( 'NONE', #458, #4421 ) ;
#4334 = AXIS2_PLACEMENT_3D ( 'NONE', #2462, #126, #5197 ) ;
#4335 = ORIENTED_EDGE ( 'NONE', *, *, #5323, .T. ) ;
#4336 = ORIENTED_EDGE ( 'NONE', *, *, #4110, .T. ) ;
#4337 = FACE_BOUND ( 'NONE', #3786, .T. ) ;
#4338 = ORIENTED_EDGE ( 'NONE', *, *, #4294, .F. ) ;
#4339 = VECTOR ( 'NONE', #4684, 1000.000000000000000 ) ;
#4340 = DIRECTION ( 'NONE',  ( -1.000000000000000000, -0.000000000000000000, -0.000000000000000000 ) ) ;
#4341 = EDGE_CURVE ( 'NONE', #1066, #3977, #1388, .T. ) ;
#4342 = VERTEX_POINT ( 'NONE', #2918 ) ;
#4343 = AXIS2_PLACEMENT_3D ( 'NONE', #3620, #3728, #2637 ) ;
#4344 = CARTESIAN_POINT ( 'NONE',  ( 9.750000000000000000, 6.500000000000003553, 0.7499999999999997780 ) ) ;
#4345 = ORIENTED_EDGE ( 'NONE', *, *, #1684, .F. ) ;
#4346 = ORIENTED_EDGE ( 'NONE', *, *, #3623, .F. ) ;
#4347 = CARTESIAN_POINT ( 'NONE',  ( 8.250000000000000000, 1.624999999999999778, -4.870572098594920796 ) ) ;
#4348 = CARTESIAN_POINT ( 'NONE',  ( -15.45000000000000107, 6.500000000000000000, -1.074999999999995293 ) ) ;
#4349 = CARTESIAN_POINT ( 'NONE',  ( 12.24000000000001087, 5.375000000000001776, -8.724999999999999645 ) ) ;
#4350 = DIRECTION ( 'NONE',  ( 0.5000000000000002220, 0.8660254037844384856, 0.000000000000000000 ) ) ;
#4351 = ADVANCED_FACE ( 'NONE', ( #1283 ), #2373, .T. ) ;
#4352 = DIRECTION ( 'NONE',  ( 0.000000000000000000, 0.000000000000000000, 1.000000000000000000 ) ) ;
#4353 = VERTEX_POINT ( 'NONE', #5727 ) ;
#4354 = VERTEX_POINT ( 'NONE', #1427 ) ;
#4355 = EDGE_LOOP ( 'NONE', ( #5182, #1596, #3572, #2578, #2873, #6969 ) ) ;
#4356 = DIRECTION ( 'NONE',  ( 1.000000000000000000, 0.000000000000000000, 0.000000000000000000 ) ) ;
#4357 = LINE ( 'NONE', #6527, #3004 ) ;
#4358 = ORIENTED_EDGE ( 'NONE', *, *, #4016, .T. ) ;
#4359 =( REPRESENTATION_RELATIONSHIP ('NONE','NONE', #1131, #6340 ) REPRESENTATION_RELATIONSHIP_WITH_TRANSFORMATION ( #2226 )SHAPE_REPRESENTATION_RELATIONSHIP( ) );
#4360 = DIRECTION ( 'NONE',  ( -0.000000000000000000, 1.000000000000000000, 0.000000000000000000 ) ) ;
#4361 = LINE ( 'NONE', #4977, #141 ) ;
#4362 = ORIENTED_EDGE ( 'NONE', *, *, #2647, .T. ) ;
#4363 = DIRECTION ( 'NONE',  ( -1.000000000000000000, 0.000000000000000000, 0.000000000000000000 ) ) ;
#4364 = CARTESIAN_POINT ( 'NONE',  ( 15.95000000000000284, 6.500000000000000000, 2.500000000000000444 ) ) ;
#4365 = FACE_OUTER_BOUND ( 'NONE', #2367, .T. ) ;
#4366 = LINE ( 'NONE', #6617, #122 ) ;
#4367 = ORIENTED_EDGE ( 'NONE', *, *, #4602, .T. ) ;
#4368 = FACE_BOUND ( 'NONE', #1612, .T. ) ;
#4369 = EDGE_LOOP ( 'NONE', ( #259, #2596, #4485, #3433 ) ) ;
#4370 = DIRECTION ( 'NONE',  ( 1.284980352575412699E-15, 1.000000000000000000, 0.000000000000000000 ) ) ;
#4371 = EDGE_CURVE ( 'NONE', #4306, #5805, #4728, .T. ) ;
#4372 = ORIENTED_EDGE ( 'NONE', *, *, #2191, .T. ) ;
#4373 = EDGE_CURVE ( 'NONE', #3585, #2013, #2113, .T. ) ;
#4374 = CARTESIAN_POINT ( 'NONE',  ( 13.68999999999999773, 5.375000000000000000, 2.500000000000000000 ) ) ;
#4375 = VERTEX_POINT ( 'NONE', #2506 ) ;
#4376 = DIRECTION ( 'NONE',  ( 1.000000000000000000, -0.000000000000000000, -0.000000000000000000 ) ) ;
#4377 = EDGE_CURVE ( 'NONE', #3035, #1720, #5567, .T. ) ;
#4378 = PLANE ( 'NONE',  #5029 ) ;
#4379 = ORIENTED_EDGE ( 'NONE', *, *, #223, .F. ) ;
#4380 = LINE ( 'NONE', #513, #3480 ) ;
#4381 = ITEM_DEFINED_TRANSFORMATION ( 'NONE', 'NONE', #5507,  #5273 ) ;
#4382 = DIRECTION ( 'NONE',  ( 0.000000000000000000, -1.000000000000000000, 0.000000000000000000 ) ) ;
#4383 = CARTESIAN_POINT ( 'NONE',  ( 3.750000000000000000, 0.000000000000000000, -0.7499999999999996669 ) ) ;
#4384 = ORIENTED_EDGE ( 'NONE', *, *, #4514, .F. ) ;
#4385 = ORIENTED_EDGE ( 'NONE', *, *, #1913, .T. ) ;
#4386 = ORIENTED_EDGE ( 'NONE', *, *, #4390, .T. ) ;
#4387 = DIRECTION ( 'NONE',  ( 1.000000000000000000, 7.080503983578863974E-16, 0.000000000000000000 ) ) ;
#4388 = DIRECTION ( 'NONE',  ( 0.000000000000000000, 0.000000000000000000, -1.000000000000000000 ) ) ;
#4389 = CARTESIAN_POINT ( 'NONE',  ( -4.250000000000000000, 1.624999999999999778, -0.7499999999999995559 ) ) ;
#4390 = EDGE_CURVE ( 'NONE', #2878, #2606, #5504, .T. ) ;
#4391 = CARTESIAN_POINT ( 'NONE',  ( 15.12500000000000000, 2.299999999999999822, 2.224999999999999645 ) ) ;
#4392 = ORIENTED_EDGE ( 'NONE', *, *, #5528, .T. ) ;
#4393 = LINE ( 'NONE', #1601, #4217 ) ;
#4394 = DIRECTION ( 'NONE',  ( 0.000000000000000000, 0.000000000000000000, 1.000000000000000000 ) ) ;
#4395 = CARTESIAN_POINT ( 'NONE',  ( 13.46500000000000163, 4.775000000000003020, -8.724999999999999645 ) ) ;
#4396 = ADVANCED_FACE ( 'NONE', ( #6655 ), #1855, .T. ) ;
#4397 = VERTEX_POINT ( 'NONE', #3425 ) ;
#4398 = LINE ( 'NONE', #4978, #4986 ) ;
#4399 = CARTESIAN_POINT ( 'NONE',  ( 13.46499999999999808, 1.624999999999999778, 2.500000000000000000 ) ) ;
#4400 =( REPRESENTATION_RELATIONSHIP ('NONE','NONE', #1131, #6340 ) REPRESENTATION_RELATIONSHIP_WITH_TRANSFORMATION ( #5515 )SHAPE_REPRESENTATION_RELATIONSHIP( ) );
#4401 = DIRECTION ( 'NONE',  ( -0.000000000000000000, -0.000000000000000000, 1.000000000000000000 ) ) ;
#4402 = ADVANCED_FACE ( 'NONE', ( #2870 ), #1790, .T. ) ;
#4403 = DIRECTION ( 'NONE',  ( -1.000000000000000000, 0.000000000000000000, 0.000000000000000000 ) ) ;
#4404 = VECTOR ( 'NONE', #5868, 1000.000000000000000 ) ;
#4405 = EDGE_LOOP ( 'NONE', ( #1581, #1799, #352, #6035 ) ) ;
#4406 = VECTOR ( 'NONE', #3895, 1000.000000000000000 ) ;
#4407 = VECTOR ( 'NONE', #5438, 1000.000000000000114 ) ;
#4408 = EDGE_LOOP ( 'NONE', ( #6303, #3408, #2133, #6470 ) ) ;
#4409 = ORIENTED_EDGE ( 'NONE', *, *, #3732, .F. ) ;
#4410 = EDGE_CURVE ( 'NONE', #2121, #4044, #2427, .T. ) ;
#4411 = VERTEX_POINT ( 'NONE', #4551 ) ;
#4412 = CARTESIAN_POINT ( 'NONE',  ( -9.749999999999998224, 6.500000000000003553, -0.7499999999999994449 ) ) ;
#4413 = PRESENTATION_LAYER_ASSIGNMENT (  '', '', ( #5574 ) ) ;
#4414 = VECTOR ( 'NONE', #6813, 1000.000000000000000 ) ;
#4415 = VERTEX_POINT ( 'NONE', #134 ) ;
#4416 = CARTESIAN_POINT ( 'NONE',  ( -14.51500000000000057, 5.375000000000000000, -2.500000000000000444 ) ) ;
#4417 = VERTEX_POINT ( 'NONE', #5785 ) ;
#4418 = CARTESIAN_POINT ( 'NONE',  ( -14.25000000000000178, 6.500000000000003553, 0.7500000000000001110 ) ) ;
#4419 = VECTOR ( 'NONE', #424, 1000.000000000000000 ) ;
#4420 = PLANE ( 'NONE',  #6197 ) ;
#4421 = VECTOR ( 'NONE', #7034, 1000.000000000000000 ) ;
#4422 = ITEM_DEFINED_TRANSFORMATION ( 'NONE', 'NONE', #2010,  #5273 ) ;
#4423 = DIRECTION ( 'NONE',  ( 1.000000000000000000, -0.000000000000000000, -0.000000000000000000 ) ) ;
#4424 = VECTOR ( 'NONE', #273, 1000.000000000000000 ) ;
#4425 = CARTESIAN_POINT ( 'NONE',  ( 2.250000000000000444, 0.000000000000000000, -0.7499999999999996669 ) ) ;
#4426 = CARTESIAN_POINT ( 'NONE',  ( -10.24999999999999822, 0.000000000000000000, -0.7499999999999994449 ) ) ;
#4427 = ORIENTED_EDGE ( 'NONE', *, *, #3791, .T. ) ;
#4428 = ORIENTED_EDGE ( 'NONE', *, *, #6020, .F. ) ;
#4429 = ORIENTED_EDGE ( 'NONE', *, *, #1649, .F. ) ;
#4430 = DIRECTION ( 'NONE',  ( 0.000000000000000000, 0.000000000000000000, -1.000000000000000000 ) ) ;
#4431 = EDGE_CURVE ( 'NONE', #2187, #779, #6342, .T. ) ;
#4432 = VECTOR ( 'NONE', #540, 1000.000000000000000 ) ;
#4433 = DIRECTION ( 'NONE',  ( 0.000000000000000000, 0.000000000000000000, 1.000000000000000000 ) ) ;
#4434 = LINE ( 'NONE', #987, #1955 ) ;
#4435 = VERTEX_POINT ( 'NONE', #1314 ) ;
#4436 = DIRECTION ( 'NONE',  ( -0.000000000000000000, 0.000000000000000000, 1.000000000000000000 ) ) ;
#4437 = DIRECTION ( 'NONE',  ( 1.000000000000000000, 0.000000000000000000, 0.000000000000000000 ) ) ;
#4438 = VECTOR ( 'NONE', #4019, 1000.000000000000000 ) ;
#4439 = CARTESIAN_POINT ( 'NONE',  ( 15.45000000000000107, 4.250000000000000000, -0.8500000000000005329 ) ) ;
#4440 = DIRECTION ( 'NONE',  ( -0.000000000000000000, -0.000000000000000000, 1.000000000000000000 ) ) ;
#4441 = CARTESIAN_POINT ( 'NONE',  ( 3.750000000000000000, 0.000000000000000000, -1.250000000000000000 ) ) ;
#4442 = DIRECTION ( 'NONE',  ( -1.000000000000000000, 0.000000000000000000, 0.000000000000000000 ) ) ;
#4443 = CARTESIAN_POINT ( 'NONE',  ( 14.49999999999999822, 3.649999999999999911, 2.224999999999999645 ) ) ;
#4444 = VECTOR ( 'NONE', #6111, 1000.000000000000000 ) ;
#4445 = ADVANCED_FACE ( 'NONE', ( #6871 ), #5239, .T. ) ;
#4446 = VECTOR ( 'NONE', #5285, 1000.000000000000000 ) ;
#4447 = ORIENTED_EDGE ( 'NONE', *, *, #2944, .T. ) ;
#4448 = ORIENTED_EDGE ( 'NONE', *, *, #2544, .F. ) ;
#4449 = FACE_OUTER_BOUND ( 'NONE', #4970, .T. ) ;
#4450 = ORIENTED_EDGE ( 'NONE', *, *, #6608, .F. ) ;
#4451 = DIRECTION ( 'NONE',  ( 0.000000000000000000, 0.000000000000000000, -1.000000000000000000 ) ) ;
#4452 = VECTOR ( 'NONE', #4068, 1000.000000000000000 ) ;
#4453 = ADVANCED_FACE ( 'NONE', ( #6304 ), #803, .T. ) ;
#4454 = ORIENTED_EDGE ( 'NONE', *, *, #2263, .F. ) ;
#4455 = DIRECTION ( 'NONE',  ( 0.000000000000000000, -1.000000000000000000, 0.000000000000000000 ) ) ;
#4456 = EDGE_LOOP ( 'NONE', ( #2095, #5121, #2123, #1032 ) ) ;
#4457 = CARTESIAN_POINT ( 'NONE',  ( -14.51500000000000057, 5.375000000000000000, -2.500000000000000444 ) ) ;
#4458 = VECTOR ( 'NONE', #2693, 1000.000000000000000 ) ;
#4459 =( REPRESENTATION_RELATIONSHIP ('NONE','NONE', #1131, #6340 ) REPRESENTATION_RELATIONSHIP_WITH_TRANSFORMATION ( #2338 )SHAPE_REPRESENTATION_RELATIONSHIP( ) );
#4460 = CONTEXT_DEPENDENT_SHAPE_REPRESENTATION ( #4721, #2439 ) ;
#4461 = PLANE ( 'NONE',  #1303 ) ;
#4462 = AXIS2_PLACEMENT_3D ( 'NONE', #731, #6251, #2348 ) ;
#4463 = FACE_OUTER_BOUND ( 'NONE', #6284, .T. ) ;
#4464 = DIRECTION ( 'NONE',  ( 1.000000000000000000, 0.000000000000000000, 0.000000000000000000 ) ) ;
#4465 = ORIENTED_EDGE ( 'NONE', *, *, #5656, .T. ) ;
#4466 = ORIENTED_EDGE ( 'NONE', *, *, #6509, .T. ) ;
#4467 = ORIENTED_EDGE ( 'NONE', *, *, #1132, .T. ) ;
#4468 = LINE ( 'NONE', #2236, #4753 ) ;
#4469 = ORIENTED_EDGE ( 'NONE', *, *, #4630, .F. ) ;
#4470 = DIRECTION ( 'NONE',  ( 1.000000000000000000, -0.000000000000000000, -0.000000000000000000 ) ) ;
#4471 = ORIENTED_EDGE ( 'NONE', *, *, #1436, .F. ) ;
#4472 = DIRECTION ( 'NONE',  ( 1.000000000000000000, 0.000000000000000000, 0.000000000000000000 ) ) ;
#4473 = EDGE_CURVE ( 'NONE', #412, #64, #3968, .T. ) ;
#4474 = ORIENTED_EDGE ( 'NONE', *, *, #1506, .T. ) ;
#4475 = CARTESIAN_POINT ( 'NONE',  ( 15.01499999999999879, 6.500000000000003553, -2.500000000000000444 ) ) ;
#4476 = LINE ( 'NONE', #3997, #1960 ) ;
#4477 = EDGE_CURVE ( 'NONE', #2512, #4569, #3015, .T. ) ;
#4478 = CARTESIAN_POINT ( 'NONE',  ( 2.250000000000000444, 1.624999999999999778, -0.7499999999999996669 ) ) ;
#4479 = DIRECTION ( 'NONE',  ( 1.000000000000000000, 0.000000000000000000, 0.000000000000000000 ) ) ;
#4480 = DIRECTION ( 'NONE',  ( 0.000000000000000000, -0.000000000000000000, 1.000000000000000000 ) ) ;
#4481 = VERTEX_POINT ( 'NONE', #704 ) ;
#4482 = ORIENTED_EDGE ( 'NONE', *, *, #369, .F. ) ;
#4483 = ORIENTED_EDGE ( 'NONE', *, *, #6459, .F. ) ;
#4484 = DIRECTION ( 'NONE',  ( 0.000000000000000000, 0.000000000000000000, 1.000000000000000000 ) ) ;
#4485 = ORIENTED_EDGE ( 'NONE', *, *, #5172, .F. ) ;
#4486 = CARTESIAN_POINT ( 'NONE',  ( 1.749999999999999778, 0.000000000000000000, 1.250000000000000444 ) ) ;
#4487 = EDGE_CURVE ( 'NONE', #3369, #5579, #2365, .T. ) ;
#4488 = CARTESIAN_POINT ( 'NONE',  ( -14.25000000000000178, 0.000000000000000000, 0.7500000000000001110 ) ) ;
#4489 = VERTEX_POINT ( 'NONE', #6834 ) ;
#4490 = ITEM_DEFINED_TRANSFORMATION ( 'NONE', 'NONE', #6332,  #5273 ) ;
#4491 = EDGE_CURVE ( 'NONE', #2545, #5802, #1821, .T. ) ;
#4492 = LINE ( 'NONE', #6246, #5371 ) ;
#4493 = DIRECTION ( 'NONE',  ( 0.000000000000000000, -1.000000000000000000, 0.000000000000000000 ) ) ;
#4494 = DIRECTION ( 'NONE',  ( 0.000000000000000000, 0.000000000000000000, -1.000000000000000000 ) ) ;
#4495 = VERTEX_POINT ( 'NONE', #7067 ) ;
#4496 = ORIENTED_EDGE ( 'NONE', *, *, #2655, .F. ) ;
#4497 = ORIENTED_EDGE ( 'NONE', *, *, #2086, .T. ) ;
#4498 = LINE ( 'NONE', #2823, #2308 ) ;
#4499 = LINE ( 'NONE', #2307, #5800 ) ;
#4500 = DIRECTION ( 'NONE',  ( -0.000000000000000000, 0.7071067811865393571, 0.7071067811865555663 ) ) ;
#4501 = LINE ( 'NONE', #2857, #2917 ) ;
#4502 = ORIENTED_EDGE ( 'NONE', *, *, #5333, .T. ) ;
#4503 = CARTESIAN_POINT ( 'NONE',  ( -15.45000000000000107, 4.250000000000000000, -0.8500000000000005329 ) ) ;
#4504 = CARTESIAN_POINT ( 'NONE',  ( -8.249999999999996447, 6.500000000000003553, -1.250000000000000000 ) ) ;
#4505 = DIRECTION ( 'NONE',  ( 0.000000000000000000, -1.000000000000000000, 0.000000000000000000 ) ) ;
#4506 = LINE ( 'NONE', #1203, #5978 ) ;
#4507 = DIRECTION ( 'NONE',  ( 0.000000000000000000, -1.000000000000000000, 0.000000000000000000 ) ) ;
#4508 = EDGE_CURVE ( 'NONE', #5359, #5185, #5424, .T. ) ;
#4509 = ORIENTED_EDGE ( 'NONE', *, *, #2991, .T. ) ;
#4510 = VERTEX_POINT ( 'NONE', #846 ) ;
#4511 = FACE_BOUND ( 'NONE', #6921, .T. ) ;
#4512 = DIRECTION ( 'NONE',  ( -1.000000000000000000, 0.000000000000000000, 0.000000000000000000 ) ) ;
#4513 = VERTEX_POINT ( 'NONE', #7098 ) ;
#4514 = EDGE_CURVE ( 'NONE', #47, #4489, #3088, .T. ) ;
#4515 = DIRECTION ( 'NONE',  ( 1.000000000000000000, 0.000000000000000000, 0.000000000000000000 ) ) ;
#4516 = AXIS2_PLACEMENT_3D ( 'NONE', #5631, #5594, #5079 ) ;
#4517 = AXIS2_PLACEMENT_3D ( 'NONE', #4200, #3768, #4161 ) ;
#4518 = FACE_OUTER_BOUND ( 'NONE', #1030, .T. ) ;
#4519 = ADVANCED_FACE ( 'NONE', ( #4180 ), #2615, .T. ) ;
#4520 = ORIENTED_EDGE ( 'NONE', *, *, #7129, .F. ) ;
#4521 = CARTESIAN_POINT ( 'NONE',  ( 12.25000000000000000, 0.000000000000000000, 1.250000000000000222 ) ) ;
#4522 = EDGE_LOOP ( 'NONE', ( #7099, #3590, #3671, #5816 ) ) ;
#4523 = AXIS2_PLACEMENT_3D ( 'NONE', #729, #1192, #6821 ) ;
#4524 = VECTOR ( 'NONE', #1178, 999.9999999999998863 ) ;
#4525 = EDGE_CURVE ( 'NONE', #536, #6101, #2034, .T. ) ;
#4526 = AXIS2_PLACEMENT_3D ( 'NONE', #6876, #3533, #5064 ) ;
#4527 = CARTESIAN_POINT ( 'NONE',  ( -2.250000000000000444, 0.000000000000000000, 0.7500000000000000000 ) ) ;
#4528 = VECTOR ( 'NONE', #6917, 1000.000000000000000 ) ;
#4529 = ORIENTED_EDGE ( 'NONE', *, *, #1948, .T. ) ;
#4530 = EDGE_LOOP ( 'NONE', ( #5131, #4392, #1694, #2919 ) ) ;
#4531 = EDGE_LOOP ( 'NONE', ( #2556, #5889, #2185, #3776 ) ) ;
#4532 = LINE ( 'NONE', #2269, #6799 ) ;
#4533 = LINE ( 'NONE', #6720, #6050 ) ;
#4534 = CARTESIAN_POINT ( 'NONE',  ( 8.000000000000000000, -4.163336342344335794E-17, 2.000000000000000000 ) ) ;
#4535 = DIRECTION ( 'NONE',  ( 0.000000000000000000, -1.000000000000000000, 0.000000000000000000 ) ) ;
#4536 = CARTESIAN_POINT ( 'NONE',  ( 13.62605214705668644, 4.914168687704686178, 2.400000000000000355 ) ) ;
#4537 = AXIS2_PLACEMENT_3D ( 'NONE', #1813, #5196, #2356 ) ;
#4538 = ADVANCED_FACE ( 'NONE', ( #3670 ), #1953, .F. ) ;
#4539 = EDGE_CURVE ( 'NONE', #255, #1407, #1993, .T. ) ;
#4540 = ORIENTED_EDGE ( 'NONE', *, *, #311, .T. ) ;
#4541 = VECTOR ( 'NONE', #7079, 1000.000000000000000 ) ;
#4542 = FACE_OUTER_BOUND ( 'NONE', #5509, .T. ) ;
#4543 = DIRECTION ( 'NONE',  ( -1.000000000000000000, 0.000000000000000000, 0.000000000000000000 ) ) ;
#4544 = CARTESIAN_POINT ( 'NONE',  ( 12.46500000000000341, 5.149999999999998579, 2.224999999999999645 ) ) ;
#4545 = DIRECTION ( 'NONE',  ( 0.000000000000000000, 0.000000000000000000, -1.000000000000000000 ) ) ;
#4546 = CARTESIAN_POINT ( 'NONE',  ( -2.250000000000000444, 1.624999999999999778, -0.7499999999999995559 ) ) ;
#4547 = DIRECTION ( 'NONE',  ( -0.7071067811865502373, -0.7071067811865447972, 0.000000000000000000 ) ) ;
#4548 = VECTOR ( 'NONE', #312, 1000.000000000000000 ) ;
#4549 = EDGE_CURVE ( 'NONE', #2422, #1094, #5941, .T. ) ;
#4550 = ORIENTED_EDGE ( 'NONE', *, *, #719, .T. ) ;
#4551 = CARTESIAN_POINT ( 'NONE',  ( 13.62605214705668821, 4.914168687704686178, 2.500000000000000444 ) ) ;
#4552 = ORIENTED_EDGE ( 'NONE', *, *, #2503, .F. ) ;
#4553 = CARTESIAN_POINT ( 'NONE',  ( -15.95000000000000284, 0.9250000000000000444, 2.149999999999999911 ) ) ;
#4554 = EDGE_LOOP ( 'NONE', ( #7175, #4247, #3908, #5987 ) ) ;
#4555 = FACE_OUTER_BOUND ( 'NONE', #5674, .T. ) ;
#4556 = VECTOR ( 'NONE', #1335, 1000.000000000000000 ) ;
#4557 = EDGE_CURVE ( 'NONE', #90, #3612, #6380, .T. ) ;
#4558 = DIRECTION ( 'NONE',  ( 1.000000000000000000, 1.195124682037070119E-16, 0.000000000000000000 ) ) ;
#4559 = ORIENTED_EDGE ( 'NONE', *, *, #2745, .F. ) ;
#4560 = DIRECTION ( 'NONE',  ( -0.000000000000000000, -0.000000000000000000, -1.000000000000000000 ) ) ;
#4561 = VERTEX_POINT ( 'NONE', #4837 ) ;
#4562 = DIRECTION ( 'NONE',  ( -0.000000000000000000, -0.000000000000000000, 1.000000000000000000 ) ) ;
#4563 = EDGE_CURVE ( 'NONE', #4132, #4435, #2063, .T. ) ;
#4564 = VECTOR ( 'NONE', #2580, 1000.000000000000000 ) ;
#4565 = AXIS2_PLACEMENT_3D ( 'NONE', #2391, #841, #207 ) ;
#4566 = CARTESIAN_POINT ( 'NONE',  ( -8.249999999999996447, 6.500000000000003553, 0.7500000000000001110 ) ) ;
#4567 = ORIENTED_EDGE ( 'NONE', *, *, #1599, .F. ) ;
#4568 = PLANE ( 'NONE',  #814 ) ;
#4569 = VERTEX_POINT ( 'NONE', #1734 ) ;
#4570 = DIRECTION ( 'NONE',  ( 0.000000000000000000, -1.000000000000000000, 0.000000000000000000 ) ) ;
#4571 = DIRECTION ( 'NONE',  ( 0.000000000000000000, 0.000000000000000000, 1.000000000000000000 ) ) ;
#4572 = CARTESIAN_POINT ( 'NONE',  ( 14.31867413426533808, 4.914168687704686178, 2.400000000000000355 ) ) ;
#4573 = CARTESIAN_POINT ( 'NONE',  ( 7.750000000000000000, 6.500000000000003553, -0.7499999999999996669 ) ) ;
#4574 = PRODUCT_DEFINITION_FORMATION_WITH_SPECIFIED_SOURCE ( 'ANY', '', #1688, .NOT_KNOWN. ) ;
#4575 = ADVANCED_FACE ( 'NONE', ( #1119 ), #3946, .T. ) ;
#4576 = ORIENTED_EDGE ( 'NONE', *, *, #5918, .T. ) ;
#4577 = CARTESIAN_POINT ( 'NONE',  ( 15.95000000000000284, 6.500000000000000000, -2.500000000000000444 ) ) ;
#4578 = CARTESIAN_POINT ( 'NONE',  ( 15.95000000000000284, 0.000000000000000000, -2.500000000000000444 ) ) ;
#4579 = LINE ( 'NONE', #4030, #3518 ) ;
#4580 = ADVANCED_FACE ( 'NONE', ( #117 ), #5550, .T. ) ;
#4581 = DIRECTION ( 'NONE',  ( 0.7071067811865536790, 0.7071067811865414665, 0.000000000000000000 ) ) ;
#4582 = CARTESIAN_POINT ( 'NONE',  ( -15.95000000000000284, 4.250000000000000000, -0.1000000000000004774 ) ) ;
#4583 = ADVANCED_FACE ( 'NONE', ( #6716 ), #6181, .T. ) ;
#4584 = LINE ( 'NONE', #1647, #7147 ) ;
#4585 = ORIENTED_EDGE ( 'NONE', *, *, #165, .T. ) ;
#4586 = DIRECTION ( 'NONE',  ( 0.000000000000000000, -1.000000000000000000, 0.000000000000000000 ) ) ;
#4587 = DIRECTION ( 'NONE',  ( -0.000000000000000000, 0.000000000000000000, 1.000000000000000000 ) ) ;
#4588 = VERTEX_POINT ( 'NONE', #88 ) ;
#4589 = LINE ( 'NONE', #5137, #3754 ) ;
#4590 = PLANE ( 'NONE',  #3594 ) ;
#4591 = EDGE_LOOP ( 'NONE', ( #6137, #1108, #3172, #5001 ) ) ;
#4592 = CARTESIAN_POINT ( 'NONE',  ( 12.24000000000001087, 4.775000000000002132, -2.500000000000002220 ) ) ;
#4593 =( REPRESENTATION_RELATIONSHIP ('NONE','NONE', #1131, #6340 ) REPRESENTATION_RELATIONSHIP_WITH_TRANSFORMATION ( #6814 )SHAPE_REPRESENTATION_RELATIONSHIP( ) );
#4594 = EDGE_CURVE ( 'NONE', #4973, #1052, #2265, .T. ) ;
#4595 = CARTESIAN_POINT ( 'NONE',  ( 2.250000000000000444, 6.500000000000003553, 0.7499999999999998890 ) ) ;
#4596 = EDGE_LOOP ( 'NONE', ( #91, #4367, #5929, #1588 ) ) ;
#4597 = CARTESIAN_POINT ( 'NONE',  ( 6.250000000000000000, 0.000000000000000000, -0.7499999999999996669 ) ) ;
#4598 = DIRECTION ( 'NONE',  ( -0.000000000000000000, -0.000000000000000000, 1.000000000000000000 ) ) ;
#4599 = LINE ( 'NONE', #6847, #823 ) ;
#4600 = EDGE_CURVE ( 'NONE', #6333, #5282, #5624, .T. ) ;
#4601 = EDGE_CURVE ( 'NONE', #1736, #7032, #6602, .T. ) ;
#4602 = EDGE_CURVE ( 'NONE', #6025, #4661, #6818, .T. ) ;
#4603 = CARTESIAN_POINT ( 'NONE',  ( 14.25000000000000000, 1.624999999999999778, 0.7499999999999997780 ) ) ;
#4604 = ORIENTED_EDGE ( 'NONE', *, *, #5186, .F. ) ;
#4605 = ORIENTED_EDGE ( 'NONE', *, *, #2331, .F. ) ;
#4606 = VERTEX_POINT ( 'NONE', #5188 ) ;
#4607 = CARTESIAN_POINT ( 'NONE',  ( 14.51500000000000057, 5.375000000000002665, -2.500000000000000444 ) ) ;
#4608 = EDGE_CURVE ( 'NONE', #287, #1681, #4638, .T. ) ;
#4609 = DIRECTION ( 'NONE',  ( 0.000000000000000000, 0.000000000000000000, 1.000000000000000000 ) ) ;
#4610 = LINE ( 'NONE', #63, #1502 ) ;
#4611 = DIRECTION ( 'NONE',  ( 0.000000000000000000, 0.000000000000000000, -1.000000000000000000 ) ) ;
#4612 = CARTESIAN_POINT ( 'NONE',  ( -12.25000000000000000, 0.000000000000000000, 0.7500000000000001110 ) ) ;
#4613 = ORIENTED_EDGE ( 'NONE', *, *, #1077, .T. ) ;
#4614 = FACE_OUTER_BOUND ( 'NONE', #489, .T. ) ;
#4615 = EDGE_CURVE ( 'NONE', #4569, #6699, #914, .T. ) ;
#4616 = DIRECTION ( 'NONE',  ( 0.000000000000000000, -0.000000000000000000, 1.000000000000000000 ) ) ;
#4617 = CARTESIAN_POINT ( 'NONE',  ( 11.46499999999999808, 1.624999999999999778, -0.7499999999999997780 ) ) ;
#4618 = CARTESIAN_POINT ( 'NONE',  ( -15.94999999999999929, 6.500000000000000000, 0.1250000000000001110 ) ) ;
#4619 = DIRECTION ( 'NONE',  ( 0.000000000000000000, -1.000000000000000000, 0.000000000000000000 ) ) ;
#4620 = EDGE_CURVE ( 'NONE', #4720, #6893, #4949, .T. ) ;
#4621 = EDGE_CURVE ( 'NONE', #4044, #876, #3892, .T. ) ;
#4622 = DIRECTION ( 'NONE',  ( 0.000000000000000000, -1.000000000000000000, 0.000000000000000000 ) ) ;
#4623 = ORIENTED_EDGE ( 'NONE', *, *, #3958, .F. ) ;
#4624 = LINE ( 'NONE', #6875, #2701 ) ;
#4625 = PLANE ( 'NONE',  #4526 ) ;
#4626 = ORIENTED_EDGE ( 'NONE', *, *, #6632, .T. ) ;
#4627 = DIRECTION ( 'NONE',  ( 0.000000000000000000, 0.000000000000000000, -1.000000000000000000 ) ) ;
#4628 = DIRECTION ( 'NONE',  ( 1.000000000000000000, 0.000000000000000000, 0.000000000000000000 ) ) ;
#4629 = DIRECTION ( 'NONE',  ( 1.195124682037070119E-16, -1.000000000000000000, 0.000000000000000000 ) ) ;
#4630 = EDGE_CURVE ( 'NONE', #3646, #4995, #557, .T. ) ;
#4631 = EDGE_LOOP ( 'NONE', ( #2484, #5076, #123, #3140 ) ) ;
#4632 = FACE_OUTER_BOUND ( 'NONE', #707, .T. ) ;
#4633 = LINE ( 'NONE', #6357, #3048 ) ;
#4634 = EDGE_LOOP ( 'NONE', ( #4194, #4372, #4552, #2763 ) ) ;
#4635 = DIRECTION ( 'NONE',  ( -1.000000000000000000, 0.000000000000000000, -0.000000000000000000 ) ) ;
#4636 = VECTOR ( 'NONE', #2432, 1000.000000000000000 ) ;
#4637 = LINE ( 'NONE', #2381, #5122 ) ;
#4638 = LINE ( 'NONE', #6458, #4670 ) ;
#4639 = VERTEX_POINT ( 'NONE', #3274 ) ;
#4640 = DIRECTION ( 'NONE',  ( 1.000000000000000000, 0.000000000000000000, 0.000000000000000000 ) ) ;
#4641 = VECTOR ( 'NONE', #4440, 1000.000000000000000 ) ;
#4642 = CARTESIAN_POINT ( 'NONE',  ( 15.95000000000000284, 6.500000000000000000, 2.500000000000000444 ) ) ;
#4643 = AXIS2_PLACEMENT_3D ( 'NONE', #6440, #4737, #1435 ) ;
#4644 = PRODUCT_DEFINITION_SHAPE ( 'NONE', 'NONE',  #7197 ) ;
#4645 = DIRECTION ( 'NONE',  ( -0.000000000000000000, 1.000000000000000000, -0.000000000000000000 ) ) ;
#4646 = CARTESIAN_POINT ( 'NONE',  ( 6.000000000000000000, -3.122502256758252154E-17, 2.000000000000000000 ) ) ;
#4647 = CARTESIAN_POINT ( 'NONE',  ( -9.749999999999998224, 6.500000000000003553, 0.7500000000000001110 ) ) ;
#4648 = DIRECTION ( 'NONE',  ( -1.000000000000000000, 0.000000000000000000, -0.000000000000000000 ) ) ;
#4649 = AXIS2_PLACEMENT_3D ( 'NONE', #1254, #5014, #688 ) ;
#4650 = VECTOR ( 'NONE', #5, 1000.000000000000000 ) ;
#4651 = DIRECTION ( 'NONE',  ( 1.000000000000000000, 0.000000000000000000, 0.000000000000000000 ) ) ;
#4652 = CARTESIAN_POINT ( 'NONE',  ( -1.749999999999999778, 1.624999999999999778, 0.7500000000000000000 ) ) ;
#4653 = ORIENTED_EDGE ( 'NONE', *, *, #2583, .F. ) ;
#4654 = DIRECTION ( 'NONE',  ( -1.000000000000000000, 0.000000000000000000, -0.000000000000000000 ) ) ;
#4655 = DIRECTION ( 'NONE',  ( 1.000000000000000000, 0.000000000000000000, 0.000000000000000000 ) ) ;
#4656 = AXIS2_PLACEMENT_3D ( 'NONE', #5961, #2635, #1860 ) ;
#4657 = CARTESIAN_POINT ( 'NONE',  ( 3.750000000000000000, 0.000000000000000000, 0.7499999999999998890 ) ) ;
#4658 = FACE_OUTER_BOUND ( 'NONE', #605, .T. ) ;
#4659 = EDGE_CURVE ( 'NONE', #2344, #1037, #4501, .T. ) ;
#4660 = VECTOR ( 'NONE', #6038, 1000.000000000000000 ) ;
#4661 = VERTEX_POINT ( 'NONE', #6722 ) ;
#4662 = LINE ( 'NONE', #1920, #5926 ) ;
#4663 = EDGE_LOOP ( 'NONE', ( #3933, #212, #3593, #6877 ) ) ;
#4664 = CARTESIAN_POINT ( 'NONE',  ( 13.75000000000000000, 1.624999999999999778, -0.7499999999999997780 ) ) ;
#4665 = VECTOR ( 'NONE', #4455, 1000.000000000000000 ) ;
#4666 = CARTESIAN_POINT ( 'NONE',  ( 9.750000000000000000, 6.500000000000003553, 1.250000000000000222 ) ) ;
#4667 = EDGE_CURVE ( 'NONE', #5857, #3612, #2753, .T. ) ;
#4668 = CARTESIAN_POINT ( 'NONE',  ( 14.76499999999999879, 6.250000000000007105, -2.500000000000000444 ) ) ;
#4669 = ORIENTED_EDGE ( 'NONE', *, *, #2800, .T. ) ;
#4670 = VECTOR ( 'NONE', #1453, 1000.000000000000000 ) ;
#4671 = CARTESIAN_POINT ( 'NONE',  ( 15.95000000000000284, 6.500000000000000000, -2.500000000000000444 ) ) ;
#4672 = ORIENTED_EDGE ( 'NONE', *, *, #3235, .F. ) ;
#4673 = CARTESIAN_POINT ( 'NONE',  ( -14.25000000000000000, -3.000000000000000000, -0.7500000000000001110 ) ) ;
#4674 = ORIENTED_EDGE ( 'NONE', *, *, #416, .F. ) ;
#4675 = ITEM_DEFINED_TRANSFORMATION ( 'NONE', 'NONE', #1326,  #5273 ) ;
#4676 = VECTOR ( 'NONE', #4423, 1000.000000000000000 ) ;
#4677 = ORIENTED_EDGE ( 'NONE', *, *, #1330, .T. ) ;
#4678 = LINE ( 'NONE', #295, #4192 ) ;
#4679 = ORIENTED_EDGE ( 'NONE', *, *, #6446, .T. ) ;
#4680 = PLANE ( 'NONE',  #473 ) ;
#4681 = ORIENTED_EDGE ( 'NONE', *, *, #5356, .T. ) ;
#4682 = VECTOR ( 'NONE', #7105, 1000.000000000000000 ) ;
#4683 = DIRECTION ( 'NONE',  ( 0.000000000000000000, 0.000000000000000000, -1.000000000000000000 ) ) ;
#4684 = DIRECTION ( 'NONE',  ( -0.000000000000000000, -0.000000000000000000, -1.000000000000000000 ) ) ;
#4685 = VECTOR ( 'NONE', #1576, 1000.000000000000000 ) ;
#4686 = ORIENTED_EDGE ( 'NONE', *, *, #3901, .T. ) ;
#4687 = PLANE ( 'NONE',  #2202 ) ;
#4688 = CARTESIAN_POINT ( 'NONE',  ( 15.01499999999999879, 6.500000000000003553, -2.500000000000000444 ) ) ;
#4689 = VECTOR ( 'NONE', #3224, 1000.000000000000000 ) ;
#4690 = CARTESIAN_POINT ( 'NONE',  ( -4.250000000000000000, 1.624999999999999778, -4.870572098594920796 ) ) ;
#4691 = DIRECTION ( 'NONE',  ( 0.000000000000000000, 0.000000000000000000, 1.000000000000000000 ) ) ;
#4692 = CARTESIAN_POINT ( 'NONE',  ( -3.750000000000000000, 1.624999999999999778, 0.7500000000000000000 ) ) ;
#4693 = AXIS2_PLACEMENT_3D ( 'NONE', #1299, #3990, #6329 ) ;
#4694 = EDGE_CURVE ( 'NONE', #3395, #4495, #1639, .T. ) ;
#4695 = DIRECTION ( 'NONE',  ( -0.000000000000000000, 0.000000000000000000, -1.000000000000000000 ) ) ;
#4696 = LINE ( 'NONE', #744, #1624 ) ;
#4697 = CARTESIAN_POINT ( 'NONE',  ( 15.12500000000000000, 2.299999999999999822, 2.500000000000000000 ) ) ;
#4698 = DIRECTION ( 'NONE',  ( 1.000000000000000000, -0.000000000000000000, 1.359501156721635737E-17 ) ) ;
#4699 = CARTESIAN_POINT ( 'NONE',  ( 4.250000000000000000, 1.624999999999999778, 0.7499999999999998890 ) ) ;
#4700 = ORIENTED_EDGE ( 'NONE', *, *, #7129, .T. ) ;
#4701 = LINE ( 'NONE', #5648, #277 ) ;
#4702 = DIRECTION ( 'NONE',  ( -0.000000000000000000, 0.000000000000000000, 1.000000000000000000 ) ) ;
#4703 = EDGE_CURVE ( 'NONE', #2159, #4787, #3413, .T. ) ;
#4704 = EDGE_LOOP ( 'NONE', ( #678, #6497, #5075, #3337 ) ) ;
#4705 = PLANE ( 'NONE',  #6401 ) ;
#4706 = EDGE_LOOP ( 'NONE', ( #7056, #3430, #5608, #1429 ) ) ;
#4707 = DIRECTION ( 'NONE',  ( -1.000000000000000000, 0.000000000000000000, -0.000000000000000000 ) ) ;
#4708 = EDGE_CURVE ( 'NONE', #3407, #4639, #6610, .T. ) ;
#4709 = ORIENTED_EDGE ( 'NONE', *, *, #4377, .T. ) ;
#4710 = CARTESIAN_POINT ( 'NONE',  ( 5.464999999999998082, 1.624999999999999778, 0.7499999999999998890 ) ) ;
#4711 = EDGE_CURVE ( 'NONE', #6149, #2962, #5019, .T. ) ;
#4712 = APPLICATION_PROTOCOL_DEFINITION ( 'draft international standard', 'automotive_design', 1998, #2491 ) ;
#4713 = LINE ( 'NONE', #440, #5268 ) ;
#4714 = CARTESIAN_POINT ( 'NONE',  ( 8.250000000000000000, 1.624999999999999778, 1.250000000000000222 ) ) ;
#4715 = EDGE_LOOP ( 'NONE', ( #4482, #6365, #6358, #518 ) ) ;
#4716 = CARTESIAN_POINT ( 'NONE',  ( -14.50000000000000000, 2.299999999999999822, 2.500000000000000000 ) ) ;
#4717 = DIRECTION ( 'NONE',  ( 0.7071067811865536790, 0.7071067811865414665, -0.000000000000000000 ) ) ;
#4718 = CARTESIAN_POINT ( 'NONE',  ( 0.000000000000000000, 6.500000000000000000, 0.000000000000000000 ) ) ;
#4719 = CARTESIAN_POINT ( 'NONE',  ( -12.46499999999999808, 1.625000000000001332, 2.225000000000000089 ) ) ;
#4720 = VERTEX_POINT ( 'NONE', #2722 ) ;
#4721 =( REPRESENTATION_RELATIONSHIP ('NONE','NONE', #1131, #6340 ) REPRESENTATION_RELATIONSHIP_WITH_TRANSFORMATION ( #6177 )SHAPE_REPRESENTATION_RELATIONSHIP( ) );
#4722 = LINE ( 'NONE', #5753, #3705 ) ;
#4723 = DIRECTION ( 'NONE',  ( 1.000000000000000000, 0.000000000000000000, -0.000000000000000000 ) ) ;
#4724 = DIRECTION ( 'NONE',  ( 0.7071067811865365815, -0.7071067811865584529, -0.000000000000000000 ) ) ;
#4725 = EDGE_CURVE ( 'NONE', #571, #2179, #2793, .T. ) ;
#4726 = PLANE ( 'NONE',  #5721 ) ;
#4727 = ORIENTED_EDGE ( 'NONE', *, *, #6965, .F. ) ;
#4728 = LINE ( 'NONE', #4883, #3499 ) ;
#4729 = ORIENTED_EDGE ( 'NONE', *, *, #5899, .F. ) ;
#4730 = DIRECTION ( 'NONE',  ( -0.7071067811865536790, -0.7071067811865414665, 0.000000000000000000 ) ) ;
#4731 = EDGE_CURVE ( 'NONE', #6025, #5341, #3375, .T. ) ;
#4732 = LINE ( 'NONE', #5766, #5387 ) ;
#4733 = FACE_OUTER_BOUND ( 'NONE', #2094, .T. ) ;
#4734 = ORIENTED_EDGE ( 'NONE', *, *, #3817, .F. ) ;
#4735 = PLANE ( 'NONE',  #6904 ) ;
#4736 = ORIENTED_EDGE ( 'NONE', *, *, #1787, .F. ) ;
#4737 = DIRECTION ( 'NONE',  ( 1.000000000000000000, 0.000000000000000000, -0.000000000000000000 ) ) ;
#4738 = DIRECTION ( 'NONE',  ( -1.000000000000000000, 0.000000000000000000, -0.000000000000000000 ) ) ;
#4739 = CARTESIAN_POINT ( 'NONE',  ( -13.75000000000000178, 1.624999999999999778, 0.7500000000000001110 ) ) ;
#4740 = VECTOR ( 'NONE', #3536, 1000.000000000000000 ) ;
#4741 = ITEM_DEFINED_TRANSFORMATION ( 'NONE', 'NONE', #2478,  #5273 ) ;
#4742 = DIRECTION ( 'NONE',  ( 0.7071067811865414665, -0.7071067811865536790, 0.000000000000000000 ) ) ;
#4743 = ADVANCED_FACE ( 'NONE', ( #6644 ), #1063, .T. ) ;
#4744 = EDGE_CURVE ( 'NONE', #571, #6241, #95, .T. ) ;
#4745 = VECTOR ( 'NONE', #2061, 1000.000000000000000 ) ;
#4746 = VECTOR ( 'NONE', #1936, 1000.000000000000000 ) ;
#4747 = EDGE_LOOP ( 'NONE', ( #3834, #1966, #1780, #321 ) ) ;
#4748 = ORIENTED_EDGE ( 'NONE', *, *, #4621, .F. ) ;
#4749 = ORIENTED_EDGE ( 'NONE', *, *, #2248, .F. ) ;
#4750 = LINE ( 'NONE', #4173, #3718 ) ;
#4751 = FACE_OUTER_BOUND ( 'NONE', #1841, .T. ) ;
#4752 = DIRECTION ( 'NONE',  ( 0.000000000000000000, -1.000000000000000000, 0.000000000000000000 ) ) ;
#4753 = VECTOR ( 'NONE', #157, 1000.000000000000000 ) ;
#4754 = VECTOR ( 'NONE', #5471, 1000.000000000000000 ) ;
#4755 = EDGE_CURVE ( 'NONE', #5283, #2321, #628, .T. ) ;
#4756 = AXIS2_PLACEMENT_3D ( 'NONE', #4475, #6090, #3922 ) ;
#4757 = DIRECTION ( 'NONE',  ( 1.000000000000000000, 0.000000000000000000, -0.000000000000000000 ) ) ;
#4758 = VECTOR ( 'NONE', #6337, 1000.000000000000114 ) ;
#4759 = DIRECTION ( 'NONE',  ( -0.000000000000000000, 0.000000000000000000, 1.000000000000000000 ) ) ;
#4760 = LINE ( 'NONE', #883, #4685 ) ;
#4761 = FACE_OUTER_BOUND ( 'NONE', #2646, .T. ) ;
#4762 = ORIENTED_EDGE ( 'NONE', *, *, #768, .F. ) ;
#4763 = DIRECTION ( 'NONE',  ( 0.7071067811865502373, 0.7071067811865447972, 0.000000000000000000 ) ) ;
#4764 = AXIS2_PLACEMENT_3D ( 'NONE', #4673, #1247, #5251 ) ;
#4765 = EDGE_CURVE ( 'NONE', #309, #2062, #4026, .T. ) ;
#4766 = DIRECTION ( 'NONE',  ( -1.000000000000000000, 0.000000000000000000, -0.000000000000000000 ) ) ;
#4767 = EDGE_LOOP ( 'NONE', ( #992, #6607, #5876, #6243 ) ) ;
#4768 = VECTOR ( 'NONE', #3652, 1000.000000000000000 ) ;
#4769 = FACE_BOUND ( 'NONE', #469, .T. ) ;
#4770 = LINE ( 'NONE', #1033, #3712 ) ;
#4771 = VECTOR ( 'NONE', #6809, 1000.000000000000000 ) ;
#4772 = EDGE_LOOP ( 'NONE', ( #6717, #1469, #6410, #4264 ) ) ;
#4773 = PLANE ( 'NONE',  #496 ) ;
#4774 = ORIENTED_EDGE ( 'NONE', *, *, #1209, .F. ) ;
#4775 = ORIENTED_EDGE ( 'NONE', *, *, #2489, .F. ) ;
#4776 = FACE_OUTER_BOUND ( 'NONE', #7122, .T. ) ;
#4777 = ADVANCED_FACE ( 'NONE', ( #5708 ), #6370, .T. ) ;
#4778 = DIRECTION ( 'NONE',  ( 0.000000000000000000, -1.000000000000000000, 0.000000000000000000 ) ) ;
#4779 = CARTESIAN_POINT ( 'NONE',  ( -4.250000000000000000, 0.000000000000000000, -1.250000000000000000 ) ) ;
#4780 = AXIS2_PLACEMENT_3D ( 'NONE', #2473, #1321, #4628 ) ;
#4781 = DIRECTION ( 'NONE',  ( 0.000000000000000000, 0.000000000000000000, -1.000000000000000000 ) ) ;
#4782 = CARTESIAN_POINT ( 'NONE',  ( 22.00000000000000000, -1.144917494144692189E-16, 1.526556658859590243E-16 ) ) ;
#4783 = LINE ( 'NONE', #407, #752 ) ;
#4784 = CARTESIAN_POINT ( 'NONE',  ( 15.45000000000000284, 1.625000000000001332, 2.225000000000000089 ) ) ;
#4785 = VECTOR ( 'NONE', #2559, 1000.000000000000000 ) ;
#4786 = ORIENTED_EDGE ( 'NONE', *, *, #1417, .F. ) ;
#4787 = VERTEX_POINT ( 'NONE', #6861 ) ;
#4788 = ORIENTED_EDGE ( 'NONE', *, *, #4062, .T. ) ;
#4789 = CARTESIAN_POINT ( 'NONE',  ( -4.250000000000000000, 6.500000000000003553, -1.250000000000000000 ) ) ;
#4790 = VERTEX_POINT ( 'NONE', #6253 ) ;
#4791 = DIRECTION ( 'NONE',  ( 0.000000000000000000, 0.000000000000000000, -1.000000000000000000 ) ) ;
#4792 = DIRECTION ( 'NONE',  ( 0.000000000000000000, -1.000000000000000000, 0.000000000000000000 ) ) ;
#4793 = SURFACE_SIDE_STYLE ('',( #3632 ) ) ;
#4794 = EDGE_CURVE ( 'NONE', #1829, #3680, #2414, .T. ) ;
#4795 = CARTESIAN_POINT ( 'NONE',  ( 7.464999999999998082, 1.624999999999999778, 0.7499999999999998890 ) ) ;
#4796 = ORIENTED_EDGE ( 'NONE', *, *, #4659, .T. ) ;
#4797 = VECTOR ( 'NONE', #3455, 1000.000000000000000 ) ;
#4798 = VECTOR ( 'NONE', #5270, 1000.000000000000000 ) ;
#4799 = ORIENTED_EDGE ( 'NONE', *, *, #5312, .T. ) ;
#4800 = PLANE ( 'NONE',  #3254 ) ;
#4801 = DIRECTION ( 'NONE',  ( 1.000000000000000000, 0.000000000000000000, 0.000000000000000000 ) ) ;
#4802 = AXIS2_PLACEMENT_3D ( 'NONE', #5491, #2164, #3442 ) ;
#4803 = ORIENTED_EDGE ( 'NONE', *, *, #5998, .T. ) ;
#4804 = ORIENTED_EDGE ( 'NONE', *, *, #3401, .T. ) ;
#4805 = PLANE ( 'NONE',  #151 ) ;
#4806 = CARTESIAN_POINT ( 'NONE',  ( 15.01499999999999879, 6.500000000000003553, 2.500000000000000444 ) ) ;
#4807 = ORIENTED_EDGE ( 'NONE', *, *, #6619, .T. ) ;
#4808 = EDGE_CURVE ( 'NONE', #3569, #571, #1369, .T. ) ;
#4809 = DIRECTION ( 'NONE',  ( 1.000000000000000000, 0.000000000000000000, 0.000000000000000000 ) ) ;
#4810 = PRODUCT_DEFINITION_SHAPE ( 'NONE', 'NONE',  #7185 ) ;
#4811 = EDGE_CURVE ( 'NONE', #4208, #1975, #2354, .T. ) ;
#4812 = VERTEX_POINT ( 'NONE', #6005 ) ;
#4813 = LINE ( 'NONE', #5877, #4541 ) ;
#4814 = EDGE_LOOP ( 'NONE', ( #4236, #3915, #2746, #4267 ) ) ;
#4815 = ORIENTED_EDGE ( 'NONE', *, *, #7104, .T. ) ;
#4816 = CARTESIAN_POINT ( 'NONE',  ( 5.750000000000000000, 6.500000000000003553, 0.7499999999999998890 ) ) ;
#4817 = LINE ( 'NONE', #4118, #2464 ) ;
#4818 = DIRECTION ( 'NONE',  ( 0.000000000000000000, 0.000000000000000000, -1.000000000000000000 ) ) ;
#4819 = EDGE_CURVE ( 'NONE', #3099, #3682, #7014, .T. ) ;
#4820 = DIRECTION ( 'NONE',  ( -1.000000000000000000, 0.000000000000000000, -0.000000000000000000 ) ) ;
#4821 = APPLICATION_PROTOCOL_DEFINITION ( 'draft international standard', 'automotive_design', 1998, #2257 ) ;
#4822 = CARTESIAN_POINT ( 'NONE',  ( -12.46499999999999986, 1.624999999999999778, -4.870572098594920796 ) ) ;
#4823 = ADVANCED_FACE ( 'NONE', ( #3774 ), #409, .T. ) ;
#4824 = EDGE_CURVE ( 'NONE', #4561, #2310, #1982, .T. ) ;
#4825 = CARTESIAN_POINT ( 'NONE',  ( 6.250000000000000000, 1.624999999999999778, -4.870572098594920796 ) ) ;
#4826 = EDGE_LOOP ( 'NONE', ( #6201, #5590, #889, #3226 ) ) ;
#4827 = EDGE_LOOP ( 'NONE', ( #2585, #3683, #654, #2607 ) ) ;
#4828 = VERTEX_POINT ( 'NONE', #3731 ) ;
#4829 = CARTESIAN_POINT ( 'NONE',  ( -10.24999999999999822, 1.624999999999999778, 1.250000000000000444 ) ) ;
#4830 = EDGE_LOOP ( 'NONE', ( #2854, #856, #2852, #1005 ) ) ;
#4831 = CARTESIAN_POINT ( 'NONE',  ( 5.464999999999998082, 1.624999999999999778, -0.7499999999999996669 ) ) ;
#4832 = DIRECTION ( 'NONE',  ( 0.000000000000000000, 0.000000000000000000, 1.000000000000000000 ) ) ;
#4833 = CARTESIAN_POINT ( 'NONE',  ( -8.249999999999996447, 0.000000000000000000, 1.250000000000000444 ) ) ;
#4834 = LINE ( 'NONE', #4280, #5040 ) ;
#4835 = EDGE_CURVE ( 'NONE', #4033, #2913, #5296, .T. ) ;
#4836 = VERTEX_POINT ( 'NONE', #6449 ) ;
#4837 = CARTESIAN_POINT ( 'NONE',  ( 10.25000000000000000, 0.000000000000000000, -0.7499999999999997780 ) ) ;
#4838 = ORIENTED_EDGE ( 'NONE', *, *, #5451, .T. ) ;
#4839 = DIRECTION ( 'NONE',  ( 1.000000000000000000, 0.000000000000000000, 0.000000000000000000 ) ) ;
#4840 = CARTESIAN_POINT ( 'NONE',  ( -3.750000000000000000, 0.000000000000000000, 0.7500000000000000000 ) ) ;
#4841 = CARTESIAN_POINT ( 'NONE',  ( -15.95000000000000284, 0.4249999999999999889, 2.500000000000000000 ) ) ;
#4842 = LINE ( 'NONE', #1423, #5699 ) ;
#4843 = EDGE_CURVE ( 'NONE', #6364, #1407, #4861, .T. ) ;
#4844 = EDGE_CURVE ( 'NONE', #4266, #47, #1941, .T. ) ;
#4845 = VERTEX_POINT ( 'NONE', #5330 ) ;
#4846 = VERTEX_POINT ( 'NONE', #1442 ) ;
#4847 = DIRECTION ( 'NONE',  ( 0.000000000000000000, 0.000000000000000000, -1.000000000000000000 ) ) ;
#4848 = ORIENTED_EDGE ( 'NONE', *, *, #962, .T. ) ;
#4849 = DIRECTION ( 'NONE',  ( -1.000000000000000000, -0.000000000000000000, -0.000000000000000000 ) ) ;
#4850 = ADVANCED_FACE ( 'NONE', ( #5854 ), #2492, .F. ) ;
#4851 = EDGE_LOOP ( 'NONE', ( #3510, #2528, #4900, #1333 ) ) ;
#4852 = FACE_OUTER_BOUND ( 'NONE', #1535, .T. ) ;
#4853 = ORIENTED_EDGE ( 'NONE', *, *, #4557, .F. ) ;
#4854 = EDGE_LOOP ( 'NONE', ( #7016, #3482, #6006, #5386 ) ) ;
#4855 = CARTESIAN_POINT ( 'NONE',  ( 14.76499999999999879, 5.624999999999997335, 2.224999999999999645 ) ) ;
#4856 = FACE_OUTER_BOUND ( 'NONE', #1153, .T. ) ;
#4857 = CARTESIAN_POINT ( 'NONE',  ( 15.95000000000000284, 6.500000000000000000, 2.500000000000000444 ) ) ;
#4858 = CARTESIAN_POINT ( 'NONE',  ( 7.750000000000000000, 6.500000000000003553, -1.250000000000000222 ) ) ;
#4859 = CARTESIAN_POINT ( 'NONE',  ( 22.00000000000000000, -1.144917494144692189E-16, 2.000000000000000000 ) ) ;
#4860 = PLANE ( 'NONE',  #2127 ) ;
#4861 = LINE ( 'NONE', #6515, #7142 ) ;
#4862 = ORIENTED_EDGE ( 'NONE', *, *, #6676, .F. ) ;
#4863 = ORIENTED_EDGE ( 'NONE', *, *, #4088, .F. ) ;
#4864 = VERTEX_POINT ( 'NONE', #5263 ) ;
#4865 = CARTESIAN_POINT ( 'NONE',  ( 15.45000000000000284, 6.500000000000000000, 2.225000000000000089 ) ) ;
#4866 = EDGE_CURVE ( 'NONE', #4051, #4306, #6560, .T. ) ;
#4867 = DIRECTION ( 'NONE',  ( 1.000000000000000000, -0.000000000000000000, -0.000000000000000000 ) ) ;
#4868 = LINE ( 'NONE', #7125, #6757 ) ;
#4869 = VECTOR ( 'NONE', #5422, 1000.000000000000000 ) ;
#4870 = VERTEX_POINT ( 'NONE', #2566 ) ;
#4871 = DIRECTION ( 'NONE',  ( 1.000000000000000000, 0.000000000000000000, 0.000000000000000000 ) ) ;
#4872 = VERTEX_POINT ( 'NONE', #4243 ) ;
#4873 = CARTESIAN_POINT ( 'NONE',  ( 15.45000000000000284, 6.500000000000000000, 2.225000000000000089 ) ) ;
#4874 = EDGE_CURVE ( 'NONE', #4051, #3609, #5967, .T. ) ;
#4875 = VECTOR ( 'NONE', #1782, 1000.000000000000000 ) ;
#4876 = VECTOR ( 'NONE', #1363, 1000.000000000000000 ) ;
#4877 = CARTESIAN_POINT ( 'NONE',  ( 15.12500000000000178, 3.649999999999999911, 2.500000000000000000 ) ) ;
#4878 = LINE ( 'NONE', #494, #4458 ) ;
#4879 = CARTESIAN_POINT ( 'NONE',  ( -4.250000000000000000, 6.500000000000003553, 0.7500000000000000000 ) ) ;
#4880 = LINE ( 'NONE', #3422, #4325 ) ;
#4881 = AXIS2_PLACEMENT_3D ( 'NONE', #3351, #3143, #976 ) ;
#4882 = VECTOR ( 'NONE', #5991, 1000.000000000000000 ) ;
#4883 = CARTESIAN_POINT ( 'NONE',  ( -4.250000000000000000, 0.000000000000000000, 1.250000000000000444 ) ) ;
#4884 = FACE_BOUND ( 'NONE', #3405, .T. ) ;
#4885 = VERTEX_POINT ( 'NONE', #302 ) ;
#4886 = VECTOR ( 'NONE', #5183, 1000.000000000000000 ) ;
#4887 = CARTESIAN_POINT ( 'NONE',  ( 11.75000000000000000, 0.000000000000000000, 0.7499999999999997780 ) ) ;
#4888 = EDGE_CURVE ( 'NONE', #6765, #2948, #3148, .T. ) ;
#4889 = EDGE_LOOP ( 'NONE', ( #3828, #5980, #1497, #2536 ) ) ;
#4890 = VECTOR ( 'NONE', #3301, 1000.000000000000000 ) ;
#4891 = LINE ( 'NONE', #3250, #5710 ) ;
#4892 = ORIENTED_EDGE ( 'NONE', *, *, #596, .T. ) ;
#4893 = ORIENTED_EDGE ( 'NONE', *, *, #5031, .T. ) ;
#4894 = LINE ( 'NONE', #4457, #2189 ) ;
#4895 = CARTESIAN_POINT ( 'NONE',  ( -7.749999999999996447, 6.500000000000003553, -1.250000000000000000 ) ) ;
#4896 = LINE ( 'NONE', #2712, #3508 ) ;
#4897 = AXIS2_PLACEMENT_3D ( 'NONE', #3074, #902, #4315 ) ;
#4898 = DIRECTION ( 'NONE',  ( 0.000000000000000000, -1.000000000000000000, 0.000000000000000000 ) ) ;
#4899 = VERTEX_POINT ( 'NONE', #4714 ) ;
#4900 = ORIENTED_EDGE ( 'NONE', *, *, #2514, .F. ) ;
#4901 = ORIENTED_EDGE ( 'NONE', *, *, #5164, .F. ) ;
#4902 = VECTOR ( 'NONE', #5825, 1000.000000000000000 ) ;
#4903 = DIRECTION ( 'NONE',  ( 1.000000000000000000, -0.000000000000000000, -0.000000000000000000 ) ) ;
#4904 = LINE ( 'NONE', #3849, #5807 ) ;
#4905 = EDGE_CURVE ( 'NONE', #4790, #5890, #6973, .T. ) ;
#4906 =( NAMED_UNIT ( * ) SI_UNIT ( $, .STERADIAN. ) SOLID_ANGLE_UNIT ( ) );
#4907 = CARTESIAN_POINT ( 'NONE',  ( 15.01499999999999879, 6.500000000000003553, 2.500000000000000444 ) ) ;
#4908 = ORIENTED_EDGE ( 'NONE', *, *, #1932, .F. ) ;
#4909 = VECTOR ( 'NONE', #2479, 1000.000000000000000 ) ;
#4910 = ORIENTED_EDGE ( 'NONE', *, *, #2167, .T. ) ;
#4911 = LINE ( 'NONE', #632, #1970 ) ;
#4912 = EDGE_LOOP ( 'NONE', ( #5880, #3151, #5958, #6429 ) ) ;
#4913 = CARTESIAN_POINT ( 'NONE',  ( -14.76499999999999879, 5.624999999999993783, 2.500000000000000444 ) ) ;
#4914 = VECTOR ( 'NONE', #3677, 1000.000000000000000 ) ;
#4915 = LINE ( 'NONE', #994, #3983 ) ;
#4916 = CARTESIAN_POINT ( 'NONE',  ( -8.249999999999996447, 1.624999999999999778, 1.250000000000000444 ) ) ;
#4917 = PRODUCT_DEFINITION_CONTEXT ( 'detailed design', #6753, 'design' ) ;
#4918 = EDGE_CURVE ( 'NONE', #1094, #5870, #6407, .T. ) ;
#4919 = LINE ( 'NONE', #6927, #2529 ) ;
#4920 = MANIFOLD_SOLID_BREP ( 'Chamfer1', #6881 ) ;
#4921 = ADVANCED_FACE ( 'NONE', ( #7158 ), #6075, .T. ) ;
#4922 = VECTOR ( 'NONE', #4562, 1000.000000000000000 ) ;
#4923 = ORIENTED_EDGE ( 'NONE', *, *, #7012, .F. ) ;
#4924 = EDGE_LOOP ( 'NONE', ( #6452, #1992, #815, #5626 ) ) ;
#4925 = DIRECTION ( 'NONE',  ( -1.000000000000000000, 0.000000000000000000, 0.000000000000000000 ) ) ;
#4926 = ORIENTED_EDGE ( 'NONE', *, *, #6155, .F. ) ;
#4927 = VECTOR ( 'NONE', #664, 1000.000000000000000 ) ;
#4928 = CARTESIAN_POINT ( 'NONE',  ( 9.750000000000000000, 1.624999999999999778, 1.250000000000000222 ) ) ;
#4929 = ORIENTED_EDGE ( 'NONE', *, *, #4431, .T. ) ;
#4930 = AXIS2_PLACEMENT_3D ( 'NONE', #6570, #3741, #5421 ) ;
#4931 = FACE_BOUND ( 'NONE', #6471, .T. ) ;
#4932 = EDGE_CURVE ( 'NONE', #4588, #3809, #3261, .T. ) ;
#4933 = ORIENTED_EDGE ( 'NONE', *, *, #2725, .T. ) ;
#4934 = FACE_OUTER_BOUND ( 'NONE', #3796, .T. ) ;
#4935 = CARTESIAN_POINT ( 'NONE',  ( 14.76499999999999879, 6.250000000000007105, 2.500000000000000444 ) ) ;
#4936 = EDGE_CURVE ( 'NONE', #2062, #5759, #1828, .T. ) ;
#4937 = ITEM_DEFINED_TRANSFORMATION ( 'NONE', 'NONE', #2242,  #5273 ) ;
#4938 = CARTESIAN_POINT ( 'NONE',  ( 6.250000000000000000, 0.000000000000000000, -1.250000000000000222 ) ) ;
#4939 = ORIENTED_EDGE ( 'NONE', *, *, #6925, .F. ) ;
#4940 = LINE ( 'NONE', #3841, #5488 ) ;
#4941 = EDGE_CURVE ( 'NONE', #1670, #4946, #4940, .T. ) ;
#4942 = ORIENTED_EDGE ( 'NONE', *, *, #5154, .F. ) ;
#4943 = ORIENTED_EDGE ( 'NONE', *, *, #6525, .F. ) ;
#4944 = ORIENTED_EDGE ( 'NONE', *, *, #112, .T. ) ;
#4945 = FACE_OUTER_BOUND ( 'NONE', #1520, .T. ) ;
#4946 = VERTEX_POINT ( 'NONE', #2372 ) ;
#4947 = CARTESIAN_POINT ( 'NONE',  ( 4.250000000000000000, 0.000000000000000000, -0.7499999999999996669 ) ) ;
#4948 = DIRECTION ( 'NONE',  ( -1.000000000000000000, 0.000000000000000000, 0.000000000000000000 ) ) ;
#4949 = LINE ( 'NONE', #2168, #957 ) ;
#4950 = LINE ( 'NONE', #26, #5230 ) ;
#4951 = ORIENTED_EDGE ( 'NONE', *, *, #986, .T. ) ;
#4952 = CARTESIAN_POINT ( 'NONE',  ( 12.46500000000000341, 5.149999999999998579, 2.500000000000000000 ) ) ;
#4953 = CARTESIAN_POINT ( 'NONE',  ( 15.45000000000000284, -29.59378440939045163, 2.225000000000000089 ) ) ;
#4954 = FACE_OUTER_BOUND ( 'NONE', #4634, .T. ) ;
#4955 = CARTESIAN_POINT ( 'NONE',  ( 13.46499999999999808, 1.624999999999999778, -0.7499999999999997780 ) ) ;
#4956 = ORIENTED_EDGE ( 'NONE', *, *, #3007, .T. ) ;
#4957 = ORIENTED_EDGE ( 'NONE', *, *, #666, .F. ) ;
#4958 = PLANE ( 'NONE',  #5460 ) ;
#4959 = EDGE_LOOP ( 'NONE', ( #5979, #3808, #3120, #2194 ) ) ;
#4960 = FACE_BOUND ( 'NONE', #4959, .T. ) ;
#4961 = VERTEX_POINT ( 'NONE', #185 ) ;
#4962 = CARTESIAN_POINT ( 'NONE',  ( 0.2500000000000002220, 1.624999999999999778, -4.870572098594920796 ) ) ;
#4963 = DIRECTION ( 'NONE',  ( 0.000000000000000000, -1.000000000000000000, 0.000000000000000000 ) ) ;
#4964 = LINE ( 'NONE', #3435, #1750 ) ;
#4965 = CARTESIAN_POINT ( 'NONE',  ( 15.45000000000000284, 1.625000000000001332, -2.225000000000000977 ) ) ;
#4966 = PLANE ( 'NONE',  #2112 ) ;
#4967 = LINE ( 'NONE', #116, #1532 ) ;
#4968 = CARTESIAN_POINT ( 'NONE',  ( -12.46500000000000163, 5.149999999999998579, 2.224999999999999645 ) ) ;
#4969 = VERTEX_POINT ( 'NONE', #1665 ) ;
#4970 = EDGE_LOOP ( 'NONE', ( #4210, #1519, #1235, #5709 ) ) ;
#4971 = EDGE_LOOP ( 'NONE', ( #1861, #6312, #622, #5319 ) ) ;
#4972 = LINE ( 'NONE', #2685, #2777 ) ;
#4973 = VERTEX_POINT ( 'NONE', #714 ) ;
#4974 = EDGE_CURVE ( 'NONE', #1907, #6007, #2676, .T. ) ;
#4975 = DIRECTION ( 'NONE',  ( -0.000000000000000000, -0.000000000000000000, 1.000000000000000000 ) ) ;
#4976 = ORIENTED_EDGE ( 'NONE', *, *, #1120, .T. ) ;
#4977 = CARTESIAN_POINT ( 'NONE',  ( -1.749999999999999778, 0.000000000000000000, -0.7499999999999995559 ) ) ;
#4978 = CARTESIAN_POINT ( 'NONE',  ( -13.84999999999999964, -3.000000000000000000, -0.7500000000000001110 ) ) ;
#4979 = DIRECTION ( 'NONE',  ( 0.000000000000000000, 0.000000000000000000, 1.000000000000000000 ) ) ;
#4980 = LINE ( 'NONE', #2208, #1637 ) ;
#4981 = VECTOR ( 'NONE', #1786, 1000.000000000000000 ) ;
#4982 = EDGE_CURVE ( 'NONE', #3725, #3893, #53, .T. ) ;
#4983 = DIRECTION ( 'NONE',  ( 0.000000000000000000, 0.000000000000000000, -1.000000000000000000 ) ) ;
#4984 = LINE ( 'NONE', #6696, #3283 ) ;
#4985 = ORIENTED_EDGE ( 'NONE', *, *, #486, .F. ) ;
#4986 = VECTOR ( 'NONE', #2618, 1000.000000000000000 ) ;
#4987 = AXIS2_PLACEMENT_3D ( 'NONE', #4816, #866, #2485 ) ;
#4988 = ORIENTED_EDGE ( 'NONE', *, *, #1940, .T. ) ;
#4989 = LINE ( 'NONE', #7115, #264 ) ;
#4990 = ORIENTED_EDGE ( 'NONE', *, *, #6093, .F. ) ;
#4991 = CARTESIAN_POINT ( 'NONE',  ( 15.95000000000000284, 6.500000000000000000, 2.500000000000000444 ) ) ;
#4992 = ADVANCED_FACE ( 'NONE', ( #4463 ), #4966, .F. ) ;
#4993 = VECTOR ( 'NONE', #6856, 1000.000000000000000 ) ;
#4994 = VECTOR ( 'NONE', #6473, 1000.000000000000000 ) ;
#4995 = VERTEX_POINT ( 'NONE', #6268 ) ;
#4996 = FACE_BOUND ( 'NONE', #5667, .T. ) ;
#4997 = ORIENTED_EDGE ( 'NONE', *, *, #4755, .F. ) ;
#4998 = CARTESIAN_POINT ( 'NONE',  ( -7.749999999999996447, 6.500000000000003553, 1.250000000000000444 ) ) ;
#4999 = VECTOR ( 'NONE', #4202, 1000.000000000000000 ) ;
#5000 = PRODUCT_DEFINITION_SHAPE ( 'NONE', 'NONE',  #7210 ) ;
#5001 = ORIENTED_EDGE ( 'NONE', *, *, #2719, .F. ) ;
#5002 = CARTESIAN_POINT ( 'NONE',  ( 10.25000000000000000, 6.500000000000003553, -0.7499999999999997780 ) ) ;
#5003 = EDGE_CURVE ( 'NONE', #7152, #945, #1087, .T. ) ;
#5004 = VECTOR ( 'NONE', #3848, 1000.000000000000000 ) ;
#5005 =( LENGTH_UNIT ( ) NAMED_UNIT ( * ) SI_UNIT ( .MILLI., .METRE. ) );
#5006 = EDGE_CURVE ( 'NONE', #2148, #4208, #3331, .T. ) ;
#5007 = DIRECTION ( 'NONE',  ( -0.000000000000000000, -0.000000000000000000, -1.000000000000000000 ) ) ;
#5008 =( REPRESENTATION_RELATIONSHIP ('NONE','NONE', #1131, #1095 ) REPRESENTATION_RELATIONSHIP_WITH_TRANSFORMATION ( #1515 )SHAPE_REPRESENTATION_RELATIONSHIP( ) );
#5009 = VERTEX_POINT ( 'NONE', #4012 ) ;
#5010 = ORIENTED_EDGE ( 'NONE', *, *, #6968, .T. ) ;
#5011 = VERTEX_POINT ( 'NONE', #4383 ) ;
#5012 = CARTESIAN_POINT ( 'NONE',  ( 2.250000000000000444, 0.000000000000000000, 1.250000000000000444 ) ) ;
#5013 = ORIENTED_EDGE ( 'NONE', *, *, #3958, .T. ) ;
#5014 = DIRECTION ( 'NONE',  ( -0.000000000000000000, 1.000000000000000000, 0.000000000000000000 ) ) ;
#5015 = AXIS2_PLACEMENT_3D ( 'NONE', #1323, #2333, #2437 ) ;
#5016 = DIRECTION ( 'NONE',  ( 0.000000000000000000, 0.7071067811865561215, -0.7071067811865389130 ) ) ;
#5017 = VERTEX_POINT ( 'NONE', #3882 ) ;
#5018 = LINE ( 'NONE', #2273, #3055 ) ;
#5019 = LINE ( 'NONE', #1710, #3611 ) ;
#5020 = VECTOR ( 'NONE', #4975, 1000.000000000000000 ) ;
#5021 = VERTEX_POINT ( 'NONE', #4425 ) ;
#5022 = DIRECTION ( 'NONE',  ( -1.000000000000000000, -0.000000000000000000, -0.000000000000000000 ) ) ;
#5023 = EDGE_CURVE ( 'NONE', #640, #3854, #6671, .T. ) ;
#5024 = LINE ( 'NONE', #6725, #5222 ) ;
#5025 = LINE ( 'NONE', #193, #2006 ) ;
#5026 = LINE ( 'NONE', #2247, #4049 ) ;
#5027 = VECTOR ( 'NONE', #2070, 1000.000000000000000 ) ;
#5028 = ADVANCED_FACE ( 'NONE', ( #1244 ), #3461, .T. ) ;
#5029 = AXIS2_PLACEMENT_3D ( 'NONE', #934, #2085, #1592 ) ;
#5030 = ORIENTED_EDGE ( 'NONE', *, *, #5899, .T. ) ;
#5031 = EDGE_CURVE ( 'NONE', #4375, #1866, #3498, .T. ) ;
#5032 = EDGE_LOOP ( 'NONE', ( #4465, #144, #4156, #4450 ) ) ;
#5033 = ORIENTED_EDGE ( 'NONE', *, *, #2109, .T. ) ;
#5034 = DIRECTION ( 'NONE',  ( -0.000000000000000000, -0.000000000000000000, 1.000000000000000000 ) ) ;
#5035 = ORIENTED_EDGE ( 'NONE', *, *, #4974, .F. ) ;
#5036 = LINE ( 'NONE', #2255, #2428 ) ;
#5037 = VECTOR ( 'NONE', #4255, 1000.000000000000000 ) ;
#5038 = FACE_BOUND ( 'NONE', #3950, .T. ) ;
#5039 = ORIENTED_EDGE ( 'NONE', *, *, #3544, .T. ) ;
#5040 = VECTOR ( 'NONE', #3783, 1000.000000000000000 ) ;
#5041 = ORIENTED_EDGE ( 'NONE', *, *, #2991, .F. ) ;
#5042 = CARTESIAN_POINT ( 'NONE',  ( -0.2500000000000002220, 1.624999999999999778, -1.250000000000000000 ) ) ;
#5043 = LINE ( 'NONE', #1703, #4890 ) ;
#5044 = DIRECTION ( 'NONE',  ( 1.000000000000000000, 0.000000000000000000, 0.000000000000000000 ) ) ;
#5045 = VERTEX_POINT ( 'NONE', #5791 ) ;
#5046 = ORIENTED_EDGE ( 'NONE', *, *, #5383, .F. ) ;
#5047 = ADVANCED_FACE ( 'NONE', ( #3602 ), #286, .T. ) ;
#5048 = DIRECTION ( 'NONE',  ( 1.000000000000000000, -1.208177614423795264E-16, 0.000000000000000000 ) ) ;
#5049 = EDGE_CURVE ( 'NONE', #1327, #7121, #813, .T. ) ;
#5050 = EDGE_CURVE ( 'NONE', #4961, #6587, #6978, .T. ) ;
#5051 = PLANE ( 'NONE',  #1042 ) ;
#5052 = PRODUCT_RELATED_PRODUCT_CATEGORY ( 'part', '', ( #19 ) ) ;
#5053 = EDGE_CURVE ( 'NONE', #1480, #865, #2435, .T. ) ;
#5054 = ORIENTED_EDGE ( 'NONE', *, *, #5931, .T. ) ;
#5055 = DIRECTION ( 'NONE',  ( -0.000000000000000000, 0.000000000000000000, 1.000000000000000000 ) ) ;
#5056 = DIRECTION ( 'NONE',  ( 1.000000000000000000, 0.000000000000000000, 0.000000000000000000 ) ) ;
#5057 = LINE ( 'NONE', #5530, #2584 ) ;
#5058 = LINE ( 'NONE', #6690, #523 ) ;
#5059 = DIRECTION ( 'NONE',  ( 1.000000000000000000, 0.000000000000000000, -0.000000000000000000 ) ) ;
#5060 = EDGE_CURVE ( 'NONE', #2116, #3393, #5180, .T. ) ;
#5061 = PRODUCT_DEFINITION_SHAPE ( 'NONE', 'NONE',  #7201 ) ;
#5062 = ORIENTED_EDGE ( 'NONE', *, *, #2392, .F. ) ;
#5063 = ORIENTED_EDGE ( 'NONE', *, *, #4238, .F. ) ;
#5064 = DIRECTION ( 'NONE',  ( -0.000000000000000000, 0.000000000000000000, 1.000000000000000000 ) ) ;
#5065 = EDGE_LOOP ( 'NONE', ( #1396, #4976, #5379, #4327 ) ) ;
#5066 = DIRECTION ( 'NONE',  ( 0.000000000000000000, 0.000000000000000000, -1.000000000000000000 ) ) ;
#5067 = ADVANCED_FACE ( 'NONE', ( #217 ), #2399, .T. ) ;
#5068 = FACE_BOUND ( 'NONE', #6221, .T. ) ;
#5069 = EDGE_LOOP ( 'NONE', ( #5969, #83, #6377, #452 ) ) ;
#5070 = CARTESIAN_POINT ( 'NONE',  ( 11.75000000000000000, 1.624999999999999778, 0.7499999999999997780 ) ) ;
#5071 = FACE_OUTER_BOUND ( 'NONE', #4408, .T. ) ;
#5072 = ADVANCED_FACE ( 'NONE', ( #3566 ), #4726, .T. ) ;
#5073 = LINE ( 'NONE', #4527, #5592 ) ;
#5074 = DIRECTION ( 'NONE',  ( -0.7071067811865365815, 0.7071067811865584529, 0.000000000000000000 ) ) ;
#5075 = ORIENTED_EDGE ( 'NONE', *, *, #6210, .F. ) ;
#5076 = ORIENTED_EDGE ( 'NONE', *, *, #4373, .T. ) ;
#5077 = ORIENTED_EDGE ( 'NONE', *, *, #4982, .T. ) ;
#5078 = LINE ( 'NONE', #197, #1159 ) ;
#5079 = DIRECTION ( 'NONE',  ( 0.000000000000000000, 0.000000000000000000, 1.000000000000000000 ) ) ;
#5080 = EDGE_CURVE ( 'NONE', #4870, #923, #6311, .T. ) ;
#5081 = DIRECTION ( 'NONE',  ( 0.000000000000000000, 0.000000000000000000, -1.000000000000000000 ) ) ;
#5082 = ORIENTED_EDGE ( 'NONE', *, *, #5986, .F. ) ;
#5083 = PLANE ( 'NONE',  #1640 ) ;
#5084 = CARTESIAN_POINT ( 'NONE',  ( -12.24000000000001087, 5.375000000000000000, -2.500000000000002220 ) ) ;
#5085 = DIRECTION ( 'NONE',  ( 0.000000000000000000, -1.000000000000000000, 0.000000000000000000 ) ) ;
#5086 = DIRECTION ( 'NONE',  ( 0.000000000000000000, 0.7071067811865561215, -0.7071067811865390240 ) ) ;
#5087 = CARTESIAN_POINT ( 'NONE',  ( 12.24000000000001087, 6.500000000000000000, -2.500000000000000444 ) ) ;
#5088 = ADVANCED_FACE ( 'NONE', ( #785 ), #3057, .F. ) ;
#5089 = ADVANCED_FACE ( 'NONE', ( #250 ), #4121, .T. ) ;
#5090 = ORIENTED_EDGE ( 'NONE', *, *, #5463, .F. ) ;
#5091 = CARTESIAN_POINT ( 'NONE',  ( -15.12500000000000178, 3.649999999999999911, 2.224999999999999645 ) ) ;
#5092 = ORIENTED_EDGE ( 'NONE', *, *, #2461, .F. ) ;
#5093 = AXIS2_PLACEMENT_3D ( 'NONE', #2801, #2759, #72 ) ;
#5094 = CARTESIAN_POINT ( 'NONE',  ( -5.750000000000001776, 6.500000000000003553, 1.250000000000000444 ) ) ;
#5095 = ORIENTED_EDGE ( 'NONE', *, *, #768, .T. ) ;
#5096 = DIRECTION ( 'NONE',  ( 1.000000000000000000, 0.000000000000000000, 0.000000000000000000 ) ) ;
#5097 = AXIS2_PLACEMENT_3D ( 'NONE', #6417, #5822, #3558 ) ;
#5098 = AXIS2_PLACEMENT_3D ( 'NONE', #1315, #5203, #3017 ) ;
#5099 = CARTESIAN_POINT ( 'NONE',  ( 8.250000000000000000, 1.624999999999999778, -0.7499999999999996669 ) ) ;
#5100 = ORIENTED_EDGE ( 'NONE', *, *, #52, .T. ) ;
#5101 = CARTESIAN_POINT ( 'NONE',  ( -13.75000000000000178, 0.000000000000000000, 0.7500000000000001110 ) ) ;
#5102 = EDGE_CURVE ( 'NONE', #76, #5607, #5281, .T. ) ;
#5103 = ORIENTED_EDGE ( 'NONE', *, *, #631, .F. ) ;
#5104 = CARTESIAN_POINT ( 'NONE',  ( -13.46499999999999986, 1.624999999999999778, -4.870572098594920796 ) ) ;
#5105 = VECTOR ( 'NONE', #1713, 1000.000000000000000 ) ;
#5106 = CARTESIAN_POINT ( 'NONE',  ( -11.75000000000000000, 6.500000000000003553, 0.7500000000000001110 ) ) ;
#5107 = ITEM_DEFINED_TRANSFORMATION ( 'NONE', 'NONE', #4343,  #5273 ) ;
#5108 = VECTOR ( 'NONE', #6591, 1000.000000000000000 ) ;
#5109 = VECTOR ( 'NONE', #3857, 1000.000000000000000 ) ;
#5110 = CARTESIAN_POINT ( 'NONE',  ( 5.750000000000000000, 6.500000000000003553, 1.250000000000000222 ) ) ;
#5111 = DIRECTION ( 'NONE',  ( 0.000000000000000000, 0.000000000000000000, 1.000000000000000000 ) ) ;
#5112 = AXIS2_PLACEMENT_3D ( 'NONE', #958, #5395, #425 ) ;
#5113 = VERTEX_POINT ( 'NONE', #4699 ) ;
#5114 = EDGE_LOOP ( 'NONE', ( #5856, #4679, #6080, #702 ) ) ;
#5115 = LINE ( 'NONE', #3989, #2423 ) ;
#5116 = DIRECTION ( 'NONE',  ( 0.000000000000000000, 0.000000000000000000, 1.000000000000000000 ) ) ;
#5117 = DIRECTION ( 'NONE',  ( 0.000000000000000000, 0.000000000000000000, 1.000000000000000000 ) ) ;
#5118 = CARTESIAN_POINT ( 'NONE',  ( 0.2500000000000002220, 0.000000000000000000, -0.7499999999999995559 ) ) ;
#5119 = AXIS2_PLACEMENT_3D ( 'NONE', #1632, #5447, #1183 ) ;
#5120 = CARTESIAN_POINT ( 'NONE',  ( -7.749999999999996447, 1.624999999999999778, -4.870572098594920796 ) ) ;
#5121 = ORIENTED_EDGE ( 'NONE', *, *, #3341, .F. ) ;
#5122 = VECTOR ( 'NONE', #6851, 1000.000000000000000 ) ;
#5123 = LINE ( 'NONE', #4503, #1752 ) ;
#5124 = DIRECTION ( 'NONE',  ( 0.000000000000000000, 0.000000000000000000, 1.000000000000000000 ) ) ;
#5125 = ADVANCED_FACE ( 'NONE', ( #6957 ), #6384, .T. ) ;
#5126 = DIRECTION ( 'NONE',  ( 0.000000000000000000, 0.000000000000000000, 1.000000000000000000 ) ) ;
#5127 = FACE_OUTER_BOUND ( 'NONE', #6341, .T. ) ;
#5128 = DIRECTION ( 'NONE',  ( 1.284980352575412699E-15, 1.000000000000000000, -0.000000000000000000 ) ) ;
#5129 = ORIENTED_EDGE ( 'NONE', *, *, #3247, .F. ) ;
#5130 = VECTOR ( 'NONE', #4206, 1000.000000000000000 ) ;
#5131 = ORIENTED_EDGE ( 'NONE', *, *, #2033, .T. ) ;
#5132 = CARTESIAN_POINT ( 'NONE',  ( -0.2500000000000002220, 6.500000000000003553, -0.7499999999999995559 ) ) ;
#5133 = DIRECTION ( 'NONE',  ( 0.000000000000000000, -1.000000000000000000, 0.000000000000000000 ) ) ;
#5134 = EDGE_CURVE ( 'NONE', #7080, #419, #2176, .T. ) ;
#5135 = ORIENTED_EDGE ( 'NONE', *, *, #589, .T. ) ;
#5136 = VECTOR ( 'NONE', #3181, 1000.000000000000000 ) ;
#5137 = CARTESIAN_POINT ( 'NONE',  ( -15.95000000000000284, 4.250000000000000000, -0.1000000000000004774 ) ) ;
#5138 = LINE ( 'NONE', #5094, #7127 ) ;
#5139 = EDGE_LOOP ( 'NONE', ( #4386, #2678, #1697, #904 ) ) ;
#5140 = ADVANCED_FACE ( 'NONE', ( #3128 ), #3755, .T. ) ;
#5141 = CARTESIAN_POINT ( 'NONE',  ( -2.250000000000000444, 6.500000000000003553, -0.7499999999999995559 ) ) ;
#5142 = PRODUCT_RELATED_PRODUCT_CATEGORY ( 'part', '', ( #3936 ) ) ;
#5143 = VECTOR ( 'NONE', #4778, 1000.000000000000000 ) ;
#5144 =( NAMED_UNIT ( * ) PLANE_ANGLE_UNIT ( ) SI_UNIT ( $, .RADIAN. ) );
#5145 = CARTESIAN_POINT ( 'NONE',  ( 15.95000000000000284, 0.4250000000000017653, 2.500000000000000444 ) ) ;
#5146 = ORIENTED_EDGE ( 'NONE', *, *, #3504, .F. ) ;
#5147 = LINE ( 'NONE', #6271, #948 ) ;
#5148 = CARTESIAN_POINT ( 'NONE',  ( -3.750000000000000000, 0.000000000000000000, 1.250000000000000444 ) ) ;
#5149 = DIRECTION ( 'NONE',  ( 1.000000000000000000, -1.208177614423795264E-16, 0.000000000000000000 ) ) ;
#5150 = VECTOR ( 'NONE', #3695, 1000.000000000000000 ) ;
#5151 = PLANE ( 'NONE',  #6762 ) ;
#5152 = CONTEXT_DEPENDENT_SHAPE_REPRESENTATION ( #3702, #148 ) ;
#5153 =( REPRESENTATION_RELATIONSHIP ('NONE','NONE', #1131, #6340 ) REPRESENTATION_RELATIONSHIP_WITH_TRANSFORMATION ( #4381 )SHAPE_REPRESENTATION_RELATIONSHIP( ) );
#5154 = EDGE_CURVE ( 'NONE', #479, #2848, #2696, .T. ) ;
#5155 = AXIS2_PLACEMENT_3D ( 'NONE', #4953, #4479, #4545 ) ;
#5156 = LINE ( 'NONE', #3545, #272 ) ;
#5157 = ORIENTED_EDGE ( 'NONE', *, *, #6986, .F. ) ;
#5158 = DIRECTION ( 'NONE',  ( -0.000000000000000000, 0.000000000000000000, 1.000000000000000000 ) ) ;
#5159 = LINE ( 'NONE', #120, #3478 ) ;
#5160 = DIRECTION ( 'NONE',  ( 1.000000000000000000, 0.000000000000000000, 0.000000000000000000 ) ) ;
#5161 = DIRECTION ( 'NONE',  ( 0.000000000000000000, -1.000000000000000000, 0.000000000000000000 ) ) ;
#5162 = LINE ( 'NONE', #5228, #3295 ) ;
#5163 =( GEOMETRIC_REPRESENTATION_CONTEXT ( 3 ) GLOBAL_UNCERTAINTY_ASSIGNED_CONTEXT ( ( #1347 ) ) GLOBAL_UNIT_ASSIGNED_CONTEXT ( ( #7094, #6415, #3222 ) ) REPRESENTATION_CONTEXT ( 'NONE', 'WORKASPACE' ) );
#5164 = EDGE_CURVE ( 'NONE', #6241, #2223, #4984, .T. ) ;
#5165 = EDGE_CURVE ( 'NONE', #7064, #1251, #6339, .T. ) ;
#5166 = ORIENTED_EDGE ( 'NONE', *, *, #6857, .F. ) ;
#5167 = FACE_OUTER_BOUND ( 'NONE', #1140, .T. ) ;
#5168 = CARTESIAN_POINT ( 'NONE',  ( 5.750000000000000000, 6.500000000000003553, -0.7499999999999996669 ) ) ;
#5169 = DIRECTION ( 'NONE',  ( 0.000000000000000000, 0.000000000000000000, -1.000000000000000000 ) ) ;
#5170 = DIRECTION ( 'NONE',  ( 0.000000000000000000, -0.000000000000000000, 1.000000000000000000 ) ) ;
#5171 = DIRECTION ( 'NONE',  ( 0.000000000000000000, 0.000000000000000000, -1.000000000000000000 ) ) ;
#5172 = EDGE_CURVE ( 'NONE', #2954, #5478, #209, .T. ) ;
#5173 = ORIENTED_EDGE ( 'NONE', *, *, #6694, .F. ) ;
#5174 = PLANE ( 'NONE',  #1956 ) ;
#5175 = ORIENTED_EDGE ( 'NONE', *, *, #6327, .T. ) ;
#5176 = CARTESIAN_POINT ( 'NONE',  ( 15.95000000000000284, 0.000000000000000000, -2.500000000000000444 ) ) ;
#5177 = CARTESIAN_POINT ( 'NONE',  ( 14.51500000000000057, 5.375000000000000000, 2.500000000000000888 ) ) ;
#5178 = CARTESIAN_POINT ( 'NONE',  ( -15.12500000000000000, 2.299999999999999822, 2.224999999999999645 ) ) ;
#5179 = ADVANCED_FACE ( 'NONE', ( #6868 ), #3192, .T. ) ;
#5180 = LINE ( 'NONE', #6351, #1655 ) ;
#5181 = ADVANCED_FACE ( 'NONE', ( #6125 ), #2829, .T. ) ;
#5182 = ORIENTED_EDGE ( 'NONE', *, *, #3537, .F. ) ;
#5183 = DIRECTION ( 'NONE',  ( -1.000000000000000000, 0.000000000000000000, 0.000000000000000000 ) ) ;
#5184 = DIRECTION ( 'NONE',  ( 0.000000000000000000, -1.000000000000000000, -1.338521200599385475E-16 ) ) ;
#5185 = VERTEX_POINT ( 'NONE', #202 ) ;
#5186 = EDGE_CURVE ( 'NONE', #6699, #947, #770, .T. ) ;
#5187 = LINE ( 'NONE', #225, #1648 ) ;
#5188 = CARTESIAN_POINT ( 'NONE',  ( 5.750000000000000000, 1.624999999999999778, -0.7499999999999996669 ) ) ;
#5189 = ORIENTED_EDGE ( 'NONE', *, *, #6468, .F. ) ;
#5190 = CARTESIAN_POINT ( 'NONE',  ( 4.250000000000000000, 6.500000000000003553, -0.7499999999999996669 ) ) ;
#5191 = PLANE ( 'NONE',  #4330 ) ;
#5192 = CARTESIAN_POINT ( 'NONE',  ( 15.45000000000000284, -29.59378440939045163, 2.225000000000000089 ) ) ;
#5193 = DIRECTION ( 'NONE',  ( 0.000000000000000000, 0.000000000000000000, 1.000000000000000000 ) ) ;
#5194 = LINE ( 'NONE', #2411, #3473 ) ;
#5195 = VERTEX_POINT ( 'NONE', #4652 ) ;
#5196 = DIRECTION ( 'NONE',  ( -1.000000000000000000, 0.000000000000000000, 0.000000000000000000 ) ) ;
#5197 = DIRECTION ( 'NONE',  ( 0.000000000000000000, -0.7071067811865393571, -0.7071067811865555663 ) ) ;
#5198 = DIRECTION ( 'NONE',  ( 1.000000000000000000, -0.000000000000000000, -0.000000000000000000 ) ) ;
#5199 = CARTESIAN_POINT ( 'NONE',  ( 0.2500000000000002220, 1.624999999999999778, 0.7500000000000000000 ) ) ;
#5200 = ORIENTED_EDGE ( 'NONE', *, *, #2044, .T. ) ;
#5201 = EDGE_LOOP ( 'NONE', ( #6150, #1721, #3175, #2557 ) ) ;
#5202 = DIRECTION ( 'NONE',  ( -1.000000000000000000, 0.000000000000000000, 0.000000000000000000 ) ) ;
#5203 = DIRECTION ( 'NONE',  ( -0.000000000000000000, 0.000000000000000000, 1.000000000000000000 ) ) ;
#5204 = VERTEX_POINT ( 'NONE', #797 ) ;
#5205 = LINE ( 'NONE', #709, #712 ) ;
#5206 = DIRECTION ( 'NONE',  ( 0.000000000000000000, 0.000000000000000000, -1.000000000000000000 ) ) ;
#5207 = ORIENTED_EDGE ( 'NONE', *, *, #2992, .T. ) ;
#5208 = CARTESIAN_POINT ( 'NONE',  ( -14.51500000000000057, 5.375000000000000000, -2.500000000000000444 ) ) ;
#5209 = ORIENTED_EDGE ( 'NONE', *, *, #4253, .F. ) ;
#5210 = DIRECTION ( 'NONE',  ( 1.000000000000000000, -1.284980352575412699E-15, 0.000000000000000000 ) ) ;
#5211 = EDGE_CURVE ( 'NONE', #4973, #1015, #7160, .T. ) ;
#5212 = CARTESIAN_POINT ( 'NONE',  ( 7.750000000000000000, 6.500000000000003553, -0.7499999999999996669 ) ) ;
#5213 = ORIENTED_EDGE ( 'NONE', *, *, #6344, .F. ) ;
#5214 = CARTESIAN_POINT ( 'NONE',  ( 1.749999999999999778, 0.000000000000000000, -0.7499999999999996669 ) ) ;
#5215 = CONTEXT_DEPENDENT_SHAPE_REPRESENTATION ( #5714, #2906 ) ;
#5216 = VECTOR ( 'NONE', #6042, 1000.000000000000000 ) ;
#5217 = PRODUCT_DEFINITION_SHAPE ( 'NONE', 'NONE',  #7181 ) ;
#5218 = ORIENTED_EDGE ( 'NONE', *, *, #1028, .T. ) ;
#5219 = DIRECTION ( 'NONE',  ( 0.000000000000000000, 1.000000000000000000, 0.000000000000000000 ) ) ;
#5220 = ORIENTED_EDGE ( 'NONE', *, *, #617, .F. ) ;
#5221 = CARTESIAN_POINT ( 'NONE',  ( 8.250000000000000000, 1.624999999999999778, -1.250000000000000222 ) ) ;
#5222 = VECTOR ( 'NONE', #4543, 1000.000000000000000 ) ;
#5223 = DIRECTION ( 'NONE',  ( -0.000000000000000000, -0.000000000000000000, 1.000000000000000000 ) ) ;
#5224 = ADVANCED_BREP_SHAPE_REPRESENTATION ( '', ( #2587, #5273 ), #3881 ) ;
#5225 = AXIS2_PLACEMENT_3D ( 'NONE', #6507, #3208, #297 ) ;
#5226 = CARTESIAN_POINT ( 'NONE',  ( -6.250000000000001776, 0.000000000000000000, -0.7499999999999995559 ) ) ;
#5227 = CARTESIAN_POINT ( 'NONE',  ( 12.00000000000000000, -6.245004513516504307E-17, 8.326672684688674053E-17 ) ) ;
#5228 = CARTESIAN_POINT ( 'NONE',  ( 15.95000000000000284, 6.500000000000000000, 0.1250000000000001110 ) ) ;
#5229 = ADVANCED_FACE ( 'NONE', ( #4316 ), #6562, .T. ) ;
#5230 = VECTOR ( 'NONE', #6576, 1000.000000000000000 ) ;
#5231 = VECTOR ( 'NONE', #191, 1000.000000000000000 ) ;
#5232 = VERTEX_POINT ( 'NONE', #3879 ) ;
#5233 = CARTESIAN_POINT ( 'NONE',  ( -15.12500000000000000, 2.299999999999999822, -4.870572098594920796 ) ) ;
#5234 = VECTOR ( 'NONE', #1944, 1000.000000000000000 ) ;
#5235 = DIRECTION ( 'NONE',  ( -0.000000000000000000, -0.000000000000000000, 1.000000000000000000 ) ) ;
#5236 = DIRECTION ( 'NONE',  ( 0.000000000000000000, 0.000000000000000000, 1.000000000000000000 ) ) ;
#5237 = VECTOR ( 'NONE', #6269, 1000.000000000000000 ) ;
#5238 = ADVANCED_FACE ( 'NONE', ( #3803 ), #3839, .T. ) ;
#5239 = PLANE ( 'NONE',  #6670 ) ;
#5240 = LINE ( 'NONE', #1418, #24 ) ;
#5241 = ORIENTED_EDGE ( 'NONE', *, *, #6485, .F. ) ;
#5242 = DIRECTION ( 'NONE',  ( 0.000000000000000000, 0.000000000000000000, -1.000000000000000000 ) ) ;
#5243 = VECTOR ( 'NONE', #5793, 1000.000000000000000 ) ;
#5244 = CARTESIAN_POINT ( 'NONE',  ( -6.250000000000001776, 0.000000000000000000, -0.7499999999999995559 ) ) ;
#5245 = CARTESIAN_POINT ( 'NONE',  ( -15.95000000000000284, 6.500000000000000000, 0.1250000000000001110 ) ) ;
#5246 = EDGE_CURVE ( 'NONE', #5113, #3528, #6630, .T. ) ;
#5247 = VERTEX_POINT ( 'NONE', #5042 ) ;
#5248 = VECTOR ( 'NONE', #2241, 1000.000000000000000 ) ;
#5249 = DIRECTION ( 'NONE',  ( -0.000000000000000000, -0.000000000000000000, -1.000000000000000000 ) ) ;
#5250 = VERTEX_POINT ( 'NONE', #3259 ) ;
#5251 = DIRECTION ( 'NONE',  ( 1.000000000000000000, 0.000000000000000000, -0.000000000000000000 ) ) ;
#5252 = ORIENTED_EDGE ( 'NONE', *, *, #558, .F. ) ;
#5253 = ORIENTED_EDGE ( 'NONE', *, *, #5966, .F. ) ;
#5254 = VECTOR ( 'NONE', #5442, 1000.000000000000000 ) ;
#5255 = ORIENTED_EDGE ( 'NONE', *, *, #2318, .F. ) ;
#5256 = CARTESIAN_POINT ( 'NONE',  ( -10.24999999999999822, 1.624999999999999778, 0.7500000000000001110 ) ) ;
#5257 = ORIENTED_EDGE ( 'NONE', *, *, #6292, .F. ) ;
#5258 = DIRECTION ( 'NONE',  ( 1.000000000000000000, -9.842402700577615253E-16, 0.000000000000000000 ) ) ;
#5259 = VECTOR ( 'NONE', #5999, 1000.000000000000000 ) ;
#5260 = CARTESIAN_POINT ( 'NONE',  ( -11.75000000000000000, 0.000000000000000000, -0.7499999999999994449 ) ) ;
#5261 = DIRECTION ( 'NONE',  ( 1.000000000000000000, 0.000000000000000000, 0.000000000000000000 ) ) ;
#5262 = VECTOR ( 'NONE', #2833, 1000.000000000000000 ) ;
#5263 = CARTESIAN_POINT ( 'NONE',  ( 13.75000000000000000, 0.000000000000000000, -0.7499999999999997780 ) ) ;
#5264 = ORIENTED_EDGE ( 'NONE', *, *, #3660, .T. ) ;
#5265 = CARTESIAN_POINT ( 'NONE',  ( -14.53500000000000369, 1.624999999999999778, -0.7499999999999994449 ) ) ;
#5266 = EDGE_CURVE ( 'NONE', #3186, #1038, #474, .T. ) ;
#5267 = CARTESIAN_POINT ( 'NONE',  ( 7.750000000000000000, 6.500000000000003553, -0.7499999999999996669 ) ) ;
#5268 = VECTOR ( 'NONE', #2520, 999.9999999999998863 ) ;
#5269 = DIRECTION ( 'NONE',  ( 0.7071067811865536790, 0.7071067811865414665, -0.000000000000000000 ) ) ;
#5270 = DIRECTION ( 'NONE',  ( 0.000000000000000000, -2.188853373384112515E-19, 1.000000000000000000 ) ) ;
#5271 = PLANE ( 'NONE',  #2552 ) ;
#5272 = EDGE_CURVE ( 'NONE', #6718, #4375, #6741, .T. ) ;
#5273 = AXIS2_PLACEMENT_3D ( 'NONE', #1344, #4691, #1450 ) ;
#5274 = CARTESIAN_POINT ( 'NONE',  ( -2.250000000000000444, 6.500000000000003553, 0.7500000000000000000 ) ) ;
#5275 = DIRECTION ( 'NONE',  ( 1.000000000000000000, -0.000000000000000000, -0.000000000000000000 ) ) ;
#5276 = PRODUCT_DEFINITION_SHAPE ( 'NONE', 'NONE',  #7182 ) ;
#5277 = FACE_OUTER_BOUND ( 'NONE', #176, .T. ) ;
#5278 = PRODUCT_DEFINITION_FORMATION_WITH_SPECIFIED_SOURCE ( 'ANY', '', #3936, .NOT_KNOWN. ) ;
#5279 = FACE_OUTER_BOUND ( 'NONE', #335, .T. ) ;
#5280 = EDGE_CURVE ( 'NONE', #1866, #1807, #3942, .T. ) ;
#5281 = LINE ( 'NONE', #5245, #623 ) ;
#5282 = VERTEX_POINT ( 'NONE', #7157 ) ;
#5283 = VERTEX_POINT ( 'NONE', #3362 ) ;
#5284 = FACE_OUTER_BOUND ( 'NONE', #6842, .T. ) ;
#5285 = DIRECTION ( 'NONE',  ( 0.000000000000000000, -1.000000000000000000, 0.000000000000000000 ) ) ;
#5286 = EDGE_CURVE ( 'NONE', #2321, #4561, #3400, .T. ) ;
#5287 = LINE ( 'NONE', #5214, #4060 ) ;
#5288 = EDGE_LOOP ( 'NONE', ( #2627, #449, #103, #5553 ) ) ;
#5289 = CARTESIAN_POINT ( 'NONE',  ( -11.75000000000000000, 1.624999999999999778, 0.7500000000000001110 ) ) ;
#5290 = VERTEX_POINT ( 'NONE', #4965 ) ;
#5291 = LINE ( 'NONE', #7004, #4746 ) ;
#5292 = CARTESIAN_POINT ( 'NONE',  ( -14.25000000000000178, 6.500000000000003553, -0.7499999999999994449 ) ) ;
#5293 = DIRECTION ( 'NONE',  ( -1.000000000000000000, 0.000000000000000000, 0.000000000000000000 ) ) ;
#5294 = EDGE_CURVE ( 'NONE', #771, #1353, #4896, .T. ) ;
#5295 = PLANE ( 'NONE',  #5860 ) ;
#5296 = LINE ( 'NONE', #2023, #5954 ) ;
#5297 = ORIENTED_EDGE ( 'NONE', *, *, #4128, .T. ) ;
#5298 = VERTEX_POINT ( 'NONE', #4938 ) ;
#5299 = EDGE_LOOP ( 'NONE', ( #5030, #746, #4087, #2446 ) ) ;
#5300 = CARTESIAN_POINT ( 'NONE',  ( -15.45000000000000107, 6.500000000000000000, 2.225000000000000089 ) ) ;
#5301 = DIRECTION ( 'NONE',  ( 1.000000000000000000, -0.000000000000000000, -0.000000000000000000 ) ) ;
#5302 = CARTESIAN_POINT ( 'NONE',  ( 7.750000000000000000, 1.624999999999999778, -0.7499999999999996669 ) ) ;
#5303 = LINE ( 'NONE', #4795, #368 ) ;
#5304 = ADVANCED_FACE ( 'NONE', ( #3888 ), #616, .F. ) ;
#5305 = CARTESIAN_POINT ( 'NONE',  ( 2.250000000000000444, 0.000000000000000000, 0.7499999999999998890 ) ) ;
#5306 = ORIENTED_EDGE ( 'NONE', *, *, #5349, .T. ) ;
#5307 = LINE ( 'NONE', #6462, #4170 ) ;
#5308 = PLANE ( 'NONE',  #6320 ) ;
#5309 = DIRECTION ( 'NONE',  ( -1.000000000000000000, -0.000000000000000000, -0.000000000000000000 ) ) ;
#5310 = ORIENTED_EDGE ( 'NONE', *, *, #3700, .F. ) ;
#5311 = PLANE ( 'NONE',  #1259 ) ;
#5312 = EDGE_CURVE ( 'NONE', #2976, #3494, #6073, .T. ) ;
#5313 = CARTESIAN_POINT ( 'NONE',  ( -13.75000000000000178, 6.500000000000003553, 0.7500000000000001110 ) ) ;
#5314 = ORIENTED_EDGE ( 'NONE', *, *, #4594, .T. ) ;
#5315 = ORIENTED_EDGE ( 'NONE', *, *, #852, .F. ) ;
#5316 = CARTESIAN_POINT ( 'NONE',  ( 5.750000000000000000, 1.624999999999999778, -1.250000000000000222 ) ) ;
#5317 = ORIENTED_EDGE ( 'NONE', *, *, #5862, .T. ) ;
#5318 = FACE_BOUND ( 'NONE', #291, .T. ) ;
#5319 = ORIENTED_EDGE ( 'NONE', *, *, #6141, .T. ) ;
#5320 = CARTESIAN_POINT ( 'NONE',  ( -6.250000000000001776, 1.624999999999999778, 1.250000000000000444 ) ) ;
#5321 = EDGE_LOOP ( 'NONE', ( #5415, #1426, #6995, #7046 ) ) ;
#5322 = DIRECTION ( 'NONE',  ( -0.000000000000000000, 0.000000000000000000, 1.000000000000000000 ) ) ;
#5323 = EDGE_CURVE ( 'NONE', #3095, #3406, #12, .T. ) ;
#5324 = EDGE_LOOP ( 'NONE', ( #592, #6396, #2715, #56 ) ) ;
#5325 = FACE_OUTER_BOUND ( 'NONE', #3023, .T. ) ;
#5326 = DIRECTION ( 'NONE',  ( -0.000000000000000000, -1.000000000000000000, -0.000000000000000000 ) ) ;
#5327 = CARTESIAN_POINT ( 'NONE',  ( -9.749999999999998224, 1.624999999999999778, -1.250000000000000000 ) ) ;
#5328 = AXIS2_PLACEMENT_3D ( 'NONE', #1136, #5564, #1538 ) ;
#5329 = FACE_OUTER_BOUND ( 'NONE', #7133, .T. ) ;
#5330 = CARTESIAN_POINT ( 'NONE',  ( -13.75000000000000000, 5.100252258054545074, -0.7500000000000001110 ) ) ;
#5331 = AXIS2_PLACEMENT_3D ( 'NONE', #1815, #6256, #1747 ) ;
#5332 = AXIS2_PLACEMENT_3D ( 'NONE', #6031, #4587, #1620 ) ;
#5333 = EDGE_CURVE ( 'NONE', #2822, #3725, #1663, .T. ) ;
#5334 = VERTEX_POINT ( 'NONE', #1116 ) ;
#5335 = EDGE_LOOP ( 'NONE', ( #2270, #4093, #4585, #4303 ) ) ;
#5336 = EDGE_LOOP ( 'NONE', ( #998, #4933, #5738, #4215 ) ) ;
#5337 = FACE_OUTER_BOUND ( 'NONE', #553, .T. ) ;
#5338 = DIRECTION ( 'NONE',  ( 1.000000000000000000, 0.000000000000000000, 0.000000000000000000 ) ) ;
#5339 = SHAPE_REPRESENTATION_RELATIONSHIP ( 'NONE' , 'NONE' ,  #6340, #3479 ) ;
#5340 = DIRECTION ( 'NONE',  ( -0.000000000000000000, 0.000000000000000000, -1.000000000000000000 ) ) ;
#5341 = VERTEX_POINT ( 'NONE', #3329 ) ;
#5342 = VECTOR ( 'NONE', #3802, 1000.000000000000000 ) ;
#5343 = EDGE_LOOP ( 'NONE', ( #2804, #1728, #5777, #2234 ) ) ;
#5344 = VECTOR ( 'NONE', #4818, 1000.000000000000000 ) ;
#5345 = DIRECTION ( 'NONE',  ( 0.000000000000000000, -0.000000000000000000, 1.000000000000000000 ) ) ;
#5346 = VECTOR ( 'NONE', #1751, 1000.000000000000000 ) ;
#5347 = VERTEX_POINT ( 'NONE', #579 ) ;
#5348 = CARTESIAN_POINT ( 'NONE',  ( -13.46499999999999986, 5.150000000000004796, 2.500000000000000000 ) ) ;
#5349 = EDGE_CURVE ( 'NONE', #411, #4899, #2779, .T. ) ;
#5350 = CARTESIAN_POINT ( 'NONE',  ( -13.46499999999999986, 5.150000000000004796, -4.870572098594920796 ) ) ;
#5351 = CARTESIAN_POINT ( 'NONE',  ( -8.249999999999996447, 6.500000000000003553, -1.250000000000000000 ) ) ;
#5352 = AXIS2_PLACEMENT_3D ( 'NONE', #630, #661, #5055 ) ;
#5353 = ORIENTED_EDGE ( 'NONE', *, *, #5172, .T. ) ;
#5354 = ADVANCED_FACE ( 'NONE', ( #2262 ), #4461, .T. ) ;
#5355 = ORIENTED_EDGE ( 'NONE', *, *, #4473, .T. ) ;
#5356 = EDGE_CURVE ( 'NONE', #1829, #4354, #4492, .T. ) ;
#5357 = VECTOR ( 'NONE', #3976, 1000.000000000000000 ) ;
#5358 = CARTESIAN_POINT ( 'NONE',  ( 12.46499999999999986, 1.625000000000001332, 2.225000000000000089 ) ) ;
#5359 = VERTEX_POINT ( 'NONE', #2444 ) ;
#5360 = ADVANCED_FACE ( 'NONE', ( #6850 ), #6279, .T. ) ;
#5361 = CARTESIAN_POINT ( 'NONE',  ( 4.250000000000000000, 0.000000000000000000, -0.7499999999999996669 ) ) ;
#5362 = EDGE_CURVE ( 'NONE', #5195, #1377, #4293, .T. ) ;
#5363 = VECTOR ( 'NONE', #659, 1000.000000000000000 ) ;
#5364 = ORIENTED_EDGE ( 'NONE', *, *, #1487, .F. ) ;
#5365 = DIRECTION ( 'NONE',  ( -0.000000000000000000, 0.000000000000000000, 1.000000000000000000 ) ) ;
#5366 = ORIENTED_EDGE ( 'NONE', *, *, #1354, .F. ) ;
#5367 = EDGE_LOOP ( 'NONE', ( #5646, #1313, #2736, #6139 ) ) ;
#5368 = FACE_OUTER_BOUND ( 'NONE', #4924, .T. ) ;
#5369 = DIRECTION ( 'NONE',  ( 0.000000000000000000, -1.000000000000000000, -1.338521200599385475E-16 ) ) ;
#5370 = CARTESIAN_POINT ( 'NONE',  ( -4.250000000000000000, 0.000000000000000000, 0.7500000000000000000 ) ) ;
#5371 = VECTOR ( 'NONE', #3467, 1000.000000000000000 ) ;
#5372 = CARTESIAN_POINT ( 'NONE',  ( 15.95000000000000284, 0.000000000000000000, 2.500000000000000444 ) ) ;
#5373 = DIRECTION ( 'NONE',  ( 1.000000000000000000, 0.000000000000000000, 0.000000000000000000 ) ) ;
#5374 = EDGE_CURVE ( 'NONE', #3682, #5290, #4880, .T. ) ;
#5375 = VECTOR ( 'NONE', #1223, 1000.000000000000000 ) ;
#5376 = CARTESIAN_POINT ( 'NONE',  ( -12.24000000000000909, 5.375000000000000000, -2.500000000000000444 ) ) ;
#5377 = ORIENTED_EDGE ( 'NONE', *, *, #6123, .T. ) ;
#5378 = ORIENTED_EDGE ( 'NONE', *, *, #3913, .T. ) ;
#5379 = ORIENTED_EDGE ( 'NONE', *, *, #794, .F. ) ;
#5380 = LINE ( 'NONE', #3664, #5234 ) ;
#5381 = EDGE_LOOP ( 'NONE', ( #4297, #4956, #6248, #5597 ) ) ;
#5382 = DIRECTION ( 'NONE',  ( 1.000000000000000000, 0.000000000000000000, 0.000000000000000000 ) ) ;
#5383 = EDGE_CURVE ( 'NONE', #2148, #6819, #2867, .T. ) ;
#5384 = SURFACE_STYLE_FILL_AREA ( #5894 ) ;
#5385 = CARTESIAN_POINT ( 'NONE',  ( -15.95000000000000284, 6.500000000000000000, 0.1250000000000001110 ) ) ;
#5386 = ORIENTED_EDGE ( 'NONE', *, *, #1270, .F. ) ;
#5387 = VECTOR ( 'NONE', #1969, 1000.000000000000000 ) ;
#5388 = EDGE_CURVE ( 'NONE', #3075, #6949, #4584, .T. ) ;
#5389 = AXIS2_PLACEMENT_3D ( 'NONE', #5852, #1561, #4205 ) ;
#5390 = CARTESIAN_POINT ( 'NONE',  ( -4.250000000000000000, 0.000000000000000000, -0.7499999999999995559 ) ) ;
#5391 = VERTEX_POINT ( 'NONE', #6097 ) ;
#5392 = LINE ( 'NONE', #3749, #1495 ) ;
#5393 = DIRECTION ( 'NONE',  ( 1.000000000000000000, -1.208177614423795264E-16, 0.000000000000000000 ) ) ;
#5394 = DIRECTION ( 'NONE',  ( 0.000000000000000000, 0.000000000000000000, -1.000000000000000000 ) ) ;
#5395 = DIRECTION ( 'NONE',  ( -0.7071067811865435759, -0.7071067811865515695, 0.000000000000000000 ) ) ;
#5396 = EDGE_CURVE ( 'NONE', #2160, #1565, #5554, .T. ) ;
#5397 = AXIS2_PLACEMENT_3D ( 'NONE', #6483, #3771, #6403 ) ;
#5398 = EDGE_LOOP ( 'NONE', ( #3087, #3041, #6988, #3063 ) ) ;
#5399 = CARTESIAN_POINT ( 'NONE',  ( 0.2500000000000002220, 0.000000000000000000, 0.7500000000000000000 ) ) ;
#5400 = DIRECTION ( 'NONE',  ( 0.5000000000000007772, -0.8660254037844381525, 0.000000000000000000 ) ) ;
#5401 = ORIENTED_EDGE ( 'NONE', *, *, #2380, .F. ) ;
#5402 = LINE ( 'NONE', #1464, #4882 ) ;
#5403 = ORIENTED_EDGE ( 'NONE', *, *, #4711, .F. ) ;
#5404 = CARTESIAN_POINT ( 'NONE',  ( 12.46500000000000341, 5.149999999999998579, -4.870572098594920796 ) ) ;
#5405 = ORIENTED_EDGE ( 'NONE', *, *, #1932, .T. ) ;
#5406 = EDGE_LOOP ( 'NONE', ( #6824, #1406, #379, #1554 ) ) ;
#5407 = CARTESIAN_POINT ( 'NONE',  ( 3.750000000000000000, 6.500000000000003553, -0.7499999999999996669 ) ) ;
#5408 = CARTESIAN_POINT ( 'NONE',  ( -15.95000000000000284, 6.275000000000004796, -0.1000000000000002137 ) ) ;
#5409 = LINE ( 'NONE', #1693, #484 ) ;
#5410 = CARTESIAN_POINT ( 'NONE',  ( 15.45000000000000107, 4.250000000000000000, -0.8500000000000005329 ) ) ;
#5411 = DIRECTION ( 'NONE',  ( 1.000000000000000000, 0.000000000000000000, 0.000000000000000000 ) ) ;
#5412 = LINE ( 'NONE', #4822, #1900 ) ;
#5413 = EDGE_CURVE ( 'NONE', #1038, #2512, #624, .T. ) ;
#5414 = ORIENTED_EDGE ( 'NONE', *, *, #1913, .F. ) ;
#5415 = ORIENTED_EDGE ( 'NONE', *, *, #2128, .T. ) ;
#5416 = ORIENTED_EDGE ( 'NONE', *, *, #3943, .F. ) ;
#5417 = CARTESIAN_POINT ( 'NONE',  ( 11.75000000000000000, 6.500000000000003553, -0.7499999999999997780 ) ) ;
#5418 = ORIENTED_EDGE ( 'NONE', *, *, #6211, .F. ) ;
#5419 = DIRECTION ( 'NONE',  ( -0.000000000000000000, 0.000000000000000000, 1.000000000000000000 ) ) ;
#5420 = LINE ( 'NONE', #2643, #1778 ) ;
#5421 = DIRECTION ( 'NONE',  ( -1.000000000000000000, 5.204170427930419742E-18, -6.938893903907228378E-18 ) ) ;
#5422 = DIRECTION ( 'NONE',  ( 0.000000000000000000, -1.000000000000000000, 0.000000000000000000 ) ) ;
#5423 = ORIENTED_EDGE ( 'NONE', *, *, #4371, .F. ) ;
#5424 = LINE ( 'NONE', #5863, #1409 ) ;
#5425 = ORIENTED_EDGE ( 'NONE', *, *, #549, .T. ) ;
#5426 = CARTESIAN_POINT ( 'NONE',  ( -14.25000000000000178, 0.000000000000000000, -0.7499999999999994449 ) ) ;
#5427 = CARTESIAN_POINT ( 'NONE',  ( -5.750000000000001776, 1.624999999999999778, 1.250000000000000444 ) ) ;
#5428 = CARTESIAN_POINT ( 'NONE',  ( -12.46500000000000163, 5.149999999999998579, -4.870572098594920796 ) ) ;
#5429 = FACE_OUTER_BOUND ( 'NONE', #1832, .T. ) ;
#5430 = ORIENTED_EDGE ( 'NONE', *, *, #1959, .T. ) ;
#5431 = LINE ( 'NONE', #3132, #2697 ) ;
#5432 = EDGE_LOOP ( 'NONE', ( #5635, #4605, #5996, #1753 ) ) ;
#5433 = CARTESIAN_POINT ( 'NONE',  ( -14.49999999999999822, 3.649999999999999911, -4.870572098594920796 ) ) ;
#5434 = VERTEX_POINT ( 'NONE', #5012 ) ;
#5435 = CARTESIAN_POINT ( 'NONE',  ( 4.250000000000000000, 6.500000000000003553, 0.7499999999999998890 ) ) ;
#5436 = ORIENTED_EDGE ( 'NONE', *, *, #5776, .T. ) ;
#5437 = ORIENTED_EDGE ( 'NONE', *, *, #1476, .F. ) ;
#5438 = DIRECTION ( 'NONE',  ( -0.3236155771181846164, -0.8891264907159879272, -0.3236155771181860596 ) ) ;
#5439 = CARTESIAN_POINT ( 'NONE',  ( -6.250000000000001776, 6.500000000000003553, 1.250000000000000444 ) ) ;
#5440 = CARTESIAN_POINT ( 'NONE',  ( -6.535000000000004583, 1.624999999999999778, -1.250000000000000000 ) ) ;
#5441 = DIRECTION ( 'NONE',  ( 1.195124682037070119E-16, -1.000000000000000000, 0.000000000000000000 ) ) ;
#5442 = DIRECTION ( 'NONE',  ( 0.000000000000000000, -1.000000000000000000, 0.000000000000000000 ) ) ;
#5443 = ORIENTED_EDGE ( 'NONE', *, *, #5286, .T. ) ;
#5444 = ORIENTED_EDGE ( 'NONE', *, *, #4219, .T. ) ;
#5445 = EDGE_CURVE ( 'NONE', #3066, #6702, #4532, .T. ) ;
#5446 = ORIENTED_EDGE ( 'NONE', *, *, #1948, .F. ) ;
#5447 = DIRECTION ( 'NONE',  ( 1.000000000000000000, 0.000000000000000000, 0.000000000000000000 ) ) ;
#5448 = PLANE ( 'NONE',  #7171 ) ;
#5449 = PRESENTATION_STYLE_ASSIGNMENT (( #2684 ) ) ;
#5450 = CARTESIAN_POINT ( 'NONE',  ( 14.76499999999999879, 5.624999999999997335, -2.500000000000000444 ) ) ;
#5451 = EDGE_CURVE ( 'NONE', #4872, #2081, #59, .T. ) ;
#5452 = VECTOR ( 'NONE', #2720, 1000.000000000000000 ) ;
#5453 = VECTOR ( 'NONE', #5512, 1000.000000000000000 ) ;
#5454 = VERTEX_POINT ( 'NONE', #196 ) ;
#5455 = DIRECTION ( 'NONE',  ( 0.000000000000000000, 0.000000000000000000, -1.000000000000000000 ) ) ;
#5456 = EDGE_LOOP ( 'NONE', ( #2079, #1706, #726, #1583 ) ) ;
#5457 = CARTESIAN_POINT ( 'NONE',  ( 10.25000000000000000, 1.624999999999999778, -4.870572098594920796 ) ) ;
#5458 = VECTOR ( 'NONE', #1124, 1000.000000000000000 ) ;
#5459 = CARTESIAN_POINT ( 'NONE',  ( -14.51500000000000057, 5.375000000000000000, -2.500000000000000444 ) ) ;
#5460 = AXIS2_PLACEMENT_3D ( 'NONE', #4991, #1213, #3973 ) ;
#5461 = CARTESIAN_POINT ( 'NONE',  ( 8.250000000000000000, 1.624999999999999778, -4.870572098594920796 ) ) ;
#5462 = CARTESIAN_POINT ( 'NONE',  ( 1.749999999999999778, 6.500000000000003553, 1.250000000000000444 ) ) ;
#5463 = EDGE_CURVE ( 'NONE', #7032, #4872, #5701, .T. ) ;
#5464 = VECTOR ( 'NONE', #1175, 1000.000000000000000 ) ;
#5465 = DIRECTION ( 'NONE',  ( -1.000000000000000000, 1.208177614423795264E-16, 0.000000000000000000 ) ) ;
#5466 = AXIS2_PLACEMENT_3D ( 'NONE', #1687, #4332, #4480 ) ;
#5467 = CARTESIAN_POINT ( 'NONE',  ( 2.250000000000000444, 6.500000000000003553, -1.250000000000000000 ) ) ;
#5468 = CARTESIAN_POINT ( 'NONE',  ( -12.25000000000000000, 6.500000000000003553, 0.7500000000000001110 ) ) ;
#5469 = ORIENTED_EDGE ( 'NONE', *, *, #4866, .F. ) ;
#5470 = AXIS2_PLACEMENT_3D ( 'NONE', #3693, #838, #3042 ) ;
#5471 = DIRECTION ( 'NONE',  ( -1.000000000000000000, -0.000000000000000000, -0.000000000000000000 ) ) ;
#5472 = ADVANCED_FACE ( 'NONE', ( #6151 ), #2346, .F. ) ;
#5473 = EDGE_CURVE ( 'NONE', #4415, #6963, #2235, .T. ) ;
#5474 = ORIENTED_EDGE ( 'NONE', *, *, #3698, .T. ) ;
#5475 = VECTOR ( 'NONE', #5549, 1000.000000000000114 ) ;
#5476 = CARTESIAN_POINT ( 'NONE',  ( -15.45000000000000107, 4.250000000000000000, -0.1000000000000004774 ) ) ;
#5477 = ORIENTED_EDGE ( 'NONE', *, *, #6791, .T. ) ;
#5478 = VERTEX_POINT ( 'NONE', #5260 ) ;
#5479 = DIRECTION ( 'NONE',  ( 0.000000000000000000, 0.000000000000000000, 1.000000000000000000 ) ) ;
#5480 = CARTESIAN_POINT ( 'NONE',  ( -12.53500000000000192, 1.624999999999999778, 0.7500000000000001110 ) ) ;
#5481 =( REPRESENTATION_RELATIONSHIP ('NONE','NONE', #1131, #6340 ) REPRESENTATION_RELATIONSHIP_WITH_TRANSFORMATION ( #4741 )SHAPE_REPRESENTATION_RELATIONSHIP( ) );
#5482 = CONTEXT_DEPENDENT_SHAPE_REPRESENTATION ( #5153, #2605 ) ;
#5483 = DIRECTION ( 'NONE',  ( 0.5000000000000002220, 0.8660254037844384856, 0.000000000000000000 ) ) ;
#5484 = VECTOR ( 'NONE', #1534, 1000.000000000000000 ) ;
#5485 = CARTESIAN_POINT ( 'NONE',  ( 5.750000000000000000, 6.500000000000003553, -1.250000000000000222 ) ) ;
#5486 = VERTEX_POINT ( 'NONE', #3580 ) ;
#5487 = VERTEX_POINT ( 'NONE', #2998 ) ;
#5488 = VECTOR ( 'NONE', #547, 1000.000000000000000 ) ;
#5489 = DIRECTION ( 'NONE',  ( -1.000000000000000000, 0.000000000000000000, -0.000000000000000000 ) ) ;
#5490 = ORIENTED_EDGE ( 'NONE', *, *, #3909, .T. ) ;
#5491 = CARTESIAN_POINT ( 'NONE',  ( 6.000000000000000000, -3.122502256758252154E-17, 4.163336342344337027E-17 ) ) ;
#5492 = PLANE ( 'NONE',  #5685 ) ;
#5493 = VECTOR ( 'NONE', #392, 1000.000000000000000 ) ;
#5494 = DIRECTION ( 'NONE',  ( 1.000000000000000000, -0.000000000000000000, -0.000000000000000000 ) ) ;
#5495 = ORIENTED_EDGE ( 'NONE', *, *, #6398, .F. ) ;
#5496 = DIRECTION ( 'NONE',  ( 0.000000000000000000, 0.000000000000000000, -1.000000000000000000 ) ) ;
#5497 = ORIENTED_EDGE ( 'NONE', *, *, #2211, .T. ) ;
#5498 = DIRECTION ( 'NONE',  ( 0.000000000000000000, 0.000000000000000000, -1.000000000000000000 ) ) ;
#5499 = VECTOR ( 'NONE', #3311, 1000.000000000000000 ) ;
#5500 = CARTESIAN_POINT ( 'NONE',  ( -14.25000000000000178, 1.624999999999999778, -0.7499999999999994449 ) ) ;
#5501 = CARTESIAN_POINT ( 'NONE',  ( 5.464999999999998082, 1.624999999999999778, 1.250000000000000222 ) ) ;
#5502 = VECTOR ( 'NONE', #6044, 1000.000000000000000 ) ;
#5503 = ORIENTED_EDGE ( 'NONE', *, *, #465, .T. ) ;
#5504 = LINE ( 'NONE', #4955, #6910 ) ;
#5505 = ORIENTED_EDGE ( 'NONE', *, *, #4377, .F. ) ;
#5506 = ORIENTED_EDGE ( 'NONE', *, *, #1452, .T. ) ;
#5507 = AXIS2_PLACEMENT_3D ( 'NONE', #832, #5116, #3516 ) ;
#5508 = CARTESIAN_POINT ( 'NONE',  ( 15.45000000000000284, 6.500000000000000000, 2.225000000000000089 ) ) ;
#5509 = EDGE_LOOP ( 'NONE', ( #2631, #5905, #582, #6542 ) ) ;
#5510 = LINE ( 'NONE', #2184, #381 ) ;
#5511 = EDGE_LOOP ( 'NONE', ( #3767, #3714, #5366, #4623 ) ) ;
#5512 = DIRECTION ( 'NONE',  ( 1.000000000000000000, 0.000000000000000000, 0.000000000000000000 ) ) ;
#5513 = CARTESIAN_POINT ( 'NONE',  ( 14.49999999999999822, 3.649999999999999911, -4.870572098594920796 ) ) ;
#5514 = DIRECTION ( 'NONE',  ( 0.000000000000000000, 0.000000000000000000, 1.000000000000000000 ) ) ;
#5515 = ITEM_DEFINED_TRANSFORMATION ( 'NONE', 'NONE', #2943,  #5273 ) ;
#5516 = CARTESIAN_POINT ( 'NONE',  ( 4.250000000000000000, 6.500000000000003553, 0.7499999999999998890 ) ) ;
#5517 =( NAMED_UNIT ( * ) SI_UNIT ( $, .STERADIAN. ) SOLID_ANGLE_UNIT ( ) );
#5518 = CARTESIAN_POINT ( 'NONE',  ( 10.25000000000000000, 1.624999999999999778, 0.7499999999999997780 ) ) ;
#5519 = DIRECTION ( 'NONE',  ( 1.000000000000000000, 0.000000000000000000, 0.000000000000000000 ) ) ;
#5520 = EDGE_CURVE ( 'NONE', #16, #1812, #1364, .T. ) ;
#5521 = ORIENTED_EDGE ( 'NONE', *, *, #1459, .T. ) ;
#5522 = ORIENTED_EDGE ( 'NONE', *, *, #1977, .T. ) ;
#5523 = ORIENTED_EDGE ( 'NONE', *, *, #6600, .T. ) ;
#5524 = EDGE_CURVE ( 'NONE', #2803, #3612, #897, .T. ) ;
#5525 = DIRECTION ( 'NONE',  ( -0.000000000000000000, 0.000000000000000000, -1.000000000000000000 ) ) ;
#5526 = ORIENTED_EDGE ( 'NONE', *, *, #5286, .F. ) ;
#5527 = DIRECTION ( 'NONE',  ( 0.000000000000000000, 0.000000000000000000, -1.000000000000000000 ) ) ;
#5528 = EDGE_CURVE ( 'NONE', #3844, #3066, #4055, .T. ) ;
#5529 = CARTESIAN_POINT ( 'NONE',  ( -5.750000000000001776, 0.000000000000000000, 0.7500000000000000000 ) ) ;
#5530 = CARTESIAN_POINT ( 'NONE',  ( -14.76499999999999879, 5.624999999999993783, -2.500000000000000444 ) ) ;
#5531 = DIRECTION ( 'NONE',  ( 0.000000000000000000, 0.000000000000000000, 1.000000000000000000 ) ) ;
#5532 = CARTESIAN_POINT ( 'NONE',  ( -2.250000000000000444, 0.000000000000000000, 1.250000000000000444 ) ) ;
#5533 = ORIENTED_EDGE ( 'NONE', *, *, #4491, .T. ) ;
#5534 = PRODUCT_DEFINITION_SHAPE ( 'NONE', 'NONE',  #7193 ) ;
#5535 = ORIENTED_EDGE ( 'NONE', *, *, #532, .T. ) ;
#5536 = DIRECTION ( 'NONE',  ( 1.000000000000000000, 0.000000000000000000, 0.000000000000000000 ) ) ;
#5537 = ORIENTED_EDGE ( 'NONE', *, *, #3417, .T. ) ;
#5538 = CARTESIAN_POINT ( 'NONE',  ( -10.24999999999999822, 6.500000000000003553, 0.7500000000000001110 ) ) ;
#5539 = EDGE_CURVE ( 'NONE', #6949, #5579, #4133, .T. ) ;
#5540 = ORIENTED_EDGE ( 'NONE', *, *, #2542, .F. ) ;
#5541 = FACE_BOUND ( 'NONE', #2885, .T. ) ;
#5542 = ORIENTED_EDGE ( 'NONE', *, *, #918, .T. ) ;
#5543 = CARTESIAN_POINT ( 'NONE',  ( -15.95000000000000284, 6.275000000000004796, -0.1000000000000002137 ) ) ;
#5544 = LINE ( 'NONE', #648, #853 ) ;
#5545 = ITEM_DEFINED_TRANSFORMATION ( 'NONE', 'NONE', #6455,  #5273 ) ;
#5546 = DIRECTION ( 'NONE',  ( 0.000000000000000000, -0.7071067811865393571, -0.7071067811865555663 ) ) ;
#5547 = ADVANCED_FACE ( 'NONE', ( #2407 ), #5191, .F. ) ;
#5548 = SURFACE_STYLE_FILL_AREA ( #6112 ) ;
#5549 = DIRECTION ( 'NONE',  ( -0.3236155771181826735, -0.8891264907159897035, 0.3236155771181830620 ) ) ;
#5550 = PLANE ( 'NONE',  #3856 ) ;
#5551 = ORIENTED_EDGE ( 'NONE', *, *, #6280, .T. ) ;
#5552 = VERTEX_POINT ( 'NONE', #1438 ) ;
#5553 = ORIENTED_EDGE ( 'NONE', *, *, #1822, .F. ) ;
#5554 = LINE ( 'NONE', #655, #285 ) ;
#5555 = PLANE ( 'NONE',  #3127 ) ;
#5556 = CARTESIAN_POINT ( 'NONE',  ( 11.75000000000000000, 6.500000000000003553, 0.7499999999999997780 ) ) ;
#5557 = ORIENTED_EDGE ( 'NONE', *, *, #2838, .F. ) ;
#5558 = CARTESIAN_POINT ( 'NONE',  ( 15.95000000000000284, 4.250000000000000000, -0.8500000000000005329 ) ) ;
#5559 = CARTESIAN_POINT ( 'NONE',  ( -2.250000000000000444, 6.500000000000003553, -1.250000000000000000 ) ) ;
#5560 = EDGE_LOOP ( 'NONE', ( #3118, #6849, #359, #5557 ) ) ;
#5561 = CARTESIAN_POINT ( 'NONE',  ( -15.95000000000000284, 6.274999999999999467, -0.8500000000000005329 ) ) ;
#5562 = LINE ( 'NONE', #5637, #7119 ) ;
#5563 = CARTESIAN_POINT ( 'NONE',  ( 11.75000000000000000, 0.000000000000000000, 0.7499999999999997780 ) ) ;
#5564 = DIRECTION ( 'NONE',  ( 0.000000000000000000, 0.000000000000000000, -1.000000000000000000 ) ) ;
#5565 = VECTOR ( 'NONE', #5056, 1000.000000000000000 ) ;
#5566 = AXIS2_PLACEMENT_3D ( 'NONE', #308, #4109, #2031 ) ;
#5567 = LINE ( 'NONE', #5467, #618 ) ;
#5568 = AXIS2_PLACEMENT_3D ( 'NONE', #4349, #4820, #1623 ) ;
#5569 = VERTEX_POINT ( 'NONE', #3513 ) ;
#5570 = EDGE_LOOP ( 'NONE', ( #4653, #5604, #1508, #1604 ) ) ;
#5571 = CARTESIAN_POINT ( 'NONE',  ( -11.75000000000000000, 1.624999999999999778, 1.250000000000000666 ) ) ;
#5572 = ORIENTED_EDGE ( 'NONE', *, *, #6302, .F. ) ;
#5573 = CARTESIAN_POINT ( 'NONE',  ( -2.250000000000000444, 6.500000000000003553, 0.7500000000000000000 ) ) ;
#5574 = STYLED_ITEM ( 'NONE', ( #3549 ), #2587 ) ;
#5575 = VECTOR ( 'NONE', #3353, 1000.000000000000000 ) ;
#5576 = EDGE_CURVE ( 'NONE', #4569, #3186, #362, .T. ) ;
#5577 = EDGE_CURVE ( 'NONE', #1659, #283, #1978, .T. ) ;
#5578 = FACE_BOUND ( 'NONE', #6853, .T. ) ;
#5579 = VERTEX_POINT ( 'NONE', #5739 ) ;
#5580 = EDGE_CURVE ( 'NONE', #3494, #6165, #6442, .T. ) ;
#5581 = VECTOR ( 'NONE', #104, 1000.000000000000000 ) ;
#5582 = FACE_OUTER_BOUND ( 'NONE', #1295, .T. ) ;
#5583 = ORIENTED_EDGE ( 'NONE', *, *, #5633, .T. ) ;
#5584 = CONTEXT_DEPENDENT_SHAPE_REPRESENTATION ( #2210, #4644 ) ;
#5585 = AXIS2_PLACEMENT_3D ( 'NONE', #4321, #2162, #4387 ) ;
#5586 = LINE ( 'NONE', #1150, #7138 ) ;
#5587 = DIRECTION ( 'NONE',  ( -0.000000000000000000, 0.000000000000000000, 1.000000000000000000 ) ) ;
#5588 = ORIENTED_EDGE ( 'NONE', *, *, #6668, .T. ) ;
#5589 = ORIENTED_EDGE ( 'NONE', *, *, #2267, .T. ) ;
#5590 = ORIENTED_EDGE ( 'NONE', *, *, #3307, .T. ) ;
#5591 = DIRECTION ( 'NONE',  ( -1.000000000000000000, 0.000000000000000000, -0.000000000000000000 ) ) ;
#5592 = VECTOR ( 'NONE', #6782, 1000.000000000000000 ) ;
#5593 = EDGE_CURVE ( 'NONE', #3110, #1630, #5772, .T. ) ;
#5594 = DIRECTION ( 'NONE',  ( -1.000000000000000000, 0.000000000000000000, 0.000000000000000000 ) ) ;
#5595 = DIRECTION ( 'NONE',  ( 1.000000000000000000, 0.000000000000000000, 0.000000000000000000 ) ) ;
#5596 = AXIS2_PLACEMENT_3D ( 'NONE', #453, #341, #4695 ) ;
#5597 = ORIENTED_EDGE ( 'NONE', *, *, #222, .F. ) ;
#5598 = CARTESIAN_POINT ( 'NONE',  ( 13.46499999999999808, 1.625000000000001332, 2.225000000000000089 ) ) ;
#5599 = EDGE_CURVE ( 'NONE', #5282, #4973, #5881, .T. ) ;
#5600 = CARTESIAN_POINT ( 'NONE',  ( 12.24000000000001087, 5.375000000000002665, -2.225000000000000533 ) ) ;
#5601 = CARTESIAN_POINT ( 'NONE',  ( 7.750000000000000000, 0.000000000000000000, -1.250000000000000222 ) ) ;
#5602 = EDGE_CURVE ( 'NONE', #5009, #5282, #5808, .T. ) ;
#5603 = LINE ( 'NONE', #5087, #3838 ) ;
#5604 = ORIENTED_EDGE ( 'NONE', *, *, #4477, .T. ) ;
#5605 = VECTOR ( 'NONE', #4168, 1000.000000000000000 ) ;
#5606 = VECTOR ( 'NONE', #5850, 1000.000000000000000 ) ;
#5607 = VERTEX_POINT ( 'NONE', #1877 ) ;
#5608 = ORIENTED_EDGE ( 'NONE', *, *, #3084, .F. ) ;
#5609 = EDGE_CURVE ( 'NONE', #2387, #5478, #4096, .T. ) ;
#5610 = CARTESIAN_POINT ( 'NONE',  ( 0.2500000000000002220, 6.500000000000003553, 0.7500000000000000000 ) ) ;
#5611 = EDGE_LOOP ( 'NONE', ( #4045, #1222, #2494, #42 ) ) ;
#5612 = PLANE ( 'NONE',  #3592 ) ;
#5613 = AXIS2_PLACEMENT_3D ( 'NONE', #4107, #2939, #206 ) ;
#5614 = FACE_BOUND ( 'NONE', #6030, .T. ) ;
#5615 = EDGE_LOOP ( 'NONE', ( #4540, #1504, #527, #6541 ) ) ;
#5616 = PLANE ( 'NONE',  #5119 ) ;
#5617 = VECTOR ( 'NONE', #199, 1000.000000000000000 ) ;
#5618 = DIRECTION ( 'NONE',  ( -1.000000000000000000, 0.000000000000000000, -0.000000000000000000 ) ) ;
#5619 = ORIENTED_EDGE ( 'NONE', *, *, #997, .T. ) ;
#5620 = DIRECTION ( 'NONE',  ( 0.000000000000000000, 0.000000000000000000, 1.000000000000000000 ) ) ;
#5621 = ITEM_DEFINED_TRANSFORMATION ( 'NONE', 'NONE', #3527,  #5273 ) ;
#5622 =( GEOMETRIC_REPRESENTATION_CONTEXT ( 3 ) GLOBAL_UNCERTAINTY_ASSIGNED_CONTEXT ( ( #1069 ) ) GLOBAL_UNIT_ASSIGNED_CONTEXT ( ( #4204, #4312, #5922 ) ) REPRESENTATION_CONTEXT ( 'NONE', 'WORKASPACE' ) );
#5623 = CARTESIAN_POINT ( 'NONE',  ( 3.750000000000000000, 1.624999999999999778, -1.250000000000000000 ) ) ;
#5624 = LINE ( 'NONE', #2851, #2110 ) ;
#5625 = VERTEX_POINT ( 'NONE', #3036 ) ;
#5626 = ORIENTED_EDGE ( 'NONE', *, *, #5900, .F. ) ;
#5627 = EDGE_CURVE ( 'NONE', #6469, #442, #6326, .T. ) ;
#5628 = ORIENTED_EDGE ( 'NONE', *, *, #6088, .T. ) ;
#5629 = CARTESIAN_POINT ( 'NONE',  ( -0.2500000000000002220, 0.000000000000000000, 0.7500000000000000000 ) ) ;
#5630 = DIRECTION ( 'NONE',  ( 0.000000000000000000, 0.000000000000000000, 1.000000000000000000 ) ) ;
#5631 = CARTESIAN_POINT ( 'NONE',  ( -14.25000000000000000, -3.000000000000000000, -1.250000000000000444 ) ) ;
#5632 = FACE_OUTER_BOUND ( 'NONE', #4531, .T. ) ;
#5633 = EDGE_CURVE ( 'NONE', #4899, #2962, #6936, .T. ) ;
#5634 = DIRECTION ( 'NONE',  ( -4.921201350288816501E-16, 1.000000000000000000, 0.000000000000000000 ) ) ;
#5635 = ORIENTED_EDGE ( 'NONE', *, *, #4341, .F. ) ;
#5636 = LINE ( 'NONE', #2388, #7020 ) ;
#5637 = CARTESIAN_POINT ( 'NONE',  ( 3.750000000000000000, 1.624999999999999778, -4.870572098594920796 ) ) ;
#5638 = CARTESIAN_POINT ( 'NONE',  ( -2.535000000000002363, 1.624999999999999778, -0.7499999999999995559 ) ) ;
#5639 = FACE_OUTER_BOUND ( 'NONE', #3029, .T. ) ;
#5640 = DIRECTION ( 'NONE',  ( -0.000000000000000000, -0.000000000000000000, 1.000000000000000000 ) ) ;
#5641 = ADVANCED_FACE ( 'NONE', ( #1401 ), #3070, .T. ) ;
#5642 = EDGE_CURVE ( 'NONE', #371, #1807, #1557, .T. ) ;
#5643 = ORIENTED_EDGE ( 'NONE', *, *, #4905, .F. ) ;
#5644 = ORIENTED_EDGE ( 'NONE', *, *, #331, .F. ) ;
#5645 = CARTESIAN_POINT ( 'NONE',  ( 15.45000000000000107, 6.500000000000000000, -1.074999999999995293 ) ) ;
#5646 = ORIENTED_EDGE ( 'NONE', *, *, #5666, .T. ) ;
#5647 = FACE_BOUND ( 'NONE', #6029, .T. ) ;
#5648 = CARTESIAN_POINT ( 'NONE',  ( -10.24999999999999822, 1.624999999999999778, -4.870572098594920796 ) ) ;
#5649 = VERTEX_POINT ( 'NONE', #1621 ) ;
#5650 = CARTESIAN_POINT ( 'NONE',  ( -2.250000000000000444, 0.000000000000000000, -0.7499999999999995559 ) ) ;
#5651 = CARTESIAN_POINT ( 'NONE',  ( 1.749999999999999778, 0.000000000000000000, -1.250000000000000000 ) ) ;
#5652 = ORIENTED_EDGE ( 'NONE', *, *, #2465, .F. ) ;
#5653 = DIRECTION ( 'NONE',  ( 1.000000000000000000, 0.000000000000000000, 0.000000000000000000 ) ) ;
#5654 = LINE ( 'NONE', #679, #2193 ) ;
#5655 = CONTEXT_DEPENDENT_SHAPE_REPRESENTATION ( #2827, #3316 ) ;
#5656 = EDGE_CURVE ( 'NONE', #1049, #640, #2709, .T. ) ;
#5657 = LINE ( 'NONE', #548, #6067 ) ;
#5658 = VERTEX_POINT ( 'NONE', #4348 ) ;
#5659 = CARTESIAN_POINT ( 'NONE',  ( 1.749999999999999778, 0.000000000000000000, 0.7499999999999998890 ) ) ;
#5660 = VERTEX_POINT ( 'NONE', #4935 ) ;
#5661 = CARTESIAN_POINT ( 'NONE',  ( -14.25000000000000178, 0.000000000000000000, 0.7500000000000001110 ) ) ;
#5662 = DIRECTION ( 'NONE',  ( 0.000000000000000000, 0.000000000000000000, 1.000000000000000000 ) ) ;
#5663 = CARTESIAN_POINT ( 'NONE',  ( -15.95000000000000284, 4.250000000000000000, -0.8500000000000005329 ) ) ;
#5664 = DIRECTION ( 'NONE',  ( -0.000000000000000000, 0.000000000000000000, 1.000000000000000000 ) ) ;
#5665 = EDGE_CURVE ( 'NONE', #3680, #3746, #7114, .T. ) ;
#5666 = EDGE_CURVE ( 'NONE', #1228, #4846, #4817, .T. ) ;
#5667 = EDGE_LOOP ( 'NONE', ( #4249, #4466, #3675, #6675 ) ) ;
#5668 = LINE ( 'NONE', #694, #2319 ) ;
#5669 = DIRECTION ( 'NONE',  ( 1.000000000000000000, 7.080503983578862002E-16, 0.000000000000000000 ) ) ;
#5670 = EDGE_CURVE ( 'NONE', #3938, #5728, #2157, .T. ) ;
#5671 = CARTESIAN_POINT ( 'NONE',  ( -2.250000000000000444, 1.624999999999999778, -4.870572098594920796 ) ) ;
#5672 = DIRECTION ( 'NONE',  ( 0.000000000000000000, 1.000000000000000000, 0.000000000000000000 ) ) ;
#5673 = CARTESIAN_POINT ( 'NONE',  ( 15.45000000000000284, -29.59378440939045163, 2.225000000000000089 ) ) ;
#5674 = EDGE_LOOP ( 'NONE', ( #6008, #203, #1507, #6013, #5995, #7039, #2448, #3139, #4469, #2004, #3577, #5957, #5364, #2617, #3987, #4115, #6083, #4807, #965, #3906, #2028, #2608, #6059, #5241 ) ) ;
#5675 = DIRECTION ( 'NONE',  ( 0.000000000000000000, -1.000000000000000000, 0.000000000000000000 ) ) ;
#5676 = LINE ( 'NONE', #2156, #1381 ) ;
#5677 = VERTEX_POINT ( 'NONE', #1041 ) ;
#5678 = AXIS2_PLACEMENT_3D ( 'NONE', #1458, #3674, #3200 ) ;
#5679 = DIRECTION ( 'NONE',  ( 0.000000000000000000, 0.000000000000000000, -1.000000000000000000 ) ) ;
#5680 = PLANE ( 'NONE',  #1517 ) ;
#5681 = EDGE_LOOP ( 'NONE', ( #3385, #3867, #6784, #5505 ) ) ;
#5682 = LINE ( 'NONE', #6238, #7128 ) ;
#5683 = ADVANCED_FACE ( 'NONE', ( #1083 ), #3724, .F. ) ;
#5684 = ADVANCED_FACE ( 'NONE', ( #1008 ), #2050, .T. ) ;
#5685 = AXIS2_PLACEMENT_3D ( 'NONE', #7095, #2165, #5525 ) ;
#5686 = DIRECTION ( 'NONE',  ( 1.000000000000000000, 0.000000000000000000, 0.000000000000000000 ) ) ;
#5687 = AXIS2_PLACEMENT_3D ( 'NONE', #3051, #6421, #279 ) ;
#5688 = DIRECTION ( 'NONE',  ( -1.000000000000000000, 0.000000000000000000, 0.000000000000000000 ) ) ;
#5689 = ORIENTED_EDGE ( 'NONE', *, *, #1258, .F. ) ;
#5690 = PLANE ( 'NONE',  #2795 ) ;
#5691 = ADVANCED_FACE ( 'NONE', ( #436 ), #2740, .F. ) ;
#5692 = VECTOR ( 'NONE', #5293, 1000.000000000000000 ) ;
#5693 = CARTESIAN_POINT ( 'NONE',  ( 15.95000000000000284, 0.000000000000000000, 2.500000000000000444 ) ) ;
#5694 = ORIENTED_EDGE ( 'NONE', *, *, #486, .T. ) ;
#5695 = AXIS2_PLACEMENT_3D ( 'NONE', #2378, #2403, #3506 ) ;
#5696 = EDGE_CURVE ( 'NONE', #2976, #3734, #544, .T. ) ;
#5697 = AXIS2_PLACEMENT_3D ( 'NONE', #7174, #3277, #5496 ) ;
#5698 = LINE ( 'NONE', #194, #2101 ) ;
#5699 = VECTOR ( 'NONE', #1958, 1000.000000000000000 ) ;
#5700 = ORIENTED_EDGE ( 'NONE', *, *, #2514, .T. ) ;
#5701 = LINE ( 'NONE', #687, #5843 ) ;
#5702 = LINE ( 'NONE', #6152, #476 ) ;
#5703 = DIRECTION ( 'NONE',  ( 1.000000000000000000, 0.000000000000000000, 0.000000000000000000 ) ) ;
#5704 = EDGE_CURVE ( 'NONE', #411, #6149, #5960, .T. ) ;
#5705 = DIRECTION ( 'NONE',  ( -1.000000000000000000, 0.000000000000000000, -0.000000000000000000 ) ) ;
#5706 = DIRECTION ( 'NONE',  ( -1.000000000000000000, 0.000000000000000000, 0.000000000000000000 ) ) ;
#5707 = VECTOR ( 'NONE', #6961, 1000.000000000000000 ) ;
#5708 = FACE_OUTER_BOUND ( 'NONE', #5456, .T. ) ;
#5709 = ORIENTED_EDGE ( 'NONE', *, *, #4557, .T. ) ;
#5710 = VECTOR ( 'NONE', #2630, 1000.000000000000000 ) ;
#5711 = CARTESIAN_POINT ( 'NONE',  ( 15.95000000000000284, 6.500000000000000000, -1.074999999999995515 ) ) ;
#5712 = CARTESIAN_POINT ( 'NONE',  ( -14.76499999999999879, 5.624999999999993783, 2.224999999999999645 ) ) ;
#5713 = DIRECTION ( 'NONE',  ( -0.000000000000000000, 1.000000000000000000, -0.000000000000000000 ) ) ;
#5714 =( REPRESENTATION_RELATIONSHIP ('NONE','NONE', #1131, #6340 ) REPRESENTATION_RELATIONSHIP_WITH_TRANSFORMATION ( #5107 )SHAPE_REPRESENTATION_RELATIONSHIP( ) );
#5715 =( LENGTH_UNIT ( ) NAMED_UNIT ( * ) SI_UNIT ( .MILLI., .METRE. ) );
#5716 = DIRECTION ( 'NONE',  ( -1.000000000000000000, 0.000000000000000000, 0.000000000000000000 ) ) ;
#5717 = AXIS2_PLACEMENT_3D ( 'NONE', #6912, #5202, #1754 ) ;
#5718 = ORIENTED_EDGE ( 'NONE', *, *, #4110, .F. ) ;
#5719 = DIRECTION ( 'NONE',  ( -0.000000000000000000, -0.000000000000000000, 1.000000000000000000 ) ) ;
#5720 = VERTEX_POINT ( 'NONE', #2015 ) ;
#5721 = AXIS2_PLACEMENT_3D ( 'NONE', #6880, #4082, #1925 ) ;
#5722 = LINE ( 'NONE', #4116, #634 ) ;
#5723 = PLANE ( 'NONE',  #6889 ) ;
#5724 = CARTESIAN_POINT ( 'NONE',  ( 15.12500000000000000, 2.299999999999999822, -4.870572098594920796 ) ) ;
#5725 = AXIS2_PLACEMENT_3D ( 'NONE', #2979, #3598, #5679 ) ;
#5726 = CARTESIAN_POINT ( 'NONE',  ( -8.534999999999998366, 1.624999999999999778, 1.250000000000000444 ) ) ;
#5727 = CARTESIAN_POINT ( 'NONE',  ( -11.75000000000000000, 0.000000000000000000, 1.250000000000000666 ) ) ;
#5728 = VERTEX_POINT ( 'NONE', #3769 ) ;
#5729 = DIRECTION ( 'NONE',  ( 0.000000000000000000, 0.000000000000000000, 1.000000000000000000 ) ) ;
#5730 = CARTESIAN_POINT ( 'NONE',  ( -3.750000000000000000, 0.000000000000000000, -1.250000000000000000 ) ) ;
#5731 = VECTOR ( 'NONE', #5126, 1000.000000000000000 ) ;
#5732 = LINE ( 'NONE', #6359, #3016 ) ;
#5733 = CONTEXT_DEPENDENT_SHAPE_REPRESENTATION ( #4593, #1638 ) ;
#5734 = ADVANCED_FACE ( 'NONE', ( #4856 ), #4378, .T. ) ;
#5735 = VECTOR ( 'NONE', #635, 1000.000000000000000 ) ;
#5736 = CARTESIAN_POINT ( 'NONE',  ( 13.75000000000000000, 6.500000000000003553, -0.7499999999999997780 ) ) ;
#5737 = ORIENTED_EDGE ( 'NONE', *, *, #2664, .F. ) ;
#5738 = ORIENTED_EDGE ( 'NONE', *, *, #4371, .T. ) ;
#5739 = CARTESIAN_POINT ( 'NONE',  ( -0.2500000000000002220, 0.000000000000000000, -0.7499999999999995559 ) ) ;
#5740 = LINE ( 'NONE', #3106, #4288 ) ;
#5741 = DIRECTION ( 'NONE',  ( 4.921201350288817487E-16, -1.000000000000000000, 0.000000000000000000 ) ) ;
#5742 = AXIS2_PLACEMENT_3D ( 'NONE', #6858, #4058, #6288 ) ;
#5743 = ADVANCED_FACE ( 'NONE', ( #3142 ), #403, .F. ) ;
#5744 = EDGE_CURVE ( 'NONE', #862, #6774, #6508, .T. ) ;
#5745 = VERTEX_POINT ( 'NONE', #3588 ) ;
#5746 = VERTEX_POINT ( 'NONE', #5651 ) ;
#5747 = CARTESIAN_POINT ( 'NONE',  ( -12.24000000000001087, 5.375000000000000000, -8.724999999999999645 ) ) ;
#5748 = LINE ( 'NONE', #4831, #29 ) ;
#5749 = CARTESIAN_POINT ( 'NONE',  ( 13.46500000000000163, 5.150000000000005684, 2.500000000000000000 ) ) ;
#5750 = LINE ( 'NONE', #1373, #7053 ) ;
#5751 = DIRECTION ( 'NONE',  ( 0.000000000000000000, 0.000000000000000000, 1.000000000000000000 ) ) ;
#5752 = ORIENTED_EDGE ( 'NONE', *, *, #4808, .T. ) ;
#5753 = CARTESIAN_POINT ( 'NONE',  ( -9.749999999999998224, 0.000000000000000000, -0.7499999999999994449 ) ) ;
#5754 = ORIENTED_EDGE ( 'NONE', *, *, #1130, .F. ) ;
#5755 = DIRECTION ( 'NONE',  ( 1.000000000000000000, 0.000000000000000000, -0.000000000000000000 ) ) ;
#5756 = CARTESIAN_POINT ( 'NONE',  ( -8.249999999999996447, 6.500000000000003553, 1.250000000000000444 ) ) ;
#5757 = EDGE_CURVE ( 'NONE', #4845, #1346, #147, .T. ) ;
#5758 = DIRECTION ( 'NONE',  ( 0.000000000000000000, -1.000000000000000000, 0.000000000000000000 ) ) ;
#5759 = VERTEX_POINT ( 'NONE', #6667 ) ;
#5760 = ADVANCED_FACE ( 'NONE', ( #5582 ), #4420, .T. ) ;
#5761 = CARTESIAN_POINT ( 'NONE',  ( 8.250000000000000000, 0.000000000000000000, 0.7499999999999998890 ) ) ;
#5762 = ORIENTED_EDGE ( 'NONE', *, *, #4874, .F. ) ;
#5763 = LINE ( 'NONE', #3605, #5707 ) ;
#5764 = CARTESIAN_POINT ( 'NONE',  ( -5.750000000000001776, 0.000000000000000000, -0.7499999999999995559 ) ) ;
#5765 = VERTEX_POINT ( 'NONE', #6143 ) ;
#5766 = CARTESIAN_POINT ( 'NONE',  ( -2.250000000000000444, 6.500000000000003553, 0.7500000000000000000 ) ) ;
#5767 = EDGE_CURVE ( 'NONE', #5579, #6926, #5544, .T. ) ;
#5768 = LINE ( 'NONE', #822, #5231 ) ;
#5769 = DIRECTION ( 'NONE',  ( -0.000000000000000000, 0.000000000000000000, 1.000000000000000000 ) ) ;
#5770 = ORIENTED_EDGE ( 'NONE', *, *, #639, .F. ) ;
#5771 = DIRECTION ( 'NONE',  ( 9.842402700577615253E-16, 1.000000000000000000, 0.000000000000000000 ) ) ;
#5772 = LINE ( 'NONE', #7049, #512 ) ;
#5773 = LINE ( 'NONE', #2487, #3830 ) ;
#5774 = CARTESIAN_POINT ( 'NONE',  ( 20.00000000000000000, -1.040834085586084010E-16, 1.387778780781445676E-16 ) ) ;
#5775 = LINE ( 'NONE', #796, #1677 ) ;
#5776 = EDGE_CURVE ( 'NONE', #5247, #3369, #2776, .T. ) ;
#5777 = ORIENTED_EDGE ( 'NONE', *, *, #4765, .F. ) ;
#5778 = CARTESIAN_POINT ( 'NONE',  ( -7.749999999999996447, 1.624999999999999778, 0.7500000000000001110 ) ) ;
#5779 = LINE ( 'NONE', #4688, #6163 ) ;
#5780 = CARTESIAN_POINT ( 'NONE',  ( -13.46500000000000163, 5.375000000000000000, -8.724999999999999645 ) ) ;
#5781 = CARTESIAN_POINT ( 'NONE',  ( 14.25000000000000000, 6.500000000000003553, 0.7499999999999997780 ) ) ;
#5782 = DIRECTION ( 'NONE',  ( 0.9396926207859084279, -0.3420201433256688794, 0.000000000000000000 ) ) ;
#5783 = EDGE_CURVE ( 'NONE', #4286, #2212, #4633, .T. ) ;
#5784 = ORIENTED_EDGE ( 'NONE', *, *, #6781, .T. ) ;
#5785 = CARTESIAN_POINT ( 'NONE',  ( -14.15000000000000213, 5.375000000000002665, -1.150000000000003020 ) ) ;
#5786 = FACE_OUTER_BOUND ( 'NONE', #3969, .T. ) ;
#5787 = ORIENTED_EDGE ( 'NONE', *, *, #819, .T. ) ;
#5788 = CARTESIAN_POINT ( 'NONE',  ( -6.535000000000004583, 1.624999999999999778, -0.7499999999999995559 ) ) ;
#5789 = LINE ( 'NONE', #5244, #6057 ) ;
#5790 = EDGE_CURVE ( 'NONE', #5871, #1327, #1869, .T. ) ;
#5791 = CARTESIAN_POINT ( 'NONE',  ( 2.250000000000000444, 1.624999999999999778, 1.250000000000000444 ) ) ;
#5792 = ORIENTED_EDGE ( 'NONE', *, *, #5599, .F. ) ;
#5793 = DIRECTION ( 'NONE',  ( -0.000000000000000000, -0.000000000000000000, -1.000000000000000000 ) ) ;
#5794 = ORIENTED_EDGE ( 'NONE', *, *, #4808, .F. ) ;
#5795 = CARTESIAN_POINT ( 'NONE',  ( 0.000000000000000000, 0.000000000000000000, 2.400000000000000355 ) ) ;
#5796 = LINE ( 'NONE', #4155, #740 ) ;
#5797 = ORIENTED_EDGE ( 'NONE', *, *, #5165, .T. ) ;
#5798 = DIRECTION ( 'NONE',  ( 0.000000000000000000, 0.000000000000000000, -1.000000000000000000 ) ) ;
#5799 = EDGE_CURVE ( 'NONE', #4828, #5765, #6317, .T. ) ;
#5800 = VECTOR ( 'NONE', #5161, 1000.000000000000000 ) ;
#5801 = AXIS2_PLACEMENT_3D ( 'NONE', #4418, #6835, #1823 ) ;
#5802 = VERTEX_POINT ( 'NONE', #5764 ) ;
#5803 = PLANE ( 'NONE',  #2914 ) ;
#5804 =( REPRESENTATION_RELATIONSHIP ('NONE','NONE', #1131, #6340 ) REPRESENTATION_RELATIONSHIP_WITH_TRANSFORMATION ( #649 )SHAPE_REPRESENTATION_RELATIONSHIP( ) );
#5805 = VERTEX_POINT ( 'NONE', #5148 ) ;
#5806 = PLANE ( 'NONE',  #5809 ) ;
#5807 = VECTOR ( 'NONE', #2135, 1000.000000000000000 ) ;
#5808 = LINE ( 'NONE', #2450, #2816 ) ;
#5809 = AXIS2_PLACEMENT_3D ( 'NONE', #5190, #1334, #685 ) ;
#5810 = PRODUCT_DEFINITION_SHAPE ( 'NONE', 'NONE',  #7196 ) ;
#5811 =( NAMED_UNIT ( * ) SI_UNIT ( $, .STERADIAN. ) SOLID_ANGLE_UNIT ( ) );
#5812 = DIRECTION ( 'NONE',  ( 1.000000000000000000, 0.000000000000000000, 0.000000000000000000 ) ) ;
#5813 = VECTOR ( 'NONE', #937, 1000.000000000000000 ) ;
#5814 = AXIS2_PLACEMENT_3D ( 'NONE', #6997, #5798, #1908 ) ;
#5815 = DIRECTION ( 'NONE',  ( 1.000000000000000000, 0.000000000000000000, 0.000000000000000000 ) ) ;
#5816 = ORIENTED_EDGE ( 'NONE', *, *, #3381, .F. ) ;
#5817 = CARTESIAN_POINT ( 'NONE',  ( 13.75000000000000000, 6.500000000000003553, -1.250000000000000222 ) ) ;
#5818 = EDGE_CURVE ( 'NONE', #5334, #2081, #2376, .T. ) ;
#5819 = VECTOR ( 'NONE', #1305, 1000.000000000000000 ) ;
#5820 = DIRECTION ( 'NONE',  ( 0.000000000000000000, 0.000000000000000000, 1.000000000000000000 ) ) ;
#5821 = CARTESIAN_POINT ( 'NONE',  ( -7.749999999999996447, 1.624999999999999778, 1.250000000000000444 ) ) ;
#5822 = DIRECTION ( 'NONE',  ( -0.000000000000000000, 0.000000000000000000, -1.000000000000000000 ) ) ;
#5823 = VECTOR ( 'NONE', #761, 1000.000000000000000 ) ;
#5824 = EDGE_CURVE ( 'NONE', #6183, #4961, #1930, .T. ) ;
#5825 = DIRECTION ( 'NONE',  ( 0.000000000000000000, 0.000000000000000000, -1.000000000000000000 ) ) ;
#5826 = VERTEX_POINT ( 'NONE', #1392 ) ;
#5827 = EDGE_CURVE ( 'NONE', #1720, #5746, #890, .T. ) ;
#5828 = CARTESIAN_POINT ( 'NONE',  ( 7.750000000000000000, 1.624999999999999778, 1.250000000000000222 ) ) ;
#5829 = FACE_OUTER_BOUND ( 'NONE', #6548, .T. ) ;
#5830 = VERTEX_POINT ( 'NONE', #5840 ) ;
#5831 = VECTOR ( 'NONE', #5886, 1000.000000000000000 ) ;
#5832 = CARTESIAN_POINT ( 'NONE',  ( -12.46500000000000163, 5.149999999999998579, -4.870572098594920796 ) ) ;
#5833 = CARTESIAN_POINT ( 'NONE',  ( 1.749999999999999778, 6.500000000000003553, 1.250000000000000444 ) ) ;
#5834 = ORIENTED_EDGE ( 'NONE', *, *, #6791, .F. ) ;
#5835 = AXIS2_PLACEMENT_3D ( 'NONE', #6573, #1571, #5081 ) ;
#5836 = EDGE_CURVE ( 'NONE', #6833, #419, #5796, .T. ) ;
#5837 = VERTEX_POINT ( 'NONE', #820 ) ;
#5838 = LINE ( 'NONE', #2508, #2554 ) ;
#5839 = ORIENTED_EDGE ( 'NONE', *, *, #3642, .F. ) ;
#5840 = CARTESIAN_POINT ( 'NONE',  ( -1.749999999999999778, 0.000000000000000000, 1.250000000000000444 ) ) ;
#5841 = ORIENTED_EDGE ( 'NONE', *, *, #2339, .F. ) ;
#5842 = CARTESIAN_POINT ( 'NONE',  ( -14.25000000000000178, 0.000000000000000000, -0.7499999999999994449 ) ) ;
#5843 = VECTOR ( 'NONE', #585, 1000.000000000000000 ) ;
#5844 = ORIENTED_EDGE ( 'NONE', *, *, #6676, .T. ) ;
#5845 = CARTESIAN_POINT ( 'NONE',  ( -0.2500000000000002220, 6.500000000000003553, 0.7500000000000000000 ) ) ;
#5846 = ORIENTED_EDGE ( 'NONE', *, *, #3845, .F. ) ;
#5847 = DIRECTION ( 'NONE',  ( 1.359501156721635892E-17, 0.000000000000000000, -1.000000000000000000 ) ) ;
#5848 = EDGE_CURVE ( 'NONE', #2032, #4160, #858, .T. ) ;
#5849 = VECTOR ( 'NONE', #6983, 1000.000000000000000 ) ;
#5850 = DIRECTION ( 'NONE',  ( -0.000000000000000000, -0.000000000000000000, 1.000000000000000000 ) ) ;
#5851 = LINE ( 'NONE', #4098, #6649 ) ;
#5852 = CARTESIAN_POINT ( 'NONE',  ( 7.750000000000000000, 6.500000000000003553, 0.7499999999999998890 ) ) ;
#5853 = VECTOR ( 'NONE', #2059, 1000.000000000000000 ) ;
#5854 = FACE_OUTER_BOUND ( 'NONE', #1722, .T. ) ;
#5855 = ORIENTED_EDGE ( 'NONE', *, *, #1709, .T. ) ;
#5856 = ORIENTED_EDGE ( 'NONE', *, *, #1320, .T. ) ;
#5857 = VERTEX_POINT ( 'NONE', #6273 ) ;
#5858 = DIRECTION ( 'NONE',  ( 0.000000000000000000, 0.000000000000000000, -1.000000000000000000 ) ) ;
#5859 = LINE ( 'NONE', #2029, #6275 ) ;
#5860 = AXIS2_PLACEMENT_3D ( 'NONE', #1475, #4742, #7009 ) ;
#5861 = CARTESIAN_POINT ( 'NONE',  ( -7.749999999999996447, 0.000000000000000000, 0.7500000000000001110 ) ) ;
#5862 = EDGE_CURVE ( 'NONE', #1407, #293, #6994, .T. ) ;
#5863 = CARTESIAN_POINT ( 'NONE',  ( -8.249999999999996447, 0.000000000000000000, -0.7499999999999994449 ) ) ;
#5864 = LINE ( 'NONE', #882, #1852 ) ;
#5865 = CARTESIAN_POINT ( 'NONE',  ( -10.24999999999999822, 6.500000000000003553, -0.7499999999999994449 ) ) ;
#5866 = CARTESIAN_POINT ( 'NONE',  ( -13.46499999999999986, 1.624999999999999778, 2.500000000000000000 ) ) ;
#5867 = VERTEX_POINT ( 'NONE', #1287 ) ;
#5868 = DIRECTION ( 'NONE',  ( -0.7071067811865561215, 0.7071067811865389130, 0.000000000000000000 ) ) ;
#5869 = ADVANCED_FACE ( 'NONE', ( #3503 ), #4193, .T. ) ;
#5870 = VERTEX_POINT ( 'NONE', #5730 ) ;
#5871 = VERTEX_POINT ( 'NONE', #258 ) ;
#5872 = DIRECTION ( 'NONE',  ( -0.000000000000000000, 1.000000000000000000, 0.000000000000000000 ) ) ;
#5873 = DIRECTION ( 'NONE',  ( 0.000000000000000000, 0.000000000000000000, -1.000000000000000000 ) ) ;
#5874 = ORIENTED_EDGE ( 'NONE', *, *, #3791, .F. ) ;
#5875 = LINE ( 'NONE', #3761, #3831 ) ;
#5876 = ORIENTED_EDGE ( 'NONE', *, *, #1709, .F. ) ;
#5877 = CARTESIAN_POINT ( 'NONE',  ( 1.749999999999999778, 0.000000000000000000, 0.7499999999999998890 ) ) ;
#5878 = EDGE_LOOP ( 'NONE', ( #5589, #1915, #6830, #4191 ) ) ;
#5879 = LINE ( 'NONE', #5959, #4289 ) ;
#5880 = ORIENTED_EDGE ( 'NONE', *, *, #5602, .T. ) ;
#5881 = LINE ( 'NONE', #1296, #1995 ) ;
#5882 = CARTESIAN_POINT ( 'NONE',  ( 14.25000000000000000, 1.624999999999999778, -0.7499999999999997780 ) ) ;
#5883 = DIRECTION ( 'NONE',  ( 0.000000000000000000, 0.000000000000000000, 1.000000000000000000 ) ) ;
#5884 = CARTESIAN_POINT ( 'NONE',  ( -13.75000000000000000, 5.100252258054545074, -0.7500000000000001110 ) ) ;
#5885 = EDGE_CURVE ( 'NONE', #1362, #5487, #758, .T. ) ;
#5886 = DIRECTION ( 'NONE',  ( 1.000000000000000000, 0.000000000000000000, -0.000000000000000000 ) ) ;
#5887 = EDGE_CURVE ( 'NONE', #5113, #1885, #3757, .T. ) ;
#5888 = ORIENTED_EDGE ( 'NONE', *, *, #2248, .T. ) ;
#5889 = ORIENTED_EDGE ( 'NONE', *, *, #5413, .T. ) ;
#5890 = VERTEX_POINT ( 'NONE', #4261 ) ;
#5891 = PLANE ( 'NONE',  #6776 ) ;
#5892 = LINE ( 'NONE', #375, #2662 ) ;
#5893 = LINE ( 'NONE', #7062, #5150 ) ;
#5894 = FILL_AREA_STYLE ('',( #4213 ) ) ;
#5895 = CARTESIAN_POINT ( 'NONE',  ( -10.24999999999999822, 1.624999999999999778, -0.7499999999999994449 ) ) ;
#5896 = ORIENTED_EDGE ( 'NONE', *, *, #2542, .T. ) ;
#5897 =( REPRESENTATION_RELATIONSHIP ('NONE','NONE', #1131, #6340 ) REPRESENTATION_RELATIONSHIP_WITH_TRANSFORMATION ( #3878 )SHAPE_REPRESENTATION_RELATIONSHIP( ) );
#5898 = EDGE_CURVE ( 'NONE', #2667, #3938, #4298, .T. ) ;
#5899 = EDGE_CURVE ( 'NONE', #5677, #1896, #2626, .T. ) ;
#5900 = EDGE_CURVE ( 'NONE', #5728, #2062, #2073, .T. ) ;
#5901 = ORIENTED_EDGE ( 'NONE', *, *, #769, .F. ) ;
#5902 = LINE ( 'NONE', #955, #4564 ) ;
#5903 = CARTESIAN_POINT ( 'NONE',  ( 13.75000000000000000, 1.624999999999999778, 0.7499999999999997780 ) ) ;
#5904 = DIRECTION ( 'NONE',  ( -0.000000000000000000, 0.000000000000000000, -1.000000000000000000 ) ) ;
#5905 = ORIENTED_EDGE ( 'NONE', *, *, #5164, .T. ) ;
#5906 = CARTESIAN_POINT ( 'NONE',  ( -10.24999999999999822, 6.500000000000003553, -1.250000000000000000 ) ) ;
#5907 = EDGE_LOOP ( 'NONE', ( #603, #2971, #3203, #972 ) ) ;
#5908 = LINE ( 'NONE', #922, #4682 ) ;
#5909 = EDGE_CURVE ( 'NONE', #5250, #3110, #5908, .T. ) ;
#5910 = EDGE_LOOP ( 'NONE', ( #6205, #5628, #1650, #5689 ) ) ;
#5911 = FACE_OUTER_BOUND ( 'NONE', #373, .T. ) ;
#5912 = ORIENTED_EDGE ( 'NONE', *, *, #2038, .T. ) ;
#5913 = LINE ( 'NONE', #6593, #6663 ) ;
#5914 = EDGE_CURVE ( 'NONE', #4411, #1866, #5431, .T. ) ;
#5915 = ORIENTED_EDGE ( 'NONE', *, *, #3315, .F. ) ;
#5916 = ORIENTED_EDGE ( 'NONE', *, *, #1819, .T. ) ;
#5917 = DIRECTION ( 'NONE',  ( 0.000000000000000000, 0.000000000000000000, 1.000000000000000000 ) ) ;
#5918 = EDGE_CURVE ( 'NONE', #3520, #2976, #351, .T. ) ;
#5919 = CARTESIAN_POINT ( 'NONE',  ( -2.250000000000000444, 0.000000000000000000, -0.7499999999999995559 ) ) ;
#5920 = VECTOR ( 'NONE', #4146, 1000.000000000000000 ) ;
#5921 = CARTESIAN_POINT ( 'NONE',  ( -8.249999999999996447, 6.500000000000003553, -0.7499999999999994449 ) ) ;
#5922 =( NAMED_UNIT ( * ) SI_UNIT ( $, .STERADIAN. ) SOLID_ANGLE_UNIT ( ) );
#5923 = DIRECTION ( 'NONE',  ( 1.000000000000000000, 0.000000000000000000, 0.000000000000000000 ) ) ;
#5924 = DIRECTION ( 'NONE',  ( -1.000000000000000000, 0.000000000000000000, 0.000000000000000000 ) ) ;
#5925 = AXIS2_PLACEMENT_3D ( 'NONE', #2272, #2931, #5705 ) ;
#5926 = VECTOR ( 'NONE', #2499, 1000.000000000000000 ) ;
#5927 = ORIENTED_EDGE ( 'NONE', *, *, #2797, .F. ) ;
#5928 = EDGE_LOOP ( 'NONE', ( #4336, #6361, #5846, #1169 ) ) ;
#5929 = ORIENTED_EDGE ( 'NONE', *, *, #6764, .F. ) ;
#5930 = PLANE ( 'NONE',  #5470 ) ;
#5931 = EDGE_CURVE ( 'NONE', #182, #5625, #7040, .T. ) ;
#5932 = EDGE_LOOP ( 'NONE', ( #1289, #5718, #5762, #2161 ) ) ;
#5933 = PLANE ( 'NONE',  #2538 ) ;
#5934 = LINE ( 'NONE', #3156, #6094 ) ;
#5935 = SHAPE_REPRESENTATION_RELATIONSHIP ( 'NONE' , 'NONE' ,  #1095, #5224 ) ;
#5936 = CARTESIAN_POINT ( 'NONE',  ( -11.75000000000000000, 1.624999999999999778, -1.249999999999999778 ) ) ;
#5937 = ORIENTED_EDGE ( 'NONE', *, *, #852, .T. ) ;
#5938 = VECTOR ( 'NONE', #2244, 1000.000000000000000 ) ;
#5939 = VECTOR ( 'NONE', #6169, 1000.000000000000000 ) ;
#5940 = AXIS2_PLACEMENT_3D ( 'NONE', #1492, #4723, #3019 ) ;
#5941 = LINE ( 'NONE', #5390, #1186 ) ;
#5942 = VERTEX_POINT ( 'NONE', #5358 ) ;
#5943 = EDGE_CURVE ( 'NONE', #1807, #4411, #6499, .T. ) ;
#5944 = DIRECTION ( 'NONE',  ( 0.000000000000000000, 0.000000000000000000, -1.000000000000000000 ) ) ;
#5945 = PLANE ( 'NONE',  #6874 ) ;
#5946 = ADVANCED_FACE ( 'NONE', ( #6106 ), #1582, .F. ) ;
#5947 = VECTOR ( 'NONE', #2524, 1000.000000000000000 ) ;
#5948 = ORIENTED_EDGE ( 'NONE', *, *, #5783, .F. ) ;
#5949 = AXIS2_PLACEMENT_3D ( 'NONE', #6841, #2877, #1927 ) ;
#5950 = DIRECTION ( 'NONE',  ( 0.000000000000000000, -1.000000000000000000, 0.000000000000000000 ) ) ;
#5951 = ORIENTED_EDGE ( 'NONE', *, *, #1679, .F. ) ;
#5952 = DIRECTION ( 'NONE',  ( -1.000000000000000000, 0.000000000000000000, -0.000000000000000000 ) ) ;
#5953 = EDGE_CURVE ( 'NONE', #5660, #1812, #462, .T. ) ;
#5954 = VECTOR ( 'NONE', #5924, 1000.000000000000000 ) ;
#5955 = ORIENTED_EDGE ( 'NONE', *, *, #4600, .T. ) ;
#5956 = FACE_OUTER_BOUND ( 'NONE', #3775, .T. ) ;
#5957 = ORIENTED_EDGE ( 'NONE', *, *, #6890, .F. ) ;
#5958 = ORIENTED_EDGE ( 'NONE', *, *, #5211, .T. ) ;
#5959 = CARTESIAN_POINT ( 'NONE',  ( 3.750000000000000000, 1.624999999999999778, -4.870572098594920796 ) ) ;
#5960 = LINE ( 'NONE', #3209, #5259 ) ;
#5961 = CARTESIAN_POINT ( 'NONE',  ( -6.250000000000001776, 6.500000000000003553, -1.250000000000000000 ) ) ;
#5962 = AXIS2_PLACEMENT_3D ( 'NONE', #1046, #6144, #1148 ) ;
#5963 = DIRECTION ( 'NONE',  ( 0.000000000000000000, 0.000000000000000000, -1.000000000000000000 ) ) ;
#5964 = ITEM_DEFINED_TRANSFORMATION ( 'NONE', 'NONE', #2363,  #5273 ) ;
#5965 = ADVANCED_FACE ( 'NONE', ( #1613 ), #999, .T. ) ;
#5966 = EDGE_CURVE ( 'NONE', #2510, #1836, #4231, .T. ) ;
#5967 = LINE ( 'NONE', #3690, #6074 ) ;
#5968 = VECTOR ( 'NONE', #4598, 1000.000000000000000 ) ;
#5969 = ORIENTED_EDGE ( 'NONE', *, *, #2233, .F. ) ;
#5970 = ORIENTED_EDGE ( 'NONE', *, *, #4602, .F. ) ;
#5971 = VERTEX_POINT ( 'NONE', #7075 ) ;
#5972 = FACE_OUTER_BOUND ( 'NONE', #3661, .T. ) ;
#5973 = CARTESIAN_POINT ( 'NONE',  ( 10.25000000000000000, 1.624999999999999778, -0.7499999999999997780 ) ) ;
#5974 = LINE ( 'NONE', #4251, #2466 ) ;
#5975 = DIRECTION ( 'NONE',  ( -1.000000000000000000, 0.000000000000000000, 0.000000000000000000 ) ) ;
#5976 = AXIS2_PLACEMENT_3D ( 'NONE', #6264, #1239, #6346 ) ;
#5977 = ADVANCED_FACE ( 'NONE', ( #1031, #3096, #2589, #4368, #1546, #6061, #3202, #5318, #2546, #4769, #6472, #1462, #2659, #4884, #7143, #2115, #4337, #6589, #3931, #568, #3428, #2285, #2325, #4511, #1793, #6766, #6700, #3286, #1692, #3350, #246 ), #2500, .F. ) ;
#5978 = VECTOR ( 'NONE', #3420, 1000.000000000000000 ) ;
#5979 = ORIENTED_EDGE ( 'NONE', *, *, #3073, .T. ) ;
#5980 = ORIENTED_EDGE ( 'NONE', *, *, #1264, .T. ) ;
#5981 = PLANE ( 'NONE',  #1268 ) ;
#5982 = CARTESIAN_POINT ( 'NONE',  ( -15.01499999999999879, 6.500000000000000000, -2.225000000000000533 ) ) ;
#5983 = CARTESIAN_POINT ( 'NONE',  ( -14.25000000000000178, 1.624999999999999778, -1.249999999999999778 ) ) ;
#5984 = FACE_OUTER_BOUND ( 'NONE', #4522, .T. ) ;
#5985 = AXIS2_PLACEMENT_3D ( 'NONE', #7051, #4241, #5411 ) ;
#5986 = EDGE_CURVE ( 'NONE', #5290, #4132, #5722, .T. ) ;
#5987 = ORIENTED_EDGE ( 'NONE', *, *, #565, .F. ) ;
#5988 = ORIENTED_EDGE ( 'NONE', *, *, #4936, .T. ) ;
#5989 = CARTESIAN_POINT ( 'NONE',  ( 14.31867413426533808, 4.914168687704686178, 2.500000000000000000 ) ) ;
#5990 = VERTEX_POINT ( 'NONE', #180 ) ;
#5991 = DIRECTION ( 'NONE',  ( 0.000000000000000000, 0.000000000000000000, -1.000000000000000000 ) ) ;
#5992 = ADVANCED_FACE ( 'NONE', ( #708 ), #2911, .T. ) ;
#5993 = EDGE_LOOP ( 'NONE', ( #1614, #4951, #25, #959 ) ) ;
#5994 = CARTESIAN_POINT ( 'NONE',  ( -2.250000000000000444, 0.000000000000000000, 0.7500000000000000000 ) ) ;
#5995 = ORIENTED_EDGE ( 'NONE', *, *, #1872, .F. ) ;
#5996 = ORIENTED_EDGE ( 'NONE', *, *, #1494, .F. ) ;
#5997 = FACE_OUTER_BOUND ( 'NONE', #3604, .T. ) ;
#5998 = EDGE_CURVE ( 'NONE', #5826, #4160, #4589, .T. ) ;
#5999 = DIRECTION ( 'NONE',  ( 0.000000000000000000, -1.000000000000000000, 0.000000000000000000 ) ) ;
#6000 =( REPRESENTATION_RELATIONSHIP ('NONE','NONE', #1131, #6340 ) REPRESENTATION_RELATIONSHIP_WITH_TRANSFORMATION ( #4490 )SHAPE_REPRESENTATION_RELATIONSHIP( ) );
#6001 = PLANE ( 'NONE',  #4881 ) ;
#6002 = LINE ( 'NONE', #1514, #2087 ) ;
#6003 = DIRECTION ( 'NONE',  ( 0.000000000000000000, 0.000000000000000000, 1.000000000000000000 ) ) ;
#6004 = DIRECTION ( 'NONE',  ( 0.000000000000000000, -1.000000000000000000, -1.338521200599385475E-16 ) ) ;
#6005 = CARTESIAN_POINT ( 'NONE',  ( -12.25000000000000000, 1.624999999999999778, -0.7499999999999994449 ) ) ;
#6006 = ORIENTED_EDGE ( 'NONE', *, *, #819, .F. ) ;
#6007 = VERTEX_POINT ( 'NONE', #808 ) ;
#6008 = ORIENTED_EDGE ( 'NONE', *, *, #4811, .F. ) ;
#6009 = CARTESIAN_POINT ( 'NONE',  ( 12.25000000000000000, 6.500000000000003553, 1.250000000000000222 ) ) ;
#6010 = FACE_OUTER_BOUND ( 'NONE', #6870, .T. ) ;
#6011 = ADVANCED_FACE ( 'NONE', ( #6952 ), #1922, .F. ) ;
#6012 = LINE ( 'NONE', #5663, #130 ) ;
#6013 = ORIENTED_EDGE ( 'NONE', *, *, #4066, .F. ) ;
#6014 = ORIENTED_EDGE ( 'NONE', *, *, #1684, .T. ) ;
#6015 = FACE_OUTER_BOUND ( 'NONE', #1146, .T. ) ;
#6016 = EDGE_CURVE ( 'NONE', #2212, #3843, #4144, .T. ) ;
#6017 = ORIENTED_EDGE ( 'NONE', *, *, #4974, .T. ) ;
#6018 = CARTESIAN_POINT ( 'NONE',  ( -3.750000000000000000, 6.500000000000003553, 0.7500000000000000000 ) ) ;
#6019 = CARTESIAN_POINT ( 'NONE',  ( -14.51500000000000057, 5.375000000000000000, -2.225000000000000533 ) ) ;
#6020 = EDGE_CURVE ( 'NONE', #1681, #1909, #213, .T. ) ;
#6021 = DIRECTION ( 'NONE',  ( 0.000000000000000000, 0.000000000000000000, 1.000000000000000000 ) ) ;
#6022 = ORIENTED_EDGE ( 'NONE', *, *, #5799, .T. ) ;
#6023 = ORIENTED_EDGE ( 'NONE', *, *, #4056, .F. ) ;
#6024 = CARTESIAN_POINT ( 'NONE',  ( -15.01499999999999879, 6.500000000000000000, -2.500000000000000444 ) ) ;
#6025 = VERTEX_POINT ( 'NONE', #2396 ) ;
#6026 = CARTESIAN_POINT ( 'NONE',  ( 9.750000000000000000, 0.000000000000000000, -1.250000000000000222 ) ) ;
#6027 = ORIENTED_EDGE ( 'NONE', *, *, #152, .F. ) ;
#6028 = DIRECTION ( 'NONE',  ( 1.000000000000000000, 0.000000000000000000, 0.000000000000000000 ) ) ;
#6029 = EDGE_LOOP ( 'NONE', ( #3663, #6954, #3614 ) ) ;
#6030 = EDGE_LOOP ( 'NONE', ( #3738, #6425, #6622, #5477 ) ) ;
#6031 = CARTESIAN_POINT ( 'NONE',  ( -0.2500000000000002220, 6.500000000000003553, -1.250000000000000000 ) ) ;
#6032 = DIRECTION ( 'NONE',  ( 0.000000000000000000, -1.338521200599385475E-16, 1.000000000000000000 ) ) ;
#6033 = DIRECTION ( 'NONE',  ( 1.000000000000000000, -0.000000000000000000, 1.359501156721635737E-17 ) ) ;
#6034 = CONTEXT_DEPENDENT_SHAPE_REPRESENTATION ( #6661, #2613 ) ;
#6035 = ORIENTED_EDGE ( 'NONE', *, *, #2256, .F. ) ;
#6036 = ORIENTED_EDGE ( 'NONE', *, *, #6379, .T. ) ;
#6037 = ORIENTED_EDGE ( 'NONE', *, *, #4694, .F. ) ;
#6038 = DIRECTION ( 'NONE',  ( 0.000000000000000000, -1.000000000000000000, 0.000000000000000000 ) ) ;
#6039 = AXIS2_PLACEMENT_3D ( 'NONE', #1850, #5716, #5751 ) ;
#6040 = EDGE_CURVE ( 'NONE', #6710, #2954, #4624, .T. ) ;
#6041 = DIRECTION ( 'NONE',  ( 1.000000000000000000, 0.000000000000000000, 0.000000000000000000 ) ) ;
#6042 = DIRECTION ( 'NONE',  ( -0.000000000000000000, -0.000000000000000000, -1.000000000000000000 ) ) ;
#6043 = ORIENTED_EDGE ( 'NONE', *, *, #6646, .F. ) ;
#6044 = DIRECTION ( 'NONE',  ( 0.000000000000000000, -1.000000000000000000, 0.000000000000000000 ) ) ;
#6045 = AXIS2_PLACEMENT_3D ( 'NONE', #198, #4023, #5016 ) ;
#6046 = CARTESIAN_POINT ( 'NONE',  ( -10.24999999999999822, 6.500000000000003553, -1.250000000000000000 ) ) ;
#6047 = LINE ( 'NONE', #1129, #2084 ) ;
#6048 = ORIENTED_EDGE ( 'NONE', *, *, #6445, .T. ) ;
#6049 = CARTESIAN_POINT ( 'NONE',  ( -15.45000000000000107, 6.275000000000004796, -0.09999999999999988065 ) ) ;
#6050 = VECTOR ( 'NONE', #586, 1000.000000000000000 ) ;
#6051 = LINE ( 'NONE', #4364, #5499 ) ;
#6052 = VECTOR ( 'NONE', #394, 1000.000000000000000 ) ;
#6053 = CARTESIAN_POINT ( 'NONE',  ( -13.84999999999999787, 5.375000000000002665, -0.8499999999999978684 ) ) ;
#6054 = DIRECTION ( 'NONE',  ( -1.000000000000000000, 0.000000000000000000, 0.000000000000000000 ) ) ;
#6055 = EDGE_CURVE ( 'NONE', #2597, #6354, #4075, .T. ) ;
#6056 = VECTOR ( 'NONE', #2560, 1000.000000000000000 ) ;
#6057 = VECTOR ( 'NONE', #4224, 1000.000000000000000 ) ;
#6058 = EDGE_CURVE ( 'NONE', #4415, #6478, #7177, .T. ) ;
#6059 = ORIENTED_EDGE ( 'NONE', *, *, #2862, .F. ) ;
#6060 = ORIENTED_EDGE ( 'NONE', *, *, #5049, .T. ) ;
#6061 = FACE_BOUND ( 'NONE', #2586, .T. ) ;
#6062 = ORIENTED_EDGE ( 'NONE', *, *, #6133, .F. ) ;
#6063 = AXIS2_PLACEMENT_3D ( 'NONE', #1904, #5210, #6843 ) ;
#6064 = DIRECTION ( 'NONE',  ( -0.000000000000000000, -1.000000000000000000, -0.000000000000000000 ) ) ;
#6065 = EDGE_CURVE ( 'NONE', #4353, #309, #5902, .T. ) ;
#6066 = ORIENTED_EDGE ( 'NONE', *, *, #794, .T. ) ;
#6067 = VECTOR ( 'NONE', #3912, 1000.000000000000000 ) ;
#6068 = FACE_BOUND ( 'NONE', #951, .T. ) ;
#6069 = ORIENTED_EDGE ( 'NONE', *, *, #760, .F. ) ;
#6070 = CARTESIAN_POINT ( 'NONE',  ( -11.75000000000000000, 0.000000000000000000, 0.7500000000000001110 ) ) ;
#6071 = DIRECTION ( 'NONE',  ( -1.000000000000000000, 0.000000000000000000, 0.000000000000000000 ) ) ;
#6072 = DIRECTION ( 'NONE',  ( -0.000000000000000000, 0.000000000000000000, 1.000000000000000000 ) ) ;
#6073 = LINE ( 'NONE', #1625, #390 ) ;
#6074 = VECTOR ( 'NONE', #941, 1000.000000000000000 ) ;
#6075 = PLANE ( 'NONE',  #3159 ) ;
#6076 = EDGE_CURVE ( 'NONE', #4995, #1015, #2533, .T. ) ;
#6077 = CARTESIAN_POINT ( 'NONE',  ( 7.750000000000000000, 0.000000000000000000, -0.7499999999999996669 ) ) ;
#6078 = VERTEX_POINT ( 'NONE', #5348 ) ;
#6079 = ORIENTED_EDGE ( 'NONE', *, *, #107, .F. ) ;
#6080 = ORIENTED_EDGE ( 'NONE', *, *, #2122, .F. ) ;
#6081 = VECTOR ( 'NONE', #4898, 1000.000000000000000 ) ;
#6082 = DIRECTION ( 'NONE',  ( 0.000000000000000000, -2.188853373384112515E-19, 1.000000000000000000 ) ) ;
#6083 = ORIENTED_EDGE ( 'NONE', *, *, #918, .F. ) ;
#6084 = CARTESIAN_POINT ( 'NONE',  ( -14.51500000000000057, 5.375000000000000000, 2.500000000000000444 ) ) ;
#6085 = ORIENTED_EDGE ( 'NONE', *, *, #6055, .T. ) ;
#6086 = LINE ( 'NONE', #2752, #5502 ) ;
#6087 = VECTOR ( 'NONE', #4963, 1000.000000000000000 ) ;
#6088 = EDGE_CURVE ( 'NONE', #6960, #6839, #4760, .T. ) ;
#6089 = ORIENTED_EDGE ( 'NONE', *, *, #6378, .F. ) ;
#6090 = DIRECTION ( 'NONE',  ( 0.7071067811865414665, -0.7071067811865536790, 0.000000000000000000 ) ) ;
#6091 = ORIENTED_EDGE ( 'NONE', *, *, #5060, .F. ) ;
#6092 = PLANE ( 'NONE',  #2415 ) ;
#6093 = EDGE_CURVE ( 'NONE', #510, #4961, #7070, .T. ) ;
#6094 = VECTOR ( 'NONE', #4867, 1000.000000000000000 ) ;
#6095 = DIRECTION ( 'NONE',  ( -0.000000000000000000, 0.000000000000000000, -1.000000000000000000 ) ) ;
#6096 = CARTESIAN_POINT ( 'NONE',  ( -6.250000000000001776, 6.500000000000003553, -0.7499999999999995559 ) ) ;
#6097 = CARTESIAN_POINT ( 'NONE',  ( -13.75000000000000178, 1.624999999999999778, 1.250000000000000666 ) ) ;
#6098 = AXIS2_PLACEMENT_3D ( 'NONE', #2173, #1785, #6095 ) ;
#6099 = ORIENTED_EDGE ( 'NONE', *, *, #3756, .F. ) ;
#6100 = ORIENTED_EDGE ( 'NONE', *, *, #2534, .F. ) ;
#6101 = VERTEX_POINT ( 'NONE', #6019 ) ;
#6102 = AXIS2_PLACEMENT_3D ( 'NONE', #4646, #2967, #1774 ) ;
#6103 = PLANE ( 'NONE',  #6651 ) ;
#6104 = ADVANCED_FACE ( 'NONE', ( #4183 ), #5308, .F. ) ;
#6105 = VERTEX_POINT ( 'NONE', #4840 ) ;
#6106 = FACE_OUTER_BOUND ( 'NONE', #2048, .T. ) ;
#6107 = FACE_BOUND ( 'NONE', #5907, .T. ) ;
#6108 = EDGE_LOOP ( 'NONE', ( #2383, #5315, #6274, #4863, #3219, #6552, #671, #5896, #6135, #2717 ) ) ;
#6109 = DIRECTION ( 'NONE',  ( -0.000000000000000000, -0.000000000000000000, 1.000000000000000000 ) ) ;
#6110 = EDGE_CURVE ( 'NONE', #2231, #3116, #385, .T. ) ;
#6111 = DIRECTION ( 'NONE',  ( -1.000000000000000000, 0.000000000000000000, 0.000000000000000000 ) ) ;
#6112 = FILL_AREA_STYLE ('',( #6631 ) ) ;
#6113 = CARTESIAN_POINT ( 'NONE',  ( -2.250000000000000444, 0.000000000000000000, 1.250000000000000444 ) ) ;
#6114 = ORIENTED_EDGE ( 'NONE', *, *, #6280, .F. ) ;
#6115 = ORIENTED_EDGE ( 'NONE', *, *, #2958, .F. ) ;
#6116 = ORIENTED_EDGE ( 'NONE', *, *, #6446, .F. ) ;
#6117 = CARTESIAN_POINT ( 'NONE',  ( -4.250000000000000000, 6.500000000000003553, 1.250000000000000444 ) ) ;
#6118 = LINE ( 'NONE', #5556, #4869 ) ;
#6119 = ORIENTED_EDGE ( 'NONE', *, *, #459, .T. ) ;
#6120 = CARTESIAN_POINT ( 'NONE',  ( -15.12500000000000178, 3.649999999999999911, -4.870572098594920796 ) ) ;
#6121 = EDGE_CURVE ( 'NONE', #5204, #1346, #3162, .T. ) ;
#6122 = PRODUCT_DEFINITION_SHAPE ( 'NONE', 'NONE',  #7209 ) ;
#6123 = EDGE_CURVE ( 'NONE', #1657, #6345, #2691, .T. ) ;
#6124 = DIRECTION ( 'NONE',  ( -1.000000000000000000, -1.195124682037070119E-16, 0.000000000000000000 ) ) ;
#6125 = FACE_OUTER_BOUND ( 'NONE', #3304, .T. ) ;
#6126 = VERTEX_POINT ( 'NONE', #7101 ) ;
#6127 = LINE ( 'NONE', #3785, #5109 ) ;
#6128 = CARTESIAN_POINT ( 'NONE',  ( -0.5350000000000024736, 1.624999999999999778, -1.250000000000000000 ) ) ;
#6129 = DIRECTION ( 'NONE',  ( 1.000000000000000000, -0.000000000000000000, -0.000000000000000000 ) ) ;
#6130 = LINE ( 'NONE', #5501, #6263 ) ;
#6131 = EDGE_CURVE ( 'NONE', #2119, #2009, #7030, .T. ) ;
#6132 = ADVANCED_FACE ( 'NONE', ( #492 ), #6537, .T. ) ;
#6133 = EDGE_CURVE ( 'NONE', #6819, #4342, #4915, .T. ) ;
#6134 = VERTEX_POINT ( 'NONE', #5427 ) ;
#6135 = ORIENTED_EDGE ( 'NONE', *, *, #1845, .T. ) ;
#6136 = DIRECTION ( 'NONE',  ( -0.000000000000000000, -0.000000000000000000, 1.000000000000000000 ) ) ;
#6137 = ORIENTED_EDGE ( 'NONE', *, *, #6420, .T. ) ;
#6138 = PLANE ( 'NONE',  #6171 ) ;
#6139 = ORIENTED_EDGE ( 'NONE', *, *, #4305, .T. ) ;
#6140 = CARTESIAN_POINT ( 'NONE',  ( -10.24999999999999822, 6.500000000000003553, 1.250000000000000444 ) ) ;
#6141 = EDGE_CURVE ( 'NONE', #4639, #3293, #456, .T. ) ;
#6142 = EDGE_LOOP ( 'NONE', ( #4799, #220, #3167, #6595 ) ) ;
#6143 = CARTESIAN_POINT ( 'NONE',  ( 15.95000000000000284, 4.250000000000000000, -0.1000000000000004774 ) ) ;
#6144 = DIRECTION ( 'NONE',  ( 0.000000000000000000, 0.000000000000000000, -1.000000000000000000 ) ) ;
#6145 = EDGE_CURVE ( 'NONE', #2002, #1984, #3638, .T. ) ;
#6146 = DIRECTION ( 'NONE',  ( 1.000000000000000000, 0.000000000000000000, 0.000000000000000000 ) ) ;
#6147 = EDGE_CURVE ( 'NONE', #6314, #6926, #1102, .T. ) ;
#6148 = VERTEX_POINT ( 'NONE', #4399 ) ;
#6149 = VERTEX_POINT ( 'NONE', #1644 ) ;
#6150 = ORIENTED_EDGE ( 'NONE', *, *, #2565, .T. ) ;
#6151 = FACE_OUTER_BOUND ( 'NONE', #3471, .T. ) ;
#6152 = CARTESIAN_POINT ( 'NONE',  ( -8.249999999999996447, 6.500000000000003553, 0.7500000000000001110 ) ) ;
#6153 = CARTESIAN_POINT ( 'NONE',  ( 3.750000000000000000, 1.624999999999999778, 0.7499999999999998890 ) ) ;
#6154 = DIRECTION ( 'NONE',  ( 1.000000000000000000, 0.000000000000000000, 0.000000000000000000 ) ) ;
#6155 = EDGE_CURVE ( 'NONE', #1391, #5649, #561, .T. ) ;
#6156 = ORIENTED_EDGE ( 'NONE', *, *, #1679, .T. ) ;
#6157 = FACE_OUTER_BOUND ( 'NONE', #2748, .T. ) ;
#6158 = CARTESIAN_POINT ( 'NONE',  ( -15.95000000000000284, 4.250000000000000000, -0.8500000000000005329 ) ) ;
#6159 = DIRECTION ( 'NONE',  ( -1.000000000000000000, 0.000000000000000000, 0.000000000000000000 ) ) ;
#6160 = FACE_OUTER_BOUND ( 'NONE', #3239, .T. ) ;
#6161 = VECTOR ( 'NONE', #1600, 1000.000000000000000 ) ;
#6162 = ORIENTED_EDGE ( 'NONE', *, *, #2761, .F. ) ;
#6163 = VECTOR ( 'NONE', #4717, 1000.000000000000000 ) ;
#6164 = VECTOR ( 'NONE', #1379, 1000.000000000000000 ) ;
#6165 = VERTEX_POINT ( 'NONE', #1202 ) ;
#6166 = VERTEX_POINT ( 'NONE', #4478 ) ;
#6167 = DIRECTION ( 'NONE',  ( -0.000000000000000000, -1.239088197126290669E-15, 1.000000000000000000 ) ) ;
#6168 = ORIENTED_EDGE ( 'NONE', *, *, #2021, .F. ) ;
#6169 = DIRECTION ( 'NONE',  ( 1.000000000000000000, -0.000000000000000000, 1.359501156721635737E-17 ) ) ;
#6170 = VECTOR ( 'NONE', #1712, 1000.000000000000000 ) ;
#6171 = AXIS2_PLACEMENT_3D ( 'NONE', #5573, #6769, #1141 ) ;
#6172 = EDGE_CURVE ( 'NONE', #4285, #723, #6051, .T. ) ;
#6173 = FACE_BOUND ( 'NONE', #1496, .T. ) ;
#6174 = ORIENTED_EDGE ( 'NONE', *, *, #4731, .T. ) ;
#6175 = VECTOR ( 'NONE', #2440, 1000.000000000000000 ) ;
#6176 = EDGE_CURVE ( 'NONE', #5720, #182, #5057, .T. ) ;
#6177 = ITEM_DEFINED_TRANSFORMATION ( 'NONE', 'NONE', #79,  #5273 ) ;
#6178 = DIRECTION ( 'NONE',  ( -0.000000000000000000, 0.000000000000000000, 1.000000000000000000 ) ) ;
#6179 = VECTOR ( 'NONE', #3945, 1000.000000000000000 ) ;
#6180 = CARTESIAN_POINT ( 'NONE',  ( -15.95000000000000284, 0.000000000000000000, -2.500000000000000444 ) ) ;
#6181 = PLANE ( 'NONE',  #3037 ) ;
#6182 = ORIENTED_EDGE ( 'NONE', *, *, #7155, .F. ) ;
#6183 = VERTEX_POINT ( 'NONE', #2727 ) ;
#6184 = VERTEX_POINT ( 'NONE', #6689 ) ;
#6185 = LINE ( 'NONE', #3475, #6886 ) ;
#6186 = AXIS2_PLACEMENT_3D ( 'NONE', #2933, #5664, #5815 ) ;
#6187 = CARTESIAN_POINT ( 'NONE',  ( 0.000000000000000000, 0.000000000000000000, 2.000000000000000000 ) ) ;
#6188 = PLANE ( 'NONE',  #6045 ) ;
#6189 = CARTESIAN_POINT ( 'NONE',  ( 15.45000000000000284, 6.500000000000000000, 2.225000000000000089 ) ) ;
#6190 = VECTOR ( 'NONE', #6761, 1000.000000000000000 ) ;
#6191 = ORIENTED_EDGE ( 'NONE', *, *, #37, .T. ) ;
#6192 = PLANE ( 'NONE',  #3021 ) ;
#6193 = DIRECTION ( 'NONE',  ( 0.000000000000000000, 0.000000000000000000, -1.000000000000000000 ) ) ;
#6194 = CARTESIAN_POINT ( 'NONE',  ( -6.250000000000001776, 1.624999999999999778, -4.870572098594920796 ) ) ;
#6195 = CARTESIAN_POINT ( 'NONE',  ( 3.750000000000000000, 0.000000000000000000, 1.250000000000000444 ) ) ;
#6196 = VECTOR ( 'NONE', #1282, 1000.000000000000000 ) ;
#6197 = AXIS2_PLACEMENT_3D ( 'NONE', #1729, #5618, #1114 ) ;
#6198 = ORIENTED_EDGE ( 'NONE', *, *, #4539, .F. ) ;
#6199 = ORIENTED_EDGE ( 'NONE', *, *, #2565, .F. ) ;
#6200 = CARTESIAN_POINT ( 'NONE',  ( 6.250000000000000000, 6.500000000000003553, 0.7499999999999998890 ) ) ;
#6201 = ORIENTED_EDGE ( 'NONE', *, *, #6131, .F. ) ;
#6202 = CARTESIAN_POINT ( 'NONE',  ( 11.75000000000000000, 0.000000000000000000, 1.250000000000000222 ) ) ;
#6203 = VECTOR ( 'NONE', #3486, 1000.000000000000000 ) ;
#6204 = FACE_BOUND ( 'NONE', #6723, .T. ) ;
#6205 = ORIENTED_EDGE ( 'NONE', *, *, #2664, .T. ) ;
#6206 = CARTESIAN_POINT ( 'NONE',  ( 4.250000000000000000, 0.000000000000000000, 0.7499999999999998890 ) ) ;
#6207 = VECTOR ( 'NONE', #4223, 1000.000000000000000 ) ;
#6208 = DIRECTION ( 'NONE',  ( 0.000000000000000000, -1.000000000000000000, 0.000000000000000000 ) ) ;
#6209 = CONTEXT_DEPENDENT_SHAPE_REPRESENTATION ( #1243, #720 ) ;
#6210 = EDGE_CURVE ( 'NONE', #255, #5347, #6726, .T. ) ;
#6211 = EDGE_CURVE ( 'NONE', #5625, #3569, #2206, .T. ) ;
#6212 = CARTESIAN_POINT ( 'NONE',  ( 3.750000000000000000, 1.624999999999999778, -0.7499999999999996669 ) ) ;
#6213 = VERTEX_POINT ( 'NONE', #4441 ) ;
#6214 = CARTESIAN_POINT ( 'NONE',  ( 2.250000000000000444, 6.500000000000003553, 0.7499999999999998890 ) ) ;
#6215 = EDGE_LOOP ( 'NONE', ( #4209, #6168, #2370, #550 ) ) ;
#6216 = ORIENTED_EDGE ( 'NONE', *, *, #3763, .F. ) ;
#6217 = DIRECTION ( 'NONE',  ( -0.000000000000000000, -0.000000000000000000, 1.000000000000000000 ) ) ;
#6218 = ORIENTED_EDGE ( 'NONE', *, *, #6147, .T. ) ;
#6219 = DIRECTION ( 'NONE',  ( 1.000000000000000000, 0.000000000000000000, 0.000000000000000000 ) ) ;
#6220 = CARTESIAN_POINT ( 'NONE',  ( 3.464999999999997637, 1.624999999999999778, -0.7499999999999996669 ) ) ;
#6221 = EDGE_LOOP ( 'NONE', ( #653, #793, #5218, #4154 ) ) ;
#6222 = DIRECTION ( 'NONE',  ( -1.000000000000000000, 0.000000000000000000, 0.000000000000000000 ) ) ;
#6223 = EDGE_CURVE ( 'NONE', #3651, #2762, #1134, .T. ) ;
#6224 = CARTESIAN_POINT ( 'NONE',  ( 7.750000000000000000, 1.624999999999999778, -4.870572098594920796 ) ) ;
#6225 = DIRECTION ( 'NONE',  ( 0.3236155771181846164, 0.8891264907159879272, -0.3236155771181860596 ) ) ;
#6226 = CARTESIAN_POINT ( 'NONE',  ( 12.25000000000000000, 0.000000000000000000, -0.7499999999999997780 ) ) ;
#6227 = EDGE_CURVE ( 'NONE', #5830, #480, #3963, .T. ) ;
#6228 = CARTESIAN_POINT ( 'NONE',  ( -10.53500000000000014, 1.624999999999999778, 1.250000000000000444 ) ) ;
#6229 = PRODUCT_DEFINITION_SHAPE ( 'NONE', 'NONE',  #7204 ) ;
#6230 = EDGE_LOOP ( 'NONE', ( #806, #3701, #3798, #905 ) ) ;
#6231 = CARTESIAN_POINT ( 'NONE',  ( 0.000000000000000000, 6.500000000000000000, 0.000000000000000000 ) ) ;
#6232 = ADVANCED_FACE ( 'NONE', ( #6615 ), #6297, .T. ) ;
#6233 = CARTESIAN_POINT ( 'NONE',  ( 13.97236314066101137, 4.314340451562333811, 2.400000000000000355 ) ) ;
#6234 = ORIENTED_EDGE ( 'NONE', *, *, #423, .F. ) ;
#6235 = CARTESIAN_POINT ( 'NONE',  ( -15.94999999999999929, 6.500000000000000000, 2.500000000000000000 ) ) ;
#6236 = PLANE ( 'NONE',  #1280 ) ;
#6237 = VERTEX_POINT ( 'NONE', #1307 ) ;
#6238 = CARTESIAN_POINT ( 'NONE',  ( 3.750000000000000000, 0.000000000000000000, -0.7499999999999996669 ) ) ;
#6239 = CARTESIAN_POINT ( 'NONE',  ( -13.75000000000000178, 6.500000000000003553, -1.249999999999999778 ) ) ;
#6240 = DIRECTION ( 'NONE',  ( 0.000000000000000000, 0.000000000000000000, 1.000000000000000000 ) ) ;
#6241 = VERTEX_POINT ( 'NONE', #6865 ) ;
#6242 = DIRECTION ( 'NONE',  ( 1.000000000000000000, 0.000000000000000000, -0.000000000000000000 ) ) ;
#6243 = ORIENTED_EDGE ( 'NONE', *, *, #4157, .F. ) ;
#6244 = CONTEXT_DEPENDENT_SHAPE_REPRESENTATION ( #6577, #6229 ) ;
#6245 = VERTEX_POINT ( 'NONE', #1917 ) ;
#6246 = CARTESIAN_POINT ( 'NONE',  ( -7.749999999999996447, 6.500000000000003553, -0.7499999999999994449 ) ) ;
#6247 = DIRECTION ( 'NONE',  ( 0.000000000000000000, -1.000000000000000000, 0.000000000000000000 ) ) ;
#6248 = ORIENTED_EDGE ( 'NONE', *, *, #1989, .F. ) ;
#6249 = LINE ( 'NONE', #3472, #4876 ) ;
#6250 = FACE_OUTER_BOUND ( 'NONE', #5570, .T. ) ;
#6251 = DIRECTION ( 'NONE',  ( 0.000000000000000000, 0.000000000000000000, 1.000000000000000000 ) ) ;
#6252 = DIRECTION ( 'NONE',  ( 0.000000000000000000, 0.000000000000000000, 1.000000000000000000 ) ) ;
#6253 = CARTESIAN_POINT ( 'NONE',  ( 6.250000000000000000, 1.624999999999999778, 1.250000000000000222 ) ) ;
#6254 = ORIENTED_EDGE ( 'NONE', *, *, #6227, .T. ) ;
#6255 = FACE_OUTER_BOUND ( 'NONE', #3847, .T. ) ;
#6256 = DIRECTION ( 'NONE',  ( 0.000000000000000000, -1.000000000000000000, -0.000000000000000000 ) ) ;
#6257 = FACE_OUTER_BOUND ( 'NONE', #57, .T. ) ;
#6258 = PLANE ( 'NONE',  #2591 ) ;
#6259 = CARTESIAN_POINT ( 'NONE',  ( -5.750000000000001776, 1.624999999999999778, -0.7499999999999995559 ) ) ;
#6260 = ORIENTED_EDGE ( 'NONE', *, *, #4508, .T. ) ;
#6261 = CARTESIAN_POINT ( 'NONE',  ( -13.75000000000000000, -3.000000000000000000, -0.7500000000000001110 ) ) ;
#6262 = ORIENTED_EDGE ( 'NONE', *, *, #311, .F. ) ;
#6263 = VECTOR ( 'NONE', #3199, 1000.000000000000000 ) ;
#6264 = CARTESIAN_POINT ( 'NONE',  ( -2.250000000000000444, 6.500000000000003553, 1.250000000000000444 ) ) ;
#6265 = CARTESIAN_POINT ( 'NONE',  ( 15.45000000000000284, 1.625000000000001332, 2.225000000000000089 ) ) ;
#6266 = PLANE ( 'NONE',  #6531 ) ;
#6267 = VECTOR ( 'NONE', #2349, 1000.000000000000000 ) ;
#6268 = CARTESIAN_POINT ( 'NONE',  ( -12.46500000000000163, 5.149999999999998579, 2.500000000000000000 ) ) ;
#6269 = DIRECTION ( 'NONE',  ( 0.000000000000000000, 0.000000000000000000, 1.000000000000000000 ) ) ;
#6270 = ORIENTED_EDGE ( 'NONE', *, *, #1804, .F. ) ;
#6271 = CARTESIAN_POINT ( 'NONE',  ( -4.535000000000002807, 1.624999999999999778, -1.250000000000000000 ) ) ;
#6272 = ORIENTED_EDGE ( 'NONE', *, *, #930, .T. ) ;
#6273 = CARTESIAN_POINT ( 'NONE',  ( -15.95000000000000284, 0.9249999999999996003, 2.500000000000000000 ) ) ;
#6274 = ORIENTED_EDGE ( 'NONE', *, *, #569, .F. ) ;
#6275 = VECTOR ( 'NONE', #878, 1000.000000000000000 ) ;
#6276 = FACE_OUTER_BOUND ( 'NONE', #6490, .T. ) ;
#6277 = ORIENTED_EDGE ( 'NONE', *, *, #5602, .F. ) ;
#6278 = VECTOR ( 'NONE', #2481, 1000.000000000000000 ) ;
#6279 = PLANE ( 'NONE',  #3392 ) ;
#6280 = EDGE_CURVE ( 'NONE', #3651, #6505, #1265, .T. ) ;
#6281 = AXIS2_PLACEMENT_3D ( 'NONE', #5350, #6984, #1923 ) ;
#6282 = CARTESIAN_POINT ( 'NONE',  ( -15.12500000000000178, 3.649999999999999911, 2.500000000000000000 ) ) ;
#6283 = CARTESIAN_POINT ( 'NONE',  ( -0.2500000000000002220, 1.624999999999999778, -4.870572098594920796 ) ) ;
#6284 = EDGE_LOOP ( 'NONE', ( #6306, #2988, #6604, #2853 ) ) ;
#6285 = CARTESIAN_POINT ( 'NONE',  ( 13.75000000000000000, 6.500000000000003553, 1.250000000000000222 ) ) ;
#6286 = DIRECTION ( 'NONE',  ( -1.284980352575412699E-15, -1.000000000000000000, 0.000000000000000000 ) ) ;
#6287 = FILL_AREA_STYLE ('',( #3515 ) ) ;
#6288 = DIRECTION ( 'NONE',  ( 1.000000000000000000, 0.000000000000000000, 0.000000000000000000 ) ) ;
#6289 = DIRECTION ( 'NONE',  ( -9.842402700577633003E-16, -1.000000000000000000, -0.000000000000000000 ) ) ;
#6290 = LINE ( 'NONE', #4135, #2472 ) ;
#6291 = VECTOR ( 'NONE', #5729, 1000.000000000000000 ) ;
#6292 = EDGE_CURVE ( 'NONE', #5942, #6333, #4138, .T. ) ;
#6293 = ORIENTED_EDGE ( 'NONE', *, *, #4941, .T. ) ;
#6294 = AXIS2_PLACEMENT_3D ( 'NONE', #357, #2011, #2666 ) ;
#6295 = DIRECTION ( 'NONE',  ( 0.000000000000000000, 1.000000000000000000, 0.000000000000000000 ) ) ;
#6296 = CARTESIAN_POINT ( 'NONE',  ( -15.12500000000000000, 2.299999999999999822, 2.500000000000000000 ) ) ;
#6297 = PLANE ( 'NONE',  #3290 ) ;
#6298 = LINE ( 'NONE', #4032, #1061 ) ;
#6299 = PRODUCT_DEFINITION_CONTEXT ( 'detailed design', #2257, 'design' ) ;
#6300 = ADVANCED_FACE ( 'NONE', ( #6796 ), #2314, .T. ) ;
#6301 = VECTOR ( 'NONE', #3519, 1000.000000000000000 ) ;
#6302 = EDGE_CURVE ( 'NONE', #7152, #1454, #6374, .T. ) ;
#6303 = ORIENTED_EDGE ( 'NONE', *, *, #7012, .T. ) ;
#6304 = FACE_OUTER_BOUND ( 'NONE', #5381, .T. ) ;
#6305 = DIRECTION ( 'NONE',  ( -1.000000000000000000, -0.000000000000000000, -0.000000000000000000 ) ) ;
#6306 = ORIENTED_EDGE ( 'NONE', *, *, #2614, .F. ) ;
#6307 = VECTOR ( 'NONE', #7036, 1000.000000000000000 ) ;
#6308 = LINE ( 'NONE', #214, #2313 ) ;
#6309 = DIRECTION ( 'NONE',  ( 0.000000000000000000, 0.000000000000000000, 1.000000000000000000 ) ) ;
#6310 = VECTOR ( 'NONE', #5326, 1000.000000000000000 ) ;
#6311 = LINE ( 'NONE', #5833, #58 ) ;
#6312 = ORIENTED_EDGE ( 'NONE', *, *, #4088, .T. ) ;
#6313 = FACE_OUTER_BOUND ( 'NONE', #3440, .T. ) ;
#6314 = VERTEX_POINT ( 'NONE', #6907 ) ;
#6315 = FACE_OUTER_BOUND ( 'NONE', #1123, .T. ) ;
#6316 = ORIENTED_EDGE ( 'NONE', *, *, #1744, .T. ) ;
#6317 = LINE ( 'NONE', #2509, #3865 ) ;
#6318 = ADVANCED_FACE ( 'NONE', ( #3044 ), #6945, .F. ) ;
#6319 = ORIENTED_EDGE ( 'NONE', *, *, #4477, .F. ) ;
#6320 = AXIS2_PLACEMENT_3D ( 'NONE', #5459, #4331, #4221 ) ;
#6321 = CARTESIAN_POINT ( 'NONE',  ( -7.749999999999996447, 6.500000000000003553, -0.7499999999999994449 ) ) ;
#6322 = VECTOR ( 'NONE', #4979, 1000.000000000000000 ) ;
#6323 = LINE ( 'NONE', #1331, #4313 ) ;
#6324 = ORIENTED_EDGE ( 'NONE', *, *, #4932, .T. ) ;
#6325 = DIRECTION ( 'NONE',  ( 0.000000000000000000, 0.000000000000000000, -1.000000000000000000 ) ) ;
#6326 = LINE ( 'NONE', #330, #4556 ) ;
#6327 = EDGE_CURVE ( 'NONE', #7096, #2871, #1816, .T. ) ;
#6328 = DIRECTION ( 'NONE',  ( -0.000000000000000000, -0.000000000000000000, 1.000000000000000000 ) ) ;
#6329 = DIRECTION ( 'NONE',  ( 1.000000000000000000, 0.000000000000000000, 0.000000000000000000 ) ) ;
#6330 = CARTESIAN_POINT ( 'NONE',  ( 12.25000000000000000, 1.624999999999999778, -1.250000000000000222 ) ) ;
#6331 = CARTESIAN_POINT ( 'NONE',  ( 10.25000000000000000, 6.500000000000003553, 0.7499999999999997780 ) ) ;
#6332 = AXIS2_PLACEMENT_3D ( 'NONE', #1056, #4433, #1673 ) ;
#6333 = VERTEX_POINT ( 'NONE', #4544 ) ;
#6334 = DIRECTION ( 'NONE',  ( 0.000000000000000000, -0.000000000000000000, 1.000000000000000000 ) ) ;
#6335 = DIRECTION ( 'NONE',  ( 0.000000000000000000, -1.000000000000000000, 0.000000000000000000 ) ) ;
#6336 = FACE_OUTER_BOUND ( 'NONE', #4591, .T. ) ;
#6337 = DIRECTION ( 'NONE',  ( 0.000000000000000000, -0.7071067811865393571, -0.7071067811865555663 ) ) ;
#6338 = ORIENTED_EDGE ( 'NONE', *, *, #5539, .F. ) ;
#6339 = LINE ( 'NONE', #3049, #4902 ) ;
#6340 = SHAPE_REPRESENTATION ( 'pin^BxB-PHDSS ass', ( #5273 ), #5163 ) ;
#6341 = EDGE_LOOP ( 'NONE', ( #5901, #3826, #4262, #2260, #5912, #919 ) ) ;
#6342 = LINE ( 'NONE', #1894, #6190 ) ;
#6343 = DIRECTION ( 'NONE',  ( 0.000000000000000000, 0.000000000000000000, -1.000000000000000000 ) ) ;
#6344 = EDGE_CURVE ( 'NONE', #1443, #4510, #1784, .T. ) ;
#6345 = VERTEX_POINT ( 'NONE', #1231 ) ;
#6346 = DIRECTION ( 'NONE',  ( -1.000000000000000000, 0.000000000000000000, -0.000000000000000000 ) ) ;
#6347 = DIRECTION ( 'NONE',  ( -4.921201350288817487E-16, 1.000000000000000000, 0.000000000000000000 ) ) ;
#6348 = EDGE_CURVE ( 'NONE', #5195, #480, #3448, .T. ) ;
#6349 = DIRECTION ( 'NONE',  ( 0.7071067811865611175, -0.7071067811865340280, 0.000000000000000000 ) ) ;
#6350 = EDGE_CURVE ( 'NONE', #1377, #2159, #1887, .T. ) ;
#6351 = CARTESIAN_POINT ( 'NONE',  ( -15.12500000000000000, 2.299999999999999822, 2.500000000000000000 ) ) ;
#6352 = ORIENTED_EDGE ( 'NONE', *, *, #3210, .T. ) ;
#6353 = LINE ( 'NONE', #1902, #5237 ) ;
#6354 = VERTEX_POINT ( 'NONE', #2359 ) ;
#6355 = CARTESIAN_POINT ( 'NONE',  ( 15.95000000000000284, 0.9249999999999996003, 2.500000000000000000 ) ) ;
#6356 = ORIENTED_EDGE ( 'NONE', *, *, #6992, .T. ) ;
#6357 = CARTESIAN_POINT ( 'NONE',  ( 15.95000000000000284, 6.500000000000000000, -2.500000000000000444 ) ) ;
#6358 = ORIENTED_EDGE ( 'NONE', *, *, #6131, .T. ) ;
#6359 = CARTESIAN_POINT ( 'NONE',  ( 1.749999999999999778, 6.500000000000003553, -1.250000000000000000 ) ) ;
#6360 = EDGE_CURVE ( 'NONE', #4125, #510, #4579, .T. ) ;
#6361 = ORIENTED_EDGE ( 'NONE', *, *, #2099, .T. ) ;
#6362 = DIRECTION ( 'NONE',  ( 1.000000000000000000, 0.000000000000000000, 0.000000000000000000 ) ) ;
#6363 = ORIENTED_EDGE ( 'NONE', *, *, #3443, .T. ) ;
#6364 = VERTEX_POINT ( 'NONE', #4657 ) ;
#6365 = ORIENTED_EDGE ( 'NONE', *, *, #1777, .T. ) ;
#6366 = DIRECTION ( 'NONE',  ( -1.000000000000000000, 0.000000000000000000, 0.000000000000000000 ) ) ;
#6367 = DIRECTION ( 'NONE',  ( 1.000000000000000000, 0.000000000000000000, 0.000000000000000000 ) ) ;
#6368 = CARTESIAN_POINT ( 'NONE',  ( 0.2500000000000002220, 1.624999999999999778, -4.870572098594920796 ) ) ;
#6369 = ADVANCED_FACE ( 'NONE', ( #6257 ), #737, .T. ) ;
#6370 = PLANE ( 'NONE',  #6186 ) ;
#6371 = ORIENTED_EDGE ( 'NONE', *, *, #3623, .T. ) ;
#6372 = CARTESIAN_POINT ( 'NONE',  ( 15.95000000000000284, 4.250000000000000000, -0.8500000000000005329 ) ) ;
#6373 = CARTESIAN_POINT ( 'NONE',  ( -4.535000000000002807, 1.624999999999999778, -0.7499999999999995559 ) ) ;
#6374 = LINE ( 'NONE', #2901, #2819 ) ;
#6375 = CARTESIAN_POINT ( 'NONE',  ( -2.250000000000000444, 1.624999999999999778, -4.870572098594920796 ) ) ;
#6376 = DIRECTION ( 'NONE',  ( 0.000000000000000000, -1.000000000000000000, 0.000000000000000000 ) ) ;
#6377 = ORIENTED_EDGE ( 'NONE', *, *, #1367, .F. ) ;
#6378 = EDGE_CURVE ( 'NONE', #6960, #2002, #2390, .T. ) ;
#6379 = EDGE_CURVE ( 'NONE', #6148, #4342, #3524, .T. ) ;
#6380 = LINE ( 'NONE', #6461, #4548 ) ;
#6381 = CARTESIAN_POINT ( 'NONE',  ( 5.750000000000000000, 0.000000000000000000, 0.7499999999999998890 ) ) ;
#6382 = DIRECTION ( 'NONE',  ( 0.7071067811865536790, 0.7071067811865414665, 0.000000000000000000 ) ) ;
#6383 = LINE ( 'NONE', #5756, #1616 ) ;
#6384 = PLANE ( 'NONE',  #733 ) ;
#6385 = EDGE_LOOP ( 'NONE', ( #6605, #1112, #60, #2153 ) ) ;
#6386 = VECTOR ( 'NONE', #1374, 1000.000000000000000 ) ;
#6387 = CARTESIAN_POINT ( 'NONE',  ( 9.750000000000000000, 6.500000000000003553, 0.7499999999999997780 ) ) ;
#6388 = ORIENTED_EDGE ( 'NONE', *, *, #5767, .F. ) ;
#6389 = LINE ( 'NONE', #1357, #4886 ) ;
#6390 = CARTESIAN_POINT ( 'NONE',  ( -8.249999999999996447, 1.624999999999999778, -4.870572098594920796 ) ) ;
#6391 = EDGE_LOOP ( 'NONE', ( #1572, #6091, #6023, #4604 ) ) ;
#6392 = VECTOR ( 'NONE', #3279, 1000.000000000000000 ) ;
#6393 = VECTOR ( 'NONE', #5133, 1000.000000000000000 ) ;
#6394 = ORIENTED_EDGE ( 'NONE', *, *, #6816, .T. ) ;
#6395 = CARTESIAN_POINT ( 'NONE',  ( -2.250000000000000444, 0.000000000000000000, 0.7500000000000000000 ) ) ;
#6396 = ORIENTED_EDGE ( 'NONE', *, *, #3177, .T. ) ;
#6397 = LINE ( 'NONE', #1470, #3584 ) ;
#6398 = EDGE_CURVE ( 'NONE', #3735, #5720, #2419, .T. ) ;
#6399 = VECTOR ( 'NONE', #4645, 1000.000000000000000 ) ;
#6400 = CARTESIAN_POINT ( 'NONE',  ( 7.750000000000000000, 6.500000000000003553, -1.250000000000000222 ) ) ;
#6401 = AXIS2_PLACEMENT_3D ( 'NONE', #6321, #4635, #1328 ) ;
#6402 = CARTESIAN_POINT ( 'NONE',  ( -15.01499999999999879, 6.500000000000000000, -2.225000000000000533 ) ) ;
#6403 = DIRECTION ( 'NONE',  ( 1.000000000000000000, 0.000000000000000000, 0.000000000000000000 ) ) ;
#6404 = DIRECTION ( 'NONE',  ( 0.000000000000000000, 0.000000000000000000, 1.000000000000000000 ) ) ;
#6405 = VECTOR ( 'NONE', #282, 1000.000000000000000 ) ;
#6406 = VECTOR ( 'NONE', #4619, 1000.000000000000000 ) ;
#6407 = LINE ( 'NONE', #871, #164 ) ;
#6408 = ORIENTED_EDGE ( 'NONE', *, *, #1506, .F. ) ;
#6409 = ORIENTED_EDGE ( 'NONE', *, *, #5080, .T. ) ;
#6410 = ORIENTED_EDGE ( 'NONE', *, *, #6093, .T. ) ;
#6411 = CARTESIAN_POINT ( 'NONE',  ( -6.250000000000001776, 6.500000000000003553, -0.7499999999999995559 ) ) ;
#6412 = DIRECTION ( 'NONE',  ( 0.000000000000000000, 0.000000000000000000, -1.000000000000000000 ) ) ;
#6413 = AXIS2_PLACEMENT_3D ( 'NONE', #2609, #1916, #1481 ) ;
#6414 = CARTESIAN_POINT ( 'NONE',  ( 9.750000000000000000, 6.500000000000003553, -0.7499999999999997780 ) ) ;
#6415 =( NAMED_UNIT ( * ) PLANE_ANGLE_UNIT ( ) SI_UNIT ( $, .RADIAN. ) );
#6416 = EDGE_CURVE ( 'NONE', #5625, #954, #3556, .T. ) ;
#6417 = CARTESIAN_POINT ( 'NONE',  ( -15.95000000000000284, 0.9250000000000000444, 2.149999999999999911 ) ) ;
#6418 = VECTOR ( 'NONE', #6664, 1000.000000000000000 ) ;
#6419 = DIRECTION ( 'NONE',  ( 1.000000000000000000, 0.000000000000000000, 0.000000000000000000 ) ) ;
#6420 = EDGE_CURVE ( 'NONE', #1446, #4033, #274, .T. ) ;
#6421 = DIRECTION ( 'NONE',  ( -1.000000000000000000, 0.000000000000000000, 0.000000000000000000 ) ) ;
#6422 = CARTESIAN_POINT ( 'NONE',  ( 15.95000000000000284, 6.274999999999999467, -0.8500000000000005329 ) ) ;
#6423 = EDGE_CURVE ( 'NONE', #1389, #5802, #908, .T. ) ;
#6424 = CARTESIAN_POINT ( 'NONE',  ( 13.75000000000000000, 0.000000000000000000, 1.250000000000000222 ) ) ;
#6425 = ORIENTED_EDGE ( 'NONE', *, *, #6956, .T. ) ;
#6426 = VECTOR ( 'NONE', #5675, 1000.000000000000000 ) ;
#6427 = PLANE ( 'NONE',  #1971 ) ;
#6428 = DIRECTION ( 'NONE',  ( -0.000000000000000000, 0.000000000000000000, 1.000000000000000000 ) ) ;
#6429 = ORIENTED_EDGE ( 'NONE', *, *, #1142, .T. ) ;
#6430 = AXIS2_PLACEMENT_3D ( 'NONE', #6920, #3022, #6428 ) ;
#6431 = ORIENTED_EDGE ( 'NONE', *, *, #5642, .T. ) ;
#6432 = CARTESIAN_POINT ( 'NONE',  ( -14.76499999999999879, 6.250000000000005329, -2.500000000000000444 ) ) ;
#6433 = DIRECTION ( 'NONE',  ( 1.000000000000000000, 0.000000000000000000, 0.000000000000000000 ) ) ;
#6434 = ORIENTED_EDGE ( 'NONE', *, *, #5211, .F. ) ;
#6435 = CARTESIAN_POINT ( 'NONE',  ( 9.464999999999998082, 1.624999999999999778, -1.250000000000000222 ) ) ;
#6436 = AXIS2_PLACEMENT_3D ( 'NONE', #6024, #3827, #3168 ) ;
#6437 = ORIENTED_EDGE ( 'NONE', *, *, #4824, .F. ) ;
#6438 = LINE ( 'NONE', #1467, #7027 ) ;
#6439 = VERTEX_POINT ( 'NONE', #446 ) ;
#6440 = CARTESIAN_POINT ( 'NONE',  ( -12.25000000000000000, 6.500000000000003553, 0.7500000000000001110 ) ) ;
#6441 = VECTOR ( 'NONE', #4505, 1000.000000000000000 ) ;
#6442 = LINE ( 'NONE', #4201, #4785 ) ;
#6443 = ORIENTED_EDGE ( 'NONE', *, *, #3996, .F. ) ;
#6444 = DIRECTION ( 'NONE',  ( -0.000000000000000000, -0.000000000000000000, 1.000000000000000000 ) ) ;
#6445 = EDGE_CURVE ( 'NONE', #442, #1757, #3666, .T. ) ;
#6446 = EDGE_CURVE ( 'NONE', #5283, #305, #1945, .T. ) ;
#6447 = EDGE_CURVE ( 'NONE', #1454, #3395, #5974, .T. ) ;
#6448 = AXIS2_PLACEMENT_3D ( 'NONE', #3411, #4436, #2825 ) ;
#6449 = CARTESIAN_POINT ( 'NONE',  ( -8.249999999999996447, 1.624999999999999778, -0.7499999999999994449 ) ) ;
#6450 = ORIENTED_EDGE ( 'NONE', *, *, #5818, .F. ) ;
#6451 = EDGE_LOOP ( 'NONE', ( #4483, #4454, #7106, #1838 ) ) ;
#6452 = ORIENTED_EDGE ( 'NONE', *, *, #1822, .T. ) ;
#6453 = DIRECTION ( 'NONE',  ( 1.000000000000000000, 0.000000000000000000, 0.000000000000000000 ) ) ;
#6454 = LINE ( 'NONE', #907, #6529 ) ;
#6455 = AXIS2_PLACEMENT_3D ( 'NONE', #2306, #4571, #232 ) ;
#6456 = CARTESIAN_POINT ( 'NONE',  ( -5.750000000000001776, 6.500000000000003553, -0.7499999999999995559 ) ) ;
#6457 = CARTESIAN_POINT ( 'NONE',  ( 14.49999999999999822, 3.649999999999999911, 2.500000000000000000 ) ) ;
#6458 = CARTESIAN_POINT ( 'NONE',  ( 15.95000000000000284, 6.500000000000000000, -2.500000000000000444 ) ) ;
#6459 = EDGE_CURVE ( 'NONE', #7096, #6245, #6908, .T. ) ;
#6460 = EDGE_CURVE ( 'NONE', #6354, #536, #5420, .T. ) ;
#6461 = CARTESIAN_POINT ( 'NONE',  ( 15.95000000000000284, 0.9249999999999996003, 2.500000000000000000 ) ) ;
#6462 = CARTESIAN_POINT ( 'NONE',  ( -14.25000000000000178, 0.000000000000000000, -1.249999999999999778 ) ) ;
#6463 = DIRECTION ( 'NONE',  ( -0.000000000000000000, -0.000000000000000000, 1.000000000000000000 ) ) ;
#6464 = FACE_OUTER_BOUND ( 'NONE', #2438, .T. ) ;
#6465 = CARTESIAN_POINT ( 'NONE',  ( 12.46500000000000341, 5.149999999999998579, 2.500000000000000000 ) ) ;
#6466 = EDGE_CURVE ( 'NONE', #1757, #6625, #5893, .T. ) ;
#6467 = CARTESIAN_POINT ( 'NONE',  ( -13.74999999999999822, 5.100252258054545074, -1.250000000000000444 ) ) ;
#6468 = EDGE_CURVE ( 'NONE', #2981, #4285, #5934, .T. ) ;
#6469 = VERTEX_POINT ( 'NONE', #2098 ) ;
#6470 = ORIENTED_EDGE ( 'NONE', *, *, #3806, .F. ) ;
#6471 = EDGE_LOOP ( 'NONE', ( #5784, #2521, #3553, #5353 ) ) ;
#6472 = FACE_BOUND ( 'NONE', #55, .T. ) ;
#6473 = DIRECTION ( 'NONE',  ( 0.000000000000000000, 0.000000000000000000, 1.000000000000000000 ) ) ;
#6474 = EDGE_CURVE ( 'NONE', #5826, #2160, #2611, .T. ) ;
#6475 = ORIENTED_EDGE ( 'NONE', *, *, #600, .T. ) ;
#6476 = CARTESIAN_POINT ( 'NONE',  ( -15.45000000000000107, 1.625000000000001332, -2.225000000000000533 ) ) ;
#6477 = ORIENTED_EDGE ( 'NONE', *, *, #5580, .T. ) ;
#6478 = VERTEX_POINT ( 'NONE', #5302 ) ;
#6479 = CARTESIAN_POINT ( 'NONE',  ( 15.95000000000000284, 6.500000000000000000, 2.500000000000000444 ) ) ;
#6480 = CARTESIAN_POINT ( 'NONE',  ( 11.75000000000000000, 6.500000000000003553, -0.7499999999999997780 ) ) ;
#6481 = CARTESIAN_POINT ( 'NONE',  ( -15.95000000000000284, 0.9249999999999996003, 2.500000000000000000 ) ) ;
#6482 = LINE ( 'NONE', #5921, #2309 ) ;
#6483 = CARTESIAN_POINT ( 'NONE',  ( 28.00000000000000000, -1.457167719820517466E-16, 1.942890293094023946E-16 ) ) ;
#6484 = CARTESIAN_POINT ( 'NONE',  ( 9.750000000000000000, 6.500000000000003553, -1.250000000000000222 ) ) ;
#6485 = EDGE_CURVE ( 'NONE', #1975, #4489, #3779, .T. ) ;
#6486 = EDGE_LOOP ( 'NONE', ( #410, #2178, #2921, #5220 ) ) ;
#6487 = ORIENTED_EDGE ( 'NONE', *, *, #460, .F. ) ;
#6488 = ORIENTED_EDGE ( 'NONE', *, *, #3707, .F. ) ;
#6489 = DIRECTION ( 'NONE',  ( 0.000000000000000000, -1.000000000000000000, 0.000000000000000000 ) ) ;
#6490 = EDGE_LOOP ( 'NONE', ( #7109, #2821, #6487, #3511 ) ) ;
#6491 = CARTESIAN_POINT ( 'NONE',  ( 0.000000000000000000, 0.000000000000000000, 0.000000000000000000 ) ) ;
#6492 = LINE ( 'NONE', #275, #584 ) ;
#6493 = ORIENTED_EDGE ( 'NONE', *, *, #4120, .F. ) ;
#6494 = CARTESIAN_POINT ( 'NONE',  ( -13.75000000000000000, 5.375000000000002665, -0.8499999999999978684 ) ) ;
#6495 = DIRECTION ( 'NONE',  ( 0.000000000000000000, -1.000000000000000000, 0.000000000000000000 ) ) ;
#6496 = FACE_OUTER_BOUND ( 'NONE', #7028, .T. ) ;
#6497 = ORIENTED_EDGE ( 'NONE', *, *, #1193, .F. ) ;
#6498 = ORIENTED_EDGE ( 'NONE', *, *, #2109, .F. ) ;
#6499 = LINE ( 'NONE', #5989, #5493 ) ;
#6500 = ORIENTED_EDGE ( 'NONE', *, *, #1288, .F. ) ;
#6501 = CARTESIAN_POINT ( 'NONE',  ( -14.49999999999999822, 3.649999999999999911, 2.500000000000000000 ) ) ;
#6502 = ADVANCED_FACE ( 'NONE', ( #339 ), #2526, .T. ) ;
#6503 = ORIENTED_EDGE ( 'NONE', *, *, #6223, .F. ) ;
#6504 = FACE_OUTER_BOUND ( 'NONE', #1360, .T. ) ;
#6505 = VERTEX_POINT ( 'NONE', #4389 ) ;
#6506 = ORIENTED_EDGE ( 'NONE', *, *, #1021, .T. ) ;
#6507 = CARTESIAN_POINT ( 'NONE',  ( 5.750000000000000000, 6.500000000000003553, -0.7499999999999996669 ) ) ;
#6508 = LINE ( 'NONE', #5439, #7042 ) ;
#6509 = EDGE_CURVE ( 'NONE', #5552, #6149, #1764, .T. ) ;
#6510 = LINE ( 'NONE', #3320, #1748 ) ;
#6511 = VECTOR ( 'NONE', #1230, 1000.000000000000000 ) ;
#6512 = DIRECTION ( 'NONE',  ( 0.000000000000000000, -1.000000000000000000, 0.000000000000000000 ) ) ;
#6513 = SHAPE_DEFINITION_REPRESENTATION ( #2837, #1095 ) ;
#6514 = LINE ( 'NONE', #2020, #2713 ) ;
#6515 = CARTESIAN_POINT ( 'NONE',  ( 3.750000000000000000, 0.000000000000000000, 0.7499999999999998890 ) ) ;
#6516 = VECTOR ( 'NONE', #5669, 1000.000000000000000 ) ;
#6517 = VECTOR ( 'NONE', #5963, 1000.000000000000000 ) ;
#6518 = ORIENTED_EDGE ( 'NONE', *, *, #6398, .T. ) ;
#6519 = VERTEX_POINT ( 'NONE', #4046 ) ;
#6520 = ORIENTED_EDGE ( 'NONE', *, *, #1732, .F. ) ;
#6521 = CARTESIAN_POINT ( 'NONE',  ( -15.45000000000000107, 1.625000000000001332, 2.225000000000000089 ) ) ;
#6522 = ORIENTED_EDGE ( 'NONE', *, *, #2844, .F. ) ;
#6523 = PLANE ( 'NONE',  #1510 ) ;
#6524 = CARTESIAN_POINT ( 'NONE',  ( 14.76499999999999879, 5.624999999999997335, 2.500000000000000444 ) ) ;
#6525 = EDGE_CURVE ( 'NONE', #2024, #510, #482, .T. ) ;
#6526 = DIRECTION ( 'NONE',  ( 1.000000000000000000, 0.000000000000000000, 0.000000000000000000 ) ) ;
#6527 = CARTESIAN_POINT ( 'NONE',  ( 13.62605214705668644, 4.914168687704686178, 2.400000000000000355 ) ) ;
#6528 = ORIENTED_EDGE ( 'NONE', *, *, #5080, .F. ) ;
#6529 = VECTOR ( 'NONE', #6412, 1000.000000000000000 ) ;
#6530 = ADVANCED_FACE ( 'NONE', ( #5071 ), #5448, .T. ) ;
#6531 = AXIS2_PLACEMENT_3D ( 'NONE', #2371, #1278, #6309 ) ;
#6532 = ORIENTED_EDGE ( 'NONE', *, *, #5050, .T. ) ;
#6533 = VECTOR ( 'NONE', #6953, 1000.000000000000114 ) ;
#6534 = CARTESIAN_POINT ( 'NONE',  ( -15.45000000000000107, -29.59378440939045163, -2.225000000000000533 ) ) ;
#6535 = EDGE_LOOP ( 'NONE', ( #5770, #6922, #4004, #903 ) ) ;
#6536 = PLANE ( 'NONE',  #472 ) ;
#6537 = PLANE ( 'NONE',  #1892 ) ;
#6538 = PLANE ( 'NONE',  #260 ) ;
#6539 = DIRECTION ( 'NONE',  ( -1.000000000000000000, 0.000000000000000000, -0.000000000000000000 ) ) ;
#6540 = VECTOR ( 'NONE', #2820, 1000.000000000000000 ) ;
#6541 = ORIENTED_EDGE ( 'NONE', *, *, #6147, .F. ) ;
#6542 = ORIENTED_EDGE ( 'NONE', *, *, #4725, .F. ) ;
#6543 = VECTOR ( 'NONE', #6247, 1000.000000000000000 ) ;
#6544 = DIRECTION ( 'NONE',  ( 1.000000000000000000, 0.000000000000000000, 0.000000000000000000 ) ) ;
#6545 = ORIENTED_EDGE ( 'NONE', *, *, #6706, .F. ) ;
#6546 = FACE_OUTER_BOUND ( 'NONE', #3538, .T. ) ;
#6547 = AXIS2_PLACEMENT_3D ( 'NONE', #6046, #1127, #4437 ) ;
#6548 = EDGE_LOOP ( 'NONE', ( #2249, #6017, #5264, #6734 ) ) ;
#6549 = DIRECTION ( 'NONE',  ( 1.000000000000000000, 0.000000000000000000, 0.000000000000000000 ) ) ;
#6550 = ORIENTED_EDGE ( 'NONE', *, *, #323, .T. ) ;
#6551 = EDGE_CURVE ( 'NONE', #1907, #3018, #2881, .T. ) ;
#6552 = ORIENTED_EDGE ( 'NONE', *, *, #2602, .F. ) ;
#6553 = CARTESIAN_POINT ( 'NONE',  ( -13.75000000000000000, 5.100252258054545074, -0.7500000000000001110 ) ) ;
#6554 = DIRECTION ( 'NONE',  ( 0.000000000000000000, -1.239088197126290669E-15, 1.000000000000000000 ) ) ;
#6555 = VECTOR ( 'NONE', #2227, 1000.000000000000000 ) ;
#6556 = LINE ( 'NONE', #5410, #2784 ) ;
#6557 = DIRECTION ( 'NONE',  ( 1.000000000000000000, 0.000000000000000000, 0.000000000000000000 ) ) ;
#6558 = DIRECTION ( 'NONE',  ( 0.000000000000000000, 0.000000000000000000, -1.000000000000000000 ) ) ;
#6559 = EDGE_CURVE ( 'NONE', #1377, #4074, #4732, .T. ) ;
#6560 = LINE ( 'NONE', #980, #6787 ) ;
#6561 = VECTOR ( 'NONE', #1967, 1000.000000000000000 ) ;
#6562 = PLANE ( 'NONE',  #3862 ) ;
#6563 = ADVANCED_FACE ( 'NONE', ( #892 ), #2548, .T. ) ;
#6564 = EDGE_LOOP ( 'NONE', ( #356, #929, #3463, #551 ) ) ;
#6565 = EDGE_LOOP ( 'NONE', ( #6156, #2287, #4409, #2198 ) ) ;
#6566 = ORIENTED_EDGE ( 'NONE', *, *, #3504, .T. ) ;
#6567 = DIRECTION ( 'NONE',  ( -0.000000000000000000, 0.000000000000000000, 1.000000000000000000 ) ) ;
#6568 = CARTESIAN_POINT ( 'NONE',  ( -9.749999999999998224, 1.624999999999999778, -4.870572098594920796 ) ) ;
#6569 = DIRECTION ( 'NONE',  ( -0.000000000000000000, -0.000000000000000000, 1.000000000000000000 ) ) ;
#6570 = CARTESIAN_POINT ( 'NONE',  ( 0.000000000000000000, 0.000000000000000000, 0.000000000000000000 ) ) ;
#6571 = DIRECTION ( 'NONE',  ( 0.7071067811865536790, 0.7071067811865414665, -0.000000000000000000 ) ) ;
#6572 = VECTOR ( 'NONE', #1526, 1000.000000000000000 ) ;
#6573 = CARTESIAN_POINT ( 'NONE',  ( -8.249999999999996447, 6.500000000000003553, -0.7499999999999994449 ) ) ;
#6574 = VECTOR ( 'NONE', #1257, 1000.000000000000000 ) ;
#6575 = ORIENTED_EDGE ( 'NONE', *, *, #913, .T. ) ;
#6576 = DIRECTION ( 'NONE',  ( 0.7071067811865536790, -0.7071067811865414665, 0.000000000000000000 ) ) ;
#6577 =( REPRESENTATION_RELATIONSHIP ('NONE','NONE', #1131, #6340 ) REPRESENTATION_RELATIONSHIP_WITH_TRANSFORMATION ( #5621 )SHAPE_REPRESENTATION_RELATIONSHIP( ) );
#6578 = ORIENTED_EDGE ( 'NONE', *, *, #1989, .T. ) ;
#6579 = DIRECTION ( 'NONE',  ( 0.000000000000000000, -0.7071067811865393571, -0.7071067811865555663 ) ) ;
#6580 = CARTESIAN_POINT ( 'NONE',  ( -14.25000000000000000, 5.100252258054545074, -1.250000000000000444 ) ) ;
#6581 = LINE ( 'NONE', #3231, #4164 ) ;
#6582 = CARTESIAN_POINT ( 'NONE',  ( -13.46500000000000163, 4.774999999999999467, -8.724999999999999645 ) ) ;
#6583 = DIRECTION ( 'NONE',  ( 1.000000000000000000, 0.000000000000000000, -0.000000000000000000 ) ) ;
#6584 = PRESENTATION_LAYER_ASSIGNMENT (  '', '', ( #3993 ) ) ;
#6585 = VERTEX_POINT ( 'NONE', #3164 ) ;
#6586 = EDGE_LOOP ( 'NONE', ( #4324, #113, #5173, #7087 ) ) ;
#6587 = VERTEX_POINT ( 'NONE', #7065 ) ;
#6588 = ORIENTED_EDGE ( 'NONE', *, *, #2880, .F. ) ;
#6589 = FACE_BOUND ( 'NONE', #3560, .T. ) ;
#6590 = ORIENTED_EDGE ( 'NONE', *, *, #5998, .F. ) ;
#6591 = DIRECTION ( 'NONE',  ( 0.000000000000000000, 0.000000000000000000, -1.000000000000000000 ) ) ;
#6592 = ORIENTED_EDGE ( 'NONE', *, *, #4539, .T. ) ;
#6593 = CARTESIAN_POINT ( 'NONE',  ( -0.5350000000000024736, 1.624999999999999778, -0.7499999999999995559 ) ) ;
#6594 = VERTEX_POINT ( 'NONE', #2621 ) ;
#6595 = ORIENTED_EDGE ( 'NONE', *, *, #5696, .F. ) ;
#6596 = CARTESIAN_POINT ( 'NONE',  ( -15.01499999999999879, 6.500000000000000000, -2.500000000000000444 ) ) ;
#6597 = DIRECTION ( 'NONE',  ( -1.000000000000000000, -0.000000000000000000, -0.000000000000000000 ) ) ;
#6598 = LINE ( 'NONE', #977, #1048 ) ;
#6599 = DIRECTION ( 'NONE',  ( -1.000000000000000000, 0.000000000000000000, -0.000000000000000000 ) ) ;
#6600 = EDGE_CURVE ( 'NONE', #3569, #5971, #2145, .T. ) ;
#6601 = DIRECTION ( 'NONE',  ( 0.000000000000000000, 1.000000000000000000, 0.000000000000000000 ) ) ;
#6602 = LINE ( 'NONE', #6283, #3736 ) ;
#6603 = VERTEX_POINT ( 'NONE', #4291 ) ;
#6604 = ORIENTED_EDGE ( 'NONE', *, *, #5006, .T. ) ;
#6605 = ORIENTED_EDGE ( 'NONE', *, *, #3696, .F. ) ;
#6606 = PLANE ( 'NONE',  #5585 ) ;
#6607 = ORIENTED_EDGE ( 'NONE', *, *, #20, .T. ) ;
#6608 = EDGE_CURVE ( 'NONE', #1049, #2417, #4878, .T. ) ;
#6609 = LINE ( 'NONE', #3889, #4745 ) ;
#6610 = LINE ( 'NONE', #5558, #2214 ) ;
#6611 = ORIENTED_EDGE ( 'NONE', *, *, #2993, .T. ) ;
#6612 = CARTESIAN_POINT ( 'NONE',  ( -14.25000000000000000, -2.725252258054539745, -0.7500000000000001110 ) ) ;
#6613 = ORIENTED_EDGE ( 'NONE', *, *, #3105, .F. ) ;
#6614 = LINE ( 'NONE', #421, #4406 ) ;
#6615 = FACE_OUTER_BOUND ( 'NONE', #4663, .T. ) ;
#6616 = FACE_OUTER_BOUND ( 'NONE', #3, .T. ) ;
#6617 = CARTESIAN_POINT ( 'NONE',  ( 11.75000000000000000, 6.500000000000003553, -1.250000000000000222 ) ) ;
#6618 = EDGE_CURVE ( 'NONE', #5017, #412, #1611, .T. ) ;
#6619 = EDGE_CURVE ( 'NONE', #945, #5857, #3124, .T. ) ;
#6620 = ORIENTED_EDGE ( 'NONE', *, *, #3481, .F. ) ;
#6621 = CARTESIAN_POINT ( 'NONE',  ( 3.464999999999997637, 1.624999999999999778, 0.7499999999999998890 ) ) ;
#6622 = ORIENTED_EDGE ( 'NONE', *, *, #935, .T. ) ;
#6623 = LINE ( 'NONE', #6501, #3129 ) ;
#6624 = EDGE_CURVE ( 'NONE', #1633, #915, #4834, .T. ) ;
#6625 = VERTEX_POINT ( 'NONE', #1530 ) ;
#6626 = CARTESIAN_POINT ( 'NONE',  ( -14.25000000000000000, 5.375000000000002665, -1.150000000000003020 ) ) ;
#6627 = ORIENTED_EDGE ( 'NONE', *, *, #3397, .T. ) ;
#6628 = CARTESIAN_POINT ( 'NONE',  ( -12.25000000000000000, 1.624999999999999778, -1.249999999999999778 ) ) ;
#6629 = ITEM_DEFINED_TRANSFORMATION ( 'NONE', 'NONE', #6940,  #5273 ) ;
#6630 = LINE ( 'NONE', #5516, #7156 ) ;
#6631 = FILL_AREA_STYLE_COLOUR ( '', #2218 ) ;
#6632 = EDGE_CURVE ( 'NONE', #7017, #3643, #3744, .T. ) ;
#6633 = LINE ( 'NONE', #2264, #2682 ) ;
#6634 = EDGE_LOOP ( 'NONE', ( #2660, #6066, #6293, #2074 ) ) ;
#6635 = ORIENTED_EDGE ( 'NONE', *, *, #719, .F. ) ;
#6636 = ORIENTED_EDGE ( 'NONE', *, *, #5154, .T. ) ;
#6637 = CARTESIAN_POINT ( 'NONE',  ( -15.01499999999999879, 6.500000000000000000, -2.500000000000000444 ) ) ;
#6638 = VECTOR ( 'NONE', #2144, 1000.000000000000000 ) ;
#6639 = DIRECTION ( 'NONE',  ( -0.7071067811865536790, 0.7071067811865414665, 0.000000000000000000 ) ) ;
#6640 = ORIENTED_EDGE ( 'NONE', *, *, #997, .F. ) ;
#6641 = DIRECTION ( 'NONE',  ( -1.000000000000000000, -0.000000000000000000, -0.000000000000000000 ) ) ;
#6642 = VECTOR ( 'NONE', #3697, 1000.000000000000000 ) ;
#6643 = VECTOR ( 'NONE', #2406, 1000.000000000000000 ) ;
#6644 = FACE_OUTER_BOUND ( 'NONE', #4631, .T. ) ;
#6645 = CARTESIAN_POINT ( 'NONE',  ( -14.50000000000000000, 2.299999999999999822, 2.224999999999999645 ) ) ;
#6646 = EDGE_CURVE ( 'NONE', #2567, #1094, #450, .T. ) ;
#6647 = ORIENTED_EDGE ( 'NONE', *, *, #1279, .T. ) ;
#6648 = CARTESIAN_POINT ( 'NONE',  ( -1.749999999999999778, 0.000000000000000000, -0.7499999999999995559 ) ) ;
#6649 = VECTOR ( 'NONE', #6328, 1000.000000000000000 ) ;
#6650 = PLANE ( 'NONE',  #5155 ) ;
#6651 = AXIS2_PLACEMENT_3D ( 'NONE', #1109, #41, #2217 ) ;
#6652 = CARTESIAN_POINT ( 'NONE',  ( 15.12500000000000178, 3.649999999999999911, 2.224999999999997868 ) ) ;
#6653 = AXIS2_PLACEMENT_3D ( 'NONE', #1022, #3343, #5455 ) ;
#6654 = AXIS2_PLACEMENT_3D ( 'NONE', #2498, #6979, #1947 ) ;
#6655 = FACE_OUTER_BOUND ( 'NONE', #4185, .T. ) ;
#6656 = EDGE_LOOP ( 'NONE', ( #552, #179, #6745, #3567 ) ) ;
#6657 = VERTEX_POINT ( 'NONE', #5305 ) ;
#6658 = EDGE_LOOP ( 'NONE', ( #5522, #3927, #5317, #6947 ) ) ;
#6659 = AXIS2_PLACEMENT_3D ( 'NONE', #6775, #7165, #6082 ) ;
#6660 = DIRECTION ( 'NONE',  ( 0.000000000000000000, -1.000000000000000000, 0.000000000000000000 ) ) ;
#6661 =( REPRESENTATION_RELATIONSHIP ('NONE','NONE', #1131, #6340 ) REPRESENTATION_RELATIONSHIP_WITH_TRANSFORMATION ( #5545 )SHAPE_REPRESENTATION_RELATIONSHIP( ) );
#6662 = ORIENTED_EDGE ( 'NONE', *, *, #6378, .T. ) ;
#6663 = VECTOR ( 'NONE', #6028, 1000.000000000000000 ) ;
#6664 = DIRECTION ( 'NONE',  ( 1.000000000000000000, 1.195124682037070119E-16, 0.000000000000000000 ) ) ;
#6665 = ORIENTED_EDGE ( 'NONE', *, *, #6416, .T. ) ;
#6666 = CARTESIAN_POINT ( 'NONE',  ( -4.250000000000000000, 1.624999999999999778, -4.870572098594920796 ) ) ;
#6667 = CARTESIAN_POINT ( 'NONE',  ( -12.25000000000000000, 0.000000000000000000, 1.250000000000000666 ) ) ;
#6668 = EDGE_CURVE ( 'NONE', #5990, #6839, #3083, .T. ) ;
#6669 = DIRECTION ( 'NONE',  ( -1.000000000000000000, 0.000000000000000000, 0.000000000000000000 ) ) ;
#6670 = AXIS2_PLACEMENT_3D ( 'NONE', #2322, #2946, #278 ) ;
#6671 = LINE ( 'NONE', #6239, #5254 ) ;
#6672 = PLANE ( 'NONE',  #3496 ) ;
#6673 = DIRECTION ( 'NONE',  ( -1.000000000000000000, 0.000000000000000000, -0.000000000000000000 ) ) ;
#6674 = ORIENTED_EDGE ( 'NONE', *, *, #2181, .F. ) ;
#6675 = ORIENTED_EDGE ( 'NONE', *, *, #4299, .T. ) ;
#6676 = EDGE_CURVE ( 'NONE', #2155, #5867, #6086, .T. ) ;
#6677 = VERTEX_POINT ( 'NONE', #2721 ) ;
#6678 = VECTOR ( 'NONE', #2674, 1000.000000000000227 ) ;
#6679 = CARTESIAN_POINT ( 'NONE',  ( 8.250000000000000000, 6.500000000000003553, -0.7499999999999996669 ) ) ;
#6680 = ADVANCED_FACE ( 'NONE', ( #1157 ), #1676, .T. ) ;
#6681 = LINE ( 'NONE', #3339, #5452 ) ;
#6682 = ORIENTED_EDGE ( 'NONE', *, *, #5003, .T. ) ;
#6683 = ADVANCED_FACE ( 'NONE', ( #5632 ), #3891, .F. ) ;
#6684 = VECTOR ( 'NONE', #764, 1000.000000000000000 ) ;
#6685 = CARTESIAN_POINT ( 'NONE',  ( 9.464999999999998082, 1.624999999999999778, -0.7499999999999997780 ) ) ;
#6686 = CARTESIAN_POINT ( 'NONE',  ( -14.25000000000000000, 5.100252258054545074, -1.250000000000000444 ) ) ;
#6687 = DIRECTION ( 'NONE',  ( 1.000000000000000000, -0.000000000000000000, -0.000000000000000000 ) ) ;
#6688 = VECTOR ( 'NONE', #6463, 1000.000000000000000 ) ;
#6689 = CARTESIAN_POINT ( 'NONE',  ( 7.750000000000000000, 1.624999999999999778, 0.7499999999999998890 ) ) ;
#6690 = CARTESIAN_POINT ( 'NONE',  ( -3.750000000000000000, 6.500000000000003553, 1.250000000000000444 ) ) ;
#6691 = CARTESIAN_POINT ( 'NONE',  ( 9.750000000000000000, 0.000000000000000000, -1.250000000000000222 ) ) ;
#6692 = UNCERTAINTY_MEASURE_WITH_UNIT (LENGTH_MEASURE( 1.000000000000000082E-05 ), #5005, 'distance_accuracy_value', 'NONE');
#6693 = CARTESIAN_POINT ( 'NONE',  ( -15.94999999999999929, 6.500000000000000000, 2.500000000000000000 ) ) ;
#6694 = EDGE_CURVE ( 'NONE', #433, #4397, #4393, .T. ) ;
#6695 = AXIS2_PLACEMENT_3D ( 'NONE', #3213, #5441, #1404 ) ;
#6696 = CARTESIAN_POINT ( 'NONE',  ( -12.24000000000001087, 5.375000000000000000, -2.225000000000000533 ) ) ;
#6697 = DIRECTION ( 'NONE',  ( 0.000000000000000000, -1.000000000000000000, 0.000000000000000000 ) ) ;
#6698 = EDGE_LOOP ( 'NONE', ( #2957, #6980, #414, #3501 ) ) ;
#6699 = VERTEX_POINT ( 'NONE', #3372 ) ;
#6700 = FACE_BOUND ( 'NONE', #2334, .T. ) ;
#6701 = CARTESIAN_POINT ( 'NONE',  ( 0.2500000000000002220, 1.624999999999999778, -1.250000000000000000 ) ) ;
#6702 = VERTEX_POINT ( 'NONE', #94 ) ;
#6703 = COLOUR_RGB ( '',0.7960784313725489669, 0.8235294117647058432, 0.9372549019607843146 ) ;
#6704 = FACE_OUTER_BOUND ( 'NONE', #498, .T. ) ;
#6705 = EDGE_CURVE ( 'NONE', #1595, #76, #5018, .T. ) ;
#6706 = EDGE_CURVE ( 'NONE', #1172, #6585, #6290, .T. ) ;
#6707 = EDGE_LOOP ( 'NONE', ( #5436, #2681, #6338, #6099 ) ) ;
#6708 = ORIENTED_EDGE ( 'NONE', *, *, #2351, .T. ) ;
#6709 = CARTESIAN_POINT ( 'NONE',  ( 14.76499999999999879, 6.250000000000007105, -2.225000000000000533 ) ) ;
#6710 = VERTEX_POINT ( 'NONE', #6898 ) ;
#6711 = ORIENTED_EDGE ( 'NONE', *, *, #2742, .F. ) ;
#6712 = CONTEXT_DEPENDENT_SHAPE_REPRESENTATION ( #201, #5810 ) ;
#6713 = CARTESIAN_POINT ( 'NONE',  ( -14.25000000000000000, -2.725252258054539745, -0.7500000000000001110 ) ) ;
#6714 = EDGE_CURVE ( 'NONE', #5607, #1968, #5162, .T. ) ;
#6715 = CARTESIAN_POINT ( 'NONE',  ( -13.75000000000000178, 0.000000000000000000, -1.249999999999999778 ) ) ;
#6716 = FACE_OUTER_BOUND ( 'NONE', #5681, .T. ) ;
#6717 = ORIENTED_EDGE ( 'NONE', *, *, #2434, .F. ) ;
#6718 = VERTEX_POINT ( 'NONE', #4536 ) ;
#6719 = VERTEX_POINT ( 'NONE', #691 ) ;
#6720 = CARTESIAN_POINT ( 'NONE',  ( -15.01499999999999879, 6.500000000000000000, -2.500000000000000444 ) ) ;
#6721 = PLANE ( 'NONE',  #4516 ) ;
#6722 = CARTESIAN_POINT ( 'NONE',  ( -6.250000000000001776, 0.000000000000000000, -1.250000000000000000 ) ) ;
#6723 = EDGE_LOOP ( 'NONE', ( #4158, #2632, #6958, #3606 ) ) ;
#6724 = PLANE ( 'NONE',  #6653 ) ;
#6725 = CARTESIAN_POINT ( 'NONE',  ( -0.5350000000000024736, 1.624999999999999778, 0.7500000000000000000 ) ) ;
#6726 = LINE ( 'NONE', #3419, #2352 ) ;
#6727 = LINE ( 'NONE', #1715, #6931 ) ;
#6728 = FACE_OUTER_BOUND ( 'NONE', #1564, .T. ) ;
#6729 = EDGE_CURVE ( 'NONE', #5334, #1480, #234, .T. ) ;
#6730 = ORIENTED_EDGE ( 'NONE', *, *, #301, .T. ) ;
#6731 = ORIENTED_EDGE ( 'NONE', *, *, #2175, .T. ) ;
#6732 = ORIENTED_EDGE ( 'NONE', *, *, #1193, .T. ) ;
#6733 = LINE ( 'NONE', #2215, #3944 ) ;
#6734 = ORIENTED_EDGE ( 'NONE', *, *, #1358, .T. ) ;
#6735 = LINE ( 'NONE', #3934, #5939 ) ;
#6736 = FACE_BOUND ( 'NONE', #3077, .T. ) ;
#6737 = ORIENTED_EDGE ( 'NONE', *, *, #6764, .T. ) ;
#6738 = DIRECTION ( 'NONE',  ( -0.3236155771181826735, 0.8891264907159897035, -0.3236155771181830620 ) ) ;
#6739 = ORIENTED_EDGE ( 'NONE', *, *, #930, .F. ) ;
#6740 = EDGE_CURVE ( 'NONE', #6926, #3075, #2893, .T. ) ;
#6741 = LINE ( 'NONE', #545, #6678 ) ;
#6742 = CARTESIAN_POINT ( 'NONE',  ( -14.19763647912323457, 5.244119849266605016, -0.8023635208767675442 ) ) ;
#6743 = DIRECTION ( 'NONE',  ( 0.000000000000000000, 0.000000000000000000, -1.000000000000000000 ) ) ;
#6744 = ORIENTED_EDGE ( 'NONE', *, *, #986, .F. ) ;
#6745 = ORIENTED_EDGE ( 'NONE', *, *, #3101, .F. ) ;
#6746 = ORIENTED_EDGE ( 'NONE', *, *, #380, .T. ) ;
#6747 = DIRECTION ( 'NONE',  ( -0.000000000000000000, -0.000000000000000000, 1.000000000000000000 ) ) ;
#6748 = DIRECTION ( 'NONE',  ( 1.000000000000000000, 0.000000000000000000, -0.000000000000000000 ) ) ;
#6749 = DIRECTION ( 'NONE',  ( -0.000000000000000000, 0.000000000000000000, 1.000000000000000000 ) ) ;
#6750 = ORIENTED_EDGE ( 'NONE', *, *, #6133, .T. ) ;
#6751 = CARTESIAN_POINT ( 'NONE',  ( 11.46499999999999808, 1.624999999999999778, -1.250000000000000222 ) ) ;
#6752 = FACE_OUTER_BOUND ( 'NONE', #4355, .T. ) ;
#6753 = APPLICATION_CONTEXT ( 'automotive_design' ) ;
#6754 = LINE ( 'NONE', #562, #6322 ) ;
#6755 = CARTESIAN_POINT ( 'NONE',  ( -14.15000000000000036, -3.000000000000000000, -1.150000000000000577 ) ) ;
#6756 = ORIENTED_EDGE ( 'NONE', *, *, #6551, .T. ) ;
#6757 = VECTOR ( 'NONE', #3782, 1000.000000000000000 ) ;
#6758 = AXIS2_PLACEMENT_3D ( 'NONE', #7047, #5917, #932 ) ;
#6759 = EDGE_LOOP ( 'NONE', ( #7015, #2650, #5446, #6431 ) ) ;
#6760 = VECTOR ( 'NONE', #5301, 1000.000000000000000 ) ;
#6761 = DIRECTION ( 'NONE',  ( 0.000000000000000000, 0.000000000000000000, 1.000000000000000000 ) ) ;
#6762 = AXIS2_PLACEMENT_3D ( 'NONE', #1871, #2511, #861 ) ;
#6763 = ADVANCED_FACE ( 'NONE', ( #833 ), #2350, .T. ) ;
#6764 = EDGE_CURVE ( 'NONE', #244, #4661, #3039, .T. ) ;
#6765 = VERTEX_POINT ( 'NONE', #2386 ) ;
#6766 = FACE_BOUND ( 'NONE', #5932, .T. ) ;
#6767 = CARTESIAN_POINT ( 'NONE',  ( 6.250000000000000000, 1.624999999999999778, -1.250000000000000222 ) ) ;
#6768 = ORIENTED_EDGE ( 'NONE', *, *, #6459, .T. ) ;
#6769 = DIRECTION ( 'NONE',  ( 1.000000000000000000, 0.000000000000000000, -0.000000000000000000 ) ) ;
#6770 = ADVANCED_FACE ( 'NONE', ( #2412 ), #1302, .T. ) ;
#6771 = VECTOR ( 'NONE', #5394, 1000.000000000000000 ) ;
#6772 = VECTOR ( 'NONE', #7107, 1000.000000000000000 ) ;
#6773 = DIRECTION ( 'NONE',  ( -1.000000000000000000, 0.000000000000000000, -0.000000000000000000 ) ) ;
#6774 = VERTEX_POINT ( 'NONE', #1339 ) ;
#6775 = CARTESIAN_POINT ( 'NONE',  ( -14.25000000000000000, 5.100252258054545074, -1.250000000000000444 ) ) ;
#6776 = AXIS2_PLACEMENT_3D ( 'NONE', #4789, #6567, #4356 ) ;
#6777 = EDGE_LOOP ( 'NONE', ( #1341, #4997, #2724, #6635 ) ) ;
#6778 = DIRECTION ( 'NONE',  ( 1.000000000000000000, 0.000000000000000000, 0.000000000000000000 ) ) ;
#6779 = DIRECTION ( 'NONE',  ( 0.000000000000000000, 0.000000000000000000, 1.000000000000000000 ) ) ;
#6780 = VECTOR ( 'NONE', #4050, 1000.000000000000000 ) ;
#6781 = EDGE_CURVE ( 'NONE', #5478, #1690, #5775, .T. ) ;
#6782 = DIRECTION ( 'NONE',  ( 0.000000000000000000, 0.000000000000000000, 1.000000000000000000 ) ) ;
#6783 = ORIENTED_EDGE ( 'NONE', *, *, #1599, .T. ) ;
#6784 = ORIENTED_EDGE ( 'NONE', *, *, #5827, .F. ) ;
#6785 = EDGE_LOOP ( 'NONE', ( #2705, #4674, #5213, #3005 ) ) ;
#6786 = DIRECTION ( 'NONE',  ( 0.000000000000000000, 0.000000000000000000, 1.000000000000000000 ) ) ;
#6787 = VECTOR ( 'NONE', #1012, 1000.000000000000000 ) ;
#6788 = CARTESIAN_POINT ( 'NONE',  ( 10.00000000000000000, -5.204170427930420051E-17, 6.938893903907228378E-17 ) ) ;
#6789 = FACE_OUTER_BOUND ( 'NONE', #4235, .T. ) ;
#6790 = LINE ( 'NONE', #3180, #863 ) ;
#6791 = EDGE_CURVE ( 'NONE', #3534, #2300, #269, .T. ) ;
#6792 = VECTOR ( 'NONE', #6419, 1000.000000000000000 ) ;
#6793 = ORIENTED_EDGE ( 'NONE', *, *, #301, .F. ) ;
#6794 = CARTESIAN_POINT ( 'NONE',  ( -14.76499999999999879, 6.250000000000005329, -2.500000000000000444 ) ) ;
#6795 = DIRECTION ( 'NONE',  ( 0.000000000000000000, 0.000000000000000000, 1.000000000000000000 ) ) ;
#6796 = FACE_OUTER_BOUND ( 'NONE', #2887, .T. ) ;
#6797 = CARTESIAN_POINT ( 'NONE',  ( 5.750000000000000000, 0.000000000000000000, -0.7499999999999996669 ) ) ;
#6798 = FACE_OUTER_BOUND ( 'NONE', #2738, .T. ) ;
#6799 = VECTOR ( 'NONE', #1772, 1000.000000000000000 ) ;
#6800 = AXIS2_PLACEMENT_3D ( 'NONE', #747, #314, #2949 ) ;
#6801 = ORIENTED_EDGE ( 'NONE', *, *, #1332, .F. ) ;
#6802 = CARTESIAN_POINT ( 'NONE',  ( -14.25000000000000178, 6.500000000000003553, -0.7499999999999994449 ) ) ;
#6803 = DIRECTION ( 'NONE',  ( 0.000000000000000000, 0.000000000000000000, -1.000000000000000000 ) ) ;
#6804 = ORIENTED_EDGE ( 'NONE', *, *, #1579, .T. ) ;
#6805 = FACE_OUTER_BOUND ( 'NONE', #431, .T. ) ;
#6806 = ORIENTED_EDGE ( 'NONE', *, *, #4525, .F. ) ;
#6807 = DIRECTION ( 'NONE',  ( 0.000000000000000000, 0.000000000000000000, -1.000000000000000000 ) ) ;
#6808 = VECTOR ( 'NONE', #6159, 1000.000000000000000 ) ;
#6809 = DIRECTION ( 'NONE',  ( 0.000000000000000000, -1.000000000000000000, 0.000000000000000000 ) ) ;
#6810 = EDGE_LOOP ( 'NONE', ( #2482, #2362, #4957, #6069 ) ) ;
#6811 = CARTESIAN_POINT ( 'NONE',  ( 6.250000000000000000, 6.500000000000003553, 1.250000000000000222 ) ) ;
#6812 = VECTOR ( 'NONE', #5086, 1000.000000000000000 ) ;
#6813 = DIRECTION ( 'NONE',  ( -1.000000000000000000, -0.000000000000000000, -0.000000000000000000 ) ) ;
#6814 = ITEM_DEFINED_TRANSFORMATION ( 'NONE', 'NONE', #4693,  #5273 ) ;
#6815 = ORIENTED_EDGE ( 'NONE', *, *, #6110, .F. ) ;
#6816 = EDGE_CURVE ( 'NONE', #1353, #6126, #6790, .T. ) ;
#6817 = FACE_OUTER_BOUND ( 'NONE', #2275, .T. ) ;
#6818 = LINE ( 'NONE', #2961, #4438 ) ;
#6819 = VERTEX_POINT ( 'NONE', #1939 ) ;
#6820 = CARTESIAN_POINT ( 'NONE',  ( -15.94999999999999929, 6.500000000000000000, 2.500000000000000000 ) ) ;
#6821 = DIRECTION ( 'NONE',  ( 0.000000000000000000, 0.000000000000000000, -1.000000000000000000 ) ) ;
#6822 = CARTESIAN_POINT ( 'NONE',  ( 16.00000000000000000, -8.326672684688671588E-17, 1.110223024625156540E-16 ) ) ;
#6823 = DIRECTION ( 'NONE',  ( -1.000000000000000000, -1.252287328451660467E-15, 0.000000000000000000 ) ) ;
#6824 = ORIENTED_EDGE ( 'NONE', *, *, #1719, .F. ) ;
#6825 = PLANE ( 'NONE',  #3840 ) ;
#6826 = CARTESIAN_POINT ( 'NONE',  ( -1.749999999999999778, 1.624999999999999778, -1.250000000000000000 ) ) ;
#6827 = DIRECTION ( 'NONE',  ( 1.000000000000000000, -0.000000000000000000, -0.000000000000000000 ) ) ;
#6828 = CARTESIAN_POINT ( 'NONE',  ( -15.95000000000000284, 6.500000000000000000, -1.074999999999995515 ) ) ;
#6829 = LINE ( 'NONE', #5385, #4758 ) ;
#6830 = ORIENTED_EDGE ( 'NONE', *, *, #7104, .F. ) ;
#6831 = UNCERTAINTY_MEASURE_WITH_UNIT (LENGTH_MEASURE( 1.000000000000000082E-05 ), #7022, 'distance_accuracy_value', 'NONE');
#6832 = DIRECTION ( 'NONE',  ( -0.000000000000000000, 1.000000000000000000, -0.000000000000000000 ) ) ;
#6833 = VERTEX_POINT ( 'NONE', #2053 ) ;
#6834 = CARTESIAN_POINT ( 'NONE',  ( 14.76499999999999879, 5.624999999999997335, 2.500000000000000444 ) ) ;
#6835 = DIRECTION ( 'NONE',  ( 1.000000000000000000, 0.000000000000000000, -0.000000000000000000 ) ) ;
#6836 = ORIENTED_EDGE ( 'NONE', *, *, #3347, .T. ) ;
#6837 = EDGE_CURVE ( 'NONE', #1542, #3646, #5412, .T. ) ;
#6838 = LINE ( 'NONE', #1825, #367 ) ;
#6839 = VERTEX_POINT ( 'NONE', #1980 ) ;
#6840 = PLANE ( 'NONE',  #3948 ) ;
#6841 = CARTESIAN_POINT ( 'NONE',  ( 7.750000000000000000, 6.500000000000003553, 1.250000000000000222 ) ) ;
#6842 = EDGE_LOOP ( 'NONE', ( #4529, #4244, #226 ) ) ;
#6843 = DIRECTION ( 'NONE',  ( 1.284980352575412699E-15, 1.000000000000000000, 0.000000000000000000 ) ) ;
#6844 = EDGE_CURVE ( 'NONE', #2047, #5826, #3729, .T. ) ;
#6845 = CARTESIAN_POINT ( 'NONE',  ( 3.750000000000000000, 0.000000000000000000, 1.250000000000000444 ) ) ;
#6846 = EDGE_CURVE ( 'NONE', #6105, #3169, #6514, .T. ) ;
#6847 = CARTESIAN_POINT ( 'NONE',  ( 15.01499999999999879, 6.500000000000003553, -2.500000000000000444 ) ) ;
#6848 = CONTEXT_DEPENDENT_SHAPE_REPRESENTATION ( #4314, #5000 ) ;
#6849 = ORIENTED_EDGE ( 'NONE', *, *, #423, .T. ) ;
#6850 = FACE_OUTER_BOUND ( 'NONE', #7001, .T. ) ;
#6851 = DIRECTION ( 'NONE',  ( 0.000000000000000000, -1.000000000000000000, 0.000000000000000000 ) ) ;
#6852 =( REPRESENTATION_RELATIONSHIP ('NONE','NONE', #1131, #6340 ) REPRESENTATION_RELATIONSHIP_WITH_TRANSFORMATION ( #615 )SHAPE_REPRESENTATION_RELATIONSHIP( ) );
#6853 = EDGE_LOOP ( 'NONE', ( #4230, #6048, #3228, #1521 ) ) ;
#6854 = ORIENTED_EDGE ( 'NONE', *, *, #3315, .T. ) ;
#6855 = DIRECTION ( 'NONE',  ( -6.938893903907229364E-16, 0.000000000000000000, -1.000000000000000000 ) ) ;
#6856 = DIRECTION ( 'NONE',  ( -0.000000000000000000, 1.000000000000000000, -0.000000000000000000 ) ) ;
#6857 = EDGE_CURVE ( 'NONE', #2606, #2754, #3146, .T. ) ;
#6858 = CARTESIAN_POINT ( 'NONE',  ( 16.00000000000000000, -8.326672684688671588E-17, 2.000000000000000000 ) ) ;
#6859 = CARTESIAN_POINT ( 'NONE',  ( 13.75000000000000000, 6.500000000000003553, 0.7499999999999997780 ) ) ;
#6860 = ADVANCED_FACE ( 'NONE', ( #333 ), #4166, .T. ) ;
#6861 = CARTESIAN_POINT ( 'NONE',  ( -1.749999999999999778, 1.624999999999999778, 1.250000000000000444 ) ) ;
#6862 = ORIENTED_EDGE ( 'NONE', *, *, #909, .F. ) ;
#6863 = DIRECTION ( 'NONE',  ( -0.000000000000000000, 0.000000000000000000, 1.000000000000000000 ) ) ;
#6864 = LINE ( 'NONE', #98, #4875 ) ;
#6865 = CARTESIAN_POINT ( 'NONE',  ( -12.24000000000001087, 4.774999999999999467, -2.225000000000000533 ) ) ;
#6866 =( NAMED_UNIT ( * ) PLANE_ANGLE_UNIT ( ) SI_UNIT ( $, .RADIAN. ) );
#6867 = LINE ( 'NONE', #101, #4981 ) ;
#6868 = FACE_OUTER_BOUND ( 'NONE', #78, .T. ) ;
#6869 = EDGE_CURVE ( 'NONE', #6702, #4969, #7052, .T. ) ;
#6870 = EDGE_LOOP ( 'NONE', ( #1935, #5443, #4908, #6116 ) ) ;
#6871 = FACE_OUTER_BOUND ( 'NONE', #6535, .T. ) ;
#6872 = DIRECTION ( 'NONE',  ( -1.000000000000000000, 0.000000000000000000, 0.000000000000000000 ) ) ;
#6873 = EDGE_LOOP ( 'NONE', ( #881, #4709, #4274, #1211 ) ) ;
#6874 = AXIS2_PLACEMENT_3D ( 'NONE', #5462, #2111, #6539 ) ;
#6875 = CARTESIAN_POINT ( 'NONE',  ( -12.25000000000000000, 0.000000000000000000, -0.7499999999999994449 ) ) ;
#6876 = CARTESIAN_POINT ( 'NONE',  ( 14.25000000000000000, 6.500000000000003553, -0.7499999999999997780 ) ) ;
#6877 = ORIENTED_EDGE ( 'NONE', *, *, #741, .F. ) ;
#6878 = CARTESIAN_POINT ( 'NONE',  ( -9.749999999999998224, 6.500000000000003553, -1.250000000000000000 ) ) ;
#6879 = VECTOR ( 'NONE', #6571, 1000.000000000000000 ) ;
#6880 = CARTESIAN_POINT ( 'NONE',  ( -12.25000000000000000, 6.500000000000003553, -0.7499999999999994449 ) ) ;
#6881 = CLOSED_SHELL ( 'NONE', ( #3635, #1831, #4445, #3198, #3721, #2828, #2413, #5354, #2704, #1609, #5140, #115, #3477, #6502 ) ) ;
#6882 = CARTESIAN_POINT ( 'NONE',  ( -15.45000000000000107, -29.59378440939045163, 2.225000000000000089 ) ) ;
#6883 = ORIENTED_EDGE ( 'NONE', *, *, #4491, .F. ) ;
#6884 = PLANE ( 'NONE',  #6899 ) ;
#6885 = DIRECTION ( 'NONE',  ( -1.000000000000000000, -0.000000000000000000, -0.000000000000000000 ) ) ;
#6886 = VECTOR ( 'NONE', #61, 1000.000000000000000 ) ;
#6887 = CONTEXT_DEPENDENT_SHAPE_REPRESENTATION ( #5804, #1580 ) ;
#6888 = VECTOR ( 'NONE', #6064, 1000.000000000000000 ) ;
#6889 = AXIS2_PLACEMENT_3D ( 'NONE', #5177, #3971, #748 ) ;
#6890 = EDGE_CURVE ( 'NONE', #2121, #6078, #4713, .T. ) ;
#6891 = CARTESIAN_POINT ( 'NONE',  ( 3.750000000000000000, 6.500000000000003553, -1.250000000000000000 ) ) ;
#6892 = EDGE_LOOP ( 'NONE', ( #3136, #4613, #3445, #1619 ) ) ;
#6893 = VERTEX_POINT ( 'NONE', #3772 ) ;
#6894 = DIRECTION ( 'NONE',  ( 0.3236155771181846164, -0.8891264907159879272, -0.3236155771181860596 ) ) ;
#6895 = DIRECTION ( 'NONE',  ( 0.000000000000000000, -1.000000000000000000, 0.000000000000000000 ) ) ;
#6896 = CARTESIAN_POINT ( 'NONE',  ( 12.00000000000000000, -6.245004513516504307E-17, 2.000000000000000000 ) ) ;
#6897 = CARTESIAN_POINT ( 'NONE',  ( 15.95000000000000284, 6.275000000000004796, -0.1000000000000002137 ) ) ;
#6898 = CARTESIAN_POINT ( 'NONE',  ( -12.25000000000000000, 0.000000000000000000, -1.249999999999999778 ) ) ;
#6899 = AXIS2_PLACEMENT_3D ( 'NONE', #350, #5872, #1965 ) ;
#6900 = CARTESIAN_POINT ( 'NONE',  ( -14.51500000000000057, 5.375000000000000000, 2.500000000000000444 ) ) ;
#6901 = ADVANCED_FACE ( 'NONE', ( #3659 ), #1516, .F. ) ;
#6902 = ADVANCED_FACE ( 'NONE', ( #366 ), #4860, .F. ) ;
#6903 = ORIENTED_EDGE ( 'NONE', *, *, #1487, .T. ) ;
#6904 = AXIS2_PLACEMENT_3D ( 'NONE', #5435, #397, #928 ) ;
#6905 = FACE_OUTER_BOUND ( 'NONE', #1434, .T. ) ;
#6906 = ADVANCED_FACE ( 'NONE', ( #2563 ), #5295, .F. ) ;
#6907 = CARTESIAN_POINT ( 'NONE',  ( 0.2500000000000002220, 1.624999999999999778, -0.7499999999999995559 ) ) ;
#6908 = LINE ( 'NONE', #1308, #1319 ) ;
#6909 = LINE ( 'NONE', #378, #6386 ) ;
#6910 = VECTOR ( 'NONE', #2177, 1000.000000000000000 ) ;
#6911 = ORIENTED_EDGE ( 'NONE', *, *, #7155, .T. ) ;
#6912 = CARTESIAN_POINT ( 'NONE',  ( 6.250000000000000000, 6.500000000000003553, 0.7499999999999998890 ) ) ;
#6913 = LINE ( 'NONE', #3597, #2778 ) ;
#6914 = ORIENTED_EDGE ( 'NONE', *, *, #3084, .T. ) ;
#6915 = VECTOR ( 'NONE', #515, 1000.000000000000000 ) ;
#6916 = CARTESIAN_POINT ( 'NONE',  ( 14.76499999999999879, 5.624999999999997335, -2.500000000000000444 ) ) ;
#6917 = DIRECTION ( 'NONE',  ( -1.000000000000000000, 0.000000000000000000, 0.000000000000000000 ) ) ;
#6918 = EDGE_CURVE ( 'NONE', #3035, #3348, #4783, .T. ) ;
#6919 = VECTOR ( 'NONE', #5184, 1000.000000000000000 ) ;
#6920 = CARTESIAN_POINT ( 'NONE',  ( 0.2500000000000002220, 6.500000000000003553, -0.7499999999999995559 ) ) ;
#6921 = EDGE_LOOP ( 'NONE', ( #2640, #1826, #6443, #743 ) ) ;
#6922 = ORIENTED_EDGE ( 'NONE', *, *, #416, .T. ) ;
#6923 = DIRECTION ( 'NONE',  ( 0.000000000000000000, 0.000000000000000000, 1.000000000000000000 ) ) ;
#6924 = ORIENTED_EDGE ( 'NONE', *, *, #6145, .F. ) ;
#6925 = EDGE_CURVE ( 'NONE', #990, #4845, #1440, .T. ) ;
#6926 = VERTEX_POINT ( 'NONE', #3108 ) ;
#6927 = CARTESIAN_POINT ( 'NONE',  ( 13.75000000000000000, 6.500000000000003553, -0.7499999999999997780 ) ) ;
#6928 = VECTOR ( 'NONE', #6225, 1000.000000000000114 ) ;
#6929 = ADVANCED_FACE ( 'NONE', ( #5329 ), #4242, .T. ) ;
#6930 = ORIENTED_EDGE ( 'NONE', *, *, #569, .T. ) ;
#6931 = VECTOR ( 'NONE', #3312, 1000.000000000000000 ) ;
#6932 = CARTESIAN_POINT ( 'NONE',  ( -6.250000000000001776, 0.000000000000000000, 1.250000000000000444 ) ) ;
#6933 = EDGE_LOOP ( 'NONE', ( #855, #4926, #1597, #4345 ) ) ;
#6934 = DIRECTION ( 'NONE',  ( -0.000000000000000000, 0.000000000000000000, 1.000000000000000000 ) ) ;
#6935 = ORIENTED_EDGE ( 'NONE', *, *, #4594, .F. ) ;
#6936 = LINE ( 'NONE', #298, #2224 ) ;
#6937 = CARTESIAN_POINT ( 'NONE',  ( -0.2500000000000002220, 0.000000000000000000, 0.7500000000000000000 ) ) ;
#6938 = CARTESIAN_POINT ( 'NONE',  ( 2.000000000000000000, -1.040834085586083948E-17, 2.000000000000000000 ) ) ;
#6939 = EDGE_CURVE ( 'NONE', #3921, #3972, #939, .T. ) ;
#6940 = AXIS2_PLACEMENT_3D ( 'NONE', #6938, #4099, #5703 ) ;
#6941 = PRODUCT_DEFINITION_SHAPE ( 'NONE', 'NONE',  #7207 ) ;
#6942 = ORIENTED_EDGE ( 'NONE', *, *, #2341, .T. ) ;
#6943 = CARTESIAN_POINT ( 'NONE',  ( 4.250000000000000000, 1.624999999999999778, -0.7499999999999996669 ) ) ;
#6944 = LINE ( 'NONE', #4212, #3939 ) ;
#6945 = PLANE ( 'NONE',  #4334 ) ;
#6946 = LINE ( 'NONE', #3589, #807 ) ;
#6947 = ORIENTED_EDGE ( 'NONE', *, *, #1209, .T. ) ;
#6948 = EDGE_CURVE ( 'NONE', #2871, #90, #530, .T. ) ;
#6949 = VERTEX_POINT ( 'NONE', #1749 ) ;
#6950 = CARTESIAN_POINT ( 'NONE',  ( 15.95000000000000284, 6.500000000000000000, -2.500000000000000444 ) ) ;
#6951 = FACE_OUTER_BOUND ( 'NONE', #155, .T. ) ;
#6952 = FACE_OUTER_BOUND ( 'NONE', #875, .T. ) ;
#6953 = DIRECTION ( 'NONE',  ( -0.3236155771181846164, 0.8891264907159879272, -0.3236155771181860596 ) ) ;
#6954 = ORIENTED_EDGE ( 'NONE', *, *, #5943, .F. ) ;
#6955 = FACE_OUTER_BOUND ( 'NONE', #3438, .T. ) ;
#6956 = EDGE_CURVE ( 'NONE', #6677, #3734, #2864, .T. ) ;
#6957 = FACE_OUTER_BOUND ( 'NONE', #607, .T. ) ;
#6958 = ORIENTED_EDGE ( 'NONE', *, *, #5539, .T. ) ;
#6959 = LINE ( 'NONE', #3024, #1873 ) ;
#6960 = VERTEX_POINT ( 'NONE', #597 ) ;
#6961 = DIRECTION ( 'NONE',  ( -0.000000000000000000, -0.000000000000000000, 1.000000000000000000 ) ) ;
#6962 = ORIENTED_EDGE ( 'NONE', *, *, #369, .T. ) ;
#6963 = VERTEX_POINT ( 'NONE', #5601 ) ;
#6964 = DIRECTION ( 'NONE',  ( 0.000000000000000000, -1.000000000000000000, 0.000000000000000000 ) ) ;
#6965 = EDGE_CURVE ( 'NONE', #3725, #4606, #1166, .T. ) ;
#6966 = ORIENTED_EDGE ( 'NONE', *, *, #5576, .T. ) ;
#6967 = LINE ( 'NONE', #6891, #6543 ) ;
#6968 = EDGE_CURVE ( 'NONE', #3095, #1909, #2728, .T. ) ;
#6969 = ORIENTED_EDGE ( 'NONE', *, *, #1845, .F. ) ;
#6970 = CARTESIAN_POINT ( 'NONE',  ( 1.749999999999999778, 0.000000000000000000, 0.7499999999999998890 ) ) ;
#6971 = CARTESIAN_POINT ( 'NONE',  ( -15.12500000000000178, 3.649999999999999911, 2.224999999999997868 ) ) ;
#6972 = DIRECTION ( 'NONE',  ( 1.000000000000000000, 0.000000000000000000, 0.000000000000000000 ) ) ;
#6973 = LINE ( 'NONE', #4825, #5605 ) ;
#6974 = EDGE_LOOP ( 'NONE', ( #1943, #1173, #7092, #1284 ) ) ;
#6975 = ORIENTED_EDGE ( 'NONE', *, *, #6088, .F. ) ;
#6976 = CARTESIAN_POINT ( 'NONE',  ( 4.250000000000000000, 6.500000000000003553, -0.7499999999999996669 ) ) ;
#6977 = LINE ( 'NONE', #338, #1741 ) ;
#6978 = LINE ( 'NONE', #801, #2826 ) ;
#6979 = DIRECTION ( 'NONE',  ( 0.000000000000000000, 0.000000000000000000, -1.000000000000000000 ) ) ;
#6980 = ORIENTED_EDGE ( 'NONE', *, *, #844, .T. ) ;
#6981 = ADVANCED_FACE ( 'NONE', ( #2799 ), #6650, .F. ) ;
#6982 = LINE ( 'NONE', #3561, #3474 ) ;
#6983 = DIRECTION ( 'NONE',  ( -1.000000000000000000, 0.000000000000000000, 0.000000000000000000 ) ) ;
#6984 = DIRECTION ( 'NONE',  ( -1.000000000000000000, 0.000000000000000000, -0.000000000000000000 ) ) ;
#6985 = PLANE ( 'NONE',  #5678 ) ;
#6986 = EDGE_CURVE ( 'NONE', #6101, #954, #5025, .T. ) ;
#6987 = DIRECTION ( 'NONE',  ( 0.000000000000000000, 0.000000000000000000, -1.000000000000000000 ) ) ;
#6988 = ORIENTED_EDGE ( 'NONE', *, *, #6837, .T. ) ;
#6989 = ADVANCED_FACE ( 'NONE', ( #5639 ), #3999, .T. ) ;
#6990 = VECTOR ( 'NONE', #3820, 1000.000000000000000 ) ;
#6991 = DIRECTION ( 'NONE',  ( -0.000000000000000000, -0.000000000000000000, 1.000000000000000000 ) ) ;
#6992 = EDGE_CURVE ( 'NONE', #2981, #399, #6727, .T. ) ;
#6993 = ORIENTED_EDGE ( 'NONE', *, *, #224, .F. ) ;
#6994 = LINE ( 'NONE', #6845, #6561 ) ;
#6995 = ORIENTED_EDGE ( 'NONE', *, *, #6509, .F. ) ;
#6996 = PRODUCT_DEFINITION ( 'UNKNOWN', '', #5278, #6299 ) ;
#6997 = CARTESIAN_POINT ( 'NONE',  ( -0.2500000000000002220, 6.500000000000003553, -0.7499999999999995559 ) ) ;
#6998 = VECTOR ( 'NONE', #1345, 1000.000000000000000 ) ;
#6999 = PRODUCT_DEFINITION_SHAPE ( 'NONE', 'NONE',  #7184 ) ;
#7000 = VECTOR ( 'NONE', #6803, 1000.000000000000000 ) ;
#7001 = EDGE_LOOP ( 'NONE', ( #1898, #5430, #7112, #2201 ) ) ;
#7002 = DIRECTION ( 'NONE',  ( 0.7071067811865365815, -0.7071067811865584529, 0.000000000000000000 ) ) ;
#7003 = ORIENTED_EDGE ( 'NONE', *, *, #2339, .T. ) ;
#7004 = CARTESIAN_POINT ( 'NONE',  ( -14.25000000000000000, 5.100252258054545074, -0.7500000000000001110 ) ) ;
#7005 = VECTOR ( 'NONE', #4791, 1000.000000000000000 ) ;
#7006 = VECTOR ( 'NONE', #4849, 1000.000000000000000 ) ;
#7007 = LINE ( 'NONE', #6937, #4176 ) ;
#7008 = DIRECTION ( 'NONE',  ( 1.000000000000000000, 0.000000000000000000, 0.000000000000000000 ) ) ;
#7009 = DIRECTION ( 'NONE',  ( 0.7071067811865536790, 0.7071067811865414665, 0.000000000000000000 ) ) ;
#7010 = EDGE_CURVE ( 'NONE', #6237, #3733, #127, .T. ) ;
#7011 = VECTOR ( 'NONE', #3456, 1000.000000000000000 ) ;
#7012 = EDGE_CURVE ( 'NONE', #6165, #3520, #3860, .T. ) ;
#7013 = VECTOR ( 'NONE', #6021, 1000.000000000000000 ) ;
#7014 = LINE ( 'NONE', #4784, #5831 ) ;
#7015 = ORIENTED_EDGE ( 'NONE', *, *, #5943, .T. ) ;
#7016 = ORIENTED_EDGE ( 'NONE', *, *, #3247, .T. ) ;
#7017 = VERTEX_POINT ( 'NONE', #6797 ) ;
#7018 = CARTESIAN_POINT ( 'NONE',  ( -15.45000000000000107, 6.275000000000001243, -0.8500000000000005329 ) ) ;
#7019 = PLANE ( 'NONE',  #3011 ) ;
#7020 = VECTOR ( 'NONE', #2831, 1000.000000000000000 ) ;
#7021 = EDGE_CURVE ( 'NONE', #1896, #862, #3382, .T. ) ;
#7022 =( LENGTH_UNIT ( ) NAMED_UNIT ( * ) SI_UNIT ( .MILLI., .METRE. ) );
#7023 = CARTESIAN_POINT ( 'NONE',  ( -15.45000000000000107, 4.250000000000000000, -0.8500000000000005329 ) ) ;
#7024 = DIRECTION ( 'NONE',  ( 1.000000000000000000, 0.000000000000000000, 0.000000000000000000 ) ) ;
#7025 = EDGE_CURVE ( 'NONE', #2510, #3034, #3345, .T. ) ;
#7026 = PRODUCT_DEFINITION_SHAPE ( 'NONE', 'NONE',  #7194 ) ;
#7027 = VECTOR ( 'NONE', #3797, 1000.000000000000000 ) ;
#7028 = EDGE_LOOP ( 'NONE', ( #1138, #6272, #1408, #3457 ) ) ;
#7029 = DIRECTION ( 'NONE',  ( 1.000000000000000000, 0.000000000000000000, 0.000000000000000000 ) ) ;
#7030 = LINE ( 'NONE', #3230, #6688 ) ;
#7031 = CARTESIAN_POINT ( 'NONE',  ( -14.51500000000000057, 5.375000000000000000, -2.500000000000000444 ) ) ;
#7032 = VERTEX_POINT ( 'NONE', #2834 ) ;
#7033 = AXIS2_PLACEMENT_3D ( 'NONE', #6802, #177, #1236 ) ;
#7034 = DIRECTION ( 'NONE',  ( -0.000000000000000000, -0.000000000000000000, -1.000000000000000000 ) ) ;
#7035 = EDGE_CURVE ( 'NONE', #3348, #1172, #6754, .T. ) ;
#7036 = DIRECTION ( 'NONE',  ( 1.000000000000000000, 0.000000000000000000, 0.000000000000000000 ) ) ;
#7037 = ORIENTED_EDGE ( 'NONE', *, *, #6474, .F. ) ;
#7038 = VECTOR ( 'NONE', #2896, 1000.000000000000000 ) ;
#7039 = ORIENTED_EDGE ( 'NONE', *, *, #1184, .F. ) ;
#7040 = LINE ( 'NONE', #964, #1550 ) ;
#7041 = CARTESIAN_POINT ( 'NONE',  ( 11.75000000000000000, 0.000000000000000000, -1.250000000000000222 ) ) ;
#7042 = VECTOR ( 'NONE', #471, 1000.000000000000000 ) ;
#7043 = ORIENTED_EDGE ( 'NONE', *, *, #1465, .F. ) ;
#7044 = FACE_OUTER_BOUND ( 'NONE', #2468, .T. ) ;
#7045 = ORIENTED_EDGE ( 'NONE', *, *, #6714, .T. ) ;
#7046 = ORIENTED_EDGE ( 'NONE', *, *, #900, .F. ) ;
#7047 = CARTESIAN_POINT ( 'NONE',  ( 15.45000000000000284, -29.59378440939045163, 2.225000000000000089 ) ) ;
#7048 = VECTOR ( 'NONE', #3221, 1000.000000000000000 ) ;
#7049 = CARTESIAN_POINT ( 'NONE',  ( -14.25000000000000000, -2.725252258054539745, -0.7500000000000001110 ) ) ;
#7050 = LINE ( 'NONE', #2764, #6056 ) ;
#7051 = CARTESIAN_POINT ( 'NONE',  ( 24.00000000000000000, -1.249000902703300861E-16, 2.000000000000000000 ) ) ;
#7052 = LINE ( 'NONE', #2638, #3412 ) ;
#7053 = VECTOR ( 'NONE', #697, 1000.000000000000000 ) ;
#7054 = CARTESIAN_POINT ( 'NONE',  ( -1.749999999999999778, 6.500000000000003553, 0.7500000000000000000 ) ) ;
#7055 = EDGE_LOOP ( 'NONE', ( #2716, #3928, #6260, #7003 ) ) ;
#7056 = ORIENTED_EDGE ( 'NONE', *, *, #3341, .T. ) ;
#7057 = ORIENTED_EDGE ( 'NONE', *, *, #4062, .F. ) ;
#7058 = LINE ( 'NONE', #5233, #4424 ) ;
#7059 = VERTEX_POINT ( 'NONE', #2758 ) ;
#7060 = DIRECTION ( 'NONE',  ( 0.000000000000000000, 0.000000000000000000, -1.000000000000000000 ) ) ;
#7061 = AXIS2_PLACEMENT_3D ( 'NONE', #1366, #3582, #5812 ) ;
#7062 = CARTESIAN_POINT ( 'NONE',  ( 5.750000000000000000, 0.000000000000000000, 1.250000000000000222 ) ) ;
#7063 = FACE_OUTER_BOUND ( 'NONE', #4715, .T. ) ;
#7064 = VERTEX_POINT ( 'NONE', #6226 ) ;
#7065 = CARTESIAN_POINT ( 'NONE',  ( 14.76499999999999879, 5.624999999999997335, -2.225000000000000533 ) ) ;
#7066 = ORIENTED_EDGE ( 'NONE', *, *, #4844, .F. ) ;
#7067 = CARTESIAN_POINT ( 'NONE',  ( -15.01499999999999879, 6.500000000000000000, 2.224999999999999645 ) ) ;
#7068 = EDGE_CURVE ( 'NONE', #3609, #5805, #5058, .T. ) ;
#7069 = ORIENTED_EDGE ( 'NONE', *, *, #3056, .F. ) ;
#7070 = LINE ( 'NONE', #1026, #2229 ) ;
#7071 = LINE ( 'NONE', #3639, #6533 ) ;
#7072 = CARTESIAN_POINT ( 'NONE',  ( 12.25000000000000000, 0.000000000000000000, -1.250000000000000222 ) ) ;
#7073 = ORIENTED_EDGE ( 'NONE', *, *, #4941, .F. ) ;
#7074 = ORIENTED_EDGE ( 'NONE', *, *, #5312, .F. ) ;
#7075 = CARTESIAN_POINT ( 'NONE',  ( -13.46500000000000163, 4.774999999999999467, -2.225000000000000533 ) ) ;
#7076 = VERTEX_POINT ( 'NONE', #3964 ) ;
#7077 = DIRECTION ( 'NONE',  ( 1.284980352575412699E-15, 1.000000000000000000, -0.000000000000000000 ) ) ;
#7078 = ORIENTED_EDGE ( 'NONE', *, *, #631, .T. ) ;
#7079 = DIRECTION ( 'NONE',  ( 0.000000000000000000, 0.000000000000000000, 1.000000000000000000 ) ) ;
#7080 = VERTEX_POINT ( 'NONE', #100 ) ;
#7081 = VERTEX_POINT ( 'NONE', #5500 ) ;
#7082 = DIRECTION ( 'NONE',  ( 0.000000000000000000, 0.000000000000000000, 1.000000000000000000 ) ) ;
#7083 = DIRECTION ( 'NONE',  ( 0.8660254037844385966, -0.5000000000000003331, 0.000000000000000000 ) ) ;
#7084 = PLANE ( 'NONE',  #3373 ) ;
#7085 = DIRECTION ( 'NONE',  ( 0.000000000000000000, 0.000000000000000000, 1.000000000000000000 ) ) ;
#7086 = DIRECTION ( 'NONE',  ( -0.000000000000000000, -0.000000000000000000, 1.000000000000000000 ) ) ;
#7087 = ORIENTED_EDGE ( 'NONE', *, *, #4246, .F. ) ;
#7088 = ORIENTED_EDGE ( 'NONE', *, *, #6447, .F. ) ;
#7089 = EDGE_CURVE ( 'NONE', #2232, #4639, #2207, .T. ) ;
#7090 = ORIENTED_EDGE ( 'NONE', *, *, #237, .F. ) ;
#7091 = DIRECTION ( 'NONE',  ( 0.5000000000000007772, -0.8660254037844381525, 0.000000000000000000 ) ) ;
#7092 = ORIENTED_EDGE ( 'NONE', *, *, #2457, .T. ) ;
#7093 = CARTESIAN_POINT ( 'NONE',  ( 5.750000000000000000, 0.000000000000000000, 0.7499999999999998890 ) ) ;
#7094 =( LENGTH_UNIT ( ) NAMED_UNIT ( * ) SI_UNIT ( .MILLI., .METRE. ) );
#7095 = CARTESIAN_POINT ( 'NONE',  ( -0.2500000000000002220, 6.500000000000003553, 0.7500000000000000000 ) ) ;
#7096 = VERTEX_POINT ( 'NONE', #2279 ) ;
#7097 = EDGE_CURVE ( 'NONE', #6719, #5391, #4506, .T. ) ;
#7098 = CARTESIAN_POINT ( 'NONE',  ( -8.249999999999996447, 0.000000000000000000, 0.7500000000000001110 ) ) ;
#7099 = ORIENTED_EDGE ( 'NONE', *, *, #254, .T. ) ;
#7100 = CARTESIAN_POINT ( 'NONE',  ( -11.75000000000000000, 6.500000000000003553, 0.7500000000000001110 ) ) ;
#7101 = CARTESIAN_POINT ( 'NONE',  ( 15.12500000000000178, 3.650000000000000355, 2.500000000000000444 ) ) ;
#7102 = LINE ( 'NONE', #1457, #3363 ) ;
#7103 = LINE ( 'NONE', #3641, #3233 ) ;
#7104 = EDGE_CURVE ( 'NONE', #5802, #244, #170, .T. ) ;
#7105 = DIRECTION ( 'NONE',  ( 0.000000000000000000, -0.000000000000000000, 1.000000000000000000 ) ) ;
#7106 = ORIENTED_EDGE ( 'NONE', *, *, #6468, .T. ) ;
#7107 = DIRECTION ( 'NONE',  ( 0.000000000000000000, -1.000000000000000000, 0.000000000000000000 ) ) ;
#7108 = ADVANCED_FACE ( 'NONE', ( #4139 ), #3045, .T. ) ;
#7109 = ORIENTED_EDGE ( 'NONE', *, *, #4794, .T. ) ;
#7110 = CARTESIAN_POINT ( 'NONE',  ( 10.25000000000000000, 1.624999999999999778, -1.250000000000000222 ) ) ;
#7111 = ORIENTED_EDGE ( 'NONE', *, *, #2836, .T. ) ;
#7112 = ORIENTED_EDGE ( 'NONE', *, *, #4305, .F. ) ;
#7113 = PLANE ( 'NONE',  #700 ) ;
#7114 = LINE ( 'NONE', #4895, #1195 ) ;
#7115 = CARTESIAN_POINT ( 'NONE',  ( 7.750000000000000000, 0.000000000000000000, -0.7499999999999996669 ) ) ;
#7116 = VECTOR ( 'NONE', #1214, 1000.000000000000000 ) ;
#7117 = PRODUCT_CONTEXT ( 'NONE', #4259, 'mechanical' ) ;
#7118 = CARTESIAN_POINT ( 'NONE',  ( 14.76499999999999879, 6.250000000000007105, -2.500000000000000444 ) ) ;
#7119 = VECTOR ( 'NONE', #6795, 1000.000000000000000 ) ;
#7120 = AXIS2_PLACEMENT_3D ( 'NONE', #227, #5258, #5771 ) ;
#7121 = VERTEX_POINT ( 'NONE', #5821 ) ;
#7122 = EDGE_LOOP ( 'NONE', ( #241, #1533, #4748, #6739, #5035, #6588, #3653, #443, #2910 ) ) ;
#7123 = EDGE_LOOP ( 'NONE', ( #983, #566, #4559, #4942 ) ) ;
#7124 = PLANE ( 'NONE',  #1868 ) ;
#7125 = CARTESIAN_POINT ( 'NONE',  ( -12.24000000000001087, 5.375000000000000000, -8.724999999999999645 ) ) ;
#7126 = ORIENTED_EDGE ( 'NONE', *, *, #6559, .F. ) ;
#7127 = VECTOR ( 'NONE', #2286, 1000.000000000000000 ) ;
#7128 = VECTOR ( 'NONE', #2502, 1000.000000000000000 ) ;
#7129 = EDGE_CURVE ( 'NONE', #1595, #1968, #738, .T. ) ;
#7130 = PRODUCT_DEFINITION ( 'UNKNOWN', '', #1105, #3900 ) ;
#7131 = VECTOR ( 'NONE', #6222, 1000.000000000000000 ) ;
#7132 = LINE ( 'NONE', #2103, #1636 ) ;
#7133 = EDGE_LOOP ( 'NONE', ( #4550, #6119, #136, #1901 ) ) ;
#7134 = FACE_OUTER_BOUND ( 'NONE', #5928, .T. ) ;
#7135 = DIRECTION ( 'NONE',  ( 0.7071067811865340280, 0.7071067811865611175, 0.000000000000000000 ) ) ;
#7136 = DIRECTION ( 'NONE',  ( -0.000000000000000000, -0.000000000000000000, 1.000000000000000000 ) ) ;
#7137 = DIRECTION ( 'NONE',  ( 0.7071067811865536790, -0.7071067811865414665, 0.000000000000000000 ) ) ;
#7138 = VECTOR ( 'NONE', #6146, 1000.000000000000000 ) ;
#7139 = DIRECTION ( 'NONE',  ( 4.132210808480875246E-17, 0.3420201433256658818, -0.9396926207859094271 ) ) ;
#7140 = DIRECTION ( 'NONE',  ( 1.000000000000000000, 0.000000000000000000, 0.000000000000000000 ) ) ;
#7141 = ORIENTED_EDGE ( 'NONE', *, *, #325, .F. ) ;
#7142 = VECTOR ( 'NONE', #1518, 1000.000000000000000 ) ;
#7143 = FACE_BOUND ( 'NONE', #660, .T. ) ;
#7144 = EDGE_CURVE ( 'NONE', #4129, #2310, #5750, .T. ) ;
#7145 = ORIENTED_EDGE ( 'NONE', *, *, #6076, .T. ) ;
#7146 = LINE ( 'NONE', #7041, #7006 ) ;
#7147 = VECTOR ( 'NONE', #3863, 1000.000000000000000 ) ;
#7148 = ORIENTED_EDGE ( 'NONE', *, *, #1656, .T. ) ;
#7149 = DIRECTION ( 'NONE',  ( -0.7071067811865584529, -0.7071067811865365815, 0.000000000000000000 ) ) ;
#7150 = EDGE_CURVE ( 'NONE', #1570, #1391, #3449, .T. ) ;
#7151 = ORIENTED_EDGE ( 'NONE', *, *, #2237, .T. ) ;
#7152 = VERTEX_POINT ( 'NONE', #4618 ) ;
#7153 = DIRECTION ( 'NONE',  ( 0.000000000000000000, -1.000000000000000000, 0.000000000000000000 ) ) ;
#7154 = CARTESIAN_POINT ( 'NONE',  ( 13.97236314066101137, 4.314340451562333811, 2.400000000000000355 ) ) ;
#7155 = EDGE_CURVE ( 'NONE', #4417, #5204, #2902, .T. ) ;
#7156 = VECTOR ( 'NONE', #4382, 1000.000000000000000 ) ;
#7157 = CARTESIAN_POINT ( 'NONE',  ( 12.24000000000000732, 5.375000000000002665, 2.224999999999999645 ) ) ;
#7158 = FACE_OUTER_BOUND ( 'NONE', #6565, .T. ) ;
#7159 = VECTOR ( 'NONE', #3028, 1000.000000000000000 ) ;
#7160 = LINE ( 'NONE', #5376, #3619 ) ;
#7161 = ADVANCED_FACE ( 'NONE', ( #4031 ), #6258, .F. ) ;
#7162 = EDGE_LOOP ( 'NONE', ( #1176, #1348, #75, #895 ) ) ;
#7163 = ORIENTED_EDGE ( 'NONE', *, *, #7025, .F. ) ;
#7164 = ORIENTED_EDGE ( 'NONE', *, *, #3642, .T. ) ;
#7165 = DIRECTION ( 'NONE',  ( -0.9396926207859093161, 0.3420201433256664925, 7.486319444837027705E-20 ) ) ;
#7166 = ADVANCED_FACE ( 'NONE', ( #6336 ), #307, .T. ) ;
#7167 = ADVANCED_FACE ( 'NONE', ( #5127 ), #2497, .T. ) ;
#7168 = ORIENTED_EDGE ( 'NONE', *, *, #2021, .T. ) ;
#7169 = CARTESIAN_POINT ( 'NONE',  ( 7.750000000000000000, 0.000000000000000000, 0.7499999999999998890 ) ) ;
#7170 = CARTESIAN_POINT ( 'NONE',  ( 13.75000000000000000, 1.624999999999999778, -4.870572098594920796 ) ) ;
#7171 = AXIS2_PLACEMENT_3D ( 'NONE', #2683, #3979, #5653 ) ;
#7172 = VECTOR ( 'NONE', #901, 1000.000000000000000 ) ;
#7173 = ORIENTED_EDGE ( 'NONE', *, *, #830, .T. ) ;
#7174 = CARTESIAN_POINT ( 'NONE',  ( -15.95000000000000284, 4.250000000000000000, -0.1000000000000004774 ) ) ;
#7175 = ORIENTED_EDGE ( 'NONE', *, *, #2017, .F. ) ;
#7176 = FACE_OUTER_BOUND ( 'NONE', #836, .T. ) ;
#7177 = LINE ( 'NONE', #1491, #1201 ) ;
#7178 = DIRECTION ( 'NONE',  ( 1.000000000000000000, 0.000000000000000000, 0.000000000000000000 ) ) ;
#7179 = LINE ( 'NONE', #5428, #6990 ) ;
#7180 = NEXT_ASSEMBLY_USAGE_OCCURRENCE ( 'NAUO1', ' ', ' ', #7130, #6996, $ ) ;
#7181 = NEXT_ASSEMBLY_USAGE_OCCURRENCE ( 'NAUO2', ' ', ' ', #7130, #1591, $ ) ;
#7182 = NEXT_ASSEMBLY_USAGE_OCCURRENCE ( 'NAUO3', ' ', ' ', #7130, #1591, $ ) ;
#7183 = NEXT_ASSEMBLY_USAGE_OCCURRENCE ( 'NAUO4', ' ', ' ', #7130, #1591, $ ) ;
#7184 = NEXT_ASSEMBLY_USAGE_OCCURRENCE ( 'NAUO5', ' ', ' ', #7130, #1591, $ ) ;
#7185 = NEXT_ASSEMBLY_USAGE_OCCURRENCE ( 'NAUO6', ' ', ' ', #7130, #1591, $ ) ;
#7186 = NEXT_ASSEMBLY_USAGE_OCCURRENCE ( 'NAUO7', ' ', ' ', #7130, #1591, $ ) ;
#7187 = NEXT_ASSEMBLY_USAGE_OCCURRENCE ( 'NAUO8', ' ', ' ', #7130, #1591, $ ) ;
#7188 = NEXT_ASSEMBLY_USAGE_OCCURRENCE ( 'NAUO9', ' ', ' ', #7130, #1591, $ ) ;
#7189 = NEXT_ASSEMBLY_USAGE_OCCURRENCE ( 'NAUO10', ' ', ' ', #7130, #1591, $ ) ;
#7190 = NEXT_ASSEMBLY_USAGE_OCCURRENCE ( 'NAUO11', ' ', ' ', #7130, #1591, $ ) ;
#7191 = NEXT_ASSEMBLY_USAGE_OCCURRENCE ( 'NAUO12', ' ', ' ', #7130, #1591, $ ) ;
#7192 = NEXT_ASSEMBLY_USAGE_OCCURRENCE ( 'NAUO13', ' ', ' ', #7130, #1591, $ ) ;
#7193 = NEXT_ASSEMBLY_USAGE_OCCURRENCE ( 'NAUO14', ' ', ' ', #7130, #1591, $ ) ;
#7194 = NEXT_ASSEMBLY_USAGE_OCCURRENCE ( 'NAUO15', ' ', ' ', #7130, #1591, $ ) ;
#7195 = NEXT_ASSEMBLY_USAGE_OCCURRENCE ( 'NAUO16', ' ', ' ', #7130, #1591, $ ) ;
#7196 = NEXT_ASSEMBLY_USAGE_OCCURRENCE ( 'NAUO17', ' ', ' ', #7130, #1591, $ ) ;
#7197 = NEXT_ASSEMBLY_USAGE_OCCURRENCE ( 'NAUO18', ' ', ' ', #7130, #1591, $ ) ;
#7198 = NEXT_ASSEMBLY_USAGE_OCCURRENCE ( 'NAUO19', ' ', ' ', #7130, #1591, $ ) ;
#7199 = NEXT_ASSEMBLY_USAGE_OCCURRENCE ( 'NAUO20', ' ', ' ', #7130, #1591, $ ) ;
#7200 = NEXT_ASSEMBLY_USAGE_OCCURRENCE ( 'NAUO21', ' ', ' ', #7130, #1591, $ ) ;
#7201 = NEXT_ASSEMBLY_USAGE_OCCURRENCE ( 'NAUO22', ' ', ' ', #7130, #1591, $ ) ;
#7202 = NEXT_ASSEMBLY_USAGE_OCCURRENCE ( 'NAUO23', ' ', ' ', #7130, #1591, $ ) ;
#7203 = NEXT_ASSEMBLY_USAGE_OCCURRENCE ( 'NAUO24', ' ', ' ', #7130, #1591, $ ) ;
#7204 = NEXT_ASSEMBLY_USAGE_OCCURRENCE ( 'NAUO25', ' ', ' ', #7130, #1591, $ ) ;
#7205 = NEXT_ASSEMBLY_USAGE_OCCURRENCE ( 'NAUO26', ' ', ' ', #7130, #1591, $ ) ;
#7206 = NEXT_ASSEMBLY_USAGE_OCCURRENCE ( 'NAUO27', ' ', ' ', #7130, #1591, $ ) ;
#7207 = NEXT_ASSEMBLY_USAGE_OCCURRENCE ( 'NAUO28', ' ', ' ', #7130, #1591, $ ) ;
#7208 = NEXT_ASSEMBLY_USAGE_OCCURRENCE ( 'NAUO29', ' ', ' ', #7130, #1591, $ ) ;
#7209 = NEXT_ASSEMBLY_USAGE_OCCURRENCE ( 'NAUO30', ' ', ' ', #7130, #1591, $ ) ;
#7210 = NEXT_ASSEMBLY_USAGE_OCCURRENCE ( 'NAUO31', ' ', ' ', #7130, #1591, $ ) ;
ENDSEC;
END-ISO-10303-21;
