ISO-10303-21;
HEADER;
FILE_DESCRIPTION (( 'STEP AP214' ),
    '1' );
FILE_NAME ('SAMMY-C21.STEP',
    '2025-10-04T18:33:51',
    ( '' ),
    ( '' ),
    'SwSTEP 2.0',
    'SolidWorks 2025',
    '' );
FILE_SCHEMA (( 'AUTOMOTIVE_DESIGN' ));
ENDSEC;

DATA;
#1 = VERTEX_POINT ( 'NONE', #1476 ) ;
#2 = ADVANCED_FACE ( 'NONE', ( #3012 ), #1277, .F. ) ;
#3 = ADVANCED_FACE ( 'NONE', ( #2731 ), #2957, .F. ) ;
#4 = ADVANCED_FACE ( 'NONE', ( #506 ), #1738, .T. ) ;
#5 = DIRECTION ( 'NONE',  ( -0.7071067811865474617, 0.000000000000000000, 0.7071067811865474617 ) ) ;
#6 = ORIENTED_EDGE ( 'NONE', *, *, #1280, .F. ) ;
#7 = ORIENTED_EDGE ( 'NONE', *, *, #305, .F. ) ;
#8 = DIRECTION ( 'NONE',  ( -0.000000000000000000, 1.000000000000000000, -0.000000000000000000 ) ) ;
#9 = EDGE_CURVE ( 'NONE', #1, #3142, #1982, .T. ) ;
#10 = CARTESIAN_POINT ( 'NONE',  ( 8.890000000000005898, -1.600000000000000755, -7.999999999999998224 ) ) ;
#11 = DIRECTION ( 'NONE',  ( 0.000000000000000000, 0.000000000000000000, 1.000000000000000000 ) ) ;
#12 = AXIS2_PLACEMENT_3D ( 'NONE', #1504, #1972, #531 ) ;
#13 = ORIENTED_EDGE ( 'NONE', *, *, #1113, .T. ) ;
#14 = CARTESIAN_POINT ( 'NONE',  ( -11.42999999999999972, -5.204748896376247001E-17, -7.999999999999998224 ) ) ;
#15 = AXIS2_PLACEMENT_3D ( 'NONE', #2218, #2017, #1748 ) ;
#16 = DIRECTION ( 'NONE',  ( 1.000000000000000000, 0.000000000000000000, 0.000000000000000000 ) ) ;
#17 = EDGE_CURVE ( 'NONE', #1530, #2215, #1001, .T. ) ;
#18 = ORIENTED_EDGE ( 'NONE', *, *, #1978, .T. ) ;
#19 = DIRECTION ( 'NONE',  ( 0.000000000000000000, 0.000000000000000000, 1.000000000000000000 ) ) ;
#20 = ORIENTED_EDGE ( 'NONE', *, *, #2514, .T. ) ;
#21 = VERTEX_POINT ( 'NONE', #1725 ) ;
#22 = DIRECTION ( 'NONE',  ( -0.000000000000000000, 1.000000000000000000, -0.000000000000000000 ) ) ;
#23 = VECTOR ( 'NONE', #2769, 1000.000000000000000 ) ;
#24 = DIRECTION ( 'NONE',  ( -0.000000000000000000, 1.000000000000000000, -0.000000000000000000 ) ) ;
#25 = EDGE_CURVE ( 'NONE', #1057, #1913, #1416, .T. ) ;
#26 = CARTESIAN_POINT ( 'NONE',  ( -20.91044565852956083, 2.000000000000000000, 4.242748111540175948 ) ) ;
#27 = AXIS2_PLACEMENT_3D ( 'NONE', #3051, #2038, #62 ) ;
#28 = DIRECTION ( 'NONE',  ( -0.000000000000000000, 1.000000000000000000, -0.000000000000000000 ) ) ;
#29 = VECTOR ( 'NONE', #706, 1000.000000000000000 ) ;
#30 = CYLINDRICAL_SURFACE ( 'NONE', #101, 0.4999999999999970024 ) ;
#31 = PRESENTATION_LAYER_ASSIGNMENT (  '', '', ( #1963 ) ) ;
#32 = DIRECTION ( 'NONE',  ( 0.000000000000000000, 0.000000000000000000, 1.000000000000000000 ) ) ;
#33 = EDGE_LOOP ( 'NONE', ( #2882, #1159, #2116, #3006 ) ) ;
#34 = EDGE_CURVE ( 'NONE', #1853, #312, #470, .T. ) ;
#35 = DIRECTION ( 'NONE',  ( -0.000000000000000000, 1.000000000000000000, -0.000000000000000000 ) ) ;
#36 = EDGE_LOOP ( 'NONE', ( #1996, #2338 ) ) ;
#37 = ORIENTED_EDGE ( 'NONE', *, *, #1954, .T. ) ;
#38 = VERTEX_POINT ( 'NONE', #1991 ) ;
#39 = DIRECTION ( 'NONE',  ( 0.000000000000000000, 0.000000000000000000, 1.000000000000000000 ) ) ;
#40 = CARTESIAN_POINT ( 'NONE',  ( -1.156482317317872908E-15, -1.600000000000000089, -9.000000000000012434 ) ) ;
#41 = CYLINDRICAL_SURFACE ( 'NONE', #853, 0.4999999999999987232 ) ;
#42 = ORIENTED_EDGE ( 'NONE', *, *, #56, .T. ) ;
#43 = LINE ( 'NONE', #1602, #1053 ) ;
#44 = PRESENTATION_STYLE_ASSIGNMENT (( #591 ) ) ;
#45 = FACE_OUTER_BOUND ( 'NONE', #2373, .T. ) ;
#46 = AXIS2_PLACEMENT_3D ( 'NONE', #1876, #2857, #2613 ) ;
#47 = ORIENTED_EDGE ( 'NONE', *, *, #2046, .T. ) ;
#48 = AXIS2_PLACEMENT_3D ( 'NONE', #868, #2331, #1354 ) ;
#49 = DIRECTION ( 'NONE',  ( 0.000000000000000000, 0.000000000000000000, 1.000000000000000000 ) ) ;
#50 = ORIENTED_EDGE ( 'NONE', *, *, #830, .T. ) ;
#51 = VERTEX_POINT ( 'NONE', #1236 ) ;
#52 = ORIENTED_EDGE ( 'NONE', *, *, #1916, .F. ) ;
#53 = FACE_OUTER_BOUND ( 'NONE', #359, .T. ) ;
#54 = DIRECTION ( 'NONE',  ( 0.000000000000000000, 0.000000000000000000, 1.000000000000000000 ) ) ;
#55 = DIRECTION ( 'NONE',  ( -0.000000000000000000, 1.000000000000000000, -0.000000000000000000 ) ) ;
#56 = EDGE_CURVE ( 'NONE', #3054, #1202, #3198, .T. ) ;
#57 = FACE_BOUND ( 'NONE', #480, .T. ) ;
#58 = CARTESIAN_POINT ( 'NONE',  ( 19.05000000000000782, -1.600000000000000755, -7.999999999999996447 ) ) ;
#59 = CARTESIAN_POINT ( 'NONE',  ( 20.25000000000001776, -1.600000000000000089, 0.000000000000000000 ) ) ;
#60 = AXIS2_PLACEMENT_3D ( 'NONE', #1737, #2234, #2728 ) ;
#61 = CIRCLE ( 'NONE', #1892, 0.4999999999999970024 ) ;
#62 = DIRECTION ( 'NONE',  ( 0.000000000000000000, 0.000000000000000000, 1.000000000000000000 ) ) ;
#63 = CARTESIAN_POINT ( 'NONE',  ( -1.269999999999996909, 0.000000000000000000, -7.500000000000000000 ) ) ;
#64 = EDGE_LOOP ( 'NONE', ( #1759, #1124, #1885, #1569 ) ) ;
#65 = ORIENTED_EDGE ( 'NONE', *, *, #1352, .F. ) ;
#66 = ORIENTED_EDGE ( 'NONE', *, *, #1474, .T. ) ;
#67 = LINE ( 'NONE', #847, #1706 ) ;
#68 = VECTOR ( 'NONE', #227, 1000.000000000000000 ) ;
#69 = ADVANCED_FACE ( 'NONE', ( #1766, #1523, #2502, #988, #1973, #491, #623, #57, #2359, #815, #1566, #2566, #1861, #1808, #1063, #2049, #1337, #550, #2330, #1792, #2087, #2309, #107, #2841, #1585, #3027, #122, #1554, #1618, #1322, #2581, #1132, #2809 ), #1368, .T. ) ;
#70 = CARTESIAN_POINT ( 'NONE',  ( -11.42999999999999972, -1.600000000000000755, -7.000000000000000888 ) ) ;
#71 = DIRECTION ( 'NONE',  ( -0.000000000000000000, 1.000000000000000000, -0.000000000000000000 ) ) ;
#72 = CARTESIAN_POINT ( 'NONE',  ( 18.29305882832230168, 1.600000000000000089, 0.000000000000000000 ) ) ;
#73 = VECTOR ( 'NONE', #2378, 1000.000000000000000 ) ;
#74 = CARTESIAN_POINT ( 'NONE',  ( -1.269999999999993356, -1.600000000000000755, 7.000000000000001776 ) ) ;
#75 = ORIENTED_EDGE ( 'NONE', *, *, #1096, .F. ) ;
#76 = LINE ( 'NONE', #887, #2472 ) ;
#77 = CIRCLE ( 'NONE', #2371, 0.4999999999999970024 ) ;
#78 = CARTESIAN_POINT ( 'NONE',  ( -1.269999999999996909, 0.000000000000000000, -7.500000000000000000 ) ) ;
#79 = EDGE_CURVE ( 'NONE', #2836, #2150, #739, .T. ) ;
#80 = DIRECTION ( 'NONE',  ( 0.000000000000000000, 0.000000000000000000, 1.000000000000000000 ) ) ;
#81 = ORIENTED_EDGE ( 'NONE', *, *, #536, .F. ) ;
#82 = ORIENTED_EDGE ( 'NONE', *, *, #572, .F. ) ;
#83 = VERTEX_POINT ( 'NONE', #2792 ) ;
#84 = DIRECTION ( 'NONE',  ( -0.000000000000000000, 1.000000000000000000, -0.000000000000000000 ) ) ;
#85 = DIRECTION ( 'NONE',  ( 0.000000000000000000, 0.000000000000000000, 1.000000000000000000 ) ) ;
#86 =( LENGTH_UNIT ( ) NAMED_UNIT ( * ) SI_UNIT ( .MILLI., .METRE. ) );
#87 = EDGE_CURVE ( 'NONE', #2846, #38, #2772, .T. ) ;
#88 = VECTOR ( 'NONE', #1045, 1000.000000000000000 ) ;
#89 = LINE ( 'NONE', #2068, #1617 ) ;
#90 = CARTESIAN_POINT ( 'NONE',  ( 0.000000000000000000, 1.600000000000000089, -0.6925855535203084834 ) ) ;
#91 = DIRECTION ( 'NONE',  ( 0.000000000000000000, 0.000000000000000000, 1.000000000000000000 ) ) ;
#92 = DIRECTION ( 'NONE',  ( 0.000000000000000000, 0.000000000000000000, 1.000000000000000000 ) ) ;
#93 = DIRECTION ( 'NONE',  ( -0.000000000000000000, 1.000000000000000000, -0.000000000000000000 ) ) ;
#94 = CIRCLE ( 'NONE', #307, 0.4999999999999987232 ) ;
#95 = DIRECTION ( 'NONE',  ( -0.000000000000000000, 1.000000000000000000, -0.000000000000000000 ) ) ;
#96 = EDGE_LOOP ( 'NONE', ( #1904, #2834 ) ) ;
#97 = PRODUCT_DEFINITION ( 'UNKNOWN', '', #2779, #146 ) ;
#98 = ORIENTED_EDGE ( 'NONE', *, *, #2729, .T. ) ;
#99 = VERTEX_POINT ( 'NONE', #335 ) ;
#100 = DIRECTION ( 'NONE',  ( 0.000000000000000000, 0.000000000000000000, 1.000000000000000000 ) ) ;
#101 = AXIS2_PLACEMENT_3D ( 'NONE', #1846, #3080, #1086 ) ;
#102 = EDGE_CURVE ( 'NONE', #1039, #116, #303, .T. ) ;
#103 = AXIS2_PLACEMENT_3D ( 'NONE', #2235, #2487, #258 ) ;
#104 = CYLINDRICAL_SURFACE ( 'NONE', #2873, 0.4999999999999987232 ) ;
#105 = LINE ( 'NONE', #2825, #1119 ) ;
#106 = ADVANCED_FACE ( 'NONE', ( #1116 ), #318, .T. ) ;
#107 = FACE_BOUND ( 'NONE', #1500, .T. ) ;
#108 = DIRECTION ( 'NONE',  ( 1.000000000000000000, -0.000000000000000000, 0.000000000000000000 ) ) ;
#109 = CARTESIAN_POINT ( 'NONE',  ( -11.42999999999999616, -5.204748896376247001E-17, 7.500000000000000000 ) ) ;
#110 = CARTESIAN_POINT ( 'NONE',  ( -8.889999999999998792, -1.600000000000000755, -7.500000000000000000 ) ) ;
#111 = CARTESIAN_POINT ( 'NONE',  ( -11.42999999999999616, -5.204748896376247001E-17, 7.000000000000000888 ) ) ;
#112 = EDGE_CURVE ( 'NONE', #1819, #3147, #89, .T. ) ;
#113 = DIRECTION ( 'NONE',  ( -0.000000000000000000, 1.000000000000000000, -0.000000000000000000 ) ) ;
#114 = VECTOR ( 'NONE', #2344, 1000.000000000000000 ) ;
#115 = EDGE_CURVE ( 'NONE', #3177, #1772, #1412, .T. ) ;
#116 = VERTEX_POINT ( 'NONE', #834 ) ;
#117 = VERTEX_POINT ( 'NONE', #2345 ) ;
#118 = VERTEX_POINT ( 'NONE', #1099 ) ;
#119 = CARTESIAN_POINT ( 'NONE',  ( -20.24999999999998934, 0.000000000000000000, -9.000000000000010658 ) ) ;
#120 = DIRECTION ( 'NONE',  ( 0.000000000000000000, 0.000000000000000000, 1.000000000000000000 ) ) ;
#121 =( GEOMETRIC_REPRESENTATION_CONTEXT ( 3 ) GLOBAL_UNCERTAINTY_ASSIGNED_CONTEXT ( ( #644 ) ) GLOBAL_UNIT_ASSIGNED_CONTEXT ( ( #650, #1643, #896 ) ) REPRESENTATION_CONTEXT ( 'NONE', 'WORKASPACE' ) );
#122 = FACE_BOUND ( 'NONE', #2665, .T. ) ;
#123 = FACE_OUTER_BOUND ( 'NONE', #1282, .T. ) ;
#124 = DIRECTION ( 'NONE',  ( 0.000000000000000000, 0.000000000000000000, 1.000000000000000000 ) ) ;
#125 = CARTESIAN_POINT ( 'NONE',  ( 11.43000000000001037, -5.204748896376247001E-17, 7.999999999999998224 ) ) ;
#126 = DIRECTION ( 'NONE',  ( -0.000000000000000000, 1.000000000000000000, -0.000000000000000000 ) ) ;
#127 = AXIS2_PLACEMENT_3D ( 'NONE', #2858, #1571, #92 ) ;
#128 = LINE ( 'NONE', #2677, #2838 ) ;
#129 = AXIS2_PLACEMENT_3D ( 'NONE', #2975, #1494, #32 ) ;
#130 = VECTOR ( 'NONE', #3004, 1000.000000000000000 ) ;
#131 = ORIENTED_EDGE ( 'NONE', *, *, #1945, .T. ) ;
#132 = VERTEX_POINT ( 'NONE', #867 ) ;
#133 = ORIENTED_EDGE ( 'NONE', *, *, #933, .T. ) ;
#134 = VECTOR ( 'NONE', #785, 1000.000000000000000 ) ;
#135 = CARTESIAN_POINT ( 'NONE',  ( 11.43000000000000682, 0.000000000000000000, -7.500000000000000000 ) ) ;
#136 = EDGE_LOOP ( 'NONE', ( #1527, #1640, #1055, #2229 ) ) ;
#137 = CYLINDRICAL_SURFACE ( 'NONE', #2336, 0.4999999999999987232 ) ;
#138 = CARTESIAN_POINT ( 'NONE',  ( -8.889999999999995239, 0.000000000000000000, 7.500000000000000000 ) ) ;
#139 = CARTESIAN_POINT ( 'NONE',  ( -11.42999999999999972, 0.000000000000000000, -7.000000000000000888 ) ) ;
#140 = CARTESIAN_POINT ( 'NONE',  ( 18.29305882832230168, 0.000000000000000000, 0.6925855535203084834 ) ) ;
#141 = EDGE_CURVE ( 'NONE', #2215, #635, #1825, .T. ) ;
#142 = CARTESIAN_POINT ( 'NONE',  ( -1.269999999999993356, -5.204748896376247001E-17, 7.999999999999998224 ) ) ;
#143 = ORIENTED_EDGE ( 'NONE', *, *, #3159, .T. ) ;
#144 = DIRECTION ( 'NONE',  ( -0.000000000000000000, 1.000000000000000000, -0.000000000000000000 ) ) ;
#145 = AXIS2_PLACEMENT_3D ( 'NONE', #1957, #2152, #2905 ) ;
#146 = PRODUCT_DEFINITION_CONTEXT ( 'detailed design', #791, 'design' ) ;
#147 = ADVANCED_FACE ( 'NONE', ( #1842 ), #2826, .F. ) ;
#148 = ORIENTED_EDGE ( 'NONE', *, *, #1497, .F. ) ;
#149 = DIRECTION ( 'NONE',  ( 0.000000000000000000, 0.000000000000000000, 1.000000000000000000 ) ) ;
#150 = DIRECTION ( 'NONE',  ( -0.000000000000000000, 1.000000000000000000, -0.000000000000000000 ) ) ;
#151 = VERTEX_POINT ( 'NONE', #1889 ) ;
#152 = EDGE_LOOP ( 'NONE', ( #1936, #1300 ) ) ;
#153 = VECTOR ( 'NONE', #2195, 1000.000000000000000 ) ;
#154 = EDGE_LOOP ( 'NONE', ( #1248, #2749 ) ) ;
#155 = ORIENTED_EDGE ( 'NONE', *, *, #522, .T. ) ;
#156 = AXIS2_PLACEMENT_3D ( 'NONE', #1688, #3167, #2412 ) ;
#157 = FACE_OUTER_BOUND ( 'NONE', #1783, .T. ) ;
#158 = DIRECTION ( 'NONE',  ( -0.000000000000000000, 1.000000000000000000, -0.000000000000000000 ) ) ;
#159 = AXIS2_PLACEMENT_3D ( 'NONE', #393, #2679, #2183 ) ;
#160 = FACE_BOUND ( 'NONE', #36, .T. ) ;
#161 = CARTESIAN_POINT ( 'NONE',  ( -6.349999999999997868, -1.600000000000000755, -7.000000000000001776 ) ) ;
#162 = ADVANCED_FACE ( 'NONE', ( #2611 ), #2155, .T. ) ;
#163 = CYLINDRICAL_SURFACE ( 'NONE', #1046, 0.4999999999999970024 ) ;
#164 = ORIENTED_EDGE ( 'NONE', *, *, #250, .F. ) ;
#165 = DIRECTION ( 'NONE',  ( 0.000000000000000000, 0.000000000000000000, 1.000000000000000000 ) ) ;
#166 = EDGE_LOOP ( 'NONE', ( #541, #1314 ) ) ;
#167 = CARTESIAN_POINT ( 'NONE',  ( -6.349999999999994316, 0.000000000000000000, 7.500000000000000000 ) ) ;
#168 = CARTESIAN_POINT ( 'NONE',  ( 16.51000000000000867, 0.000000000000000000, -7.000000000000002665 ) ) ;
#169 = EDGE_CURVE ( 'NONE', #807, #499, #94, .T. ) ;
#170 = VERTEX_POINT ( 'NONE', #1166 ) ;
#171 = ORIENTED_EDGE ( 'NONE', *, *, #2470, .T. ) ;
#172 = VECTOR ( 'NONE', #1261, 1000.000000000000000 ) ;
#173 = AXIS2_PLACEMENT_3D ( 'NONE', #2069, #1619, #291 ) ;
#174 = CARTESIAN_POINT ( 'NONE',  ( -6.349999999999997868, -5.204748896376247001E-17, -7.999999999999998224 ) ) ;
#175 = EDGE_LOOP ( 'NONE', ( #52, #1180, #2979, #1690 ) ) ;
#176 = VERTEX_POINT ( 'NONE', #883 ) ;
#177 = CYLINDRICAL_SURFACE ( 'NONE', #2638, 0.4999999999999987232 ) ;
#178 = PRODUCT ( 'SAMMY-C21', 'SAMMY-C21', '', ( #971 ) ) ;
#179 = EDGE_CURVE ( 'NONE', #2168, #1627, #918, .T. ) ;
#180 = LINE ( 'NONE', #2360, #1949 ) ;
#181 = CARTESIAN_POINT ( 'NONE',  ( 20.25000000000001776, -1.600000000000000089, -9.000000000000015987 ) ) ;
#182 = FACE_OUTER_BOUND ( 'NONE', #2209, .T. ) ;
#183 = ORIENTED_EDGE ( 'NONE', *, *, #2554, .F. ) ;
#184 = CARTESIAN_POINT ( 'NONE',  ( 16.51000000000001222, -5.204748896376247001E-17, 7.999999999999996447 ) ) ;
#185 = VECTOR ( 'NONE', #2714, 1000.000000000000000 ) ;
#186 = VERTEX_POINT ( 'NONE', #638 ) ;
#187 = DIRECTION ( 'NONE',  ( -1.284980352575412453E-16, 0.000000000000000000, -1.000000000000000000 ) ) ;
#188 = LINE ( 'NONE', #206, #2961 ) ;
#189 = ADVANCED_FACE ( 'NONE', ( #2647 ), #421, .F. ) ;
#190 = ORIENTED_EDGE ( 'NONE', *, *, #1832, .T. ) ;
#191 = ORIENTED_EDGE ( 'NONE', *, *, #2955, .F. ) ;
#192 = VECTOR ( 'NONE', #2505, 1000.000000000000000 ) ;
#193 = AXIS2_PLACEMENT_3D ( 'NONE', #1073, #1327, #19 ) ;
#194 = FILL_AREA_STYLE_COLOUR ( '', #2977 ) ;
#195 = EDGE_LOOP ( 'NONE', ( #2663, #2768, #1392, #191 ) ) ;
#196 = CIRCLE ( 'NONE', #614, 0.4999999999999987232 ) ;
#197 = EDGE_LOOP ( 'NONE', ( #1244, #1901, #914, #283 ) ) ;
#198 = DIRECTION ( 'NONE',  ( -0.000000000000000000, 1.000000000000000000, -0.000000000000000000 ) ) ;
#199 = CARTESIAN_POINT ( 'NONE',  ( 19.05000000000001137, 0.000000000000000000, 7.500000000000000000 ) ) ;
#200 = DIRECTION ( 'NONE',  ( -0.000000000000000000, 1.000000000000000000, -0.000000000000000000 ) ) ;
#201 = CARTESIAN_POINT ( 'NONE',  ( 11.43000000000000682, -1.600000000000000755, -7.500000000000000000 ) ) ;
#202 = ORIENTED_EDGE ( 'NONE', *, *, #1821, .T. ) ;
#203 = ORIENTED_EDGE ( 'NONE', *, *, #735, .T. ) ;
#204 = CYLINDRICAL_SURFACE ( 'NONE', #2435, 0.4999999999999987232 ) ;
#205 = AXIS2_PLACEMENT_3D ( 'NONE', #727, #2952, #485 ) ;
#206 = CARTESIAN_POINT ( 'NONE',  ( 11.43000000000001037, 0.000000000000000000, 7.999999999999998224 ) ) ;
#207 = ORIENTED_EDGE ( 'NONE', *, *, #2757, .T. ) ;
#208 = ORIENTED_EDGE ( 'NONE', *, *, #429, .F. ) ;
#209 = VECTOR ( 'NONE', #658, 1000.000000000000000 ) ;
#210 = EDGE_LOOP ( 'NONE', ( #2453, #2385, #1702, #1788 ) ) ;
#211 = FACE_OUTER_BOUND ( 'NONE', #33, .T. ) ;
#212 = DIRECTION ( 'NONE',  ( -0.000000000000000000, 1.000000000000000000, -0.000000000000000000 ) ) ;
#213 = AXIS2_PLACEMENT_3D ( 'NONE', #2393, #3131, #441 ) ;
#214 = EDGE_CURVE ( 'NONE', #1635, #2980, #382, .T. ) ;
#215 = DIRECTION ( 'NONE',  ( -0.000000000000000000, 1.000000000000000000, -0.000000000000000000 ) ) ;
#216 = AXIS2_PLACEMENT_3D ( 'NONE', #3173, #1697, #667 ) ;
#217 = VERTEX_POINT ( 'NONE', #2854 ) ;
#218 = SURFACE_SIDE_STYLE ('',( #2210 ) ) ;
#219 = EDGE_CURVE ( 'NONE', #1592, #118, #2703, .T. ) ;
#220 = CARTESIAN_POINT ( 'NONE',  ( 6.350000000000008527, -1.600000000000000755, 7.000000000000001776 ) ) ;
#221 = VERTEX_POINT ( 'NONE', #1383 ) ;
#222 = ADVANCED_FACE ( 'NONE', ( #2375 ), #2867, .F. ) ;
#223 = CARTESIAN_POINT ( 'NONE',  ( 13.97000000000000952, -1.600000000000000755, 7.500000000000000000 ) ) ;
#224 = ORIENTED_EDGE ( 'NONE', *, *, #250, .T. ) ;
#225 = ORIENTED_EDGE ( 'NONE', *, *, #1883, .F. ) ;
#226 = DIRECTION ( 'NONE',  ( 0.000000000000000000, 1.000000000000000000, -0.000000000000000000 ) ) ;
#227 = DIRECTION ( 'NONE',  ( -0.000000000000000000, 1.000000000000000000, -0.000000000000000000 ) ) ;
#228 = CARTESIAN_POINT ( 'NONE',  ( 8.890000000000005898, -5.204748896376247001E-17, -7.999999999999998224 ) ) ;
#229 = DIRECTION ( 'NONE',  ( 0.000000000000000000, 0.000000000000000000, 1.000000000000000000 ) ) ;
#230 = CARTESIAN_POINT ( 'NONE',  ( -11.42999999999999972, -1.600000000000000755, -7.500000000000000000 ) ) ;
#231 = AXIS2_PLACEMENT_3D ( 'NONE', #547, #1552, #2531 ) ;
#232 = LINE ( 'NONE', #2706, #1195 ) ;
#233 = ORIENTED_EDGE ( 'NONE', *, *, #2547, .T. ) ;
#234 = VECTOR ( 'NONE', #3042, 1000.000000000000000 ) ;
#235 = CARTESIAN_POINT ( 'NONE',  ( 20.25000000000001776, -1.600000000000000089, 8.999999999999982236 ) ) ;
#236 = ORIENTED_EDGE ( 'NONE', *, *, #2334, .T. ) ;
#237 = EDGE_LOOP ( 'NONE', ( #81, #2879, #236, #2590 ) ) ;
#238 = CARTESIAN_POINT ( 'NONE',  ( -6.349999999999994316, -5.204748896376247001E-17, 7.999999999999998224 ) ) ;
#239 = VECTOR ( 'NONE', #2041, 1000.000000000000000 ) ;
#240 = CIRCLE ( 'NONE', #392, 0.4999999999999987232 ) ;
#241 = DIRECTION ( 'NONE',  ( -0.000000000000000000, 1.000000000000000000, -0.000000000000000000 ) ) ;
#242 = DIRECTION ( 'NONE',  ( -0.000000000000000000, 1.000000000000000000, -0.000000000000000000 ) ) ;
#243 = EDGE_LOOP ( 'NONE', ( #912, #1254 ) ) ;
#244 = CARTESIAN_POINT ( 'NONE',  ( -19.05000000000000071, 0.000000000000000000, -7.500000000000000000 ) ) ;
#245 = EDGE_CURVE ( 'NONE', #498, #923, #1822, .T. ) ;
#246 = ADVANCED_FACE ( 'NONE', ( #3152 ), #425, .F. ) ;
#247 = ADVANCED_FACE ( 'NONE', ( #182 ), #3132, .F. ) ;
#248 = CARTESIAN_POINT ( 'NONE',  ( 13.97000000000000952, -1.600000000000000755, 7.999999999999998224 ) ) ;
#249 = EDGE_LOOP ( 'NONE', ( #2865, #2723 ) ) ;
#250 = EDGE_CURVE ( 'NONE', #2657, #2205, #729, .T. ) ;
#251 =( NAMED_UNIT ( * ) SI_UNIT ( $, .STERADIAN. ) SOLID_ANGLE_UNIT ( ) );
#252 = ORIENTED_EDGE ( 'NONE', *, *, #2242, .F. ) ;
#253 = VERTEX_POINT ( 'NONE', #1223 ) ;
#254 = CYLINDRICAL_SURFACE ( 'NONE', #1923, 0.4999999999999987232 ) ;
#255 = CARTESIAN_POINT ( 'NONE',  ( -6.349999999999994316, -5.204748896376247001E-17, 7.500000000000000000 ) ) ;
#256 = CARTESIAN_POINT ( 'NONE',  ( 11.43000000000000682, -1.600000000000000755, -7.000000000000000888 ) ) ;
#257 = AXIS2_PLACEMENT_3D ( 'NONE', #2629, #3094, #1648 ) ;
#258 = DIRECTION ( 'NONE',  ( -1.000000000000000000, 0.000000000000000000, -0.000000000000000000 ) ) ;
#259 = EDGE_CURVE ( 'NONE', #1461, #313, #1156, .T. ) ;
#260 = CARTESIAN_POINT ( 'NONE',  ( 11.43000000000001037, -1.600000000000000755, 7.500000000000000000 ) ) ;
#261 = STYLED_ITEM ( 'NONE', ( #44 ), #1760 ) ;
#262 = CARTESIAN_POINT ( 'NONE',  ( 8.890000000000005898, -1.600000000000000755, -7.000000000000000888 ) ) ;
#263 = ORIENTED_EDGE ( 'NONE', *, *, #870, .F. ) ;
#264 = EDGE_CURVE ( 'NONE', #2417, #498, #3182, .T. ) ;
#265 = CARTESIAN_POINT ( 'NONE',  ( -3.809999999999993836, 0.000000000000000000, 7.500000000000000000 ) ) ;
#266 = ORIENTED_EDGE ( 'NONE', *, *, #2425, .T. ) ;
#267 = ORIENTED_EDGE ( 'NONE', *, *, #1607, .F. ) ;
#268 = CARTESIAN_POINT ( 'NONE',  ( -11.42999999999999972, -5.204748896376247001E-17, -7.500000000000000000 ) ) ;
#269 = LINE ( 'NONE', #2953, #2559 ) ;
#270 = LINE ( 'NONE', #3209, #323 ) ;
#271 = CIRCLE ( 'NONE', #2101, 0.4999999999999987232 ) ;
#272 = ORIENTED_EDGE ( 'NONE', *, *, #2019, .F. ) ;
#273 = DIRECTION ( 'NONE',  ( 0.000000000000000000, 1.000000000000000000, -0.000000000000000000 ) ) ;
#274 = VECTOR ( 'NONE', #2968, 1000.000000000000000 ) ;
#275 = EDGE_CURVE ( 'NONE', #567, #1594, #1689, .T. ) ;
#276 = FACE_OUTER_BOUND ( 'NONE', #64, .T. ) ;
#277 = CIRCLE ( 'NONE', #3135, 0.4999999999999987232 ) ;
#278 = ORIENTED_EDGE ( 'NONE', *, *, #376, .F. ) ;
#279 = CARTESIAN_POINT ( 'NONE',  ( 6.350000000000004974, 0.000000000000000000, -7.500000000000000000 ) ) ;
#280 = ORIENTED_EDGE ( 'NONE', *, *, #2384, .T. ) ;
#281 = EDGE_CURVE ( 'NONE', #3122, #1265, #839, .T. ) ;
#282 = VERTEX_POINT ( 'NONE', #922 ) ;
#283 = ORIENTED_EDGE ( 'NONE', *, *, #2984, .T. ) ;
#284 = DIRECTION ( 'NONE',  ( 0.000000000000000000, 0.000000000000000000, 1.000000000000000000 ) ) ;
#285 = CIRCLE ( 'NONE', #2933, 0.4999999999999970024 ) ;
#286 = CARTESIAN_POINT ( 'NONE',  ( -16.50999999999999801, -5.204748896376247001E-17, 7.000000000000002665 ) ) ;
#287 = CARTESIAN_POINT ( 'NONE',  ( 0.000000000000000000, 0.000000000000000000, 0.6925855535203084834 ) ) ;
#288 = CIRCLE ( 'NONE', #3195, 0.4999999999999970024 ) ;
#289 = DIRECTION ( 'NONE',  ( 0.000000000000000000, 0.000000000000000000, 1.000000000000000000 ) ) ;
#290 = AXIS2_PLACEMENT_3D ( 'NONE', #387, #2602, #1914 ) ;
#291 = DIRECTION ( 'NONE',  ( 0.000000000000000000, 0.000000000000000000, 1.000000000000000000 ) ) ;
#292 = CARTESIAN_POINT ( 'NONE',  ( 1.156482317317869358E-15, -1.600000000000000089, 8.999999999999985789 ) ) ;
#293 = CYLINDRICAL_SURFACE ( 'NONE', #2733, 0.4999999999999987232 ) ;
#294 = ORIENTED_EDGE ( 'NONE', *, *, #1849, .T. ) ;
#295 = DIRECTION ( 'NONE',  ( -0.000000000000000000, 1.000000000000000000, -0.000000000000000000 ) ) ;
#296 = ORIENTED_EDGE ( 'NONE', *, *, #2589, .T. ) ;
#297 = EDGE_CURVE ( 'NONE', #499, #807, #1463, .T. ) ;
#298 = EDGE_LOOP ( 'NONE', ( #3201, #2709 ) ) ;
#299 = ORIENTED_EDGE ( 'NONE', *, *, #297, .F. ) ;
#301 = CIRCLE ( 'NONE', #353, 0.4999999999999987232 ) ;
#300 = DIRECTION ( 'NONE',  ( 0.000000000000000000, 0.000000000000000000, 1.000000000000000000 ) ) ;
#302 = DIRECTION ( 'NONE',  ( -0.000000000000000000, 1.000000000000000000, -0.000000000000000000 ) ) ;
#303 = LINE ( 'NONE', #2296, #2239 ) ;
#304 = FACE_BOUND ( 'NONE', #1074, .T. ) ;
#305 = EDGE_CURVE ( 'NONE', #2280, #469, #3168, .T. ) ;
#306 = CYLINDRICAL_SURFACE ( 'NONE', #1677, 0.4999999999999987232 ) ;
#307 = AXIS2_PLACEMENT_3D ( 'NONE', #3129, #158, #1666 ) ;
#308 = CARTESIAN_POINT ( 'NONE',  ( -6.349999999999997868, 0.000000000000000000, -7.500000000000000000 ) ) ;
#309 = EDGE_CURVE ( 'NONE', #2117, #2188, #2798, .T. ) ;
#310 = VECTOR ( 'NONE', #2696, 1000.000000000000000 ) ;
#311 = CARTESIAN_POINT ( 'NONE',  ( 8.890000000000005898, -5.204748896376247001E-17, -7.500000000000000000 ) ) ;
#312 = VERTEX_POINT ( 'NONE', #2941 ) ;
#313 = VERTEX_POINT ( 'NONE', #2691 ) ;
#314 = ORIENTED_EDGE ( 'NONE', *, *, #2660, .F. ) ;
#315 = DIRECTION ( 'NONE',  ( 0.000000000000000000, 0.000000000000000000, 1.000000000000000000 ) ) ;
#316 = DIRECTION ( 'NONE',  ( -0.000000000000000000, 1.000000000000000000, -0.000000000000000000 ) ) ;
#317 = CARTESIAN_POINT ( 'NONE',  ( 18.29305882832230168, 1.600000000000000089, 0.000000000000000000 ) ) ;
#318 = PLANE ( 'NONE',  #1675 ) ;
#319 = FACE_BOUND ( 'NONE', #2794, .T. ) ;
#320 = EDGE_LOOP ( 'NONE', ( #2497, #2052 ) ) ;
#321 = LINE ( 'NONE', #2053, #2751 ) ;
#322 = ADVANCED_FACE ( 'NONE', ( #462 ), #163, .F. ) ;
#323 = VECTOR ( 'NONE', #2985, 1000.000000000000000 ) ;
#324 = CARTESIAN_POINT ( 'NONE',  ( -13.96999999999999709, -1.600000000000000755, 7.500000000000000000 ) ) ;
#325 = VECTOR ( 'NONE', #1384, 1000.000000000000000 ) ;
#326 = CARTESIAN_POINT ( 'NONE',  ( -1.269999999999996909, -1.600000000000000755, -7.000000000000001776 ) ) ;
#327 = FACE_OUTER_BOUND ( 'NONE', #3005, .T. ) ;
#328 = ORIENTED_EDGE ( 'NONE', *, *, #245, .T. ) ;
#329 = EDGE_CURVE ( 'NONE', #826, #2965, #2702, .T. ) ;
#330 = ORIENTED_EDGE ( 'NONE', *, *, #2399, .T. ) ;
#331 = VERTEX_POINT ( 'NONE', #142 ) ;
#332 = LINE ( 'NONE', #601, #2518 ) ;
#333 = CARTESIAN_POINT ( 'NONE',  ( 16.51000000000001222, 0.000000000000000000, 7.000000000000002665 ) ) ;
#334 = FACE_OUTER_BOUND ( 'NONE', #1229, .T. ) ;
#335 = CARTESIAN_POINT ( 'NONE',  ( 3.810000000000007603, -5.204748896376247001E-17, 7.000000000000000888 ) ) ;
#336 = CARTESIAN_POINT ( 'NONE',  ( 3.810000000000004494, -5.204748896376247001E-17, -7.500000000000000000 ) ) ;
#337 = LINE ( 'NONE', #292, #952 ) ;
#338 = DIRECTION ( 'NONE',  ( 0.000000000000000000, 0.000000000000000000, 1.000000000000000000 ) ) ;
#339 = VECTOR ( 'NONE', #679, 1000.000000000000000 ) ;
#340 = EDGE_CURVE ( 'NONE', #2260, #1572, #414, .T. ) ;
#341 = CARTESIAN_POINT ( 'NONE',  ( 19.05000000000001137, -5.204748896376247001E-17, 7.999999999999996447 ) ) ;
#342 = CIRCLE ( 'NONE', #1654, 0.4999999999999987232 ) ;
#343 = EDGE_CURVE ( 'NONE', #1611, #1218, #890, .T. ) ;
#344 = EDGE_CURVE ( 'NONE', #1145, #1913, #2394, .T. ) ;
#345 = CYLINDRICAL_SURFACE ( 'NONE', #1757, 0.4999999999999987232 ) ;
#346 = ORIENTED_EDGE ( 'NONE', *, *, #2680, .T. ) ;
#347 = ADVANCED_FACE ( 'NONE', ( #2651 ), #1912, .F. ) ;
#348 = ORIENTED_EDGE ( 'NONE', *, *, #34, .F. ) ;
#349 = ORIENTED_EDGE ( 'NONE', *, *, #830, .F. ) ;
#350 = CARTESIAN_POINT ( 'NONE',  ( -1.269999999999996909, -5.204748896376247001E-17, -7.000000000000000888 ) ) ;
#351 = FACE_OUTER_BOUND ( 'NONE', #175, .T. ) ;
#352 = LINE ( 'NONE', #866, #592 ) ;
#353 = AXIS2_PLACEMENT_3D ( 'NONE', #1231, #998, #2937 ) ;
#354 = DIRECTION ( 'NONE',  ( 0.000000000000000000, 0.000000000000000000, -1.000000000000000000 ) ) ;
#355 = CARTESIAN_POINT ( 'NONE',  ( -8.889999999999995239, 0.000000000000000000, 7.999999999999998224 ) ) ;
#356 = CARTESIAN_POINT ( 'NONE',  ( 8.890000000000009450, 0.000000000000000000, 7.500000000000000000 ) ) ;
#357 = CARTESIAN_POINT ( 'NONE',  ( -13.97000000000000064, -5.204748896376247001E-17, -7.000000000000000888 ) ) ;
#358 = DIRECTION ( 'NONE',  ( -0.000000000000000000, 1.000000000000000000, -0.000000000000000000 ) ) ;
#359 = EDGE_LOOP ( 'NONE', ( #1406, #590, #880, #2946 ) ) ;
#360 = EDGE_LOOP ( 'NONE', ( #133, #2148 ) ) ;
#361 = ORIENTED_EDGE ( 'NONE', *, *, #214, .F. ) ;
#362 = CARTESIAN_POINT ( 'NONE',  ( -11.42999999999999616, -5.204748896376247001E-17, 7.500000000000000000 ) ) ;
#363 = VECTOR ( 'NONE', #1794, 1000.000000000000000 ) ;
#364 = FILL_AREA_STYLE ('',( #688 ) ) ;
#365 = SURFACE_STYLE_USAGE ( .BOTH. , #621 ) ;
#366 = CARTESIAN_POINT ( 'NONE',  ( 20.25000000000001776, -1.600000000000000089, 8.999999999999982236 ) ) ;
#367 = DIRECTION ( 'NONE',  ( -0.000000000000000000, 1.000000000000000000, -0.000000000000000000 ) ) ;
#368 = CARTESIAN_POINT ( 'NONE',  ( 1.270000000000003793, -1.600000000000000755, -7.999999999999998224 ) ) ;
#369 = CARTESIAN_POINT ( 'NONE',  ( 1.750000000000000666, 1.600000000000000089, -4.455150999626834363 ) ) ;
#370 = UNCERTAINTY_MEASURE_WITH_UNIT (LENGTH_MEASURE( 1.000000000000000082E-05 ), #837, 'distance_accuracy_value', 'NONE');
#371 = DIRECTION ( 'NONE',  ( 0.000000000000000000, 0.000000000000000000, 1.000000000000000000 ) ) ;
#372 = EDGE_CURVE ( 'NONE', #2524, #1852, #2954, .T. ) ;
#373 = ORIENTED_EDGE ( 'NONE', *, *, #2549, .F. ) ;
#374 = ORIENTED_EDGE ( 'NONE', *, *, #2086, .T. ) ;
#375 = ORIENTED_EDGE ( 'NONE', *, *, #1258, .T. ) ;
#376 = EDGE_CURVE ( 'NONE', #944, #331, #1791, .T. ) ;
#377 = DIRECTION ( 'NONE',  ( 0.000000000000000000, -1.000000000000000000, 0.000000000000000000 ) ) ;
#378 = ORIENTED_EDGE ( 'NONE', *, *, #3185, .F. ) ;
#379 = LINE ( 'NONE', #1685, #3202 ) ;
#380 = EDGE_CURVE ( 'NONE', #3054, #826, #1017, .T. ) ;
#381 = VECTOR ( 'NONE', #742, 1000.000000000000000 ) ;
#382 = LINE ( 'NONE', #1874, #1255 ) ;
#383 = CARTESIAN_POINT ( 'NONE',  ( -8.889999999999995239, 0.000000000000000000, 7.000000000000000888 ) ) ;
#384 = FACE_OUTER_BOUND ( 'NONE', #1814, .T. ) ;
#385 = LINE ( 'NONE', #1387, #73 ) ;
#386 = ORIENTED_EDGE ( 'NONE', *, *, #1178, .F. ) ;
#387 = CARTESIAN_POINT ( 'NONE',  ( -8.889999999999998792, -1.600000000000000755, -7.500000000000000000 ) ) ;
#388 = CIRCLE ( 'NONE', #925, 0.4999999999999987232 ) ;
#389 = ORIENTED_EDGE ( 'NONE', *, *, #245, .F. ) ;
#390 = DIRECTION ( 'NONE',  ( -0.000000000000000000, 1.000000000000000000, -0.000000000000000000 ) ) ;
#391 = AXIS2_PLACEMENT_3D ( 'NONE', #265, #3161, #2710 ) ;
#392 = AXIS2_PLACEMENT_3D ( 'NONE', #2335, #93, #2797 ) ;
#393 = CARTESIAN_POINT ( 'NONE',  ( 3.810000000000007603, -1.600000000000000755, 7.500000000000000000 ) ) ;
#394 = ORIENTED_EDGE ( 'NONE', *, *, #1182, .F. ) ;
#395 = ORIENTED_EDGE ( 'NONE', *, *, #2319, .F. ) ;
#396 = AXIS2_PLACEMENT_3D ( 'NONE', #1710, #445, #1411 ) ;
#397 = ADVANCED_FACE ( 'NONE', ( #770 ), #2486, .F. ) ;
#398 = DIRECTION ( 'NONE',  ( 0.000000000000000000, 0.000000000000000000, 1.000000000000000000 ) ) ;
#399 = EDGE_LOOP ( 'NONE', ( #2928, #2527, #699, #2862 ) ) ;
#400 = DIRECTION ( 'NONE',  ( -0.000000000000000000, 1.000000000000000000, -0.000000000000000000 ) ) ;
#401 = CARTESIAN_POINT ( 'NONE',  ( 1.270000000000007123, -5.204748896376247001E-17, 7.500000000000000000 ) ) ;
#402 = CARTESIAN_POINT ( 'NONE',  ( -8.889999999999998792, -1.600000000000000755, -7.999999999999998224 ) ) ;
#403 = CARTESIAN_POINT ( 'NONE',  ( 1.270000000000007123, -1.600000000000000755, 7.500000000000000000 ) ) ;
#404 = CARTESIAN_POINT ( 'NONE',  ( -20.91044565852956083, 2.000000000000000000, -4.242748111540175948 ) ) ;
#405 = EDGE_LOOP ( 'NONE', ( #1395, #2481 ) ) ;
#406 = CARTESIAN_POINT ( 'NONE',  ( -19.04999999999999716, 0.000000000000000000, 7.500000000000000000 ) ) ;
#407 = VECTOR ( 'NONE', #2247, 1000.000000000000000 ) ;
#408 = EDGE_LOOP ( 'NONE', ( #2643, #13, #18, #428 ) ) ;
#409 = DIRECTION ( 'NONE',  ( 0.000000000000000000, 0.000000000000000000, 1.000000000000000000 ) ) ;
#410 = LINE ( 'NONE', #168, #1004 ) ;
#411 = EDGE_CURVE ( 'NONE', #670, #2874, #2969, .T. ) ;
#412 = ORIENTED_EDGE ( 'NONE', *, *, #453, .F. ) ;
#413 = ORIENTED_EDGE ( 'NONE', *, *, #605, .T. ) ;
#414 = CIRCLE ( 'NONE', #1873, 0.4999999999999970024 ) ;
#415 = DIRECTION ( 'NONE',  ( -0.000000000000000000, 1.000000000000000000, -0.000000000000000000 ) ) ;
#416 = ORIENTED_EDGE ( 'NONE', *, *, #1113, .F. ) ;
#417 = ORIENTED_EDGE ( 'NONE', *, *, #870, .T. ) ;
#418 = MECHANICAL_DESIGN_GEOMETRIC_PRESENTATION_REPRESENTATION (  '', ( #261 ), #2654 ) ;
#419 = DIRECTION ( 'NONE',  ( 0.7071067811865475727, 0.000000000000000000, -0.7071067811865474617 ) ) ;
#420 = CLOSED_SHELL ( 'NONE', ( #189, #2351, #1980, #2891, #1934, #1749 ) ) ;
#421 = PLANE ( 'NONE',  #257 ) ;
#422 = CIRCLE ( 'NONE', #1880, 0.4999999999999970024 ) ;
#423 = CARTESIAN_POINT ( 'NONE',  ( 3.810000000000007603, -5.204748896376247001E-17, 7.500000000000000000 ) ) ;
#424 = DIRECTION ( 'NONE',  ( -0.000000000000000000, 1.000000000000000000, -0.000000000000000000 ) ) ;
#425 = PLANE ( 'NONE',  #1302 ) ;
#426 = ORIENTED_EDGE ( 'NONE', *, *, #1575, .F. ) ;
#427 = DIRECTION ( 'NONE',  ( -0.000000000000000000, 1.000000000000000000, -0.000000000000000000 ) ) ;
#428 = ORIENTED_EDGE ( 'NONE', *, *, #588, .F. ) ;
#429 = EDGE_CURVE ( 'NONE', #2354, #1378, #1034, .T. ) ;
#430 = FACE_OUTER_BOUND ( 'NONE', #1286, .T. ) ;
#431 = DIRECTION ( 'NONE',  ( -0.000000000000000000, 1.000000000000000000, -0.000000000000000000 ) ) ;
#432 = ORIENTED_EDGE ( 'NONE', *, *, #1179, .T. ) ;
#433 = ORIENTED_EDGE ( 'NONE', *, *, #942, .T. ) ;
#434 = ADVANCED_FACE ( 'NONE', ( #2033 ), #490, .T. ) ;
#435 = AXIS2_PLACEMENT_3D ( 'NONE', #2982, #24, #1259 ) ;
#436 = LINE ( 'NONE', #863, #1123 ) ;
#437 = ORIENTED_EDGE ( 'NONE', *, *, #2334, .F. ) ;
#438 = VERTEX_POINT ( 'NONE', #2501 ) ;
#439 = DIRECTION ( 'NONE',  ( 0.000000000000000000, 0.000000000000000000, 1.000000000000000000 ) ) ;
#440 = DIRECTION ( 'NONE',  ( -0.000000000000000000, 1.000000000000000000, -0.000000000000000000 ) ) ;
#441 = DIRECTION ( 'NONE',  ( 0.000000000000000000, 0.000000000000000000, 1.000000000000000000 ) ) ;
#442 = DIRECTION ( 'NONE',  ( 0.000000000000000000, 0.000000000000000000, 1.000000000000000000 ) ) ;
#443 = ORIENTED_EDGE ( 'NONE', *, *, #2913, .T. ) ;
#444 = ORIENTED_EDGE ( 'NONE', *, *, #2319, .T. ) ;
#445 = DIRECTION ( 'NONE',  ( -0.000000000000000000, 1.000000000000000000, -0.000000000000000000 ) ) ;
#446 = VECTOR ( 'NONE', #881, 1000.000000000000000 ) ;
#447 = EDGE_CURVE ( 'NONE', #1, #2753, #548, .T. ) ;
#448 = DIRECTION ( 'NONE',  ( -0.000000000000000000, 1.000000000000000000, -0.000000000000000000 ) ) ;
#449 = EDGE_CURVE ( 'NONE', #1772, #3177, #1993, .T. ) ;
#450 = ORIENTED_EDGE ( 'NONE', *, *, #1673, .F. ) ;
#451 = AXIS2_PLACEMENT_3D ( 'NONE', #1281, #494, #2350 ) ;
#452 = CIRCLE ( 'NONE', #3086, 0.4999999999999978351 ) ;
#453 = EDGE_CURVE ( 'NONE', #836, #1024, #782, .T. ) ;
#454 = FACE_OUTER_BOUND ( 'NONE', #1854, .T. ) ;
#455 = ORIENTED_EDGE ( 'NONE', *, *, #572, .T. ) ;
#456 = AXIS2_PLACEMENT_3D ( 'NONE', #2987, #2020, #1005 ) ;
#457 = MECHANICAL_DESIGN_GEOMETRIC_PRESENTATION_REPRESENTATION (  '', ( #1963 ), #2692 ) ;
#458 = VERTEX_POINT ( 'NONE', #228 ) ;
#459 = CARTESIAN_POINT ( 'NONE',  ( 11.43000000000001037, 0.000000000000000000, 7.500000000000000000 ) ) ;
#460 = CARTESIAN_POINT ( 'NONE',  ( -17.60302925832301923, 2.000000000000000000, 4.242748111540175948 ) ) ;
#461 = DIRECTION ( 'NONE',  ( 0.000000000000000000, 0.000000000000000000, 1.000000000000000000 ) ) ;
#462 = FACE_OUTER_BOUND ( 'NONE', #2442, .T. ) ;
#463 = EDGE_CURVE ( 'NONE', #118, #1592, #2922, .T. ) ;
#464 = ORIENTED_EDGE ( 'NONE', *, *, #1178, .T. ) ;
#465 = CARTESIAN_POINT ( 'NONE',  ( 8.890000000000005898, -5.204748896376247001E-17, -7.500000000000000000 ) ) ;
#466 = DIRECTION ( 'NONE',  ( 0.000000000000000000, 0.000000000000000000, 1.000000000000000000 ) ) ;
#467 = ORIENTED_EDGE ( 'NONE', *, *, #1843, .T. ) ;
#468 = CARTESIAN_POINT ( 'NONE',  ( -19.05000000000000071, -1.600000000000000755, -7.500000000000000000 ) ) ;
#469 = VERTEX_POINT ( 'NONE', #2004 ) ;
#470 = CIRCLE ( 'NONE', #3052, 0.4999999999999970024 ) ;
#471 = EDGE_LOOP ( 'NONE', ( #433, #1835 ) ) ;
#472 = CARTESIAN_POINT ( 'NONE',  ( 11.43000000000000682, -1.600000000000000755, -7.999999999999998224 ) ) ;
#473 = DIRECTION ( 'NONE',  ( 0.000000000000000000, 0.000000000000000000, 1.000000000000000000 ) ) ;
#474 = CIRCLE ( 'NONE', #1520, 0.4999999999999987232 ) ;
#475 = CARTESIAN_POINT ( 'NONE',  ( 1.750000000000000666, 1.600000000000000089, 4.455150999626834363 ) ) ;
#476 = CIRCLE ( 'NONE', #895, 0.4999999999999987232 ) ;
#477 = DIRECTION ( 'NONE',  ( 0.000000000000000000, 0.000000000000000000, 1.000000000000000000 ) ) ;
#478 = DIRECTION ( 'NONE',  ( -0.000000000000000000, 1.000000000000000000, -0.000000000000000000 ) ) ;
#479 = DIRECTION ( 'NONE',  ( 0.000000000000000000, 0.000000000000000000, 1.000000000000000000 ) ) ;
#480 = EDGE_LOOP ( 'NONE', ( #2262, #3113 ) ) ;
#481 = LINE ( 'NONE', #1937, #767 ) ;
#482 = ORIENTED_EDGE ( 'NONE', *, *, #1071, .F. ) ;
#483 = AXIS2_PLACEMENT_3D ( 'NONE', #741, #2713, #1486 ) ;
#484 = ORIENTED_EDGE ( 'NONE', *, *, #1036, .T. ) ;
#485 = DIRECTION ( 'NONE',  ( 0.000000000000000000, 0.000000000000000000, 1.000000000000000000 ) ) ;
#486 = ADVANCED_FACE ( 'NONE', ( #1489 ), #41, .F. ) ;
#487 = CARTESIAN_POINT ( 'NONE',  ( 11.43000000000001037, -1.600000000000000755, 7.999999999999998224 ) ) ;
#488 = EDGE_CURVE ( 'NONE', #2417, #2976, #2300, .T. ) ;
#489 = ADVANCED_FACE ( 'NONE', ( #744 ), #1247, .F. ) ;
#490 = PLANE ( 'NONE',  #1174 ) ;
#491 = FACE_BOUND ( 'NONE', #1224, .T. ) ;
#492 =( NAMED_UNIT ( * ) SI_UNIT ( $, .STERADIAN. ) SOLID_ANGLE_UNIT ( ) );
#493 = PRESENTATION_LAYER_ASSIGNMENT (  '', '', ( #1021 ) ) ;
#494 = DIRECTION ( 'NONE',  ( -0.000000000000000000, 1.000000000000000000, -0.000000000000000000 ) ) ;
#495 = ORIENTED_EDGE ( 'NONE', *, *, #214, .T. ) ;
#496 = VECTOR ( 'NONE', #338, 1000.000000000000000 ) ;
#497 = CARTESIAN_POINT ( 'NONE',  ( 15.65319436210239878, 0.000000000000000000, -0.000000000000000000 ) ) ;
#498 = VERTEX_POINT ( 'NONE', #505 ) ;
#499 = VERTEX_POINT ( 'NONE', #256 ) ;
#500 = CARTESIAN_POINT ( 'NONE',  ( 6.350000000000004974, -5.204748896376247001E-17, -7.999999999999998224 ) ) ;
#501 = VECTOR ( 'NONE', #1455, 1000.000000000000000 ) ;
#502 = EDGE_CURVE ( 'NONE', #2312, #1447, #270, .T. ) ;
#503 = AXIS2_PLACEMENT_3D ( 'NONE', #2491, #1756, #1239 ) ;
#504 = CARTESIAN_POINT ( 'NONE',  ( -11.42999999999999972, -1.600000000000000755, -7.999999999999998224 ) ) ;
#505 = CARTESIAN_POINT ( 'NONE',  ( -19.04999999999999716, -5.204748896376247001E-17, 7.000000000000002665 ) ) ;
#506 = FACE_OUTER_BOUND ( 'NONE', #972, .T. ) ;
#507 = FACE_OUTER_BOUND ( 'NONE', #2042, .T. ) ;
#508 = ADVANCED_FACE ( 'NONE', ( #1765 ), #2743, .F. ) ;
#509 = LINE ( 'NONE', #1264, #2064 ) ;
#510 = ORIENTED_EDGE ( 'NONE', *, *, #1367, .F. ) ;
#511 = AXIS2_PLACEMENT_3D ( 'NONE', #1028, #2016, #284 ) ;
#512 = FACE_OUTER_BOUND ( 'NONE', #2910, .T. ) ;
#513 = VERTEX_POINT ( 'NONE', #1537 ) ;
#514 = ORIENTED_EDGE ( 'NONE', *, *, #797, .F. ) ;
#515 = PLANE ( 'NONE',  #1146 ) ;
#516 = CARTESIAN_POINT ( 'NONE',  ( 18.29305882832230168, 1.600000000000000089, -5.406411661539461733 ) ) ;
#517 = CARTESIAN_POINT ( 'NONE',  ( -13.97000000000000064, 0.000000000000000000, -7.500000000000000000 ) ) ;
#518 = EDGE_CURVE ( 'NONE', #1913, #1057, #2254, .T. ) ;
#519 = CARTESIAN_POINT ( 'NONE',  ( -3.809999999999993836, -1.600000000000000755, 7.500000000000000000 ) ) ;
#520 = FACE_OUTER_BOUND ( 'NONE', #2478, .T. ) ;
#521 = CIRCLE ( 'NONE', #2346, 0.4999999999999987232 ) ;
#522 = EDGE_CURVE ( 'NONE', #1110, #2144, #2970, .T. ) ;
#523 = LINE ( 'NONE', #3214, #2327 ) ;
#524 = EDGE_LOOP ( 'NONE', ( #3056, #1185 ) ) ;
#525 = DIRECTION ( 'NONE',  ( -0.000000000000000000, 1.000000000000000000, -0.000000000000000000 ) ) ;
#526 = ORIENTED_EDGE ( 'NONE', *, *, #1881, .F. ) ;
#527 = VERTEX_POINT ( 'NONE', #1807 ) ;
#528 = ORIENTED_EDGE ( 'NONE', *, *, #2853, .T. ) ;
#529 = DIRECTION ( 'NONE',  ( -0.000000000000000000, 1.000000000000000000, -0.000000000000000000 ) ) ;
#530 = CARTESIAN_POINT ( 'NONE',  ( 1.270000000000007123, 0.000000000000000000, 7.500000000000000000 ) ) ;
#531 = DIRECTION ( 'NONE',  ( 0.000000000000000000, 0.000000000000000000, 1.000000000000000000 ) ) ;
#532 = VECTOR ( 'NONE', #3010, 1000.000000000000114 ) ;
#533 = CARTESIAN_POINT ( 'NONE',  ( -16.50999999999999801, -1.600000000000000755, 7.500000000000000000 ) ) ;
#534 = FACE_OUTER_BOUND ( 'NONE', #1109, .T. ) ;
#535 = AXIS2_PLACEMENT_3D ( 'NONE', #639, #2173, #901 ) ;
#536 = EDGE_CURVE ( 'NONE', #1008, #794, #1080, .T. ) ;
#537 = CARTESIAN_POINT ( 'NONE',  ( 11.43000000000000682, 0.000000000000000000, -7.999999999999998224 ) ) ;
#538 = PRESENTATION_LAYER_ASSIGNMENT (  '', '', ( #1952 ) ) ;
#539 = ORIENTED_EDGE ( 'NONE', *, *, #1003, .F. ) ;
#540 = DIRECTION ( 'NONE',  ( 0.000000000000000000, 0.000000000000000000, 1.000000000000000000 ) ) ;
#541 = ORIENTED_EDGE ( 'NONE', *, *, #1009, .F. ) ;
#542 = ORIENTED_EDGE ( 'NONE', *, *, #25, .F. ) ;
#543 = ORIENTED_EDGE ( 'NONE', *, *, #976, .F. ) ;
#544 = CARTESIAN_POINT ( 'NONE',  ( -13.96999999999999709, -5.204748896376247001E-17, 7.000000000000000888 ) ) ;
#545 = AXIS2_PLACEMENT_3D ( 'NONE', #627, #1087, #1356 ) ;
#546 = EDGE_CURVE ( 'NONE', #2028, #2540, #1335, .T. ) ;
#547 = CARTESIAN_POINT ( 'NONE',  ( 11.43000000000000682, -5.204748896376247001E-17, -7.500000000000000000 ) ) ;
#548 = LINE ( 'NONE', #1002, #3123 ) ;
#549 = AXIS2_PLACEMENT_3D ( 'NONE', #733, #2521, #788 ) ;
#550 = FACE_BOUND ( 'NONE', #405, .T. ) ;
#551 = CIRCLE ( 'NONE', #2776, 0.4999999999999970024 ) ;
#552 = DIRECTION ( 'NONE',  ( -0.000000000000000000, 1.000000000000000000, -0.000000000000000000 ) ) ;
#553 = LINE ( 'NONE', #818, #1622 ) ;
#554 = ADVANCED_FACE ( 'NONE', ( #334 ), #2840, .T. ) ;
#555 = CARTESIAN_POINT ( 'NONE',  ( 0.000000000000000000, 2.000000000000000000, 0.000000000000000000 ) ) ;
#556 = VERTEX_POINT ( 'NONE', #2122 ) ;
#557 = CYLINDRICAL_SURFACE ( 'NONE', #1599, 0.4999999999999987232 ) ;
#558 = ORIENTED_EDGE ( 'NONE', *, *, #1250, .F. ) ;
#559 = ORIENTED_EDGE ( 'NONE', *, *, #632, .T. ) ;
#560 = ORIENTED_EDGE ( 'NONE', *, *, #2438, .F. ) ;
#562 = CIRCLE ( 'NONE', #991, 0.4999999999999987232 ) ;
#561 = CARTESIAN_POINT ( 'NONE',  ( -11.42999999999999972, -1.600000000000000755, -7.500000000000000000 ) ) ;
#563 = CARTESIAN_POINT ( 'NONE',  ( 6.350000000000004974, -1.600000000000000755, -7.999999999999996447 ) ) ;
#564 = DIRECTION ( 'NONE',  ( 1.000000000000000000, 0.000000000000000000, 0.000000000000000000 ) ) ;
#565 = DIRECTION ( 'NONE',  ( 0.000000000000000000, 1.000000000000000000, 0.000000000000000000 ) ) ;
#566 = FACE_OUTER_BOUND ( 'NONE', #1745, .T. ) ;
#567 = VERTEX_POINT ( 'NONE', #2532 ) ;
#568 = DIRECTION ( 'NONE',  ( -0.000000000000000000, 1.000000000000000000, -0.000000000000000000 ) ) ;
#569 = DIRECTION ( 'NONE',  ( -1.000000000000000000, 0.000000000000000000, 1.284980352575412453E-16 ) ) ;
#570 = VECTOR ( 'NONE', #565, 1000.000000000000000 ) ;
#571 = ORIENTED_EDGE ( 'NONE', *, *, #2166, .F. ) ;
#572 = EDGE_CURVE ( 'NONE', #2895, #636, #352, .T. ) ;
#573 = CYLINDRICAL_SURFACE ( 'NONE', #1336, 0.4999999999999970024 ) ;
#574 = MANIFOLD_SOLID_BREP ( 'Boss-Extrude3[3]', #2658 ) ;
#575 = CIRCLE ( 'NONE', #1000, 0.4999999999999970024 ) ;
#576 = AXIS2_PLACEMENT_3D ( 'NONE', #519, #2704, #289 ) ;
#577 = AXIS2_PLACEMENT_3D ( 'NONE', #2915, #2211, #930 ) ;
#578 = LINE ( 'NONE', #2818, #2271 ) ;
#579 = EDGE_LOOP ( 'NONE', ( #543, #2178, #266, #1984 ) ) ;
#580 = EDGE_LOOP ( 'NONE', ( #2699, #3205, #1867, #2010 ) ) ;
#581 = EDGE_LOOP ( 'NONE', ( #2304, #1761, #467, #437 ) ) ;
#582 = CARTESIAN_POINT ( 'NONE',  ( 16.51000000000000867, 0.000000000000000000, -7.999999999999996447 ) ) ;
#583 = DIRECTION ( 'NONE',  ( 0.000000000000000000, 0.000000000000000000, 1.000000000000000000 ) ) ;
#584 = DIRECTION ( 'NONE',  ( -0.000000000000000000, -1.000000000000000000, -0.000000000000000000 ) ) ;
#585 = EDGE_CURVE ( 'NONE', #2144, #1110, #271, .T. ) ;
#586 = DIRECTION ( 'NONE',  ( 0.000000000000000000, 0.000000000000000000, 1.000000000000000000 ) ) ;
#587 = EDGE_CURVE ( 'NONE', #2026, #1024, #2546, .T. ) ;
#588 = EDGE_CURVE ( 'NONE', #1110, #2697, #105, .T. ) ;
#589 = DIRECTION ( 'NONE',  ( 0.000000000000000000, 0.000000000000000000, 1.000000000000000000 ) ) ;
#590 = ORIENTED_EDGE ( 'NONE', *, *, #2921, .F. ) ;
#591 = SURFACE_STYLE_USAGE ( .BOTH. , #1355 ) ;
#592 = VECTOR ( 'NONE', #584, 1000.000000000000000 ) ;
#593 = DIRECTION ( 'NONE',  ( 0.000000000000000000, 0.000000000000000000, 1.000000000000000000 ) ) ;
#594 = ADVANCED_FACE ( 'NONE', ( #1553 ), #1304, .F. ) ;
#595 = CIRCLE ( 'NONE', #15, 0.4999999999999987232 ) ;
#596 = CARTESIAN_POINT ( 'NONE',  ( 13.97000000000000952, 0.000000000000000000, 7.000000000000000888 ) ) ;
#597 = DIRECTION ( 'NONE',  ( -0.000000000000000000, -1.000000000000000000, -0.000000000000000000 ) ) ;
#598 = ORIENTED_EDGE ( 'NONE', *, *, #518, .T. ) ;
#599 = EDGE_LOOP ( 'NONE', ( #979, #1664, #2991, #686 ) ) ;
#600 = ORIENTED_EDGE ( 'NONE', *, *, #309, .F. ) ;
#601 = CARTESIAN_POINT ( 'NONE',  ( 0.000000000000000000, 1.600000000000000089, -5.406411661539461733 ) ) ;
#602 = AXIS2_PLACEMENT_3D ( 'NONE', #1380, #377, #2864 ) ;
#603 = CARTESIAN_POINT ( 'NONE',  ( 11.43000000000001037, -1.600000000000000755, 7.500000000000000000 ) ) ;
#604 = CARTESIAN_POINT ( 'NONE',  ( 8.890000000000005898, 0.000000000000000000, -7.500000000000000000 ) ) ;
#605 = EDGE_CURVE ( 'NONE', #221, #2811, #2356, .T. ) ;
#606 = CARTESIAN_POINT ( 'NONE',  ( -16.51000000000000156, 0.000000000000000000, -7.500000000000000000 ) ) ;
#607 = CYLINDRICAL_SURFACE ( 'NONE', #48, 0.4999999999999987232 ) ;
#608 =( NAMED_UNIT ( * ) SI_UNIT ( $, .STERADIAN. ) SOLID_ANGLE_UNIT ( ) );
#609 = DIRECTION ( 'NONE',  ( 0.000000000000000000, 0.000000000000000000, 1.000000000000000000 ) ) ;
#610 = CYLINDRICAL_SURFACE ( 'NONE', #1196, 0.4999999999999987232 ) ;
#611 = CIRCLE ( 'NONE', #2476, 0.4999999999999970024 ) ;
#612 = AXIS2_PLACEMENT_3D ( 'NONE', #311, #2301, #540 ) ;
#613 = DIRECTION ( 'NONE',  ( 0.000000000000000000, 0.000000000000000000, 1.000000000000000000 ) ) ;
#614 = AXIS2_PLACEMENT_3D ( 'NONE', #230, #478, #2761 ) ;
#615 = ADVANCED_FACE ( 'NONE', ( #832 ), #2048, .F. ) ;
#616 = ORIENTED_EDGE ( 'NONE', *, *, #1175, .F. ) ;
#617 = ORIENTED_EDGE ( 'NONE', *, *, #1068, .F. ) ;
#618 = ORIENTED_EDGE ( 'NONE', *, *, #2489, .F. ) ;
#619 = DIRECTION ( 'NONE',  ( 0.000000000000000000, 0.000000000000000000, 1.000000000000000000 ) ) ;
#620 = DIRECTION ( 'NONE',  ( -0.000000000000000000, 1.000000000000000000, -0.000000000000000000 ) ) ;
#621 = SURFACE_SIDE_STYLE ('',( #2085 ) ) ;
#622 = AXIS2_PLACEMENT_3D ( 'NONE', #916, #1147, #2428 ) ;
#623 = FACE_BOUND ( 'NONE', #1868, .T. ) ;
#624 = CARTESIAN_POINT ( 'NONE',  ( -20.91044565852956083, 2.000000000000000000, 4.242748111540175948 ) ) ;
#625 = CARTESIAN_POINT ( 'NONE',  ( 20.25000000000001776, -1.600000000000000089, 0.000000000000000000 ) ) ;
#626 = ADVANCED_FACE ( 'NONE', ( #2808 ), #937, .F. ) ;
#627 = CARTESIAN_POINT ( 'NONE',  ( -17.60302925832301923, 2.000000000000000000, -4.242748111540175948 ) ) ;
#628 = DIRECTION ( 'NONE',  ( 0.000000000000000000, 0.000000000000000000, 1.000000000000000000 ) ) ;
#629 = CARTESIAN_POINT ( 'NONE',  ( 1.270000000000003793, -5.204748896376247001E-17, -7.999999999999998224 ) ) ;
#630 = VECTOR ( 'NONE', #2136, 1000.000000000000000 ) ;
#631 = APPLICATION_CONTEXT ( 'automotive_design' ) ;
#632 = EDGE_CURVE ( 'NONE', #2965, #469, #953, .T. ) ;
#633 = AXIS2_PLACEMENT_3D ( 'NONE', #1150, #200, #3096 ) ;
#634 = ORIENTED_EDGE ( 'NONE', *, *, #2668, .F. ) ;
#635 = VERTEX_POINT ( 'NONE', #2189 ) ;
#636 = VERTEX_POINT ( 'NONE', #1186 ) ;
#637 = CARTESIAN_POINT ( 'NONE',  ( 0.000000000000000000, 1.600000000000000089, -0.6925855535203084834 ) ) ;
#638 = CARTESIAN_POINT ( 'NONE',  ( -20.24999999999998934, -1.600000000000000089, -9.000000000000010658 ) ) ;
#639 = CARTESIAN_POINT ( 'NONE',  ( 13.97000000000000952, -5.204748896376247001E-17, 7.500000000000000000 ) ) ;
#640 = CARTESIAN_POINT ( 'NONE',  ( -16.50999999999999801, -1.600000000000000755, 7.000000000000002665 ) ) ;
#641 = LINE ( 'NONE', #1634, #1238 ) ;
#642 = ORIENTED_EDGE ( 'NONE', *, *, #2236, .T. ) ;
#643 = CARTESIAN_POINT ( 'NONE',  ( -13.97000000000000064, -1.600000000000000755, -7.000000000000000888 ) ) ;
#644 = UNCERTAINTY_MEASURE_WITH_UNIT (LENGTH_MEASURE( 1.000000000000000082E-05 ), #650, 'distance_accuracy_value', 'NONE');
#645 = CARTESIAN_POINT ( 'NONE',  ( -16.51000000000000156, -5.204748896376247001E-17, -7.500000000000000000 ) ) ;
#646 = ADVANCED_FACE ( 'NONE', ( #211 ), #3128, .F. ) ;
#647 = DIRECTION ( 'NONE',  ( 0.000000000000000000, 0.000000000000000000, -1.000000000000000000 ) ) ;
#648 = ORIENTED_EDGE ( 'NONE', *, *, #1197, .F. ) ;
#649 = ORIENTED_EDGE ( 'NONE', *, *, #1333, .F. ) ;
#650 =( LENGTH_UNIT ( ) NAMED_UNIT ( * ) SI_UNIT ( .MILLI., .METRE. ) );
#651 = ORIENTED_EDGE ( 'NONE', *, *, #25, .T. ) ;
#652 = DIRECTION ( 'NONE',  ( 0.000000000000000000, 0.000000000000000000, 1.000000000000000000 ) ) ;
#653 = VECTOR ( 'NONE', #1334, 1000.000000000000000 ) ;
#654 = DIRECTION ( 'NONE',  ( 0.000000000000000000, 0.000000000000000000, -1.000000000000000000 ) ) ;
#655 = CARTESIAN_POINT ( 'NONE',  ( 0.000000000000000000, -1.600000000000000089, 0.000000000000000000 ) ) ;
#656 = LINE ( 'NONE', #625, #1979 ) ;
#657 = AXIS2_PLACEMENT_3D ( 'NONE', #3154, #144, #1605 ) ;
#658 = DIRECTION ( 'NONE',  ( -0.000000000000000000, 1.000000000000000000, -0.000000000000000000 ) ) ;
#659 = ORIENTED_EDGE ( 'NONE', *, *, #1843, .F. ) ;
#660 = DIRECTION ( 'NONE',  ( 0.000000000000000000, 0.000000000000000000, 1.000000000000000000 ) ) ;
#661 = CIRCLE ( 'NONE', #1078, 0.4999999999999987232 ) ;
#662 = ORIENTED_EDGE ( 'NONE', *, *, #1009, .T. ) ;
#663 = ADVANCED_FACE ( 'NONE', ( #2443 ), #967, .F. ) ;
#664 = FACE_OUTER_BOUND ( 'NONE', #1836, .T. ) ;
#665 = VECTOR ( 'NONE', #924, 1000.000000000000000 ) ;
#666 = CIRCLE ( 'NONE', #2833, 0.4999999999999987232 ) ;
#667 = DIRECTION ( 'NONE',  ( 0.000000000000000000, 0.000000000000000000, 1.000000000000000000 ) ) ;
#668 = EDGE_LOOP ( 'NONE', ( #935, #3002, #858, #1379 ) ) ;
#669 = EDGE_LOOP ( 'NONE', ( #747, #678 ) ) ;
#670 = VERTEX_POINT ( 'NONE', #2172 ) ;
#671 = ORIENTED_EDGE ( 'NONE', *, *, #2736, .F. ) ;
#672 = DIRECTION ( 'NONE',  ( 0.000000000000000000, 0.000000000000000000, 1.000000000000000000 ) ) ;
#673 = EDGE_CURVE ( 'NONE', #2312, #944, #2791, .T. ) ;
#674 = DIRECTION ( 'NONE',  ( -1.000000000000000000, 0.000000000000000000, -0.000000000000000000 ) ) ;
#675 = FACE_BOUND ( 'NONE', #2686, .T. ) ;
#676 = DIRECTION ( 'NONE',  ( 0.000000000000000000, 0.000000000000000000, 1.000000000000000000 ) ) ;
#677 = DIRECTION ( 'NONE',  ( -0.000000000000000000, 1.000000000000000000, -0.000000000000000000 ) ) ;
#678 = ORIENTED_EDGE ( 'NONE', *, *, #2514, .F. ) ;
#679 = DIRECTION ( 'NONE',  ( -0.000000000000000000, 1.000000000000000000, -0.000000000000000000 ) ) ;
#680 = CIRCLE ( 'NONE', #1721, 0.4999999999999970024 ) ;
#681 = ORIENTED_EDGE ( 'NONE', *, *, #2547, .F. ) ;
#682 = CARTESIAN_POINT ( 'NONE',  ( -11.42999999999999972, 0.000000000000000000, -7.500000000000000000 ) ) ;
#683 = EDGE_CURVE ( 'NONE', #751, #2576, #680, .T. ) ;
#684 = LINE ( 'NONE', #90, #2707 ) ;
#685 = ORIENTED_EDGE ( 'NONE', *, *, #3138, .T. ) ;
#686 = ORIENTED_EDGE ( 'NONE', *, *, #1267, .T. ) ;
#687 = AXIS2_PLACEMENT_3D ( 'NONE', #2673, #215, #1427 ) ;
#688 = FILL_AREA_STYLE_COLOUR ( '', #1699 ) ;
#689 = ORIENTED_EDGE ( 'NONE', *, *, #3049, .T. ) ;
#690 = ORIENTED_EDGE ( 'NONE', *, *, #959, .F. ) ;
#691 = CIRCLE ( 'NONE', #633, 0.4999999999999970024 ) ;
#692 = FACE_OUTER_BOUND ( 'NONE', #3163, .T. ) ;
#693 = CLOSED_SHELL ( 'NONE', ( #106, #4, #1528, #707, #1716, #3015 ) ) ;
#694 = DIRECTION ( 'NONE',  ( 0.000000000000000000, 1.000000000000000000, -0.000000000000000000 ) ) ;
#695 = PLANE ( 'NONE',  #156 ) ;
#696 = DIRECTION ( 'NONE',  ( 0.000000000000000000, 0.000000000000000000, 1.000000000000000000 ) ) ;
#697 = EDGE_LOOP ( 'NONE', ( #3090, #659 ) ) ;
#698 = ADVANCED_FACE ( 'NONE', ( #2134 ), #137, .F. ) ;
#699 = ORIENTED_EDGE ( 'NONE', *, *, #2258, .T. ) ;
#700 = CYLINDRICAL_SURFACE ( 'NONE', #865, 0.4999999999999970024 ) ;
#701 = ADVANCED_FACE ( 'NONE', ( #1646 ), #177, .F. ) ;
#702 = CARTESIAN_POINT ( 'NONE',  ( 3.810000000000004494, -5.204748896376247001E-17, -7.500000000000000000 ) ) ;
#703 = ORIENTED_EDGE ( 'NONE', *, *, #1242, .F. ) ;
#704 = VECTOR ( 'NONE', #3044, 1000.000000000000000 ) ;
#705 = VECTOR ( 'NONE', #1989, 1000.000000000000000 ) ;
#707 = ADVANCED_FACE ( 'NONE', ( #157 ), #2885, .F. ) ;
#706 = DIRECTION ( 'NONE',  ( -0.000000000000000000, 1.000000000000000000, -0.000000000000000000 ) ) ;
#708 = ORIENTED_EDGE ( 'NONE', *, *, #787, .T. ) ;
#709 = ORIENTED_EDGE ( 'NONE', *, *, #1981, .F. ) ;
#710 = FACE_OUTER_BOUND ( 'NONE', #1091, .T. ) ;
#711 = ADVANCED_FACE ( 'NONE', ( #692 ), #1382, .F. ) ;
#712 = CYLINDRICAL_SURFACE ( 'NONE', #3070, 0.4999999999999970024 ) ;
#713 = CARTESIAN_POINT ( 'NONE',  ( 16.51000000000001222, -1.600000000000000755, 7.500000000000000000 ) ) ;
#714 = AXIS2_PLACEMENT_3D ( 'NONE', #831, #1806, #2343 ) ;
#715 = DIRECTION ( 'NONE',  ( -0.000000000000000000, 1.000000000000000000, -0.000000000000000000 ) ) ;
#716 = ORIENTED_EDGE ( 'NONE', *, *, #340, .F. ) ;
#717 = CARTESIAN_POINT ( 'NONE',  ( -3.809999999999993836, -5.204748896376247001E-17, 7.999999999999998224 ) ) ;
#718 = AXIS2_PLACEMENT_3D ( 'NONE', #1596, #1804, #1855 ) ;
#719 = DIRECTION ( 'NONE',  ( 0.000000000000000000, 0.000000000000000000, 1.000000000000000000 ) ) ;
#720 = EDGE_LOOP ( 'NONE', ( #2388, #1698, #598, #2221 ) ) ;
#721 = AXIS2_PLACEMENT_3D ( 'NONE', #1054, #113, #371 ) ;
#722 = CIRCLE ( 'NONE', #978, 0.4999999999999987232 ) ;
#723 = CARTESIAN_POINT ( 'NONE',  ( -11.42999999999999616, 0.000000000000000000, 7.000000000000000888 ) ) ;
#724 = ORIENTED_EDGE ( 'NONE', *, *, #673, .F. ) ;
#725 = VECTOR ( 'NONE', #1051, 1000.000000000000000 ) ;
#726 = ORIENTED_EDGE ( 'NONE', *, *, #3159, .F. ) ;
#727 = CARTESIAN_POINT ( 'NONE',  ( 6.350000000000008527, -5.204748896376247001E-17, 7.500000000000000000 ) ) ;
#728 = CARTESIAN_POINT ( 'NONE',  ( -16.50999999999999801, 0.000000000000000000, 7.999999999999996447 ) ) ;
#729 = LINE ( 'NONE', #1190, #209 ) ;
#730 = ORIENTED_EDGE ( 'NONE', *, *, #1214, .T. ) ;
#731 = LINE ( 'NONE', #1237, #1290 ) ;
#732 = CIRCLE ( 'NONE', #511, 0.4999999999999987232 ) ;
#733 = CARTESIAN_POINT ( 'NONE',  ( -6.349999999999997868, -5.204748896376247001E-17, -7.500000000000000000 ) ) ;
#734 = ORIENTED_EDGE ( 'NONE', *, *, #1844, .T. ) ;
#735 = EDGE_CURVE ( 'NONE', #3087, #1627, #379, .T. ) ;
#736 = EDGE_CURVE ( 'NONE', #1729, #2354, #3157, .T. ) ;
#737 = DIRECTION ( 'NONE',  ( -0.000000000000000000, 1.000000000000000000, -0.000000000000000000 ) ) ;
#738 = VERTEX_POINT ( 'NONE', #2609 ) ;
#739 = CIRCLE ( 'NONE', #2956, 0.4999999999999987232 ) ;
#740 = ORIENTED_EDGE ( 'NONE', *, *, #605, .F. ) ;
#741 = CARTESIAN_POINT ( 'NONE',  ( 8.890000000000009450, -5.204748896376247001E-17, 7.500000000000000000 ) ) ;
#742 = DIRECTION ( 'NONE',  ( -0.000000000000000000, 1.000000000000000000, -0.000000000000000000 ) ) ;
#743 = VECTOR ( 'NONE', #3111, 1000.000000000000000 ) ;
#744 = FACE_OUTER_BOUND ( 'NONE', #2060, .T. ) ;
#745 = DIRECTION ( 'NONE',  ( 0.000000000000000000, 0.000000000000000000, 1.000000000000000000 ) ) ;
#746 = CIRCLE ( 'NONE', #159, 0.4999999999999970024 ) ;
#747 = ORIENTED_EDGE ( 'NONE', *, *, #2153, .F. ) ;
#748 = CYLINDRICAL_SURFACE ( 'NONE', #891, 0.4999999999999987232 ) ;
#749 = FACE_OUTER_BOUND ( 'NONE', #1181, .T. ) ;
#750 = EDGE_CURVE ( 'NONE', #738, #1457, #2129, .T. ) ;
#751 = VERTEX_POINT ( 'NONE', #898 ) ;
#752 = ORIENTED_EDGE ( 'NONE', *, *, #1513, .F. ) ;
#753 = ORIENTED_EDGE ( 'NONE', *, *, #2097, .F. ) ;
#754 = CARTESIAN_POINT ( 'NONE',  ( -13.97000000000000064, 0.000000000000000000, -7.500000000000000000 ) ) ;
#755 = VECTOR ( 'NONE', #999, 1000.000000000000000 ) ;
#756 = CARTESIAN_POINT ( 'NONE',  ( 18.29305882832230168, 0.000000000000000000, -0.000000000000000000 ) ) ;
#757 = DIRECTION ( 'NONE',  ( -0.000000000000000000, 1.000000000000000000, -0.000000000000000000 ) ) ;
#758 = ORIENTED_EDGE ( 'NONE', *, *, #2507, .T. ) ;
#759 = AXIS2_PLACEMENT_3D ( 'NONE', #603, #1350, #1823 ) ;
#760 = ADVANCED_FACE ( 'NONE', ( #710 ), #1458, .F. ) ;
#761 = CARTESIAN_POINT ( 'NONE',  ( 3.810000000000007603, -1.600000000000000755, 7.500000000000000000 ) ) ;
#762 = ORIENTED_EDGE ( 'NONE', *, *, #2108, .F. ) ;
#763 = CARTESIAN_POINT ( 'NONE',  ( -8.889999999999995239, -1.600000000000000755, 7.999999999999998224 ) ) ;
#764 = ORIENTED_EDGE ( 'NONE', *, *, #585, .T. ) ;
#765 = EDGE_LOOP ( 'NONE', ( #1027, #1043, #1466, #984 ) ) ;
#766 = DIRECTION ( 'NONE',  ( 0.000000000000000000, 0.000000000000000000, 1.000000000000000000 ) ) ;
#767 = VECTOR ( 'NONE', #2917, 1000.000000000000000 ) ;
#768 = CIRCLE ( 'NONE', #503, 0.4999999999999978351 ) ;
#769 = LINE ( 'NONE', #516, #705 ) ;
#770 = FACE_OUTER_BOUND ( 'NONE', #580, .T. ) ;
#771 = ADVANCED_FACE ( 'NONE', ( #1665 ), #2645, .F. ) ;
#772 = DIRECTION ( 'NONE',  ( 0.7071067811865474617, 0.000000000000000000, -0.7071067811865474617 ) ) ;
#773 = CARTESIAN_POINT ( 'NONE',  ( -20.24999999999998934, -1.600000000000000089, 0.000000000000000000 ) ) ;
#774 = CARTESIAN_POINT ( 'NONE',  ( 8.890000000000009450, -5.204748896376247001E-17, 7.000000000000000888 ) ) ;
#775 = ORIENTED_EDGE ( 'NONE', *, *, #2034, .F. ) ;
#776 = AXIS2_PLACEMENT_3D ( 'NONE', #2217, #780, #1257 ) ;
#777 = DIRECTION ( 'NONE',  ( -0.000000000000000000, 1.000000000000000000, -0.000000000000000000 ) ) ;
#778 = EDGE_LOOP ( 'NONE', ( #2434, #1421 ) ) ;
#779 = ORIENTED_EDGE ( 'NONE', *, *, #2139, .F. ) ;
#780 = DIRECTION ( 'NONE',  ( -0.000000000000000000, 1.000000000000000000, -0.000000000000000000 ) ) ;
#781 = CARTESIAN_POINT ( 'NONE',  ( 1.750000000000000666, 1.600000000000000089, -4.455150999626834363 ) ) ;
#782 = LINE ( 'NONE', #1990, #1740 ) ;
#783 = ORIENTED_EDGE ( 'NONE', *, *, #344, .F. ) ;
#784 = AXIS2_PLACEMENT_3D ( 'NONE', #260, #1739, #3199 ) ;
#785 = DIRECTION ( 'NONE',  ( 1.000000000000000000, -0.000000000000000000, 0.000000000000000000 ) ) ;
#786 = AXIS2_PLACEMENT_3D ( 'NONE', #2138, #424, #902 ) ;
#787 = EDGE_CURVE ( 'NONE', #1142, #635, #1095, .T. ) ;
#788 = DIRECTION ( 'NONE',  ( 0.000000000000000000, 0.000000000000000000, 1.000000000000000000 ) ) ;
#789 = VERTEX_POINT ( 'NONE', #1518 ) ;
#790 = EDGE_CURVE ( 'NONE', #221, #1163, #1969, .T. ) ;
#791 = APPLICATION_CONTEXT ( 'automotive_design' ) ;
#792 = CARTESIAN_POINT ( 'NONE',  ( -19.05000000000000071, -5.204748896376247001E-17, -7.500000000000000000 ) ) ;
#793 = ORIENTED_EDGE ( 'NONE', *, *, #1364, .T. ) ;
#794 = VERTEX_POINT ( 'NONE', #2512 ) ;
#795 = ORIENTED_EDGE ( 'NONE', *, *, #411, .T. ) ;
#796 = CARTESIAN_POINT ( 'NONE',  ( -19.05000000000000071, 0.000000000000000000, -7.000000000000002665 ) ) ;
#797 = EDGE_CURVE ( 'NONE', #2043, #1715, #1502, .T. ) ;
#798 = CARTESIAN_POINT ( 'NONE',  ( 1.270000000000003793, -1.600000000000000755, -7.000000000000000888 ) ) ;
#799 = DIRECTION ( 'NONE',  ( 0.7071067811865474617, 0.000000000000000000, 0.7071067811865474617 ) ) ;
#800 = CARTESIAN_POINT ( 'NONE',  ( 0.000000000000000000, 0.000000000000000000, 0.000000000000000000 ) ) ;
#801 = FACE_BOUND ( 'NONE', #1154, .T. ) ;
#802 = CARTESIAN_POINT ( 'NONE',  ( -2.705150999626833475, 1.600000000000000089, 2.168404344971008868E-16 ) ) ;
#803 = CARTESIAN_POINT ( 'NONE',  ( -6.349999999999994316, -1.600000000000000755, 7.500000000000000000 ) ) ;
#804 = AXIS2_PLACEMENT_3D ( 'NONE', #2789, #2580, #2806 ) ;
#805 = ORIENTED_EDGE ( 'NONE', *, *, #429, .T. ) ;
#806 = LINE ( 'NONE', #1283, #2222 ) ;
#807 = VERTEX_POINT ( 'NONE', #472 ) ;
#808 = ORIENTED_EDGE ( 'NONE', *, *, #3076, .T. ) ;
#809 = VERTEX_POINT ( 'NONE', #1287 ) ;
#810 = FACE_OUTER_BOUND ( 'NONE', #408, .T. ) ;
#811 = DIRECTION ( 'NONE',  ( -0.000000000000000000, 1.000000000000000000, -0.000000000000000000 ) ) ;
#812 =( NAMED_UNIT ( * ) PLANE_ANGLE_UNIT ( ) SI_UNIT ( $, .RADIAN. ) );
#813 = AXIS2_PLACEMENT_3D ( 'NONE', #406, #1153, #628 ) ;
#814 = AXIS2_PLACEMENT_3D ( 'NONE', #2571, #2587, #2777 ) ;
#815 = FACE_BOUND ( 'NONE', #96, .T. ) ;
#816 = FACE_OUTER_BOUND ( 'NONE', #1044, .T. ) ;
#817 = ORIENTED_EDGE ( 'NONE', *, *, #1068, .T. ) ;
#818 = CARTESIAN_POINT ( 'NONE',  ( 3.810000000000007603, 0.000000000000000000, 7.000000000000000888 ) ) ;
#819 = DIRECTION ( 'NONE',  ( -0.000000000000000000, 1.000000000000000000, -0.000000000000000000 ) ) ;
#820 = ORIENTED_EDGE ( 'NONE', *, *, #2584, .T. ) ;
#821 = DIRECTION ( 'NONE',  ( 0.000000000000000000, 0.000000000000000000, 1.000000000000000000 ) ) ;
#822 = CARTESIAN_POINT ( 'NONE',  ( 19.05000000000000782, 0.000000000000000000, -7.500000000000000000 ) ) ;
#823 = ORIENTED_EDGE ( 'NONE', *, *, #1679, .F. ) ;
#824 = ADVANCED_FACE ( 'NONE', ( #2498 ), #254, .F. ) ;
#825 = EDGE_LOOP ( 'NONE', ( #1672, #805, #1902, #616 ) ) ;
#826 = VERTEX_POINT ( 'NONE', #2000 ) ;
#828 = VECTOR ( 'NONE', #1245, 1000.000000000000000 ) ;
#827 = LINE ( 'NONE', #2530, #234 ) ;
#829 = EDGE_CURVE ( 'NONE', #926, #253, #301, .T. ) ;
#830 = EDGE_CURVE ( 'NONE', #1559, #2168, #3193, .T. ) ;
#831 = CARTESIAN_POINT ( 'NONE',  ( 13.97000000000000952, 0.000000000000000000, 7.500000000000000000 ) ) ;
#832 = FACE_OUTER_BOUND ( 'NONE', #1316, .T. ) ;
#833 = EDGE_CURVE ( 'NONE', #282, #1692, #562, .T. ) ;
#834 = CARTESIAN_POINT ( 'NONE',  ( 3.810000000000007603, -5.204748896376247001E-17, 7.999999999999998224 ) ) ;
#835 = CYLINDRICAL_SURFACE ( 'NONE', #173, 0.4999999999999987232 ) ;
#836 = VERTEX_POINT ( 'NONE', #2995 ) ;
#837 =( LENGTH_UNIT ( ) NAMED_UNIT ( * ) SI_UNIT ( .MILLI., .METRE. ) );
#838 = DIRECTION ( 'NONE',  ( 0.000000000000000000, 0.000000000000000000, 1.000000000000000000 ) ) ;
#839 = CIRCLE ( 'NONE', #1975, 0.4999999999999987232 ) ;
#840 = CARTESIAN_POINT ( 'NONE',  ( 0.000000000000000000, 1.600000000000000089, 0.000000000000000000 ) ) ;
#841 = PRESENTATION_LAYER_ASSIGNMENT (  '', '', ( #261 ) ) ;
#842 = CARTESIAN_POINT ( 'NONE',  ( 13.97000000000000952, -1.600000000000000755, 7.000000000000000888 ) ) ;
#843 = ORIENTED_EDGE ( 'NONE', *, *, #2034, .T. ) ;
#844 = EDGE_CURVE ( 'NONE', #944, #2312, #732, .T. ) ;
#845 = ORIENTED_EDGE ( 'NONE', *, *, #2963, .F. ) ;
#846 = ORIENTED_EDGE ( 'NONE', *, *, #790, .F. ) ;
#847 = CARTESIAN_POINT ( 'NONE',  ( -16.50999999999999801, 0.000000000000000000, 7.000000000000002665 ) ) ;
#848 = CARTESIAN_POINT ( 'NONE',  ( 3.810000000000007603, -1.600000000000000755, 7.000000000000001776 ) ) ;
#849 = DIRECTION ( 'NONE',  ( -0.000000000000000000, 1.000000000000000000, -0.000000000000000000 ) ) ;
#850 = DIRECTION ( 'NONE',  ( -0.000000000000000000, 1.000000000000000000, -0.000000000000000000 ) ) ;
#851 = CARTESIAN_POINT ( 'NONE',  ( 16.51000000000000867, -1.600000000000000755, -7.999999999999996447 ) ) ;
#852 = EDGE_CURVE ( 'NONE', #331, #1447, #1399, .T. ) ;
#853 = AXIS2_PLACEMENT_3D ( 'NONE', #1048, #757, #11 ) ;
#854 = DIRECTION ( 'NONE',  ( 0.000000000000000000, 0.000000000000000000, 1.000000000000000000 ) ) ;
#855 = CIRCLE ( 'NONE', #2672, 0.4999999999999987232 ) ;
#856 = DIRECTION ( 'NONE',  ( 0.000000000000000000, -0.000000000000000000, -1.000000000000000000 ) ) ;
#857 = CIRCLE ( 'NONE', #2678, 0.4999999999999970024 ) ;
#858 = ORIENTED_EDGE ( 'NONE', *, *, #2094, .T. ) ;
#859 = ORIENTED_EDGE ( 'NONE', *, *, #2315, .F. ) ;
#860 = ORIENTED_EDGE ( 'NONE', *, *, #2236, .F. ) ;
#861 = LINE ( 'NONE', #2543, #2219 ) ;
#862 = EDGE_CURVE ( 'NONE', #1346, #83, #2588, .T. ) ;
#863 = CARTESIAN_POINT ( 'NONE',  ( 8.890000000000005898, 0.000000000000000000, -7.000000000000000888 ) ) ;
#864 = AXIS2_PLACEMENT_3D ( 'NONE', #1301, #2080, #1838 ) ;
#865 = AXIS2_PLACEMENT_3D ( 'NONE', #2128, #3101, #1173 ) ;
#866 = CARTESIAN_POINT ( 'NONE',  ( 15.65319436210239878, 1.600000000000000089, 5.406411661539461733 ) ) ;
#867 = CARTESIAN_POINT ( 'NONE',  ( 19.05000000000001137, -1.600000000000000755, 7.999999999999996447 ) ) ;
#868 = CARTESIAN_POINT ( 'NONE',  ( -11.42999999999999616, 0.000000000000000000, 7.500000000000000000 ) ) ;
#869 = DIRECTION ( 'NONE',  ( -0.000000000000000000, 1.000000000000000000, -0.000000000000000000 ) ) ;
#870 = EDGE_CURVE ( 'NONE', #2976, #2417, #2996, .T. ) ;
#871 = LINE ( 'NONE', #2614, #3028 ) ;
#872 = EDGE_LOOP ( 'NONE', ( #1269, #1884 ) ) ;
#873 =( NAMED_UNIT ( * ) SI_UNIT ( $, .STERADIAN. ) SOLID_ANGLE_UNIT ( ) );
#874 = AXIS2_PLACEMENT_3D ( 'NONE', #1815, #358, #1342 ) ;
#875 = CIRCLE ( 'NONE', #612, 0.4999999999999987232 ) ;
#876 = CARTESIAN_POINT ( 'NONE',  ( -13.97000000000000064, 0.000000000000000000, -7.999999999999998224 ) ) ;
#877 = AXIS2_PLACEMENT_3D ( 'NONE', #2145, #3116, #1897 ) ;
#878 = ORIENTED_EDGE ( 'NONE', *, *, #3119, .T. ) ;
#879 = EDGE_LOOP ( 'NONE', ( #1093, #1164, #1436, #1517 ) ) ;
#880 = ORIENTED_EDGE ( 'NONE', *, *, #2077, .T. ) ;
#881 = DIRECTION ( 'NONE',  ( -0.000000000000000000, 1.000000000000000000, -0.000000000000000000 ) ) ;
#882 = CARTESIAN_POINT ( 'NONE',  ( -3.809999999999997389, -1.600000000000000755, -7.500000000000000000 ) ) ;
#883 = CARTESIAN_POINT ( 'NONE',  ( 6.350000000000004974, -1.600000000000000755, -7.000000000000001776 ) ) ;
#884 = CARTESIAN_POINT ( 'NONE',  ( 16.51000000000000867, 0.000000000000000000, -7.500000000000000000 ) ) ;
#885 = CARTESIAN_POINT ( 'NONE',  ( 19.05000000000001137, -1.600000000000000755, 7.000000000000002665 ) ) ;
#886 = EDGE_CURVE ( 'NONE', #313, #1461, #1613, .T. ) ;
#887 = CARTESIAN_POINT ( 'NONE',  ( -3.809999999999997389, 0.000000000000000000, -7.999999999999998224 ) ) ;
#888 =( LENGTH_UNIT ( ) NAMED_UNIT ( * ) SI_UNIT ( .MILLI., .METRE. ) );
#889 = DIRECTION ( 'NONE',  ( -0.000000000000000000, 1.000000000000000000, -0.000000000000000000 ) ) ;
#890 = CIRCLE ( 'NONE', #3104, 0.4999999999999987232 ) ;
#891 = AXIS2_PLACEMENT_3D ( 'NONE', #2717, #2237, #3212 ) ;
#892 = ADVANCED_FACE ( 'NONE', ( #1720 ), #515, .F. ) ;
#893 = ORIENTED_EDGE ( 'NONE', *, *, #2955, .T. ) ;
#894 = EDGE_LOOP ( 'NONE', ( #6, #1496 ) ) ;
#895 = AXIS2_PLACEMENT_3D ( 'NONE', #2402, #431, #1199 ) ;
#896 =( NAMED_UNIT ( * ) SI_UNIT ( $, .STERADIAN. ) SOLID_ANGLE_UNIT ( ) );
#897 = EDGE_LOOP ( 'NONE', ( #2878, #2744, #42, #2196 ) ) ;
#898 = CARTESIAN_POINT ( 'NONE',  ( 16.51000000000001222, -1.600000000000000755, 7.999999999999996447 ) ) ;
#899 = EDGE_CURVE ( 'NONE', #1378, #1801, #2947, .T. ) ;
#900 = DIRECTION ( 'NONE',  ( 0.000000000000000000, 0.000000000000000000, 1.000000000000000000 ) ) ;
#901 = DIRECTION ( 'NONE',  ( 0.000000000000000000, 0.000000000000000000, 1.000000000000000000 ) ) ;
#902 = DIRECTION ( 'NONE',  ( 0.000000000000000000, 0.000000000000000000, 1.000000000000000000 ) ) ;
#903 = DIRECTION ( 'NONE',  ( 0.000000000000000000, 0.000000000000000000, 1.000000000000000000 ) ) ;
#904 = ORIENTED_EDGE ( 'NONE', *, *, #329, .T. ) ;
#905 = LINE ( 'NONE', #2142, #1859 ) ;
#906 = ORIENTED_EDGE ( 'NONE', *, *, #2194, .F. ) ;
#907 = DIRECTION ( 'NONE',  ( -0.000000000000000000, 1.000000000000000000, -0.000000000000000000 ) ) ;
#908 = PRESENTATION_LAYER_ASSIGNMENT (  '', '', ( #1270 ) ) ;
#909 = AXIS2_PLACEMENT_3D ( 'NONE', #135, #3125, #1661 ) ;
#910 = CARTESIAN_POINT ( 'NONE',  ( 0.000000000000000000, 1.600000000000000089, 0.6925855535203084834 ) ) ;
#911 = VERTEX_POINT ( 'NONE', #238 ) ;
#912 = ORIENTED_EDGE ( 'NONE', *, *, #1840, .T. ) ;
#913 = SURFACE_STYLE_USAGE ( .BOTH. , #1397 ) ;
#914 = ORIENTED_EDGE ( 'NONE', *, *, #275, .F. ) ;
#915 = EDGE_LOOP ( 'NONE', ( #2062, #2423, #328, #2170 ) ) ;
#916 = CARTESIAN_POINT ( 'NONE',  ( 1.156482317317869358E-15, -1.600000000000000089, 8.999999999999985789 ) ) ;
#917 = MECHANICAL_DESIGN_GEOMETRIC_PRESENTATION_REPRESENTATION (  '', ( #1021 ), #121 ) ;
#918 = LINE ( 'NONE', #1908, #630 ) ;
#919 = CARTESIAN_POINT ( 'NONE',  ( 6.350000000000004974, -5.204748896376247001E-17, -7.500000000000000000 ) ) ;
#920 = CARTESIAN_POINT ( 'NONE',  ( 19.05000000000000782, -1.600000000000000755, -7.500000000000000000 ) ) ;
#921 = EDGE_CURVE ( 'NONE', #2509, #1361, #1332, .T. ) ;
#922 = CARTESIAN_POINT ( 'NONE',  ( -11.42999999999999972, -5.204748896376247001E-17, -7.000000000000000888 ) ) ;
#923 = VERTEX_POINT ( 'NONE', #1746 ) ;
#924 = DIRECTION ( 'NONE',  ( 0.7071067811865475727, 0.000000000000000000, 0.7071067811865474617 ) ) ;
#925 = AXIS2_PLACEMENT_3D ( 'NONE', #2045, #1317, #1077 ) ;
#926 = VERTEX_POINT ( 'NONE', #500 ) ;
#927 = DIRECTION ( 'NONE',  ( 0.000000000000000000, 0.000000000000000000, 1.000000000000000000 ) ) ;
#928 = AXIS2_PLACEMENT_3D ( 'NONE', #822, #1816, #80 ) ;
#929 = AXIS2_PLACEMENT_3D ( 'NONE', #1728, #2748, #1038 ) ;
#930 = DIRECTION ( 'NONE',  ( 0.000000000000000000, 0.000000000000000000, 1.000000000000000000 ) ) ;
#931 = ORIENTED_EDGE ( 'NONE', *, *, #1352, .T. ) ;
#932 = VERTEX_POINT ( 'NONE', #2483 ) ;
#933 = EDGE_CURVE ( 'NONE', #2215, #1530, #1905, .T. ) ;
#934 = PLANE ( 'NONE',  #602 ) ;
#935 = ORIENTED_EDGE ( 'NONE', *, *, #1088, .F. ) ;
#936 = ORIENTED_EDGE ( 'NONE', *, *, #833, .F. ) ;
#937 = CYLINDRICAL_SURFACE ( 'NONE', #1210, 0.4999999999999970024 ) ;
#938 = EDGE_CURVE ( 'NONE', #1163, #965, #3082, .T. ) ;
#939 = ADVANCED_FACE ( 'NONE', ( #810 ), #1612, .F. ) ;
#940 = FACE_BOUND ( 'NONE', #3106, .T. ) ;
#941 = CARTESIAN_POINT ( 'NONE',  ( -8.889999999999995239, -1.600000000000000755, 7.500000000000000000 ) ) ;
#942 = EDGE_CURVE ( 'NONE', #2641, #2468, #1023, .T. ) ;
#943 = CARTESIAN_POINT ( 'NONE',  ( -11.42999999999999972, 0.000000000000000000, -7.500000000000000000 ) ) ;
#944 = VERTEX_POINT ( 'NONE', #2837 ) ;
#945 = ORIENTED_EDGE ( 'NONE', *, *, #959, .T. ) ;
#946 = DIRECTION ( 'NONE',  ( 0.000000000000000000, 0.000000000000000000, 1.000000000000000000 ) ) ;
#947 = CARTESIAN_POINT ( 'NONE',  ( 15.65319436210239878, 0.000000000000000000, -0.000000000000000000 ) ) ;
#948 = ORIENTED_EDGE ( 'NONE', *, *, #942, .F. ) ;
#949 = DIRECTION ( 'NONE',  ( 0.000000000000000000, 0.000000000000000000, 1.000000000000000000 ) ) ;
#950 = EDGE_LOOP ( 'NONE', ( #762, #2662, #280, #1718 ) ) ;
#951 = ORIENTED_EDGE ( 'NONE', *, *, #1343, .T. ) ;
#952 = VECTOR ( 'NONE', #2071, 1000.000000000000000 ) ;
#953 = LINE ( 'NONE', #1165, #1663 ) ;
#954 = DIRECTION ( 'NONE',  ( 0.000000000000000000, 0.000000000000000000, 1.000000000000000000 ) ) ;
#955 = LINE ( 'NONE', #1891, #2143 ) ;
#956 = DIRECTION ( 'NONE',  ( -0.000000000000000000, -1.000000000000000000, -0.000000000000000000 ) ) ;
#957 = ORIENTED_EDGE ( 'NONE', *, *, #833, .T. ) ;
#958 = ORIENTED_EDGE ( 'NONE', *, *, #750, .F. ) ;
#959 = EDGE_CURVE ( 'NONE', #556, #1608, #827, .T. ) ;
#960 = CARTESIAN_POINT ( 'NONE',  ( 13.97000000000000597, -1.600000000000000755, -7.999999999999998224 ) ) ;
#961 = CARTESIAN_POINT ( 'NONE',  ( 19.05000000000000782, -5.204748896376247001E-17, -7.500000000000000000 ) ) ;
#962 = ORIENTED_EDGE ( 'NONE', *, *, #1524, .T. ) ;
#963 = AXIS2_PLACEMENT_3D ( 'NONE', #604, #55, #1062 ) ;
#964 = DIRECTION ( 'NONE',  ( 0.000000000000000000, 0.000000000000000000, 1.000000000000000000 ) ) ;
#965 = VERTEX_POINT ( 'NONE', #544 ) ;
#966 = ORIENTED_EDGE ( 'NONE', *, *, #3190, .T. ) ;
#967 = CYLINDRICAL_SURFACE ( 'NONE', #2897, 0.4999999999999987232 ) ;
#968 = EDGE_CURVE ( 'NONE', #2260, #3204, #2063, .T. ) ;
#969 = DIRECTION ( 'NONE',  ( -0.000000000000000000, 1.000000000000000000, -0.000000000000000000 ) ) ;
#970 = CARTESIAN_POINT ( 'NONE',  ( 16.51000000000000867, -1.600000000000000755, -7.500000000000000000 ) ) ;
#971 = PRODUCT_CONTEXT ( 'NONE', #631, 'mechanical' ) ;
#972 = EDGE_LOOP ( 'NONE', ( #823, #361, #997, #1217 ) ) ;
#973 = CARTESIAN_POINT ( 'NONE',  ( -3.809999999999997389, -5.204748896376247001E-17, -7.999999999999998224 ) ) ;
#974 = AXIS2_PLACEMENT_3D ( 'NONE', #2446, #745, #1490 ) ;
#975 = CIRCLE ( 'NONE', #2057, 0.4999999999999987232 ) ;
#976 = EDGE_CURVE ( 'NONE', #1853, #2674, #67, .T. ) ;
#977 = DIRECTION ( 'NONE',  ( 0.000000000000000000, 0.000000000000000000, 1.000000000000000000 ) ) ;
#978 = AXIS2_PLACEMENT_3D ( 'NONE', #1653, #427, #1429 ) ;
#979 = ORIENTED_EDGE ( 'NONE', *, *, #3190, .F. ) ;
#980 = AXIS2_PLACEMENT_3D ( 'NONE', #110, #2362, #593 ) ;
#981 = FACE_OUTER_BOUND ( 'NONE', #897, .T. ) ;
#982 = ORIENTED_EDGE ( 'NONE', *, *, #2886, .F. ) ;
#983 = CIRCLE ( 'NONE', #1031, 0.4999999999999970024 ) ;
#984 = ORIENTED_EDGE ( 'NONE', *, *, #56, .F. ) ;
#985 = DIRECTION ( 'NONE',  ( -0.000000000000000000, 1.000000000000000000, -0.000000000000000000 ) ) ;
#986 = CARTESIAN_POINT ( 'NONE',  ( 3.102575499813417181, 1.600000000000000089, 3.102575499813417625 ) ) ;
#987 = DIRECTION ( 'NONE',  ( 0.000000000000000000, 0.000000000000000000, 1.000000000000000000 ) ) ;
#988 = FACE_BOUND ( 'NONE', #2340, .T. ) ;
#989 = EDGE_CURVE ( 'NONE', #1635, #527, #332, .T. ) ;
#990 = DIRECTION ( 'NONE',  ( 0.000000000000000000, 0.000000000000000000, 1.000000000000000000 ) ) ;
#991 = AXIS2_PLACEMENT_3D ( 'NONE', #268, #1272, #2469 ) ;
#992 = DIRECTION ( 'NONE',  ( -0.000000000000000000, 1.000000000000000000, -0.000000000000000000 ) ) ;
#993 = ORIENTED_EDGE ( 'NONE', *, *, #1795, .T. ) ;
#994 = CARTESIAN_POINT ( 'NONE',  ( 16.51000000000001222, 0.000000000000000000, 7.999999999999996447 ) ) ;
#995 = ORIENTED_EDGE ( 'NONE', *, *, #488, .T. ) ;
#996 = AXIS2_PLACEMENT_3D ( 'NONE', #201, #3112, #1208 ) ;
#997 = ORIENTED_EDGE ( 'NONE', *, *, #989, .T. ) ;
#998 = DIRECTION ( 'NONE',  ( -0.000000000000000000, 1.000000000000000000, -0.000000000000000000 ) ) ;
#999 = DIRECTION ( 'NONE',  ( -0.000000000000000000, 1.000000000000000000, -0.000000000000000000 ) ) ;
#1000 = AXIS2_PLACEMENT_3D ( 'NONE', #713, #1705, #1942 ) ;
#1001 = CIRCLE ( 'NONE', #1830, 0.4999999999999987232 ) ;
#1002 = CARTESIAN_POINT ( 'NONE',  ( -3.809999999999993836, 0.000000000000000000, 7.000000000000000888 ) ) ;
#1003 = EDGE_CURVE ( 'NONE', #1608, #217, #1444, .T. ) ;
#1004 = VECTOR ( 'NONE', #1177, 1000.000000000000000 ) ;
#1005 = DIRECTION ( 'NONE',  ( 0.000000000000000000, 0.000000000000000000, 1.000000000000000000 ) ) ;
#1006 = DIRECTION ( 'NONE',  ( 0.000000000000000000, 1.000000000000000000, -0.000000000000000000 ) ) ;
#1007 = CARTESIAN_POINT ( 'NONE',  ( 3.810000000000007603, -5.204748896376247001E-17, 7.500000000000000000 ) ) ;
#1008 = VERTEX_POINT ( 'NONE', #1331 ) ;
#1009 = EDGE_CURVE ( 'NONE', #1801, #1378, #388, .T. ) ;
#1010 = DIRECTION ( 'NONE',  ( -0.000000000000000000, 1.000000000000000000, -0.000000000000000000 ) ) ;
#1011 = VERTEX_POINT ( 'NONE', #3057 ) ;
#1012 = AXIS2_PLACEMENT_3D ( 'NONE', #26, #2473, #1292 ) ;
#1013 = EDGE_LOOP ( 'NONE', ( #982, #571, #2619, #642 ) ) ;
#1014 = DIRECTION ( 'NONE',  ( 0.000000000000000000, 0.000000000000000000, 1.000000000000000000 ) ) ;
#1015 = CIRCLE ( 'NONE', #2104, 0.4999999999999987232 ) ;
#1016 = FACE_OUTER_BOUND ( 'NONE', #1160, .T. ) ;
#1017 = LINE ( 'NONE', #2516, #2154 ) ;
#1018 = EDGE_LOOP ( 'NONE', ( #617, #931, #296, #2415 ) ) ;
#1019 = EDGE_CURVE ( 'NONE', #1430, #1243, #2100, .T. ) ;
#1020 =( NAMED_UNIT ( * ) PLANE_ANGLE_UNIT ( ) SI_UNIT ( $, .RADIAN. ) );
#1021 = STYLED_ITEM ( 'NONE', ( #3144 ), #2741 ) ;
#1022 = CYLINDRICAL_SURFACE ( 'NONE', #2986, 0.4999999999999970024 ) ;
#1023 = CIRCLE ( 'NONE', #2727, 0.4999999999999987232 ) ;
#1024 = VERTEX_POINT ( 'NONE', #119 ) ;
#1025 = CYLINDRICAL_SURFACE ( 'NONE', #2009, 0.4999999999999987232 ) ;
#1026 = ORIENTED_EDGE ( 'NONE', *, *, #2604, .T. ) ;
#1027 = ORIENTED_EDGE ( 'NONE', *, *, #380, .T. ) ;
#1028 = CARTESIAN_POINT ( 'NONE',  ( -1.269999999999993356, -1.600000000000000755, 7.500000000000000000 ) ) ;
#1029 = VECTOR ( 'NONE', #737, 1000.000000000000000 ) ;
#1030 = EDGE_CURVE ( 'NONE', #1773, #3102, #975, .T. ) ;
#1031 = AXIS2_PLACEMENT_3D ( 'NONE', #645, #889, #149 ) ;
#1032 = CARTESIAN_POINT ( 'NONE',  ( 18.29305882832230168, 1.600000000000000089, -0.6925855535203084834 ) ) ;
#1033 = EDGE_CURVE ( 'NONE', #2871, #3183, #1959, .T. ) ;
#1034 = LINE ( 'NONE', #2018, #1371 ) ;
#1035 = DIRECTION ( 'NONE',  ( -0.000000000000000000, 1.000000000000000000, -0.000000000000000000 ) ) ;
#1036 = EDGE_CURVE ( 'NONE', #2117, #313, #1548, .T. ) ;
#1037 = DIRECTION ( 'NONE',  ( 0.000000000000000000, 0.000000000000000000, -1.000000000000000000 ) ) ;
#1038 = DIRECTION ( 'NONE',  ( 0.000000000000000000, 0.000000000000000000, 1.000000000000000000 ) ) ;
#1039 = VERTEX_POINT ( 'NONE', #2326 ) ;
#1040 = EDGE_CURVE ( 'NONE', #3142, #1561, #3023, .T. ) ;
#1041 = LINE ( 'NONE', #2025, #130 ) ;
#1042 = ORIENTED_EDGE ( 'NONE', *, *, #2660, .T. ) ;
#1043 = ORIENTED_EDGE ( 'NONE', *, *, #2554, .T. ) ;
#1044 = EDGE_LOOP ( 'NONE', ( #1170, #1125, #993, #2370 ) ) ;
#1045 = DIRECTION ( 'NONE',  ( -0.000000000000000000, 1.000000000000000000, -0.000000000000000000 ) ) ;
#1046 = AXIS2_PLACEMENT_3D ( 'NONE', #2140, #1723, #903 ) ;
#1047 = DIRECTION ( 'NONE',  ( -0.000000000000000000, 1.000000000000000000, -0.000000000000000000 ) ) ;
#1048 = CARTESIAN_POINT ( 'NONE',  ( 1.270000000000007123, 0.000000000000000000, 7.500000000000000000 ) ) ;
#1049 = ORIENTED_EDGE ( 'NONE', *, *, #1409, .F. ) ;
#1050 = AXIS2_PLACEMENT_3D ( 'NONE', #941, #1928, #1207 ) ;
#1051 = DIRECTION ( 'NONE',  ( -0.000000000000000000, -1.000000000000000000, -0.000000000000000000 ) ) ;
#1052 = FACE_OUTER_BOUND ( 'NONE', #1456, .T. ) ;
#1053 = VECTOR ( 'NONE', #108, 1000.000000000000000 ) ;
#1054 = CARTESIAN_POINT ( 'NONE',  ( 8.890000000000005898, -1.600000000000000755, -7.500000000000000000 ) ) ;
#1055 = ORIENTED_EDGE ( 'NONE', *, *, #797, .T. ) ;
#1056 = DIRECTION ( 'NONE',  ( -0.000000000000000000, 1.000000000000000000, -0.000000000000000000 ) ) ;
#1057 = VERTEX_POINT ( 'NONE', #350 ) ;
#1058 = EDGE_LOOP ( 'NONE', ( #1026, #1733 ) ) ;
#1059 = ORIENTED_EDGE ( 'NONE', *, *, #2565, .F. ) ;
#1060 = DIRECTION ( 'NONE',  ( 0.000000000000000000, 0.000000000000000000, 1.000000000000000000 ) ) ;
#1061 = CYLINDRICAL_SURFACE ( 'NONE', #714, 0.4999999999999987232 ) ;
#1062 = DIRECTION ( 'NONE',  ( 0.000000000000000000, 0.000000000000000000, 1.000000000000000000 ) ) ;
#1063 = FACE_BOUND ( 'NONE', #1578, .T. ) ;
#1064 = FACE_BOUND ( 'NONE', #2035, .T. ) ;
#1065 = VERTEX_POINT ( 'NONE', #1094 ) ;
#1066 = FILL_AREA_STYLE ('',( #1118 ) ) ;
#1067 = DIRECTION ( 'NONE',  ( 0.000000000000000000, 0.000000000000000000, 1.000000000000000000 ) ) ;
#1068 = EDGE_CURVE ( 'NONE', #1787, #1985, #2367, .T. ) ;
#1069 = DIRECTION ( 'NONE',  ( -0.000000000000000000, 1.000000000000000000, -0.000000000000000000 ) ) ;
#1070 = ADVANCED_FACE ( 'NONE', ( #53 ), #1348, .F. ) ;
#1071 = EDGE_CURVE ( 'NONE', #1635, #1559, #861, .T. ) ;
#1072 = CIRCLE ( 'NONE', #759, 0.4999999999999987232 ) ;
#1073 = CARTESIAN_POINT ( 'NONE',  ( 0.000000000000000000, 0.000000000000000000, 0.000000000000000000 ) ) ;
#1074 = EDGE_LOOP ( 'NONE', ( #2096, #730 ) ) ;
#1075 = EDGE_LOOP ( 'NONE', ( #2966, #1956 ) ) ;
#1076 = ORIENTED_EDGE ( 'NONE', *, *, #2708, .F. ) ;
#1077 = DIRECTION ( 'NONE',  ( 0.000000000000000000, 0.000000000000000000, 1.000000000000000000 ) ) ;
#1078 = AXIS2_PLACEMENT_3D ( 'NONE', #2314, #819, #1877 ) ;
#1079 = CARTESIAN_POINT ( 'NONE',  ( 8.890000000000005898, -5.204748896376247001E-17, -7.000000000000000888 ) ) ;
#1080 = LINE ( 'NONE', #1615, #3180 ) ;
#1081 = VECTOR ( 'NONE', #2653, 1000.000000000000000 ) ;
#1082 = AXIS2_PLACEMENT_3D ( 'NONE', #2832, #1069, #613 ) ;
#1083 = DIRECTION ( 'NONE',  ( 1.000000000000000000, 0.000000000000000000, 0.000000000000000000 ) ) ;
#1084 = CARTESIAN_POINT ( 'NONE',  ( 6.350000000000004974, 0.000000000000000000, -7.999999999999998224 ) ) ;
#1085 = ORIENTED_EDGE ( 'NONE', *, *, #264, .F. ) ;
#1086 = DIRECTION ( 'NONE',  ( 0.000000000000000000, 0.000000000000000000, 1.000000000000000000 ) ) ;
#1087 = DIRECTION ( 'NONE',  ( 1.000000000000000000, 0.000000000000000000, 0.000000000000000000 ) ) ;
#1088 = EDGE_CURVE ( 'NONE', #1065, #1611, #2118, .T. ) ;
#1089 = DIRECTION ( 'NONE',  ( -0.000000000000000000, 1.000000000000000000, -0.000000000000000000 ) ) ;
#1090 = CARTESIAN_POINT ( 'NONE',  ( -20.24999999999998934, -1.600000000000000089, 8.999999999999987566 ) ) ;
#1091 = EDGE_LOOP ( 'NONE', ( #1501, #1347, #2783, #2322 ) ) ;
#1092 = EDGE_LOOP ( 'NONE', ( #1641, #131 ) ) ;
#1093 = ORIENTED_EDGE ( 'NONE', *, *, #2420, .T. ) ;
#1095 = CIRCLE ( 'NONE', #1508, 0.4999999999999987232 ) ;
#1094 = CARTESIAN_POINT ( 'NONE',  ( 11.43000000000001037, -1.600000000000000755, 7.000000000000000888 ) ) ;
#1096 = EDGE_CURVE ( 'NONE', #2305, #2043, #285, .T. ) ;
#1097 = CARTESIAN_POINT ( 'NONE',  ( 15.65319436210239878, 1.600000000000000089, 0.6925855535203084834 ) ) ;
#1098 = DIRECTION ( 'NONE',  ( -0.000000000000000000, 1.000000000000000000, -0.000000000000000000 ) ) ;
#1099 = CARTESIAN_POINT ( 'NONE',  ( 1.270000000000007123, -5.204748896376247001E-17, 7.999999999999998224 ) ) ;
#1100 = DIRECTION ( 'NONE',  ( -0.000000000000000000, 1.000000000000000000, -0.000000000000000000 ) ) ;
#1101 = PLANE ( 'NONE',  #2030 ) ;
#1102 = EDGE_CURVE ( 'NONE', #38, #836, #1103, .T. ) ;
#1103 = LINE ( 'NONE', #2333, #2114 ) ;
#1104 = FACE_OUTER_BOUND ( 'NONE', #1018, .T. ) ;
#1105 = CIRCLE ( 'NONE', #2450, 0.4999999999999970024 ) ;
#1106 = EDGE_CURVE ( 'NONE', #1469, #2205, #1541, .T. ) ;
#1107 = DIRECTION ( 'NONE',  ( 0.000000000000000000, 0.000000000000000000, 1.000000000000000000 ) ) ;
#1108 = EDGE_LOOP ( 'NONE', ( #378, #2251, #1546, #951 ) ) ;
#1109 = EDGE_LOOP ( 'NONE', ( #1906, #1644, #1655, #2427 ) ) ;
#1110 = VERTEX_POINT ( 'NONE', #3050 ) ;
#1111 = DIRECTION ( 'NONE',  ( 0.000000000000000000, 0.000000000000000000, 1.000000000000000000 ) ) ;
#1112 = EDGE_CURVE ( 'NONE', #1530, #1142, #2553, .T. ) ;
#1113 = EDGE_CURVE ( 'NONE', #2144, #1680, #76, .T. ) ;
#1114 = FACE_OUTER_BOUND ( 'NONE', #950, .T. ) ;
#1115 =( NAMED_UNIT ( * ) SI_UNIT ( $, .STERADIAN. ) SOLID_ANGLE_UNIT ( ) );
#1116 = FACE_OUTER_BOUND ( 'NONE', #2927, .T. ) ;
#1117 = CARTESIAN_POINT ( 'NONE',  ( 13.97000000000000952, -5.204748896376247001E-17, 7.999999999999998224 ) ) ;
#1118 = FILL_AREA_STYLE_COLOUR ( '', #2705 ) ;
#1119 = VECTOR ( 'NONE', #2852, 1000.000000000000000 ) ;
#1120 = FACE_OUTER_BOUND ( 'NONE', #2149, .T. ) ;
#1121 = AXIS2_PLACEMENT_3D ( 'NONE', #1294, #552, #2793 ) ;
#1122 = LINE ( 'NONE', #876, #2522 ) ;
#1123 = VECTOR ( 'NONE', #620, 1000.000000000000000 ) ;
#1124 = ORIENTED_EDGE ( 'NONE', *, *, #1981, .T. ) ;
#1125 = ORIENTED_EDGE ( 'NONE', *, *, #2901, .T. ) ;
#1126 = ORIENTED_EDGE ( 'NONE', *, *, #921, .T. ) ;
#1127 = DIRECTION ( 'NONE',  ( 0.000000000000000000, 0.000000000000000000, 1.000000000000000000 ) ) ;
#1128 = ADVANCED_FACE ( 'NONE', ( #1120 ), #2601, .T. ) ;
#1129 =( GEOMETRIC_REPRESENTATION_CONTEXT ( 3 ) GLOBAL_UNCERTAINTY_ASSIGNED_CONTEXT ( ( #2364 ) ) GLOBAL_UNIT_ASSIGNED_CONTEXT ( ( #888, #2111, #873 ) ) REPRESENTATION_CONTEXT ( 'NONE', 'WORKASPACE' ) );
#1130 = VECTOR ( 'NONE', #2562, 1000.000000000000000 ) ;
#1131 = CARTESIAN_POINT ( 'NONE',  ( -1.269999999999996909, -5.204748896376247001E-17, -7.500000000000000000 ) ) ;
#1132 = FACE_BOUND ( 'NONE', #2184, .T. ) ;
#1133 = FACE_BOUND ( 'NONE', #3022, .T. ) ;
#1134 = CARTESIAN_POINT ( 'NONE',  ( 13.97000000000000952, -1.600000000000000755, 7.500000000000000000 ) ) ;
#1135 = CARTESIAN_POINT ( 'NONE',  ( 13.97000000000000597, -5.204748896376247001E-17, -7.999999999999998224 ) ) ;
#1136 = AXIS2_PLACEMENT_3D ( 'NONE', #223, #2737, #949 ) ;
#1137 = EDGE_CURVE ( 'NONE', #38, #2026, #641, .T. ) ;
#1138 = CARTESIAN_POINT ( 'NONE',  ( 11.43000000000001037, -5.204748896376247001E-17, 7.000000000000000888 ) ) ;
#1139 = CIRCLE ( 'NONE', #1451, 0.4999999999999987232 ) ;
#1140 = ORIENTED_EDGE ( 'NONE', *, *, #2225, .T. ) ;
#1141 = ADVANCED_FACE ( 'NONE', ( #2091 ), #2585, .F. ) ;
#1142 = VERTEX_POINT ( 'NONE', #1135 ) ;
#1143 = EDGE_LOOP ( 'NONE', ( #2627, #1341, #3176, #2204 ) ) ;
#1144 = PRESENTATION_STYLE_ASSIGNMENT (( #3093 ) ) ;
#1145 = VERTEX_POINT ( 'NONE', #3081 ) ;
#1146 = AXIS2_PLACEMENT_3D ( 'NONE', #1472, #226, #1014 ) ;
#1147 = DIRECTION ( 'NONE',  ( -1.284980352575412453E-16, 0.000000000000000000, -1.000000000000000000 ) ) ;
#1148 = CARTESIAN_POINT ( 'NONE',  ( 0.000000000000000000, 1.600000000000000089, 0.6925855535203084834 ) ) ;
#1149 = FACE_BOUND ( 'NONE', #1967, .T. ) ;
#1150 = CARTESIAN_POINT ( 'NONE',  ( -6.349999999999994316, -1.600000000000000755, 7.500000000000000000 ) ) ;
#1151 = CARTESIAN_POINT ( 'NONE',  ( 6.205150999626835251, 1.600000000000000089, 0.000000000000000000 ) ) ;
#1152 = ORIENTED_EDGE ( 'NONE', *, *, #179, .T. ) ;
#1153 = DIRECTION ( 'NONE',  ( -0.000000000000000000, 1.000000000000000000, -0.000000000000000000 ) ) ;
#1154 = EDGE_LOOP ( 'NONE', ( #2162, #2167 ) ) ;
#1155 = CYLINDRICAL_SURFACE ( 'NONE', #877, 0.4999999999999987232 ) ;
#1156 = CIRCLE ( 'NONE', #1564, 0.4999999999999987232 ) ;
#1157 = LINE ( 'NONE', #910, #1986 ) ;
#1158 = AXIS2_PLACEMENT_3D ( 'NONE', #109, #869, #91 ) ;
#1159 = ORIENTED_EDGE ( 'NONE', *, *, #1763, .F. ) ;
#1160 = EDGE_LOOP ( 'NONE', ( #208, #1652, #1315, #662 ) ) ;
#1161 = AXIS2_PLACEMENT_3D ( 'NONE', #2147, #1882, #2860 ) ;
#1162 = LINE ( 'NONE', #1856, #2050 ) ;
#1163 = VERTEX_POINT ( 'NONE', #1589 ) ;
#1164 = ORIENTED_EDGE ( 'NONE', *, *, #2261, .F. ) ;
#1165 = CARTESIAN_POINT ( 'NONE',  ( 3.102575499813417181, 0.000000000000000000, 3.102575499813417625 ) ) ;
#1166 = CARTESIAN_POINT ( 'NONE',  ( 20.25000000000001776, -1.600000000000000089, -9.000000000000015987 ) ) ;
#1167 = DIRECTION ( 'NONE',  ( -0.000000000000000000, 1.000000000000000000, -0.000000000000000000 ) ) ;
#1168 = CARTESIAN_POINT ( 'NONE',  ( -19.05000000000000071, -5.204748896376247001E-17, -7.500000000000000000 ) ) ;
#1169 = CARTESIAN_POINT ( 'NONE',  ( -1.269999999999996909, 0.000000000000000000, -7.999999999999998224 ) ) ;
#1170 = ORIENTED_EDGE ( 'NONE', *, *, #281, .F. ) ;
#1171 = CARTESIAN_POINT ( 'NONE',  ( 6.350000000000004974, -1.600000000000000755, -7.500000000000000000 ) ) ;
#1172 = ORIENTED_EDGE ( 'NONE', *, *, #179, .F. ) ;
#1173 = DIRECTION ( 'NONE',  ( 0.000000000000000000, 0.000000000000000000, 1.000000000000000000 ) ) ;
#1174 = AXIS2_PLACEMENT_3D ( 'NONE', #2771, #1522, #1777 ) ;
#1175 = EDGE_CURVE ( 'NONE', #1729, #1801, #871, .T. ) ;
#1176 = CIRCLE ( 'NONE', #1535, 0.4999999999999987232 ) ;
#1177 = DIRECTION ( 'NONE',  ( -0.000000000000000000, 1.000000000000000000, -0.000000000000000000 ) ) ;
#1178 = EDGE_CURVE ( 'NONE', #3192, #51, #3188, .T. ) ;
#1179 = EDGE_CURVE ( 'NONE', #2511, #3211, #661, .T. ) ;
#1180 = ORIENTED_EDGE ( 'NONE', *, *, #1448, .T. ) ;
#1181 = EDGE_LOOP ( 'NONE', ( #1345, #1140, #1920, #703 ) ) ;
#1182 = EDGE_CURVE ( 'NONE', #2188, #1461, #385, .T. ) ;
#1183 = CARTESIAN_POINT ( 'NONE',  ( -16.51000000000000156, -5.204748896376247001E-17, -7.500000000000000000 ) ) ;
#1184 = ORIENTED_EDGE ( 'NONE', *, *, #2199, .T. ) ;
#1185 = ORIENTED_EDGE ( 'NONE', *, *, #2847, .T. ) ;
#1186 = CARTESIAN_POINT ( 'NONE',  ( 15.65319436210239878, 0.000000000000000000, 5.406411661539461733 ) ) ;
#1187 = VECTOR ( 'NONE', #316, 1000.000000000000000 ) ;
#1188 = LINE ( 'NONE', #3110, #3124 ) ;
#1189 = FACE_OUTER_BOUND ( 'NONE', #1108, .T. ) ;
#1190 = CARTESIAN_POINT ( 'NONE',  ( 1.270000000000003793, 0.000000000000000000, -7.000000000000000888 ) ) ;
#1191 = EDGE_LOOP ( 'NONE', ( #724, #1422, #758, #278 ) ) ;
#1192 = CARTESIAN_POINT ( 'NONE',  ( 16.51000000000000867, -5.204748896376247001E-17, -7.999999999999996447 ) ) ;
#1193 = EDGE_LOOP ( 'NONE', ( #417, #995 ) ) ;
#1194 = FACE_OUTER_BOUND ( 'NONE', #2899, .T. ) ;
#1195 = VECTOR ( 'NONE', #2022, 1000.000000000000000 ) ;
#1196 = AXIS2_PLACEMENT_3D ( 'NONE', #3114, #1636, #660 ) ;
#1197 = EDGE_CURVE ( 'NONE', #527, #1779, #2814, .T. ) ;
#1198 = CIRCLE ( 'NONE', #929, 0.4999999999999970024 ) ;
#1199 = DIRECTION ( 'NONE',  ( 0.000000000000000000, 0.000000000000000000, 1.000000000000000000 ) ) ;
#1200 = EDGE_LOOP ( 'NONE', ( #1324, #1719, #1362, #2764 ) ) ;
#1201 = DIRECTION ( 'NONE',  ( -0.000000000000000000, 1.000000000000000000, -0.000000000000000000 ) ) ;
#1202 = VERTEX_POINT ( 'NONE', #369 ) ;
#1203 = EDGE_LOOP ( 'NONE', ( #2510, #1683, #945, #1485 ) ) ;
#1204 = DIRECTION ( 'NONE',  ( 0.000000000000000000, 0.000000000000000000, 1.000000000000000000 ) ) ;
#1205 = EDGE_CURVE ( 'NONE', #2811, #221, #2317, .T. ) ;
#1206 = FACE_BOUND ( 'NONE', #524, .T. ) ;
#1207 = DIRECTION ( 'NONE',  ( 0.000000000000000000, 0.000000000000000000, 1.000000000000000000 ) ) ;
#1208 = DIRECTION ( 'NONE',  ( 0.000000000000000000, 0.000000000000000000, 1.000000000000000000 ) ) ;
#1209 = VERTEX_POINT ( 'NONE', #1372 ) ;
#1210 = AXIS2_PLACEMENT_3D ( 'NONE', #1441, #2374, #2687 ) ;
#1211 = ORIENTED_EDGE ( 'NONE', *, *, #1724, .F. ) ;
#1212 = CARTESIAN_POINT ( 'NONE',  ( -1.156482317317872908E-15, -1.600000000000000089, -9.000000000000012434 ) ) ;
#1213 = CARTESIAN_POINT ( 'NONE',  ( 19.05000000000000782, -1.600000000000000755, -7.000000000000002665 ) ) ;
#1214 = EDGE_CURVE ( 'NONE', #2386, #556, #2180, .T. ) ;
#1215 = ORIENTED_EDGE ( 'NONE', *, *, #1768, .T. ) ;
#1216 = CARTESIAN_POINT ( 'NONE',  ( 18.29305882832230168, 1.600000000000000089, 0.000000000000000000 ) ) ;
#1217 = ORIENTED_EDGE ( 'NONE', *, *, #2438, .T. ) ;
#1218 = VERTEX_POINT ( 'NONE', #125 ) ;
#1219 = AXIS2_PLACEMENT_3D ( 'NONE', #1845, #3013, #3079 ) ;
#1220 = CARTESIAN_POINT ( 'NONE',  ( 16.51000000000001222, -1.600000000000000755, 7.500000000000000000 ) ) ;
#1221 = EDGE_CURVE ( 'NONE', #2354, #1729, #342, .T. ) ;
#1222 = CARTESIAN_POINT ( 'NONE',  ( -16.51000000000000156, -1.600000000000000755, -7.500000000000000000 ) ) ;
#1223 = CARTESIAN_POINT ( 'NONE',  ( 6.350000000000004974, -5.204748896376247001E-17, -7.000000000000000888 ) ) ;
#1224 = EDGE_LOOP ( 'NONE', ( #2861, #1481 ) ) ;
#1225 = PRESENTATION_STYLE_ASSIGNMENT (( #1492 ) ) ;
#1226 = LINE ( 'NONE', #947, #2452 ) ;
#1227 = ORIENTED_EDGE ( 'NONE', *, *, #2480, .T. ) ;
#1228 = DIRECTION ( 'NONE',  ( -0.000000000000000000, 1.000000000000000000, -0.000000000000000000 ) ) ;
#1229 = EDGE_LOOP ( 'NONE', ( #2455, #395, #3126, #808 ) ) ;
#1230 = ORIENTED_EDGE ( 'NONE', *, *, #275, .T. ) ;
#1231 = CARTESIAN_POINT ( 'NONE',  ( 6.350000000000004974, -5.204748896376247001E-17, -7.500000000000000000 ) ) ;
#1232 = ADVANCED_FACE ( 'NONE', ( #2072 ), #2829, .F. ) ;
#1233 = LINE ( 'NONE', #986, #185 ) ;
#1234 = CIRCLE ( 'NONE', #2002, 0.4999999999999987232 ) ;
#1235 = DIRECTION ( 'NONE',  ( 1.000000000000000000, -0.000000000000000000, 0.000000000000000000 ) ) ;
#1236 = CARTESIAN_POINT ( 'NONE',  ( 16.51000000000001222, -5.204748896376247001E-17, 7.000000000000002665 ) ) ;
#1237 = CARTESIAN_POINT ( 'NONE',  ( 8.890000000000005898, 0.000000000000000000, -7.999999999999998224 ) ) ;
#1238 = VECTOR ( 'NONE', #1847, 1000.000000000000000 ) ;
#1239 = DIRECTION ( 'NONE',  ( 0.000000000000000000, 0.000000000000000000, 1.000000000000000000 ) ) ;
#1240 = VERTEX_POINT ( 'NONE', #2054 ) ;
#1242 = EDGE_CURVE ( 'NONE', #176, #253, #3032, .T. ) ;
#1241 = PLANE ( 'NONE',  #2940 ) ;
#1243 = VERTEX_POINT ( 'NONE', #1741 ) ;
#1244 = ORIENTED_EDGE ( 'NONE', *, *, #1673, .T. ) ;
#1245 = DIRECTION ( 'NONE',  ( -0.000000000000000000, 1.000000000000000000, -0.000000000000000000 ) ) ;
#1246 = DIRECTION ( 'NONE',  ( 0.000000000000000000, 0.000000000000000000, 1.000000000000000000 ) ) ;
#1247 = CYLINDRICAL_SURFACE ( 'NONE', #60, 0.4999999999999970024 ) ;
#1248 = ORIENTED_EDGE ( 'NONE', *, *, #852, .F. ) ;
#1249 = PLANE ( 'NONE',  #2201 ) ;
#1250 = EDGE_CURVE ( 'NONE', #1039, #2640, #3146, .T. ) ;
#1251 = FACE_OUTER_BOUND ( 'NONE', #1512, .T. ) ;
#1252 = ORIENTED_EDGE ( 'NONE', *, *, #587, .F. ) ;
#1253 = LINE ( 'NONE', #2454, #501 ) ;
#1254 = ORIENTED_EDGE ( 'NONE', *, *, #34, .T. ) ;
#1255 = VECTOR ( 'NONE', #1401, 1000.000000000000000 ) ;
#1256 = ORIENTED_EDGE ( 'NONE', *, *, #115, .T. ) ;
#1257 = DIRECTION ( 'NONE',  ( 0.000000000000000000, 0.000000000000000000, 1.000000000000000000 ) ) ;
#1258 = EDGE_CURVE ( 'NONE', #513, #2395, #768, .T. ) ;
#1259 = DIRECTION ( 'NONE',  ( 0.000000000000000000, 0.000000000000000000, 1.000000000000000000 ) ) ;
#1260 = AXIS2_PLACEMENT_3D ( 'NONE', #2973, #273, #1279 ) ;
#1261 = DIRECTION ( 'NONE',  ( -0.000000000000000000, 1.000000000000000000, -0.000000000000000000 ) ) ;
#1262 = CARTESIAN_POINT ( 'NONE',  ( 13.97000000000000597, -1.600000000000000755, -7.500000000000000000 ) ) ;
#1263 = FACE_OUTER_BOUND ( 'NONE', #1944, .T. ) ;
#1264 = CARTESIAN_POINT ( 'NONE',  ( -11.42999999999999972, 0.000000000000000000, -7.999999999999998224 ) ) ;
#1265 = VERTEX_POINT ( 'NONE', #2945 ) ;
#1266 = PRODUCT_RELATED_PRODUCT_CATEGORY ( 'part', '', ( #178 ) ) ;
#1267 = EDGE_CURVE ( 'NONE', #2028, #1819, #523, .T. ) ;
#1268 = FACE_OUTER_BOUND ( 'NONE', #136, .T. ) ;
#1269 = ORIENTED_EDGE ( 'NONE', *, *, #2921, .T. ) ;
#1270 = STYLED_ITEM ( 'NONE', ( #1366 ), #574 ) ;
#1271 = ORIENTED_EDGE ( 'NONE', *, *, #79, .T. ) ;
#1272 = DIRECTION ( 'NONE',  ( -0.000000000000000000, 1.000000000000000000, -0.000000000000000000 ) ) ;
#1273 = EDGE_CURVE ( 'NONE', #2468, #1692, #509, .T. ) ;
#1274 = AXIS2_PLACEMENT_3D ( 'NONE', #1667, #1442, #3095 ) ;
#1275 = CYLINDRICAL_SURFACE ( 'NONE', #1433, 0.4999999999999987232 ) ;
#1276 = DIRECTION ( 'NONE',  ( -0.000000000000000000, 1.000000000000000000, -0.000000000000000000 ) ) ;
#1277 = CYLINDRICAL_SURFACE ( 'NONE', #1521, 0.4999999999999970024 ) ;
#1278 = VECTOR ( 'NONE', #1775, 1000.000000000000000 ) ;
#1279 = DIRECTION ( 'NONE',  ( 0.000000000000000000, 0.000000000000000000, 1.000000000000000000 ) ) ;
#1280 = EDGE_CURVE ( 'NONE', #116, #99, #666, .T. ) ;
#1281 = CARTESIAN_POINT ( 'NONE',  ( 13.97000000000000597, 0.000000000000000000, -7.500000000000000000 ) ) ;
#1282 = EDGE_LOOP ( 'NONE', ( #559, #7, #183, #904 ) ) ;
#1283 = CARTESIAN_POINT ( 'NONE',  ( 3.102575499813417181, 1.600000000000000089, -3.102575499813417625 ) ) ;
#1284 = ORIENTED_EDGE ( 'NONE', *, *, #17, .F. ) ;
#1285 = ORIENTED_EDGE ( 'NONE', *, *, #1273, .F. ) ;
#1286 = EDGE_LOOP ( 'NONE', ( #1252, #2227, #3141, #98 ) ) ;
#1287 = CARTESIAN_POINT ( 'NONE',  ( 18.29305882832230168, 1.600000000000000089, 5.406411661539461733 ) ) ;
#1288 = AXIS2_PLACEMENT_3D ( 'NONE', #308, #1574, #2113 ) ;
#1289 = VECTOR ( 'NONE', #525, 1000.000000000000000 ) ;
#1290 = VECTOR ( 'NONE', #2223, 1000.000000000000000 ) ;
#1291 = CARTESIAN_POINT ( 'NONE',  ( 1.270000000000003793, -1.600000000000000755, -7.500000000000000000 ) ) ;
#1292 = DIRECTION ( 'NONE',  ( -1.000000000000000000, 0.000000000000000000, -0.000000000000000000 ) ) ;
#1293 = ORIENTED_EDGE ( 'NONE', *, *, #2190, .T. ) ;
#1294 = CARTESIAN_POINT ( 'NONE',  ( 11.43000000000000682, -5.204748896376247001E-17, -7.500000000000000000 ) ) ;
#1295 = DIRECTION ( 'NONE',  ( -0.000000000000000000, 1.000000000000000000, -0.000000000000000000 ) ) ;
#1296 = ORIENTED_EDGE ( 'NONE', *, *, #862, .T. ) ;
#1297 = CYLINDRICAL_SURFACE ( 'NONE', #1386, 0.4999999999999987232 ) ;
#1298 = ORIENTED_EDGE ( 'NONE', *, *, #1112, .F. ) ;
#1299 = ORIENTED_EDGE ( 'NONE', *, *, #102, .T. ) ;
#1300 = ORIENTED_EDGE ( 'NONE', *, *, #1413, .T. ) ;
#1301 = CARTESIAN_POINT ( 'NONE',  ( -6.349999999999997868, -1.600000000000000755, -7.500000000000000000 ) ) ;
#1302 = AXIS2_PLACEMENT_3D ( 'NONE', #2909, #2177, #2632 ) ;
#1303 = CARTESIAN_POINT ( 'NONE',  ( 19.05000000000000782, 0.000000000000000000, -7.999999999999996447 ) ) ;
#1304 = CYLINDRICAL_SURFACE ( 'NONE', #963, 0.4999999999999987232 ) ;
#1305 = DIRECTION ( 'NONE',  ( 0.000000000000000000, 1.000000000000000000, -0.000000000000000000 ) ) ;
#1306 = AXIS2_PLACEMENT_3D ( 'NONE', #1811, #568, #1570 ) ;
#1307 = ADVANCED_FACE ( 'NONE', ( #276 ), #1511, .F. ) ;
#1308 = FACE_BOUND ( 'NONE', #1896, .T. ) ;
#1309 = CARTESIAN_POINT ( 'NONE',  ( -6.349999999999997868, -1.600000000000000755, -7.999999999999996447 ) ) ;
#1310 = ORIENTED_EDGE ( 'NONE', *, *, #2425, .F. ) ;
#1311 = VECTOR ( 'NONE', #1100, 1000.000000000000000 ) ;
#1312 = DIRECTION ( 'NONE',  ( -0.000000000000000000, 1.000000000000000000, -0.000000000000000000 ) ) ;
#1313 = LINE ( 'NONE', #1784, #239 ) ;
#1314 = ORIENTED_EDGE ( 'NONE', *, *, #899, .F. ) ;
#1315 = ORIENTED_EDGE ( 'NONE', *, *, #1175, .T. ) ;
#1316 = EDGE_LOOP ( 'NONE', ( #416, #2784, #1828, #1184 ) ) ;
#1317 = DIRECTION ( 'NONE',  ( -0.000000000000000000, 1.000000000000000000, -0.000000000000000000 ) ) ;
#1318 = CARTESIAN_POINT ( 'NONE',  ( -11.42999999999999616, -1.600000000000000755, 7.500000000000000000 ) ) ;
#1319 = DIRECTION ( 'NONE',  ( 0.000000000000000000, 0.000000000000000000, 1.000000000000000000 ) ) ;
#1320 = EDGE_CURVE ( 'NONE', #21, #2766, #1549, .T. ) ;
#1321 = CIRCLE ( 'NONE', #1121, 0.4999999999999987232 ) ;
#1322 = FACE_BOUND ( 'NONE', #1998, .T. ) ;
#1323 = FACE_BOUND ( 'NONE', #152, .T. ) ;
#1324 = ORIENTED_EDGE ( 'NONE', *, *, #2081, .F. ) ;
#1325 = CARTESIAN_POINT ( 'NONE',  ( 16.51000000000001222, -5.204748896376247001E-17, 7.500000000000000000 ) ) ;
#1326 = FACE_OUTER_BOUND ( 'NONE', #1143, .T. ) ;
#1327 = DIRECTION ( 'NONE',  ( 0.000000000000000000, 1.000000000000000000, -0.000000000000000000 ) ) ;
#1328 = ORIENTED_EDGE ( 'NONE', *, *, #1575, .T. ) ;
#1329 = ORIENTED_EDGE ( 'NONE', *, *, #2572, .T. ) ;
#1330 = ORIENTED_EDGE ( 'NONE', *, *, #2242, .T. ) ;
#1331 = CARTESIAN_POINT ( 'NONE',  ( -6.349999999999994316, -1.600000000000000755, 7.000000000000001776 ) ) ;
#1332 = CIRCLE ( 'NONE', #2682, 0.4999999999999987232 ) ;
#1333 = EDGE_CURVE ( 'NONE', #2811, #965, #1994, .T. ) ;
#1334 = DIRECTION ( 'NONE',  ( -0.000000000000000000, 1.000000000000000000, -0.000000000000000000 ) ) ;
#1335 = LINE ( 'NONE', #2790, #114 ) ;
#1336 = AXIS2_PLACEMENT_3D ( 'NONE', #1623, #2299, #1606 ) ;
#1337 = FACE_BOUND ( 'NONE', #2070, .T. ) ;
#1338 = CARTESIAN_POINT ( 'NONE',  ( 0.000000000000000000, 1.600000000000000089, 5.406411661539461733 ) ) ;
#1339 = DIRECTION ( 'NONE',  ( 0.000000000000000000, 0.000000000000000000, 1.000000000000000000 ) ) ;
#1340 = CARTESIAN_POINT ( 'NONE',  ( 8.890000000000009450, -1.600000000000000755, 7.500000000000000000 ) ) ;
#1341 = ORIENTED_EDGE ( 'NONE', *, *, #2253, .T. ) ;
#1342 = DIRECTION ( 'NONE',  ( 0.000000000000000000, 0.000000000000000000, 1.000000000000000000 ) ) ;
#1343 = EDGE_CURVE ( 'NONE', #1457, #738, #1198, .T. ) ;
#1344 = CARTESIAN_POINT ( 'NONE',  ( -11.42999999999999616, 0.000000000000000000, 7.500000000000000000 ) ) ;
#1345 = ORIENTED_EDGE ( 'NONE', *, *, #3138, .F. ) ;
#1346 = VERTEX_POINT ( 'NONE', #2463 ) ;
#1347 = ORIENTED_EDGE ( 'NONE', *, *, #447, .T. ) ;
#1349 = AXIS2_PLACEMENT_3D ( 'NONE', #3026, #71, #1824 ) ;
#1348 = CYLINDRICAL_SURFACE ( 'NONE', #1851, 0.4999999999999987232 ) ;
#1350 = DIRECTION ( 'NONE',  ( -0.000000000000000000, 1.000000000000000000, -0.000000000000000000 ) ) ;
#1351 = CARTESIAN_POINT ( 'NONE',  ( -13.96999999999999709, -1.600000000000000755, 7.500000000000000000 ) ) ;
#1352 = EDGE_CURVE ( 'NONE', #1787, #2766, #232, .T. ) ;
#1353 = DIRECTION ( 'NONE',  ( -0.000000000000000000, 1.000000000000000000, -0.000000000000000000 ) ) ;
#1354 = DIRECTION ( 'NONE',  ( 0.000000000000000000, 0.000000000000000000, 1.000000000000000000 ) ) ;
#1355 = SURFACE_SIDE_STYLE ('',( #3031 ) ) ;
#1356 = DIRECTION ( 'NONE',  ( 0.000000000000000000, 0.000000000000000000, -1.000000000000000000 ) ) ;
#1357 = CYLINDRICAL_SURFACE ( 'NONE', #1288, 0.4999999999999987232 ) ;
#1358 = CIRCLE ( 'NONE', #786, 0.4999999999999970024 ) ;
#1359 = ORIENTED_EDGE ( 'NONE', *, *, #2261, .T. ) ;
#1360 = ADVANCED_FACE ( 'NONE', ( #1526 ), #1022, .F. ) ;
#1361 = VERTEX_POINT ( 'NONE', #262 ) ;
#1362 = ORIENTED_EDGE ( 'NONE', *, *, #2550, .T. ) ;
#1363 = DIRECTION ( 'NONE',  ( 1.000000000000000000, -0.000000000000000000, 0.000000000000000000 ) ) ;
#1364 = EDGE_CURVE ( 'NONE', #2424, #3204, #611, .T. ) ;
#1365 = DIRECTION ( 'NONE',  ( 0.7071067811865474617, 0.000000000000000000, 0.7071067811865474617 ) ) ;
#1366 = PRESENTATION_STYLE_ASSIGNMENT (( #365 ) ) ;
#1367 = EDGE_CURVE ( 'NONE', #807, #151, #2763, .T. ) ;
#1368 = PLANE ( 'NONE',  #2538 ) ;
#1369 = FACE_BOUND ( 'NONE', #2542, .T. ) ;
#1370 = CARTESIAN_POINT ( 'NONE',  ( 15.65319436210239878, 1.600000000000000089, 0.6925855535203084834 ) ) ;
#1371 = VECTOR ( 'NONE', #242, 1000.000000000000000 ) ;
#1372 = CARTESIAN_POINT ( 'NONE',  ( -19.05000000000000071, -1.600000000000000755, -7.999999999999996447 ) ) ;
#1373 = DIRECTION ( 'NONE',  ( -0.000000000000000000, 1.000000000000000000, -0.000000000000000000 ) ) ;
#1374 = EDGE_CURVE ( 'NONE', #2272, #3147, #2226, .T. ) ;
#1375 = LINE ( 'NONE', #596, #1857 ) ;
#1376 = EDGE_CURVE ( 'NONE', #3204, #2424, #2008, .T. ) ;
#1377 = ORIENTED_EDGE ( 'NONE', *, *, #1695, .T. ) ;
#1378 = VERTEX_POINT ( 'NONE', #774 ) ;
#1379 = ORIENTED_EDGE ( 'NONE', *, *, #2139, .T. ) ;
#1380 = CARTESIAN_POINT ( 'NONE',  ( 0.000000000000000000, 0.000000000000000000, 0.000000000000000000 ) ) ;
#1381 = EDGE_LOOP ( 'NONE', ( #2644, #2912, #233, #1515 ) ) ;
#1382 = CYLINDRICAL_SURFACE ( 'NONE', #2074, 0.4999999999999987232 ) ;
#1383 = CARTESIAN_POINT ( 'NONE',  ( -13.96999999999999709, -1.600000000000000755, 7.999999999999998224 ) ) ;
#1384 = DIRECTION ( 'NONE',  ( -0.000000000000000000, 1.000000000000000000, -0.000000000000000000 ) ) ;
#1385 = DIRECTION ( 'NONE',  ( 0.7071067811865475727, 0.000000000000000000, -0.7071067811865475727 ) ) ;
#1386 = AXIS2_PLACEMENT_3D ( 'NONE', #279, #35, #1800 ) ;
#1387 = CARTESIAN_POINT ( 'NONE',  ( 6.350000000000008527, 0.000000000000000000, 7.999999999999998224 ) ) ;
#1388 = VERTEX_POINT ( 'NONE', #248 ) ;
#1389 = LINE ( 'NONE', #2363, #2475 ) ;
#1390 = VECTOR ( 'NONE', #16, 1000.000000000000000 ) ;
#1391 = UNCERTAINTY_MEASURE_WITH_UNIT (LENGTH_MEASURE( 1.000000000000000082E-05 ), #1871, 'distance_accuracy_value', 'NONE');
#1392 = ORIENTED_EDGE ( 'NONE', *, *, #2746, .T. ) ;
#1393 = DIRECTION ( 'NONE',  ( 0.000000000000000000, 0.000000000000000000, 1.000000000000000000 ) ) ;
#1394 = CARTESIAN_POINT ( 'NONE',  ( -8.889999999999995239, -1.600000000000000755, 7.000000000000000888 ) ) ;
#1395 = ORIENTED_EDGE ( 'NONE', *, *, #463, .F. ) ;
#1396 = ORIENTED_EDGE ( 'NONE', *, *, #3185, .T. ) ;
#1397 = SURFACE_SIDE_STYLE ('',( #1438 ) ) ;
#1398 = ORIENTED_EDGE ( 'NONE', *, *, #1763, .T. ) ;
#1399 = CIRCLE ( 'NONE', #2187, 0.4999999999999987232 ) ;
#1400 = CARTESIAN_POINT ( 'NONE',  ( -8.889999999999998792, 0.000000000000000000, -7.500000000000000000 ) ) ;
#1401 = DIRECTION ( 'NONE',  ( -0.000000000000000000, -1.000000000000000000, -0.000000000000000000 ) ) ;
#1402 = DIRECTION ( 'NONE',  ( -0.000000000000000000, 1.000000000000000000, -0.000000000000000000 ) ) ;
#1403 = DIRECTION ( 'NONE',  ( 0.000000000000000000, 0.000000000000000000, 1.000000000000000000 ) ) ;
#1404 = ADVANCED_FACE ( 'NONE', ( #749 ), #293, .F. ) ;
#1405 = DIRECTION ( 'NONE',  ( 0.000000000000000000, 0.000000000000000000, 1.000000000000000000 ) ) ;
#1406 = ORIENTED_EDGE ( 'NONE', *, *, #1448, .F. ) ;
#1407 = CARTESIAN_POINT ( 'NONE',  ( 3.102575499813417181, 0.000000000000000000, -3.102575499813417625 ) ) ;
#1408 = ADVANCED_FACE ( 'NONE', ( #1251 ), #1769, .F. ) ;
#1409 = EDGE_CURVE ( 'NONE', #2395, #513, #1450, .T. ) ;
#1410 = ORIENTED_EDGE ( 'NONE', *, *, #376, .T. ) ;
#1411 = DIRECTION ( 'NONE',  ( 0.000000000000000000, 0.000000000000000000, 1.000000000000000000 ) ) ;
#1412 = CIRCLE ( 'NONE', #2906, 0.4999999999999987232 ) ;
#1413 = EDGE_CURVE ( 'NONE', #1008, #2289, #288, .T. ) ;
#1414 = CARTESIAN_POINT ( 'NONE',  ( 15.65319436210239878, 1.600000000000000089, 0.000000000000000000 ) ) ;
#1415 = AXIS2_PLACEMENT_3D ( 'NONE', #2924, #448, #1899 ) ;
#1416 = CIRCLE ( 'NONE', #456, 0.4999999999999987232 ) ;
#1417 = ORIENTED_EDGE ( 'NONE', *, *, #1106, .T. ) ;
#1418 = ORIENTED_EDGE ( 'NONE', *, *, #2655, .F. ) ;
#1419 = CIRCLE ( 'NONE', #2401, 0.4999999999999970024 ) ;
#1420 = LINE ( 'NONE', #2406, #2718 ) ;
#1421 = ORIENTED_EDGE ( 'NONE', *, *, #1978, .F. ) ;
#1422 = ORIENTED_EDGE ( 'NONE', *, *, #502, .T. ) ;
#1423 = DIRECTION ( 'NONE',  ( 0.000000000000000000, 0.000000000000000000, 1.000000000000000000 ) ) ;
#1424 = CARTESIAN_POINT ( 'NONE',  ( 3.810000000000004494, -1.600000000000000755, -7.000000000000001776 ) ) ;
#1425 = PLANE ( 'NONE',  #1878 ) ;
#1426 = ADVANCED_FACE ( 'NONE', ( #1326 ), #573, .F. ) ;
#1427 = DIRECTION ( 'NONE',  ( 0.000000000000000000, 0.000000000000000000, 1.000000000000000000 ) ) ;
#1428 = ORIENTED_EDGE ( 'NONE', *, *, #2315, .T. ) ;
#1429 = DIRECTION ( 'NONE',  ( 0.000000000000000000, 0.000000000000000000, 1.000000000000000000 ) ) ;
#1430 = VERTEX_POINT ( 'NONE', #2537 ) ;
#1431 = CARTESIAN_POINT ( 'NONE',  ( 15.65319436210239878, 1.600000000000000089, -0.6925855535203084834 ) ) ;
#1432 = VECTOR ( 'NONE', #1235, 1000.000000000000000 ) ;
#1433 = AXIS2_PLACEMENT_3D ( 'NONE', #2939, #1736, #473 ) ;
#1434 = PLANE ( 'NONE',  #2807 ) ;
#1435 = ADVANCED_FACE ( 'NONE', ( #2073 ), #2815, .F. ) ;
#1436 = ORIENTED_EDGE ( 'NONE', *, *, #2086, .F. ) ;
#1437 = EDGE_LOOP ( 'NONE', ( #1744, #685 ) ) ;
#1438 = SURFACE_STYLE_FILL_AREA ( #2169 ) ;
#1439 = ORIENTED_EDGE ( 'NONE', *, *, #305, .T. ) ;
#1440 = ORIENTED_EDGE ( 'NONE', *, *, #1376, .F. ) ;
#1441 = CARTESIAN_POINT ( 'NONE',  ( -16.50999999999999801, 0.000000000000000000, 7.500000000000000000 ) ) ;
#1442 = DIRECTION ( 'NONE',  ( -0.7071067811865475727, 0.000000000000000000, -0.7071067811865475727 ) ) ;
#1443 = DIRECTION ( 'NONE',  ( 0.000000000000000000, 0.000000000000000000, 1.000000000000000000 ) ) ;
#1444 = CIRCLE ( 'NONE', #718, 0.4999999999999987232 ) ;
#1445 = CARTESIAN_POINT ( 'NONE',  ( -11.42999999999999616, -1.600000000000000755, 7.500000000000000000 ) ) ;
#1446 = EDGE_LOOP ( 'NONE', ( #709, #1049, #171, #47 ) ) ;
#1447 = VERTEX_POINT ( 'NONE', #1833 ) ;
#1448 = EDGE_CURVE ( 'NONE', #2999, #2441, #1375, .T. ) ;
#1449 = CARTESIAN_POINT ( 'NONE',  ( 1.270000000000007123, -5.204748896376247001E-17, 7.000000000000000888 ) ) ;
#1450 = CIRCLE ( 'NONE', #1082, 0.4999999999999978351 ) ;
#1451 = AXIS2_PLACEMENT_3D ( 'NONE', #2636, #2437, #409 ) ;
#1452 = DIRECTION ( 'NONE',  ( -0.000000000000000000, 1.000000000000000000, -0.000000000000000000 ) ) ;
#1453 = VERTEX_POINT ( 'NONE', #326 ) ;
#1454 = ADVANCED_FACE ( 'NONE', ( #2316 ), #1590, .T. ) ;
#1455 = DIRECTION ( 'NONE',  ( -0.000000000000000000, 1.000000000000000000, -0.000000000000000000 ) ) ;
#1456 = EDGE_LOOP ( 'NONE', ( #225, #330, #1296, #252 ) ) ;
#1457 = VERTEX_POINT ( 'NONE', #341 ) ;
#1458 = CYLINDRICAL_SURFACE ( 'NONE', #1970, 0.4999999999999987232 ) ;
#1459 = DIRECTION ( 'NONE',  ( 0.000000000000000000, 0.000000000000000000, 1.000000000000000000 ) ) ;
#1460 = DIRECTION ( 'NONE',  ( -0.000000000000000000, 1.000000000000000000, -0.000000000000000000 ) ) ;
#1461 = VERTEX_POINT ( 'NONE', #3036 ) ;
#1462 = DIRECTION ( 'NONE',  ( 1.000000000000000000, -0.000000000000000000, 0.000000000000000000 ) ) ;
#1463 = CIRCLE ( 'NONE', #996, 0.4999999999999987232 ) ;
#1464 = DIRECTION ( 'NONE',  ( 1.000000000000000000, 0.000000000000000000, 0.000000000000000000 ) ) ;
#1465 = ADVANCED_FACE ( 'NONE', ( #2845 ), #2603, .F. ) ;
#1466 = ORIENTED_EDGE ( 'NONE', *, *, #3049, .F. ) ;
#1467 = CIRCLE ( 'NONE', #46, 0.4999999999999987232 ) ;
#1468 = CARTESIAN_POINT ( 'NONE',  ( -13.97000000000000064, 0.000000000000000000, -7.000000000000000888 ) ) ;
#1469 = VERTEX_POINT ( 'NONE', #629 ) ;
#1470 = ORIENTED_EDGE ( 'NONE', *, *, #2405, .T. ) ;
#1471 = CIRCLE ( 'NONE', #577, 0.4999999999999970024 ) ;
#1472 = CARTESIAN_POINT ( 'NONE',  ( 0.000000000000000000, 0.000000000000000000, 0.000000000000000000 ) ) ;
#1473 = CARTESIAN_POINT ( 'NONE',  ( -16.51000000000000156, 0.000000000000000000, -7.999999999999996447 ) ) ;
#1474 = EDGE_CURVE ( 'NONE', #217, #1608, #2224, .T. ) ;
#1475 = CARTESIAN_POINT ( 'NONE',  ( 11.43000000000001037, -5.204748896376247001E-17, 7.500000000000000000 ) ) ;
#1476 = CARTESIAN_POINT ( 'NONE',  ( -3.809999999999993836, -1.600000000000000755, 7.000000000000000888 ) ) ;
#1477 = CARTESIAN_POINT ( 'NONE',  ( 0.000000000000000000, 0.000000000000000000, -5.406411661539461733 ) ) ;
#1478 = EDGE_CURVE ( 'NONE', #2276, #2441, #1805, .T. ) ;
#1479 = AXIS2_PLACEMENT_3D ( 'NONE', #2892, #677, #1669 ) ;
#1480 = CARTESIAN_POINT ( 'NONE',  ( -20.91044565852956083, 0.000000000000000000, 4.242748111540175948 ) ) ;
#1481 = ORIENTED_EDGE ( 'NONE', *, *, #1593, .F. ) ;
#1482 = AXIS2_PLACEMENT_3D ( 'NONE', #2770, #811, #583 ) ;
#1483 = DIRECTION ( 'NONE',  ( 1.000000000000000000, 0.000000000000000000, 0.000000000000000000 ) ) ;
#1484 = EDGE_LOOP ( 'NONE', ( #3191, #2615, #1330, #3133 ) ) ;
#1485 = ORIENTED_EDGE ( 'NONE', *, *, #1003, .T. ) ;
#1486 = DIRECTION ( 'NONE',  ( 0.000000000000000000, 0.000000000000000000, 1.000000000000000000 ) ) ;
#1487 = CARTESIAN_POINT ( 'NONE',  ( -3.809999999999993836, -5.204748896376247001E-17, 7.500000000000000000 ) ) ;
#1488 = CIRCLE ( 'NONE', #2165, 0.4999999999999970024 ) ;
#1489 = FACE_OUTER_BOUND ( 'NONE', #1200, .T. ) ;
#1490 = DIRECTION ( 'NONE',  ( 1.000000000000000000, 0.000000000000000000, 0.000000000000000000 ) ) ;
#1491 = CARTESIAN_POINT ( 'NONE',  ( 0.000000000000000000, 1.600000000000000089, 5.406411661539461733 ) ) ;
#1492 = SURFACE_STYLE_USAGE ( .BOTH. , #218 ) ;
#1493 = AXIS2_PLACEMENT_3D ( 'NONE', #1762, #2740, #1111 ) ;
#1494 = DIRECTION ( 'NONE',  ( -0.000000000000000000, 1.000000000000000000, -0.000000000000000000 ) ) ;
#1495 = AXIS2_PLACEMENT_3D ( 'NONE', #2949, #1997, #2466 ) ;
#1497 = EDGE_CURVE ( 'NONE', #2205, #1469, #240, .T. ) ;
#1496 = ORIENTED_EDGE ( 'NONE', *, *, #2384, .F. ) ;
#1498 = AXIS2_PLACEMENT_3D ( 'NONE', #555, #2093, #856 ) ;
#1499 = LINE ( 'NONE', #1216, #3194 ) ;
#1500 = EDGE_LOOP ( 'NONE', ( #267, #3136 ) ) ;
#1501 = ORIENTED_EDGE ( 'NONE', *, *, #9, .F. ) ;
#1502 = LINE ( 'NONE', #2967, #88 ) ;
#1503 = CARTESIAN_POINT ( 'NONE',  ( 1.270000000000007123, 0.000000000000000000, 7.999999999999998224 ) ) ;
#1504 = CARTESIAN_POINT ( 'NONE',  ( -19.04999999999999716, -1.600000000000000755, 7.500000000000000000 ) ) ;
#1505 = DIRECTION ( 'NONE',  ( 0.000000000000000000, 0.000000000000000000, -1.000000000000000000 ) ) ;
#1506 = CARTESIAN_POINT ( 'NONE',  ( 0.000000000000000000, 1.600000000000000089, 0.000000000000000000 ) ) ;
#1507 = ADVANCED_FACE ( 'NONE', ( #1104 ), #1357, .F. ) ;
#1508 = AXIS2_PLACEMENT_3D ( 'NONE', #2700, #529, #2725 ) ;
#1509 = ADVANCED_FACE ( 'NONE', ( #45 ), #3067, .F. ) ;
#1510 = EDGE_CURVE ( 'NONE', #1361, #2509, #2938, .T. ) ;
#1511 = CYLINDRICAL_SURFACE ( 'NONE', #129, 0.4999999999999987232 ) ;
#1512 = EDGE_LOOP ( 'NONE', ( #1298, #2724, #1931, #143 ) ) ;
#1513 = EDGE_CURVE ( 'NONE', #1985, #1787, #3037, .T. ) ;
#1514 = CYLINDRICAL_SURFACE ( 'NONE', #391, 0.4999999999999987232 ) ;
#1515 = ORIENTED_EDGE ( 'NONE', *, *, #2405, .F. ) ;
#1516 = AXIS2_PLACEMENT_3D ( 'NONE', #401, #2391, #1631 ) ;
#1517 = ORIENTED_EDGE ( 'NONE', *, *, #372, .T. ) ;
#1518 = CARTESIAN_POINT ( 'NONE',  ( 18.29305882832230168, 0.000000000000000000, 5.406411661539461733 ) ) ;
#1519 = CARTESIAN_POINT ( 'NONE',  ( 16.51000000000000867, -5.204748896376247001E-17, -7.000000000000002665 ) ) ;
#1520 = AXIS2_PLACEMENT_3D ( 'NONE', #2631, #2431, #124 ) ;
#1521 = AXIS2_PLACEMENT_3D ( 'NONE', #2266, #28, #2005 ) ;
#1522 = DIRECTION ( 'NONE',  ( 0.000000000000000000, 0.000000000000000000, -1.000000000000000000 ) ) ;
#1523 = FACE_BOUND ( 'NONE', #2900, .T. ) ;
#1524 = EDGE_CURVE ( 'NONE', #1772, #2511, #1122, .T. ) ;
#1525 = CARTESIAN_POINT ( 'NONE',  ( -20.91044565852956083, 0.000000000000000000, -4.242748111540175948 ) ) ;
#1526 = FACE_OUTER_BOUND ( 'NONE', #1662, .T. ) ;
#1527 = ORIENTED_EDGE ( 'NONE', *, *, #2637, .F. ) ;
#1528 = ADVANCED_FACE ( 'NONE', ( #1932 ), #2382, .F. ) ;
#1529 = CARTESIAN_POINT ( 'NONE',  ( 1.750000000000000666, 0.000000000000000000, 4.455150999626834363 ) ) ;
#1530 = VERTEX_POINT ( 'NONE', #960 ) ;
#1531 = AXIS2_PLACEMENT_3D ( 'NONE', #2759, #3197, #987 ) ;
#1532 = ORIENTED_EDGE ( 'NONE', *, *, #1088, .T. ) ;
#1533 = ORIENTED_EDGE ( 'NONE', *, *, #329, .F. ) ;
#1534 = DIRECTION ( 'NONE',  ( 0.000000000000000000, 0.000000000000000000, 1.000000000000000000 ) ) ;
#1535 = AXIS2_PLACEMENT_3D ( 'NONE', #423, #2125, #1632 ) ;
#1536 = DIRECTION ( 'NONE',  ( -0.000000000000000000, 1.000000000000000000, -0.000000000000000000 ) ) ;
#1537 = CARTESIAN_POINT ( 'NONE',  ( 3.810000000000004494, -1.600000000000000755, -7.999999999999996447 ) ) ;
#1538 = DIRECTION ( 'NONE',  ( -0.000000000000000000, 1.000000000000000000, -0.000000000000000000 ) ) ;
#1539 = ADVANCED_FACE ( 'NONE', ( #3172 ), #2418, .F. ) ;
#1540 = DIRECTION ( 'NONE',  ( -0.000000000000000000, 1.000000000000000000, -0.000000000000000000 ) ) ;
#1541 = CIRCLE ( 'NONE', #127, 0.4999999999999987232 ) ;
#1542 = ORIENTED_EDGE ( 'NONE', *, *, #1898, .F. ) ;
#1543 = CYLINDRICAL_SURFACE ( 'NONE', #928, 0.4999999999999970024 ) ;
#1544 = ORIENTED_EDGE ( 'NONE', *, *, #2082, .F. ) ;
#1545 = ADVANCED_FACE ( 'NONE', ( #430 ), #1947, .T. ) ;
#1546 = ORIENTED_EDGE ( 'NONE', *, *, #2097, .T. ) ;
#1547 = EDGE_LOOP ( 'NONE', ( #2698, #558, #1299, #3072 ) ) ;
#1548 = LINE ( 'NONE', #2823, #23 ) ;
#1549 = CIRCLE ( 'NONE', #549, 0.4999999999999987232 ) ;
#1550 = CIRCLE ( 'NONE', #2626, 0.4999999999999970024 ) ;
#1551 = AXIS2_PLACEMENT_3D ( 'NONE', #1212, #187, #2621 ) ;
#1552 = DIRECTION ( 'NONE',  ( -0.000000000000000000, 1.000000000000000000, -0.000000000000000000 ) ) ;
#1553 = FACE_OUTER_BOUND ( 'NONE', #2275, .T. ) ;
#1554 = FACE_BOUND ( 'NONE', #2098, .T. ) ;
#1555 = FACE_BOUND ( 'NONE', #471, .T. ) ;
#1556 = CARTESIAN_POINT ( 'NONE',  ( -6.349999999999997868, -1.600000000000000755, -7.500000000000000000 ) ) ;
#1557 = AXIS2_PLACEMENT_3D ( 'NONE', #637, #2667, #3107 ) ;
#1558 = CARTESIAN_POINT ( 'NONE',  ( 15.65319436210239878, 0.000000000000000000, -5.406411661539461733 ) ) ;
#1559 = VERTEX_POINT ( 'NONE', #1431 ) ;
#1560 = EDGE_CURVE ( 'NONE', #2186, #3021, #983, .T. ) ;
#1561 = VERTEX_POINT ( 'NONE', #717 ) ;
#1562 = ORIENTED_EDGE ( 'NONE', *, *, #2650, .T. ) ;
#1563 = DIRECTION ( 'NONE',  ( -0.000000000000000000, 1.000000000000000000, -0.000000000000000000 ) ) ;
#1564 = AXIS2_PLACEMENT_3D ( 'NONE', #1651, #1943, #696 ) ;
#1565 = DIRECTION ( 'NONE',  ( 0.000000000000000000, 0.000000000000000000, 1.000000000000000000 ) ) ;
#1566 = FACE_BOUND ( 'NONE', #2130, .T. ) ;
#1567 = VECTOR ( 'NONE', #2843, 1000.000000000000000 ) ;
#1568 = FACE_BOUND ( 'NONE', #2015, .T. ) ;
#1569 = ORIENTED_EDGE ( 'NONE', *, *, #2470, .F. ) ;
#1570 = DIRECTION ( 'NONE',  ( 0.000000000000000000, 0.000000000000000000, 1.000000000000000000 ) ) ;
#1571 = DIRECTION ( 'NONE',  ( -0.000000000000000000, 1.000000000000000000, -0.000000000000000000 ) ) ;
#1572 = VERTEX_POINT ( 'NONE', #2400 ) ;
#1573 = VECTOR ( 'NONE', #3118, 1000.000000000000000 ) ;
#1574 = DIRECTION ( 'NONE',  ( -0.000000000000000000, 1.000000000000000000, -0.000000000000000000 ) ) ;
#1575 = EDGE_CURVE ( 'NONE', #3039, #186, #128, .T. ) ;
#1576 = CARTESIAN_POINT ( 'NONE',  ( -6.349999999999997868, 0.000000000000000000, -7.000000000000000888 ) ) ;
#1577 = ORIENTED_EDGE ( 'NONE', *, *, #1724, .T. ) ;
#1578 = EDGE_LOOP ( 'NONE', ( #542, #3030 ) ) ;
#1579 = ORIENTED_EDGE ( 'NONE', *, *, #1376, .T. ) ;
#1580 = DIRECTION ( 'NONE',  ( 0.000000000000000000, 0.000000000000000000, 1.000000000000000000 ) ) ;
#1581 = COLOUR_RGB ( '',0.7921568627450980005, 0.8196078431372548767, 0.9333333333333333481 ) ;
#1582 = LINE ( 'NONE', #1303, #1187 ) ;
#1583 = FILL_AREA_STYLE_COLOUR ( '', #1581 ) ;
#1584 = CIRCLE ( 'NONE', #2413, 0.4999999999999970024 ) ;
#1585 = FACE_BOUND ( 'NONE', #2290, .T. ) ;
#1586 = CARTESIAN_POINT ( 'NONE',  ( 1.270000000000003793, -5.204748896376247001E-17, -7.000000000000000888 ) ) ;
#1587 = LINE ( 'NONE', #2313, #1776 ) ;
#1588 = ADVANCED_FACE ( 'NONE', ( #1194 ), #2182, .F. ) ;
#1589 = CARTESIAN_POINT ( 'NONE',  ( -13.96999999999999709, -5.204748896376247001E-17, 7.999999999999998224 ) ) ;
#1590 = PLANE ( 'NONE',  #2270 ) ;
#1591 = PLANE ( 'NONE',  #193 ) ;
#1592 = VERTEX_POINT ( 'NONE', #1449 ) ;
#1593 = EDGE_CURVE ( 'NONE', #965, #1163, #1139, .T. ) ;
#1594 = VERTEX_POINT ( 'NONE', #2695 ) ;
#1595 = ORIENTED_EDGE ( 'NONE', *, *, #735, .F. ) ;
#1596 = CARTESIAN_POINT ( 'NONE',  ( -8.889999999999998792, -5.204748896376247001E-17, -7.500000000000000000 ) ) ;
#1597 = CARTESIAN_POINT ( 'NONE',  ( 11.43000000000000682, -5.204748896376247001E-17, -7.000000000000000888 ) ) ;
#1598 = DIRECTION ( 'NONE',  ( 0.000000000000000000, 0.000000000000000000, 1.000000000000000000 ) ) ;
#1599 = AXIS2_PLACEMENT_3D ( 'NONE', #63, #2557, #2539 ) ;
#1600 = AXIS2_PLACEMENT_3D ( 'NONE', #2163, #1694, #927 ) ;
#1601 = DIRECTION ( 'NONE',  ( -0.000000000000000000, 1.000000000000000000, -0.000000000000000000 ) ) ;
#1602 = CARTESIAN_POINT ( 'NONE',  ( 0.000000000000000000, 0.000000000000000000, 5.406411661539461733 ) ) ;
#1603 = CARTESIAN_POINT ( 'NONE',  ( -13.97000000000000064, -1.600000000000000755, -7.999999999999998224 ) ) ;
#1604 = DIRECTION ( 'NONE',  ( -0.000000000000000000, 1.000000000000000000, -0.000000000000000000 ) ) ;
#1605 = DIRECTION ( 'NONE',  ( 0.000000000000000000, 0.000000000000000000, 1.000000000000000000 ) ) ;
#1606 = DIRECTION ( 'NONE',  ( 0.000000000000000000, 0.000000000000000000, 1.000000000000000000 ) ) ;
#1607 = EDGE_CURVE ( 'NONE', #2606, #458, #1713, .T. ) ;
#1608 = VERTEX_POINT ( 'NONE', #3156 ) ;
#1609 = ADVANCED_FACE ( 'NONE', ( #2366 ), #204, .F. ) ;
#1610 = ORIENTED_EDGE ( 'NONE', *, *, #2708, .T. ) ;
#1611 = VERTEX_POINT ( 'NONE', #1138 ) ;
#1613 = CIRCLE ( 'NONE', #205, 0.4999999999999987232 ) ;
#1612 = CYLINDRICAL_SURFACE ( 'NONE', #2267, 0.4999999999999987232 ) ;
#1614 = CARTESIAN_POINT ( 'NONE',  ( 19.05000000000000782, -5.204748896376247001E-17, -7.999999999999996447 ) ) ;
#1615 = CARTESIAN_POINT ( 'NONE',  ( -6.349999999999994316, 0.000000000000000000, 7.000000000000000888 ) ) ;
#1616 = ADVANCED_FACE ( 'NONE', ( #2914 ), #700, .F. ) ;
#1617 = VECTOR ( 'NONE', #2105, 1000.000000000000000 ) ;
#1618 = FACE_BOUND ( 'NONE', #2575, .T. ) ;
#1619 = DIRECTION ( 'NONE',  ( -0.000000000000000000, 1.000000000000000000, -0.000000000000000000 ) ) ;
#1620 = LINE ( 'NONE', #3151, #1567 ) ;
#1621 = DIRECTION ( 'NONE',  ( -0.000000000000000000, 1.000000000000000000, -0.000000000000000000 ) ) ;
#1622 = VECTOR ( 'NONE', #2569, 1000.000000000000000 ) ;
#1623 = CARTESIAN_POINT ( 'NONE',  ( -19.05000000000000071, 0.000000000000000000, -7.500000000000000000 ) ) ;
#1624 = AXIS2_PLACEMENT_3D ( 'NONE', #702, #1452, #719 ) ;
#1625 = ORIENTED_EDGE ( 'NONE', *, *, #3179, .F. ) ;
#1626 = ORIENTED_EDGE ( 'NONE', *, *, #2323, .F. ) ;
#1627 = VERTEX_POINT ( 'NONE', #1879 ) ;
#1628 =( NAMED_UNIT ( * ) PLANE_ANGLE_UNIT ( ) SI_UNIT ( $, .RADIAN. ) );
#1629 = ORIENTED_EDGE ( 'NONE', *, *, #502, .F. ) ;
#1630 = DIRECTION ( 'NONE',  ( -0.000000000000000000, 1.000000000000000000, -0.000000000000000000 ) ) ;
#1631 = DIRECTION ( 'NONE',  ( 0.000000000000000000, 0.000000000000000000, 1.000000000000000000 ) ) ;
#1632 = DIRECTION ( 'NONE',  ( 0.000000000000000000, 0.000000000000000000, 1.000000000000000000 ) ) ;
#1633 = DIRECTION ( 'NONE',  ( -0.000000000000000000, 1.000000000000000000, -0.000000000000000000 ) ) ;
#1634 = CARTESIAN_POINT ( 'NONE',  ( 20.25000000000001776, 0.000000000000000000, 0.000000000000000000 ) ) ;
#1635 = VERTEX_POINT ( 'NONE', #1674 ) ;
#1636 = DIRECTION ( 'NONE',  ( -0.000000000000000000, 1.000000000000000000, -0.000000000000000000 ) ) ;
#1637 = CARTESIAN_POINT ( 'NONE',  ( -16.50999999999999801, -5.204748896376247001E-17, 7.500000000000000000 ) ) ;
#1638 = CARTESIAN_POINT ( 'NONE',  ( 1.270000000000007123, 0.000000000000000000, 7.000000000000000888 ) ) ;
#1639 = VECTOR ( 'NONE', #2031, 1000.000000000000000 ) ;
#1640 = ORIENTED_EDGE ( 'NONE', *, *, #1954, .F. ) ;
#1641 = ORIENTED_EDGE ( 'NONE', *, *, #1033, .T. ) ;
#1642 = EDGE_CURVE ( 'NONE', #3142, #1, #2011, .T. ) ;
#1643 =( NAMED_UNIT ( * ) PLANE_ANGLE_UNIT ( ) SI_UNIT ( $, .RADIAN. ) );
#1644 = ORIENTED_EDGE ( 'NONE', *, *, #87, .F. ) ;
#1645 = AXIS2_PLACEMENT_3D ( 'NONE', #1325, #1831, #1813 ) ;
#1646 = FACE_OUTER_BOUND ( 'NONE', #1203, .T. ) ;
#1647 = EDGE_CURVE ( 'NONE', #438, #2674, #2781, .T. ) ;
#1648 = DIRECTION ( 'NONE',  ( -0.7071067811865474617, 0.000000000000000000, -0.7071067811865474617 ) ) ;
#1649 = PLANE ( 'NONE',  #1274 ) ;
#1650 = CYLINDRICAL_SURFACE ( 'NONE', #2397, 0.4999999999999970024 ) ;
#1651 = CARTESIAN_POINT ( 'NONE',  ( 6.350000000000008527, -5.204748896376247001E-17, 7.500000000000000000 ) ) ;
#1652 = ORIENTED_EDGE ( 'NONE', *, *, #736, .F. ) ;
#1653 = CARTESIAN_POINT ( 'NONE',  ( 13.97000000000000597, -5.204748896376247001E-17, -7.500000000000000000 ) ) ;
#1654 = AXIS2_PLACEMENT_3D ( 'NONE', #1340, #2127, #854 ) ;
#1655 = ORIENTED_EDGE ( 'NONE', *, *, #1995, .T. ) ;
#1656 = DIRECTION ( 'NONE',  ( 0.000000000000000000, 0.000000000000000000, -1.000000000000000000 ) ) ;
#1657 = DIRECTION ( 'NONE',  ( 1.000000000000000000, -0.000000000000000000, 0.000000000000000000 ) ) ;
#1658 = ORIENTED_EDGE ( 'NONE', *, *, #921, .F. ) ;
#1659 = EDGE_LOOP ( 'NONE', ( #2325, #346 ) ) ;
#1660 = ADVANCED_FACE ( 'NONE', ( #664 ), #1155, .F. ) ;
#1661 = DIRECTION ( 'NONE',  ( 0.000000000000000000, 0.000000000000000000, 1.000000000000000000 ) ) ;
#1662 = EDGE_LOOP ( 'NONE', ( #1085, #263, #878, #843 ) ) ;
#1663 = VECTOR ( 'NONE', #419, 1000.000000000000000 ) ;
#1664 = ORIENTED_EDGE ( 'NONE', *, *, #2984, .F. ) ;
#1665 = FACE_OUTER_BOUND ( 'NONE', #1446, .T. ) ;
#1666 = DIRECTION ( 'NONE',  ( 0.000000000000000000, 0.000000000000000000, 1.000000000000000000 ) ) ;
#1667 = CARTESIAN_POINT ( 'NONE',  ( 3.102575499813417181, 1.600000000000000089, 3.102575499813417625 ) ) ;
#1668 = DIRECTION ( 'NONE',  ( -0.000000000000000000, 1.000000000000000000, -0.000000000000000000 ) ) ;
#1669 = DIRECTION ( 'NONE',  ( 0.000000000000000000, 0.000000000000000000, 1.000000000000000000 ) ) ;
#1670 = ORIENTED_EDGE ( 'NONE', *, *, #309, .T. ) ;
#1671 = CARTESIAN_POINT ( 'NONE',  ( -20.91044565852956083, 0.000000000000000000, -4.242748111540175948 ) ) ;
#1672 = ORIENTED_EDGE ( 'NONE', *, *, #1221, .F. ) ;
#1673 = EDGE_CURVE ( 'NONE', #1240, #2272, #2896, .T. ) ;
#1674 = CARTESIAN_POINT ( 'NONE',  ( 15.65319436210239878, 1.600000000000000089, -5.406411661539461733 ) ) ;
#1675 = AXIS2_PLACEMENT_3D ( 'NONE', #72, #1083, #354 ) ;
#1676 = FACE_OUTER_BOUND ( 'NONE', #1977, .T. ) ;
#1677 = AXIS2_PLACEMENT_3D ( 'NONE', #2348, #2107, #1339 ) ;
#1678 = CLOSED_SHELL ( 'NONE', ( #434, #246, #397, #1128, #1509, #2719 ) ) ;
#1679 = EDGE_CURVE ( 'NONE', #2980, #3087, #2462, .T. ) ;
#1680 = VERTEX_POINT ( 'NONE', #973 ) ;
#1681 = ORIENTED_EDGE ( 'NONE', *, *, #259, .T. ) ;
#1682 = CARTESIAN_POINT ( 'NONE',  ( -3.809999999999993836, -5.204748896376247001E-17, 7.000000000000000888 ) ) ;
#1683 = ORIENTED_EDGE ( 'NONE', *, *, #3149, .F. ) ;
#1684 = VERTEX_POINT ( 'NONE', #2449 ) ;
#1685 = CARTESIAN_POINT ( 'NONE',  ( 18.29305882832230168, 0.000000000000000000, -0.000000000000000000 ) ) ;
#1686 = ADVANCED_FACE ( 'NONE', ( #1767 ), #1780, .F. ) ;
#1687 = FACE_BOUND ( 'NONE', #298, .T. ) ;
#1688 = CARTESIAN_POINT ( 'NONE',  ( 0.000000000000000000, 1.600000000000000089, 0.000000000000000000 ) ) ;
#1689 = LINE ( 'NONE', #404, #2024 ) ;
#1690 = ORIENTED_EDGE ( 'NONE', *, *, #2077, .F. ) ;
#1691 = MANIFOLD_SOLID_BREP ( '\X2\00d8\X0\1.0 (1) Diameter Hole1', #3059 ) ;
#1692 = VERTEX_POINT ( 'NONE', #14 ) ;
#1693 = EDGE_CURVE ( 'NONE', #2468, #2641, #196, .T. ) ;
#1694 = DIRECTION ( 'NONE',  ( -0.000000000000000000, 1.000000000000000000, -0.000000000000000000 ) ) ;
#1695 = EDGE_CURVE ( 'NONE', #2509, #458, #731, .T. ) ;
#1696 = VECTOR ( 'NONE', #1402, 1000.000000000000000 ) ;
#1697 = DIRECTION ( 'NONE',  ( -0.000000000000000000, 1.000000000000000000, -0.000000000000000000 ) ) ;
#1698 = ORIENTED_EDGE ( 'NONE', *, *, #344, .T. ) ;
#1699 = COLOUR_RGB ( '',0.7921568627450980005, 0.8196078431372548767, 0.9333333333333333481 ) ;
#1700 = CARTESIAN_POINT ( 'NONE',  ( -20.91044565852956083, 2.000000000000000000, 4.242748111540175948 ) ) ;
#1701 = EDGE_LOOP ( 'NONE', ( #3007, #1938 ) ) ;
#1702 = ORIENTED_EDGE ( 'NONE', *, *, #1242, .T. ) ;
#1703 = CARTESIAN_POINT ( 'NONE',  ( -13.96999999999999709, 0.000000000000000000, 7.500000000000000000 ) ) ;
#1704 = CARTESIAN_POINT ( 'NONE',  ( -11.42999999999999972, -5.204748896376247001E-17, -7.500000000000000000 ) ) ;
#1705 = DIRECTION ( 'NONE',  ( -0.000000000000000000, 1.000000000000000000, -0.000000000000000000 ) ) ;
#1706 = VECTOR ( 'NONE', #2593, 1000.000000000000000 ) ;
#1707 = CARTESIAN_POINT ( 'NONE',  ( -19.04999999999999716, 0.000000000000000000, 7.000000000000002665 ) ) ;
#1708 = ORIENTED_EDGE ( 'NONE', *, *, #2680, .F. ) ;
#1709 = ADVANCED_FACE ( 'NONE', ( #1263 ), #2503, .F. ) ;
#1710 = CARTESIAN_POINT ( 'NONE',  ( 11.43000000000000682, 0.000000000000000000, -7.500000000000000000 ) ) ;
#1711 = AXIS2_PLACEMENT_3D ( 'NONE', #761, #1295, #2269 ) ;
#1712 = CIRCLE ( 'NONE', #290, 0.4999999999999987232 ) ;
#1713 = CIRCLE ( 'NONE', #2683, 0.4999999999999987232 ) ;
#1714 = LINE ( 'NONE', #2661, #310 ) ;
#1715 = VERTEX_POINT ( 'NONE', #1755 ) ;
#1716 = ADVANCED_FACE ( 'NONE', ( #507 ), #1249, .T. ) ;
#1717 = CYLINDRICAL_SURFACE ( 'NONE', #2523, 0.4999999999999987232 ) ;
#1718 = ORIENTED_EDGE ( 'NONE', *, *, #102, .F. ) ;
#1719 = ORIENTED_EDGE ( 'NONE', *, *, #1033, .F. ) ;
#1720 = FACE_OUTER_BOUND ( 'NONE', #879, .T. ) ;
#1721 = AXIS2_PLACEMENT_3D ( 'NONE', #1220, #3148, #2409 ) ;
#1722 = CARTESIAN_POINT ( 'NONE',  ( 15.65319436210239878, 0.000000000000000000, 0.6925855535203084834 ) ) ;
#1723 = DIRECTION ( 'NONE',  ( -0.000000000000000000, 1.000000000000000000, -0.000000000000000000 ) ) ;
#1724 = EDGE_CURVE ( 'NONE', #1065, #2561, #2959, .T. ) ;
#1725 = CARTESIAN_POINT ( 'NONE',  ( -6.349999999999997868, -5.204748896376247001E-17, -7.000000000000000888 ) ) ;
#1726 = FILL_AREA_STYLE ('',( #3184 ) ) ;
#1727 = VECTOR ( 'NONE', #2159, 1000.000000000000000 ) ;
#1728 = CARTESIAN_POINT ( 'NONE',  ( 19.05000000000001137, -5.204748896376247001E-17, 7.500000000000000000 ) ) ;
#1729 = VERTEX_POINT ( 'NONE', #2958 ) ;
#1730 = AXIS2_PLACEMENT_3D ( 'NONE', #403, #2126, #1443 ) ;
#1731 = CYLINDRICAL_SURFACE ( 'NONE', #1495, 0.4999999999999987232 ) ;
#1732 = ORIENTED_EDGE ( 'NONE', *, *, #2253, .F. ) ;
#1733 = ORIENTED_EDGE ( 'NONE', *, *, #281, .T. ) ;
#1734 = VECTOR ( 'NONE', #3063, 1000.000000000000000 ) ;
#1735 = DIRECTION ( 'NONE',  ( 0.000000000000000000, 0.000000000000000000, 1.000000000000000000 ) ) ;
#1736 = DIRECTION ( 'NONE',  ( -0.000000000000000000, 1.000000000000000000, -0.000000000000000000 ) ) ;
#1737 = CARTESIAN_POINT ( 'NONE',  ( 19.05000000000000782, 0.000000000000000000, -7.500000000000000000 ) ) ;
#1738 = PLANE ( 'NONE',  #103 ) ;
#1739 = DIRECTION ( 'NONE',  ( -0.000000000000000000, 1.000000000000000000, -0.000000000000000000 ) ) ;
#1740 = VECTOR ( 'NONE', #2249, 1000.000000000000000 ) ;
#1741 = CARTESIAN_POINT ( 'NONE',  ( -19.05000000000000071, -5.204748896376247001E-17, -7.000000000000002665 ) ) ;
#1742 = ORIENTED_EDGE ( 'NONE', *, *, #1524, .F. ) ;
#1743 = LINE ( 'NONE', #994, #2988 ) ;
#1744 = ORIENTED_EDGE ( 'NONE', *, *, #2620, .T. ) ;
#1745 = EDGE_LOOP ( 'NONE', ( #2230, #1418, #224, #3098 ) ) ;
#1746 = CARTESIAN_POINT ( 'NONE',  ( -19.04999999999999716, -5.204748896376247001E-17, 7.999999999999996447 ) ) ;
#1747 = ADVANCED_FACE ( 'NONE', ( #2745 ), #748, .F. ) ;
#1748 = DIRECTION ( 'NONE',  ( 0.000000000000000000, 0.000000000000000000, 1.000000000000000000 ) ) ;
#1749 = ADVANCED_FACE ( 'NONE', ( #520 ), #1992, .F. ) ;
#1750 = ADVANCED_FACE ( 'NONE', ( #2268 ), #30, .F. ) ;
#1751 = CIRCLE ( 'NONE', #2112, 0.4999999999999970024 ) ;
#1752 = CARTESIAN_POINT ( 'NONE',  ( -1.269999999999993356, 0.000000000000000000, 7.999999999999998224 ) ) ;
#1753 = DIRECTION ( 'NONE',  ( -1.000000000000000000, 0.000000000000000000, -0.000000000000000000 ) ) ;
#1754 = EDGE_CURVE ( 'NONE', #2640, #99, #553, .T. ) ;
#1755 = CARTESIAN_POINT ( 'NONE',  ( 19.05000000000000782, -5.204748896376247001E-17, -7.000000000000002665 ) ) ;
#1756 = DIRECTION ( 'NONE',  ( -0.000000000000000000, 1.000000000000000000, -0.000000000000000000 ) ) ;
#1757 = AXIS2_PLACEMENT_3D ( 'NONE', #1344, #95, #165 ) ;
#1758 = ORIENTED_EDGE ( 'NONE', *, *, #1250, .T. ) ;
#1759 = ORIENTED_EDGE ( 'NONE', *, *, #1258, .F. ) ;
#1760 = MANIFOLD_SOLID_BREP ( 'Boss-Extrude3[2]', #420 ) ;
#1761 = ORIENTED_EDGE ( 'NONE', *, *, #536, .T. ) ;
#1762 = CARTESIAN_POINT ( 'NONE',  ( 13.97000000000000597, -1.600000000000000755, -7.500000000000000000 ) ) ;
#1763 = EDGE_CURVE ( 'NONE', #3039, #836, #1587, .T. ) ;
#1764 = LINE ( 'NONE', #1032, #2974 ) ;
#1765 = FACE_OUTER_BOUND ( 'NONE', #2835, .T. ) ;
#1766 = FACE_BOUND ( 'NONE', #249, .T. ) ;
#1767 = FACE_OUTER_BOUND ( 'NONE', #2039, .T. ) ;
#1768 = EDGE_CURVE ( 'NONE', #2846, #3039, #337, .T. ) ;
#1769 = CYLINDRICAL_SURFACE ( 'NONE', #451, 0.4999999999999987232 ) ;
#1770 = EDGE_LOOP ( 'NONE', ( #2541, #2285, #2099, #793 ) ) ;
#1771 = DIRECTION ( 'NONE',  ( 0.000000000000000000, 0.000000000000000000, 1.000000000000000000 ) ) ;
#1772 = VERTEX_POINT ( 'NONE', #1603 ) ;
#1773 = VERTEX_POINT ( 'NONE', #3048 ) ;
#1774 = CARTESIAN_POINT ( 'NONE',  ( -1.269999999999993356, -5.204748896376247001E-17, 7.500000000000000000 ) ) ;
#1775 = DIRECTION ( 'NONE',  ( -0.000000000000000000, -1.000000000000000000, -0.000000000000000000 ) ) ;
#1776 = VECTOR ( 'NONE', #2519, 1000.000000000000000 ) ;
#1777 = DIRECTION ( 'NONE',  ( -1.000000000000000000, 0.000000000000000000, -0.000000000000000000 ) ) ;
#1778 = ADVANCED_FACE ( 'NONE', ( #1052 ), #2298, .F. ) ;
#1779 = VERTEX_POINT ( 'NONE', #2536 ) ;
#1780 = PLANE ( 'NONE',  #2942 ) ;
#1781 = ADVANCED_FACE ( 'NONE', ( #2037 ), #306, .F. ) ;
#1782 = CARTESIAN_POINT ( 'NONE',  ( 16.51000000000000867, -5.204748896376247001E-17, -7.500000000000000000 ) ) ;
#1783 = EDGE_LOOP ( 'NONE', ( #1152, #1968, #2274, #50 ) ) ;
#1784 = CARTESIAN_POINT ( 'NONE',  ( 11.43000000000000682, 0.000000000000000000, -7.000000000000000888 ) ) ;
#1785 = ORIENTED_EDGE ( 'NONE', *, *, #2589, .F. ) ;
#1786 = AXIS2_PLACEMENT_3D ( 'NONE', #317, #564, #2596 ) ;
#1787 = VERTEX_POINT ( 'NONE', #1309 ) ;
#1788 = ORIENTED_EDGE ( 'NONE', *, *, #2323, .T. ) ;
#1789 = DIRECTION ( 'NONE',  ( -0.000000000000000000, 1.000000000000000000, -0.000000000000000000 ) ) ;
#1790 = CARTESIAN_POINT ( 'NONE',  ( -3.809999999999997389, -5.204748896376247001E-17, -7.000000000000000888 ) ) ;
#1791 = LINE ( 'NONE', #1752, #172 ) ;
#1792 = FACE_BOUND ( 'NONE', #894, .T. ) ;
#1793 = FACE_BOUND ( 'NONE', #243, .T. ) ;
#1794 = DIRECTION ( 'NONE',  ( -0.000000000000000000, -1.000000000000000000, -0.000000000000000000 ) ) ;
#1795 = EDGE_CURVE ( 'NONE', #3102, #1773, #2911, .T. ) ;
#1796 = DIRECTION ( 'NONE',  ( 0.000000000000000000, 0.000000000000000000, 1.000000000000000000 ) ) ;
#1797 = AXIS2_PLACEMENT_3D ( 'NONE', #2109, #2349, #609 ) ;
#1798 = ORIENTED_EDGE ( 'NONE', *, *, #683, .T. ) ;
#1799 = AXIS2_PLACEMENT_3D ( 'NONE', #2288, #2782, #1107 ) ;
#1800 = DIRECTION ( 'NONE',  ( 0.000000000000000000, 0.000000000000000000, 1.000000000000000000 ) ) ;
#1801 = VERTEX_POINT ( 'NONE', #2332 ) ;
#1802 = ORIENTED_EDGE ( 'NONE', *, *, #968, .T. ) ;
#1803 = ORIENTED_EDGE ( 'NONE', *, *, #1019, .T. ) ;
#1804 = DIRECTION ( 'NONE',  ( -0.000000000000000000, 1.000000000000000000, -0.000000000000000000 ) ) ;
#1805 = CIRCLE ( 'NONE', #874, 0.4999999999999987232 ) ;
#1806 = DIRECTION ( 'NONE',  ( -0.000000000000000000, 1.000000000000000000, -0.000000000000000000 ) ) ;
#1807 = CARTESIAN_POINT ( 'NONE',  ( 18.29305882832230168, 1.600000000000000089, -5.406411661539461733 ) ) ;
#1808 = FACE_BOUND ( 'NONE', #2916, .T. ) ;
#1809 = CARTESIAN_POINT ( 'NONE',  ( -6.349999999999994316, -1.600000000000000755, 7.999999999999996447 ) ) ;
#1810 = VERTEX_POINT ( 'NONE', #1863 ) ;
#1811 = CARTESIAN_POINT ( 'NONE',  ( -16.50999999999999801, -1.600000000000000755, 7.500000000000000000 ) ) ;
#1812 = ADVANCED_FACE ( 'NONE', ( #534 ), #1101, .T. ) ;
#1813 = DIRECTION ( 'NONE',  ( 0.000000000000000000, 0.000000000000000000, 1.000000000000000000 ) ) ;
#1814 = EDGE_LOOP ( 'NONE', ( #2528, #634, #689, #1439 ) ) ;
#1815 = CARTESIAN_POINT ( 'NONE',  ( 13.97000000000000952, -5.204748896376247001E-17, 7.500000000000000000 ) ) ;
#1816 = DIRECTION ( 'NONE',  ( -0.000000000000000000, 1.000000000000000000, -0.000000000000000000 ) ) ;
#1817 = ORIENTED_EDGE ( 'NONE', *, *, #1320, .F. ) ;
#1818 = ORIENTED_EDGE ( 'NONE', *, *, #2881, .F. ) ;
#1819 = VERTEX_POINT ( 'NONE', #3064 ) ;
#1820 = CARTESIAN_POINT ( 'NONE',  ( -13.96999999999999709, -5.204748896376247001E-17, 7.500000000000000000 ) ) ;
#1821 = EDGE_CURVE ( 'NONE', #3054, #670, #2795, .T. ) ;
#1822 = CIRCLE ( 'NONE', #687, 0.4999999999999970024 ) ;
#1823 = DIRECTION ( 'NONE',  ( 0.000000000000000000, 0.000000000000000000, 1.000000000000000000 ) ) ;
#1824 = DIRECTION ( 'NONE',  ( 0.000000000000000000, 0.000000000000000000, 1.000000000000000000 ) ) ;
#1825 = LINE ( 'NONE', #3062, #2287 ) ;
#1826 = AXIS2_PLACEMENT_3D ( 'NONE', #244, #2252, #2006 ) ;
#1827 = DIRECTION ( 'NONE',  ( -0.000000000000000000, 1.000000000000000000, -0.000000000000000000 ) ) ;
#1828 = ORIENTED_EDGE ( 'NONE', *, *, #588, .T. ) ;
#1829 = DIRECTION ( 'NONE',  ( -0.000000000000000000, 1.000000000000000000, -0.000000000000000000 ) ) ;
#1830 = AXIS2_PLACEMENT_3D ( 'NONE', #1262, #1538, #477 ) ;
#1831 = DIRECTION ( 'NONE',  ( -0.000000000000000000, 1.000000000000000000, -0.000000000000000000 ) ) ;
#1832 = EDGE_CURVE ( 'NONE', #1453, #1057, #321, .T. ) ;
#1833 = CARTESIAN_POINT ( 'NONE',  ( -1.269999999999993356, -5.204748896376247001E-17, 7.000000000000000888 ) ) ;
#1834 = LINE ( 'NONE', #2273, #2320 ) ;
#1835 = ORIENTED_EDGE ( 'NONE', *, *, #1693, .T. ) ;
#1836 = EDGE_LOOP ( 'NONE', ( #65, #752, #2368, #2482 ) ) ;
#1837 = EDGE_LOOP ( 'NONE', ( #600, #484, #2014, #394 ) ) ;
#1838 = DIRECTION ( 'NONE',  ( 0.000000000000000000, 0.000000000000000000, 1.000000000000000000 ) ) ;
#1839 = DIRECTION ( 'NONE',  ( -0.000000000000000000, 1.000000000000000000, -0.000000000000000000 ) ) ;
#1840 = EDGE_CURVE ( 'NONE', #312, #1853, #3058, .T. ) ;
#1841 = CIRCLE ( 'NONE', #2257, 0.4999999999999970024 ) ;
#1842 = FACE_OUTER_BOUND ( 'NONE', #1955, .T. ) ;
#1843 = EDGE_CURVE ( 'NONE', #794, #911, #474, .T. ) ;
#1844 = EDGE_CURVE ( 'NONE', #2674, #438, #1358, .T. ) ;
#1845 = CARTESIAN_POINT ( 'NONE',  ( -3.809999999999997389, -5.204748896376247001E-17, -7.500000000000000000 ) ) ;
#1846 = CARTESIAN_POINT ( 'NONE',  ( -16.51000000000000156, 0.000000000000000000, -7.500000000000000000 ) ) ;
#1847 = DIRECTION ( 'NONE',  ( 0.000000000000000000, 0.000000000000000000, -1.000000000000000000 ) ) ;
#1848 = FACE_OUTER_BOUND ( 'NONE', #1547, .T. ) ;
#1849 = EDGE_CURVE ( 'NONE', #2540, #3147, #1620, .T. ) ;
#1850 = DIRECTION ( 'NONE',  ( 0.000000000000000000, 0.000000000000000000, 1.000000000000000000 ) ) ;
#1851 = AXIS2_PLACEMENT_3D ( 'NONE', #2341, #1563, #1060 ) ;
#1852 = VERTEX_POINT ( 'NONE', #140 ) ;
#1853 = VERTEX_POINT ( 'NONE', #640 ) ;
#1854 = EDGE_LOOP ( 'NONE', ( #1961, #2044, #66, #690 ) ) ;
#1855 = DIRECTION ( 'NONE',  ( 0.000000000000000000, 0.000000000000000000, 1.000000000000000000 ) ) ;
#1856 = CARTESIAN_POINT ( 'NONE',  ( -20.24999999999998934, -1.600000000000000089, -9.000000000000010658 ) ) ;
#1857 = VECTOR ( 'NONE', #1866, 1000.000000000000000 ) ;
#1858 = DIRECTION ( 'NONE',  ( -0.000000000000000000, 1.000000000000000000, -0.000000000000000000 ) ) ;
#1859 = VECTOR ( 'NONE', #126, 1000.000000000000000 ) ;
#1860 = COLOUR_RGB ( '',0.7921568627450980005, 0.8196078431372548767, 0.9333333333333333481 ) ;
#1861 = FACE_BOUND ( 'NONE', #778, .T. ) ;
#1862 = CARTESIAN_POINT ( 'NONE',  ( -19.05000000000000071, 0.000000000000000000, -7.999999999999996447 ) ) ;
#1863 = CARTESIAN_POINT ( 'NONE',  ( -16.51000000000000156, -1.600000000000000755, -7.000000000000002665 ) ) ;
#1864 = CARTESIAN_POINT ( 'NONE',  ( 13.97000000000000597, 0.000000000000000000, -7.999999999999998224 ) ) ;
#1865 = VERTEX_POINT ( 'NONE', #368 ) ;
#1866 = DIRECTION ( 'NONE',  ( -0.000000000000000000, 1.000000000000000000, -0.000000000000000000 ) ) ;
#1867 = ORIENTED_EDGE ( 'NONE', *, *, #2801, .F. ) ;
#1868 = EDGE_LOOP ( 'NONE', ( #936, #681 ) ) ;
#1869 = ORIENTED_EDGE ( 'NONE', *, *, #3165, .T. ) ;
#1870 = DIRECTION ( 'NONE',  ( -0.000000000000000000, 1.000000000000000000, -0.000000000000000000 ) ) ;
#1871 =( LENGTH_UNIT ( ) NAMED_UNIT ( * ) SI_UNIT ( .MILLI., .METRE. ) );
#1872 = CARTESIAN_POINT ( 'NONE',  ( -1.156482317317872908E-15, 0.000000000000000000, -9.000000000000012434 ) ) ;
#1873 = AXIS2_PLACEMENT_3D ( 'NONE', #970, #1960, #1893 ) ;
#1874 = CARTESIAN_POINT ( 'NONE',  ( 15.65319436210239878, 1.600000000000000089, -5.406411661539461733 ) ) ;
#1875 = FACE_OUTER_BOUND ( 'NONE', #2379, .T. ) ;
#1876 = CARTESIAN_POINT ( 'NONE',  ( -3.809999999999997389, -5.204748896376247001E-17, -7.500000000000000000 ) ) ;
#1877 = DIRECTION ( 'NONE',  ( 0.000000000000000000, 0.000000000000000000, 1.000000000000000000 ) ) ;
#1878 = AXIS2_PLACEMENT_3D ( 'NONE', #2670, #1385, #1910 ) ;
#1879 = CARTESIAN_POINT ( 'NONE',  ( 18.29305882832230168, 0.000000000000000000, -0.6925855535203084834 ) ) ;
#1880 = AXIS2_PLACEMENT_3D ( 'NONE', #961, #150, #466 ) ;
#1881 = EDGE_CURVE ( 'NONE', #2608, #2524, #2649, .T. ) ;
#1882 = DIRECTION ( 'NONE',  ( -0.000000000000000000, 1.000000000000000000, -0.000000000000000000 ) ) ;
#1883 = EDGE_CURVE ( 'NONE', #2150, #2836, #2088, .T. ) ;
#1884 = ORIENTED_EDGE ( 'NONE', *, *, #1916, .T. ) ;
#1885 = ORIENTED_EDGE ( 'NONE', *, *, #2194, .T. ) ;
#1886 = FACE_OUTER_BOUND ( 'NONE', #2918, .T. ) ;
#1887 = ORIENTED_EDGE ( 'NONE', *, *, #2176, .F. ) ;
#1888 = CARTESIAN_POINT ( 'NONE',  ( -13.96999999999999709, 0.000000000000000000, 7.500000000000000000 ) ) ;
#1889 = CARTESIAN_POINT ( 'NONE',  ( 11.43000000000000682, -5.204748896376247001E-17, -7.999999999999998224 ) ) ;
#1890 = DIRECTION ( 'NONE',  ( -0.000000000000000000, -1.000000000000000000, -0.000000000000000000 ) ) ;
#1891 = CARTESIAN_POINT ( 'NONE',  ( 3.810000000000004494, 0.000000000000000000, -7.999999999999998224 ) ) ;
#1892 = AXIS2_PLACEMENT_3D ( 'NONE', #1183, #1201, #398 ) ;
#1893 = DIRECTION ( 'NONE',  ( 0.000000000000000000, 0.000000000000000000, 1.000000000000000000 ) ) ;
#1894 = EDGE_LOOP ( 'NONE', ( #2202, #2560, #1215, #1328 ) ) ;
#1895 = CYLINDRICAL_SURFACE ( 'NONE', #813, 0.4999999999999970024 ) ;
#1896 = EDGE_LOOP ( 'NONE', ( #1271, #3040 ) ) ;
#1897 = DIRECTION ( 'NONE',  ( 0.000000000000000000, 0.000000000000000000, 1.000000000000000000 ) ) ;
#1898 = EDGE_CURVE ( 'NONE', #51, #3192, #2595, .T. ) ;
#1899 = DIRECTION ( 'NONE',  ( 0.000000000000000000, 0.000000000000000000, 1.000000000000000000 ) ) ;
#1900 = AXIS2_PLACEMENT_3D ( 'NONE', #1318, #1839, #54 ) ;
#1901 = ORIENTED_EDGE ( 'NONE', *, *, #2282, .F. ) ;
#1902 = ORIENTED_EDGE ( 'NONE', *, *, #899, .T. ) ;
#1903 = CYLINDRICAL_SURFACE ( 'NONE', #2303, 0.4999999999999987232 ) ;
#1904 = ORIENTED_EDGE ( 'NONE', *, *, #3083, .F. ) ;
#1905 = CIRCLE ( 'NONE', #1493, 0.4999999999999987232 ) ;
#1906 = ORIENTED_EDGE ( 'NONE', *, *, #1137, .F. ) ;
#1907 = CARTESIAN_POINT ( 'NONE',  ( 8.890000000000009450, -1.600000000000000755, 7.500000000000000000 ) ) ;
#1908 = CARTESIAN_POINT ( 'NONE',  ( 0.000000000000000000, 0.000000000000000000, -0.6925855535203084834 ) ) ;
#1909 = FACE_BOUND ( 'NONE', #2132, .T. ) ;
#1910 = DIRECTION ( 'NONE',  ( -0.7071067811865474617, 0.000000000000000000, -0.7071067811865474617 ) ) ;
#1911 = VECTOR ( 'NONE', #3019, 1000.000000000000000 ) ;
#1912 = CYLINDRICAL_SURFACE ( 'NONE', #1479, 0.4999999999999987232 ) ;
#1913 = VERTEX_POINT ( 'NONE', #2361 ) ;
#1914 = DIRECTION ( 'NONE',  ( 0.000000000000000000, 0.000000000000000000, 1.000000000000000000 ) ) ;
#1915 = ORIENTED_EDGE ( 'NONE', *, *, #2572, .F. ) ;
#1916 = EDGE_CURVE ( 'NONE', #2999, #1388, #521, .T. ) ;
#1917 = DIRECTION ( 'NONE',  ( 1.000000000000000000, 0.000000000000000000, 0.000000000000000000 ) ) ;
#1918 = CARTESIAN_POINT ( 'NONE',  ( -16.51000000000000156, -5.204748896376247001E-17, -7.000000000000002665 ) ) ;
#1919 = EDGE_LOOP ( 'NONE', ( #1359, #3069, #860, #455 ) ) ;
#1920 = ORIENTED_EDGE ( 'NONE', *, *, #829, .T. ) ;
#1921 = CARTESIAN_POINT ( 'NONE',  ( 16.51000000000000867, -1.600000000000000755, -7.500000000000000000 ) ) ;
#1922 = ORIENTED_EDGE ( 'NONE', *, *, #829, .F. ) ;
#1923 = AXIS2_PLACEMENT_3D ( 'NONE', #754, #22, #1735 ) ;
#1924 = ORIENTED_EDGE ( 'NONE', *, *, #1333, .T. ) ;
#1925 = DIRECTION ( 'NONE',  ( 0.000000000000000000, 0.000000000000000000, 1.000000000000000000 ) ) ;
#1926 = EDGE_CURVE ( 'NONE', #117, #1243, #2598, .T. ) ;
#1927 = DIRECTION ( 'NONE',  ( -0.000000000000000000, 1.000000000000000000, -0.000000000000000000 ) ) ;
#1928 = DIRECTION ( 'NONE',  ( -0.000000000000000000, 1.000000000000000000, -0.000000000000000000 ) ) ;
#1929 = DIRECTION ( 'NONE',  ( 0.000000000000000000, 0.000000000000000000, 1.000000000000000000 ) ) ;
#1930 = ORIENTED_EDGE ( 'NONE', *, *, #2847, .F. ) ;
#1931 = ORIENTED_EDGE ( 'NONE', *, *, #141, .T. ) ;
#1932 = FACE_OUTER_BOUND ( 'NONE', #1951, .T. ) ;
#1933 = AXIS2_PLACEMENT_3D ( 'NONE', #943, #2414, #1929 ) ;
#1934 = ADVANCED_FACE ( 'NONE', ( #2908 ), #695, .T. ) ;
#1935 = LINE ( 'NONE', #2622, #1573 ) ;
#1936 = ORIENTED_EDGE ( 'NONE', *, *, #1948, .T. ) ;
#1937 = CARTESIAN_POINT ( 'NONE',  ( -8.889999999999998792, 0.000000000000000000, -7.999999999999998224 ) ) ;
#1938 = ORIENTED_EDGE ( 'NONE', *, *, #340, .T. ) ;
#1939 = EDGE_LOOP ( 'NONE', ( #2324, #2903, #2971, #3041 ) ) ;
#1940 = CARTESIAN_POINT ( 'NONE',  ( 19.05000000000001137, -5.204748896376247001E-17, 7.500000000000000000 ) ) ;
#1941 = FACE_BOUND ( 'NONE', #320, .T. ) ;
#1942 = DIRECTION ( 'NONE',  ( 0.000000000000000000, 0.000000000000000000, 1.000000000000000000 ) ) ;
#1943 = DIRECTION ( 'NONE',  ( -0.000000000000000000, 1.000000000000000000, -0.000000000000000000 ) ) ;
#1944 = EDGE_LOOP ( 'NONE', ( #1732, #2389, #1803, #2092 ) ) ;
#1945 = EDGE_CURVE ( 'NONE', #3183, #2871, #2493, .T. ) ;
#1946 = ORIENTED_EDGE ( 'NONE', *, *, #2637, .T. ) ;
#1947 = PLANE ( 'NONE',  #1551 ) ;
#1948 = EDGE_CURVE ( 'NONE', #2289, #1008, #691, .T. ) ;
#1949 = VECTOR ( 'NONE', #1167, 1000.000000000000000 ) ;
#1950 = CARTESIAN_POINT ( 'NONE',  ( -19.04999999999999716, -5.204748896376247001E-17, 7.500000000000000000 ) ) ;
#1951 = EDGE_LOOP ( 'NONE', ( #3018, #349, #482, #495 ) ) ;
#1952 = STYLED_ITEM ( 'NONE', ( #1144 ), #2788 ) ;
#1954 = EDGE_CURVE ( 'NONE', #2043, #2305, #1105, .T. ) ;
#1953 = DIRECTION ( 'NONE',  ( -0.000000000000000000, 1.000000000000000000, -0.000000000000000000 ) ) ;
#1955 = EDGE_LOOP ( 'NONE', ( #373, #618, #893, #2666 ) ) ;
#1956 = ORIENTED_EDGE ( 'NONE', *, *, #2746, .F. ) ;
#1957 = CARTESIAN_POINT ( 'NONE',  ( -1.269999999999993356, -1.600000000000000755, 7.500000000000000000 ) ) ;
#1958 = CARTESIAN_POINT ( 'NONE',  ( 13.97000000000000952, -5.204748896376247001E-17, 7.000000000000000888 ) ) ;
#1959 = CIRCLE ( 'NONE', #2623, 0.4999999999999987232 ) ;
#1960 = DIRECTION ( 'NONE',  ( -0.000000000000000000, 1.000000000000000000, -0.000000000000000000 ) ) ;
#1961 = ORIENTED_EDGE ( 'NONE', *, *, #1214, .F. ) ;
#1962 = AXIS2_PLACEMENT_3D ( 'NONE', #2198, #1917, #1656 ) ;
#1963 = STYLED_ITEM ( 'NONE', ( #1225 ), #1691 ) ;
#1964 = CARTESIAN_POINT ( 'NONE',  ( -13.96999999999999709, 0.000000000000000000, 7.000000000000000888 ) ) ;
#1965 = VERTEX_POINT ( 'NONE', #885 ) ;
#1966 = CARTESIAN_POINT ( 'NONE',  ( 15.65319436210239878, 1.600000000000000089, 5.406411661539461733 ) ) ;
#1967 = EDGE_LOOP ( 'NONE', ( #1042, #1670 ) ) ;
#1968 = ORIENTED_EDGE ( 'NONE', *, *, #2480, .F. ) ;
#1969 = LINE ( 'NONE', #2756, #828 ) ;
#1970 = AXIS2_PLACEMENT_3D ( 'NONE', #2628, #2866, #652 ) ;
#1971 = DIRECTION ( 'NONE',  ( -0.000000000000000000, 1.000000000000000000, -0.000000000000000000 ) ) ;
#1972 = DIRECTION ( 'NONE',  ( -0.000000000000000000, 1.000000000000000000, -0.000000000000000000 ) ) ;
#1973 = FACE_BOUND ( 'NONE', #2408, .T. ) ;
#1974 = DIRECTION ( 'NONE',  ( 0.000000000000000000, 0.000000000000000000, 1.000000000000000000 ) ) ;
#1975 = AXIS2_PLACEMENT_3D ( 'NONE', #1445, #1460, #2433 ) ;
#1976 = DIRECTION ( 'NONE',  ( 0.000000000000000000, 0.000000000000000000, 1.000000000000000000 ) ) ;
#1977 = EDGE_LOOP ( 'NONE', ( #374, #82, #1625, #2133 ) ) ;
#1978 = EDGE_CURVE ( 'NONE', #1680, #2697, #1467, .T. ) ;
#1979 = VECTOR ( 'NONE', #2157, 1000.000000000000000 ) ;
#1980 = ADVANCED_FACE ( 'NONE', ( #384 ), #1425, .T. ) ;
#1981 = EDGE_CURVE ( 'NONE', #513, #2506, #955, .T. ) ;
#1982 = CIRCLE ( 'NONE', #576, 0.4999999999999987232 ) ;
#1983 = CARTESIAN_POINT ( 'NONE',  ( 1.270000000000007123, -1.600000000000000755, 7.999999999999998224 ) ) ;
#1984 = ORIENTED_EDGE ( 'NONE', *, *, #1647, .T. ) ;
#1985 = VERTEX_POINT ( 'NONE', #161 ) ;
#1986 = VECTOR ( 'NONE', #1657, 1000.000000000000000 ) ;
#1987 = DIRECTION ( 'NONE',  ( -0.000000000000000000, 1.000000000000000000, -0.000000000000000000 ) ) ;
#1988 = EDGE_CURVE ( 'NONE', #170, #2026, #2600, .T. ) ;
#1989 = DIRECTION ( 'NONE',  ( -0.000000000000000000, -1.000000000000000000, -0.000000000000000000 ) ) ;
#1990 = CARTESIAN_POINT ( 'NONE',  ( -20.24999999999998934, 0.000000000000000000, -0.000000000000000000 ) ) ;
#1991 = CARTESIAN_POINT ( 'NONE',  ( 20.25000000000001776, 0.000000000000000000, 8.999999999999982236 ) ) ;
#1992 = PLANE ( 'NONE',  #1260 ) ;
#1993 = CIRCLE ( 'NONE', #2817, 0.4999999999999987232 ) ;
#1994 = LINE ( 'NONE', #1964, #2579 ) ;
#1995 = EDGE_CURVE ( 'NONE', #2846, #170, #656, .T. ) ;
#1996 = ORIENTED_EDGE ( 'NONE', *, *, #297, .T. ) ;
#1997 = DIRECTION ( 'NONE',  ( -0.000000000000000000, 1.000000000000000000, -0.000000000000000000 ) ) ;
#1998 = EDGE_LOOP ( 'NONE', ( #386, #1542 ) ) ;
#1999 = ORIENTED_EDGE ( 'NONE', *, *, #343, .F. ) ;
#2000 = CARTESIAN_POINT ( 'NONE',  ( 1.750000000000000666, 1.600000000000000089, 4.455150999626834363 ) ) ;
#2001 = DIRECTION ( 'NONE',  ( 0.000000000000000000, 0.000000000000000000, 1.000000000000000000 ) ) ;
#2002 = AXIS2_PLACEMENT_3D ( 'NONE', #2824, #3043, #2293 ) ;
#2003 = ADVANCED_FACE ( 'NONE', ( #1189 ), #1650, .F. ) ;
#2004 = CARTESIAN_POINT ( 'NONE',  ( 6.205150999626835251, 0.000000000000000000, 0.000000000000000000 ) ) ;
#2005 = DIRECTION ( 'NONE',  ( 0.000000000000000000, 0.000000000000000000, 1.000000000000000000 ) ) ;
#2006 = DIRECTION ( 'NONE',  ( 0.000000000000000000, 0.000000000000000000, 1.000000000000000000 ) ) ;
#2007 = CARTESIAN_POINT ( 'NONE',  ( -19.04999999999999716, 0.000000000000000000, 7.500000000000000000 ) ) ;
#2008 = CIRCLE ( 'NONE', #2429, 0.4999999999999970024 ) ;
#2009 = AXIS2_PLACEMENT_3D ( 'NONE', #2013, #777, #1771 ) ;
#2010 = ORIENTED_EDGE ( 'NONE', *, *, #2282, .T. ) ;
#2011 = CIRCLE ( 'NONE', #1600, 0.4999999999999987232 ) ;
#2012 = EDGE_CURVE ( 'NONE', #2576, #751, #575, .T. ) ;
#2013 = CARTESIAN_POINT ( 'NONE',  ( -6.349999999999994316, 0.000000000000000000, 7.500000000000000000 ) ) ;
#2014 = ORIENTED_EDGE ( 'NONE', *, *, #886, .T. ) ;
#2015 = EDGE_LOOP ( 'NONE', ( #155, #764 ) ) ;
#2016 = DIRECTION ( 'NONE',  ( -0.000000000000000000, 1.000000000000000000, -0.000000000000000000 ) ) ;
#2017 = DIRECTION ( 'NONE',  ( -0.000000000000000000, 1.000000000000000000, -0.000000000000000000 ) ) ;
#2018 = CARTESIAN_POINT ( 'NONE',  ( 8.890000000000009450, 0.000000000000000000, 7.000000000000000888 ) ) ;
#2019 = EDGE_CURVE ( 'NONE', #1561, #2753, #2805, .T. ) ;
#2020 = DIRECTION ( 'NONE',  ( -0.000000000000000000, 1.000000000000000000, -0.000000000000000000 ) ) ;
#2021 = AXIS2_PLACEMENT_3D ( 'NONE', #2277, #3206, #39 ) ;
#2022 = DIRECTION ( 'NONE',  ( -0.000000000000000000, 1.000000000000000000, -0.000000000000000000 ) ) ;
#2023 = ORIENTED_EDGE ( 'NONE', *, *, #112, .T. ) ;
#2024 = VECTOR ( 'NONE', #442, 1000.000000000000000 ) ;
#2025 = CARTESIAN_POINT ( 'NONE',  ( 18.29305882832230168, 1.600000000000000089, 5.406411661539461733 ) ) ;
#2026 = VERTEX_POINT ( 'NONE', #2931 ) ;
#2027 = ORIENTED_EDGE ( 'NONE', *, *, #2729, .F. ) ;
#2028 = VERTEX_POINT ( 'NONE', #2164 ) ;
#2029 = DIRECTION ( 'NONE',  ( -0.000000000000000000, 1.000000000000000000, -0.000000000000000000 ) ) ;
#2030 = AXIS2_PLACEMENT_3D ( 'NONE', #59, #3014, #2090 ) ;
#2031 = DIRECTION ( 'NONE',  ( -1.000000000000000000, 0.000000000000000000, 1.284980352575412453E-16 ) ) ;
#2032 = CIRCLE ( 'NONE', #2246, 0.4999999999999987232 ) ;
#2033 = FACE_OUTER_BOUND ( 'NONE', #599, .T. ) ;
#2034 = EDGE_CURVE ( 'NONE', #923, #498, #1419, .T. ) ;
#2035 = EDGE_LOOP ( 'NONE', ( #2244, #817 ) ) ;
#2036 = FACE_BOUND ( 'NONE', #1193, .T. ) ;
#2037 = FACE_OUTER_BOUND ( 'NONE', #2711, .T. ) ;
#2038 = DIRECTION ( 'NONE',  ( -0.000000000000000000, 1.000000000000000000, -0.000000000000000000 ) ) ;
#2039 = EDGE_LOOP ( 'NONE', ( #3160, #2027, #426, #1398 ) ) ;
#2040 = ADVANCED_FACE ( 'NONE', ( #1676 ), #1434, .F. ) ;
#2041 = DIRECTION ( 'NONE',  ( -0.000000000000000000, 1.000000000000000000, -0.000000000000000000 ) ) ;
#2042 = EDGE_LOOP ( 'NONE', ( #648, #2061, #3145, #1293 ) ) ;
#2043 = VERTEX_POINT ( 'NONE', #1213 ) ;
#2044 = ORIENTED_EDGE ( 'NONE', *, *, #2948, .T. ) ;
#2045 = CARTESIAN_POINT ( 'NONE',  ( 8.890000000000009450, -5.204748896376247001E-17, 7.500000000000000000 ) ) ;
#2046 = EDGE_CURVE ( 'NONE', #1011, #2506, #3215, .T. ) ;
#2047 = LINE ( 'NONE', #333, #653 ) ;
#2048 = CYLINDRICAL_SURFACE ( 'NONE', #1349, 0.4999999999999987232 ) ;
#2049 = FACE_BOUND ( 'NONE', #154, .T. ) ;
#2050 = VECTOR ( 'NONE', #2839, 1000.000000000000000 ) ;
#2051 = LINE ( 'NONE', #1862, #1311 ) ;
#2052 = ORIENTED_EDGE ( 'NONE', *, *, #9, .T. ) ;
#2053 = CARTESIAN_POINT ( 'NONE',  ( -1.269999999999996909, 0.000000000000000000, -7.000000000000000888 ) ) ;
#2054 = CARTESIAN_POINT ( 'NONE',  ( -20.91044565852956083, 0.000000000000000000, -4.242748111540175948 ) ) ;
#2055 = ORIENTED_EDGE ( 'NONE', *, *, #1642, .F. ) ;
#2056 = DIRECTION ( 'NONE',  ( 0.000000000000000000, 0.000000000000000000, 1.000000000000000000 ) ) ;
#2057 = AXIS2_PLACEMENT_3D ( 'NONE', #362, #2029, #300 ) ;
#2058 = CIRCLE ( 'NONE', #1799, 0.4999999999999987232 ) ;
#2059 = DIRECTION ( 'NONE',  ( -0.000000000000000000, 1.000000000000000000, -0.000000000000000000 ) ) ;
#2060 = EDGE_LOOP ( 'NONE', ( #75, #1946, #20, #514 ) ) ;
#2061 = ORIENTED_EDGE ( 'NONE', *, *, #989, .F. ) ;
#2062 = ORIENTED_EDGE ( 'NONE', *, *, #488, .F. ) ;
#2063 = LINE ( 'NONE', #582, #1130 ) ;
#2064 = VECTOR ( 'NONE', #992, 1000.000000000000000 ) ;
#2065 = DIRECTION ( 'NONE',  ( 0.000000000000000000, 0.000000000000000000, 1.000000000000000000 ) ) ;
#2066 = FILL_AREA_STYLE ('',( #1583 ) ) ;
#2067 = ADVANCED_FACE ( 'NONE', ( #2383 ), #2451, .F. ) ;
#2068 = CARTESIAN_POINT ( 'NONE',  ( -17.60302925832301923, 0.000000000000000000, -4.242748111540175948 ) ) ;
#2069 = CARTESIAN_POINT ( 'NONE',  ( 1.270000000000003793, 0.000000000000000000, -7.500000000000000000 ) ) ;
#2070 = EDGE_LOOP ( 'NONE', ( #148, #2849 ) ) ;
#2071 = DIRECTION ( 'NONE',  ( -1.000000000000000000, 0.000000000000000000, 1.284980352575412453E-16 ) ) ;
#2072 = FACE_OUTER_BOUND ( 'NONE', #825, .T. ) ;
#2073 = FACE_OUTER_BOUND ( 'NONE', #2110, .T. ) ;
#2074 = AXIS2_PLACEMENT_3D ( 'NONE', #1703, #198, #1204 ) ;
#2075 = CARTESIAN_POINT ( 'NONE',  ( -2.705150999626833475, 1.600000000000000089, 2.168404344971008868E-16 ) ) ;
#2076 = EDGE_LOOP ( 'NONE', ( #37, #3187 ) ) ;
#2077 = EDGE_CURVE ( 'NONE', #1388, #2276, #1714, .T. ) ;
#2078 = ORIENTED_EDGE ( 'NONE', *, *, #787, .F. ) ;
#2079 = ORIENTED_EDGE ( 'NONE', *, *, #1844, .F. ) ;
#2080 = DIRECTION ( 'NONE',  ( -0.000000000000000000, 1.000000000000000000, -0.000000000000000000 ) ) ;
#2081 = EDGE_CURVE ( 'NONE', #3183, #1592, #3158, .T. ) ;
#2082 = EDGE_CURVE ( 'NONE', #3211, #2511, #476, .T. ) ;
#2083 = VECTOR ( 'NONE', #772, 1000.000000000000114 ) ;
#2084 = CARTESIAN_POINT ( 'NONE',  ( 3.810000000000007603, 0.000000000000000000, 7.500000000000000000 ) ) ;
#2085 = SURFACE_STYLE_FILL_AREA ( #2066 ) ;
#2086 = EDGE_CURVE ( 'NONE', #2524, #636, #1226, .T. ) ;
#2087 = FACE_BOUND ( 'NONE', #2785, .T. ) ;
#2088 = CIRCLE ( 'NONE', #1050, 0.4999999999999987232 ) ;
#2089 = DIRECTION ( 'NONE',  ( 1.000000000000000000, -0.000000000000000000, 0.000000000000000000 ) ) ;
#2090 = DIRECTION ( 'NONE',  ( 0.000000000000000000, 0.000000000000000000, -1.000000000000000000 ) ) ;
#2091 = FACE_OUTER_BOUND ( 'NONE', #2676, .T. ) ;
#2092 = ORIENTED_EDGE ( 'NONE', *, *, #2989, .T. ) ;
#2093 = DIRECTION ( 'NONE',  ( 0.000000000000000000, -1.000000000000000000, 0.000000000000000000 ) ) ;
#2094 = EDGE_CURVE ( 'NONE', #2561, #1218, #188, .T. ) ;
#2095 = FACE_OUTER_BOUND ( 'NONE', #399, .T. ) ;
#2096 = ORIENTED_EDGE ( 'NONE', *, *, #3149, .T. ) ;
#2097 = EDGE_CURVE ( 'NONE', #132, #1457, #1935, .T. ) ;
#2098 = EDGE_LOOP ( 'NONE', ( #2160, #2919 ) ) ;
#2099 = ORIENTED_EDGE ( 'NONE', *, *, #2176, .T. ) ;
#2100 = LINE ( 'NONE', #796, #3140 ) ;
#2101 = AXIS2_PLACEMENT_3D ( 'NONE', #882, #2295, #1598 ) ;
#2102 = LINE ( 'NONE', #781, #1278 ) ;
#2103 = DIRECTION ( 'NONE',  ( -0.000000000000000000, 1.000000000000000000, -0.000000000000000000 ) ) ;
#2104 = AXIS2_PLACEMENT_3D ( 'NONE', #255, #2248, #2001 ) ;
#2105 = DIRECTION ( 'NONE',  ( 0.000000000000000000, 0.000000000000000000, 1.000000000000000000 ) ) ;
#2106 = CARTESIAN_POINT ( 'NONE',  ( 6.205150999626835251, 1.600000000000000089, 0.000000000000000000 ) ) ;
#2107 = DIRECTION ( 'NONE',  ( -0.000000000000000000, 1.000000000000000000, -0.000000000000000000 ) ) ;
#2108 = EDGE_CURVE ( 'NONE', #2640, #1039, #746, .T. ) ;
#2109 = CARTESIAN_POINT ( 'NONE',  ( -1.269999999999993356, 0.000000000000000000, 7.500000000000000000 ) ) ;
#2110 = EDGE_LOOP ( 'NONE', ( #1708, #528, #1417, #164 ) ) ;
#2111 =( NAMED_UNIT ( * ) PLANE_ANGLE_UNIT ( ) SI_UNIT ( $, .RADIAN. ) );
#2112 = AXIS2_PLACEMENT_3D ( 'NONE', #3025, #2328, #85 ) ;
#2113 = DIRECTION ( 'NONE',  ( 0.000000000000000000, 0.000000000000000000, 1.000000000000000000 ) ) ;
#2114 = VECTOR ( 'NONE', #569, 1000.000000000000000 ) ;
#2115 = ORIENTED_EDGE ( 'NONE', *, *, #1510, .T. ) ;
#2116 = ORIENTED_EDGE ( 'NONE', *, *, #1768, .F. ) ;
#2117 = VERTEX_POINT ( 'NONE', #220 ) ;
#2118 = LINE ( 'NONE', #3091, #446 ) ;
#2119 = EDGE_CURVE ( 'NONE', #132, #1965, #1471, .T. ) ;
#2120 = SURFACE_SIDE_STYLE ('',( #2357 ) ) ;
#2121 = AXIS2_PLACEMENT_3D ( 'NONE', #356, #3097, #1067 ) ;
#2122 = CARTESIAN_POINT ( 'NONE',  ( -8.889999999999998792, -1.600000000000000755, -7.000000000000000888 ) ) ;
#2123 = AXIS2_PLACEMENT_3D ( 'NONE', #1637, #390, #1393 ) ;
#2124 = DIRECTION ( 'NONE',  ( -0.000000000000000000, 1.000000000000000000, -0.000000000000000000 ) ) ;
#2125 = DIRECTION ( 'NONE',  ( -0.000000000000000000, 1.000000000000000000, -0.000000000000000000 ) ) ;
#2126 = DIRECTION ( 'NONE',  ( -0.000000000000000000, 1.000000000000000000, -0.000000000000000000 ) ) ;
#2127 = DIRECTION ( 'NONE',  ( -0.000000000000000000, 1.000000000000000000, -0.000000000000000000 ) ) ;
#2128 = CARTESIAN_POINT ( 'NONE',  ( -16.50999999999999801, 0.000000000000000000, 7.500000000000000000 ) ) ;
#2129 = CIRCLE ( 'NONE', #2484, 0.4999999999999970024 ) ;
#2130 = EDGE_LOOP ( 'NONE', ( #1817, #1785 ) ) ;
#2131 = ORIENTED_EDGE ( 'NONE', *, *, #1112, .T. ) ;
#2132 = EDGE_LOOP ( 'NONE', ( #2115, #1126 ) ) ;
#2133 = ORIENTED_EDGE ( 'NONE', *, *, #1881, .T. ) ;
#2134 = FACE_OUTER_BOUND ( 'NONE', #668, .T. ) ;
#2135 = AXIS2_PLACEMENT_3D ( 'NONE', #1148, #654, #674 ) ;
#2136 = DIRECTION ( 'NONE',  ( 1.000000000000000000, -0.000000000000000000, 0.000000000000000000 ) ) ;
#2137 = CARTESIAN_POINT ( 'NONE',  ( -19.04999999999999716, -1.600000000000000755, 7.000000000000002665 ) ) ;
#2138 = CARTESIAN_POINT ( 'NONE',  ( -16.50999999999999801, -5.204748896376247001E-17, 7.500000000000000000 ) ) ;
#2139 = EDGE_CURVE ( 'NONE', #1218, #1611, #2545, .T. ) ;
#2140 = CARTESIAN_POINT ( 'NONE',  ( 16.51000000000001222, 0.000000000000000000, 7.500000000000000000 ) ) ;
#2141 = ORIENTED_EDGE ( 'NONE', *, *, #750, .T. ) ;
#2142 = CARTESIAN_POINT ( 'NONE',  ( -19.04999999999999716, 0.000000000000000000, 7.999999999999996447 ) ) ;
#2143 = VECTOR ( 'NONE', #2377, 1000.000000000000000 ) ;
#2144 = VERTEX_POINT ( 'NONE', #3186 ) ;
#2145 = CARTESIAN_POINT ( 'NONE',  ( -6.349999999999997868, 0.000000000000000000, -7.500000000000000000 ) ) ;
#2146 = VECTOR ( 'NONE', #2568, 1000.000000000000000 ) ;
#2147 = CARTESIAN_POINT ( 'NONE',  ( 16.51000000000000867, 0.000000000000000000, -7.500000000000000000 ) ) ;
#2148 = ORIENTED_EDGE ( 'NONE', *, *, #17, .T. ) ;
#2149 = EDGE_LOOP ( 'NONE', ( #2440, #2353, #2448, #294 ) ) ;
#2150 = VERTEX_POINT ( 'NONE', #1394 ) ;
#2151 = ORIENTED_EDGE ( 'NONE', *, *, #1205, .F. ) ;
#2152 = DIRECTION ( 'NONE',  ( -0.000000000000000000, 1.000000000000000000, -0.000000000000000000 ) ) ;
#2153 = EDGE_CURVE ( 'NONE', #1715, #2760, #422, .T. ) ;
#2154 = VECTOR ( 'NONE', #799, 1000.000000000000114 ) ;
#2155 = PLANE ( 'NONE',  #2135 ) ;
#2156 = FACE_BOUND ( 'NONE', #872, .T. ) ;
#2157 = DIRECTION ( 'NONE',  ( 0.000000000000000000, 0.000000000000000000, -1.000000000000000000 ) ) ;
#2158 = CIRCLE ( 'NONE', #435, 0.4999999999999978351 ) ;
#2159 = DIRECTION ( 'NONE',  ( -0.000000000000000000, 1.000000000000000000, -0.000000000000000000 ) ) ;
#2160 = ORIENTED_EDGE ( 'NONE', *, *, #1478, .F. ) ;
#2161 = LINE ( 'NONE', #2396, #339 ) ;
#2162 = ORIENTED_EDGE ( 'NONE', *, *, #2489, .T. ) ;
#2163 = CARTESIAN_POINT ( 'NONE',  ( -3.809999999999993836, -1.600000000000000755, 7.500000000000000000 ) ) ;
#2164 = CARTESIAN_POINT ( 'NONE',  ( -17.60302925832301923, 2.000000000000000000, -4.242748111540175948 ) ) ;
#2165 = AXIS2_PLACEMENT_3D ( 'NONE', #2563, #1047, #2065 ) ;
#2166 = EDGE_CURVE ( 'NONE', #2608, #932, #1157, .T. ) ;
#2167 = ORIENTED_EDGE ( 'NONE', *, *, #3078, .T. ) ;
#2168 = VERTEX_POINT ( 'NONE', #2639 ) ;
#2169 = FILL_AREA_STYLE ('',( #194 ) ) ;
#2170 = ORIENTED_EDGE ( 'NONE', *, *, #3119, .F. ) ;
#2171 = ORIENTED_EDGE ( 'NONE', *, *, #587, .T. ) ;
#2172 = CARTESIAN_POINT ( 'NONE',  ( -2.705150999626833475, 0.000000000000000000, 2.168404344971008868E-16 ) ) ;
#2173 = DIRECTION ( 'NONE',  ( -0.000000000000000000, 1.000000000000000000, -0.000000000000000000 ) ) ;
#2174 = DIRECTION ( 'NONE',  ( 0.000000000000000000, 0.000000000000000000, 1.000000000000000000 ) ) ;
#2175 = VECTOR ( 'NONE', #3175, 1000.000000000000000 ) ;
#2176 = EDGE_CURVE ( 'NONE', #1572, #2424, #410, .T. ) ;
#2177 = DIRECTION ( 'NONE',  ( 1.000000000000000000, 0.000000000000000000, 0.000000000000000000 ) ) ;
#2178 = ORIENTED_EDGE ( 'NONE', *, *, #1840, .F. ) ;
#2179 = CARTESIAN_POINT ( 'NONE',  ( -11.42999999999999616, -1.600000000000000755, 7.000000000000000888 ) ) ;
#2180 = CIRCLE ( 'NONE', #980, 0.4999999999999987232 ) ;
#2181 = ORIENTED_EDGE ( 'NONE', *, *, #1182, .T. ) ;
#2182 = CYLINDRICAL_SURFACE ( 'NONE', #396, 0.4999999999999987232 ) ;
#2183 = DIRECTION ( 'NONE',  ( 0.000000000000000000, 0.000000000000000000, 1.000000000000000000 ) ) ;
#2184 = EDGE_LOOP ( 'NONE', ( #2822, #958 ) ) ;
#2185 = DIRECTION ( 'NONE',  ( -0.000000000000000000, 1.000000000000000000, -0.000000000000000000 ) ) ;
#2186 = VERTEX_POINT ( 'NONE', #1918 ) ;
#2187 = AXIS2_PLACEMENT_3D ( 'NONE', #1774, #8, #766 ) ;
#2188 = VERTEX_POINT ( 'NONE', #2898 ) ;
#2189 = CARTESIAN_POINT ( 'NONE',  ( 13.97000000000000597, -5.204748896376247001E-17, -7.000000000000000888 ) ) ;
#2190 = EDGE_CURVE ( 'NONE', #1559, #1779, #684, .T. ) ;
#2191 = PRODUCT_DEFINITION_SHAPE ( 'NONE', 'NONE',  #97 ) ;
#2192 = CARTESIAN_POINT ( 'NONE',  ( 8.890000000000009450, -1.600000000000000755, 7.000000000000000888 ) ) ;
#2193 = DIRECTION ( 'NONE',  ( -0.000000000000000000, 1.000000000000000000, -0.000000000000000000 ) ) ;
#2194 = EDGE_CURVE ( 'NONE', #2506, #1011, #2032, .T. ) ;
#2195 = DIRECTION ( 'NONE',  ( -0.000000000000000000, 1.000000000000000000, -0.000000000000000000 ) ) ;
#2196 = ORIENTED_EDGE ( 'NONE', *, *, #2668, .T. ) ;
#2197 = ORIENTED_EDGE ( 'NONE', *, *, #1607, .T. ) ;
#2198 = CARTESIAN_POINT ( 'NONE',  ( 15.65319436210239878, 1.600000000000000089, 0.000000000000000000 ) ) ;
#2199 = EDGE_CURVE ( 'NONE', #2697, #1680, #2294, .T. ) ;
#2200 = DIRECTION ( 'NONE',  ( 0.000000000000000000, 0.000000000000000000, 1.000000000000000000 ) ) ;
#2201 = AXIS2_PLACEMENT_3D ( 'NONE', #1506, #1006, #990 ) ;
#2202 = ORIENTED_EDGE ( 'NONE', *, *, #2694, .F. ) ;
#2203 = CARTESIAN_POINT ( 'NONE',  ( 1.750000000000000666, 0.000000000000000000, -4.455150999626834363 ) ) ;
#2204 = ORIENTED_EDGE ( 'NONE', *, *, #1019, .F. ) ;
#2205 = VERTEX_POINT ( 'NONE', #1586 ) ;
#2206 = DIRECTION ( 'NONE',  ( -0.000000000000000000, 1.000000000000000000, -0.000000000000000000 ) ) ;
#2207 = LINE ( 'NONE', #728, #755 ) ;
#2208 = DIRECTION ( 'NONE',  ( 0.000000000000000000, 0.000000000000000000, 1.000000000000000000 ) ) ;
#2209 = EDGE_LOOP ( 'NONE', ( #1285, #948, #1470, #957 ) ) ;
#2210 = SURFACE_STYLE_FILL_AREA ( #1726 ) ;
#2211 = DIRECTION ( 'NONE',  ( -0.000000000000000000, 1.000000000000000000, -0.000000000000000000 ) ) ;
#2212 = ORIENTED_EDGE ( 'NONE', *, *, #844, .F. ) ;
#2213 = CIRCLE ( 'NONE', #2513, 0.4999999999999987232 ) ;
#2214 = LINE ( 'NONE', #497, #2175 ) ;
#2215 = VERTEX_POINT ( 'NONE', #2311 ) ;
#2216 = EDGE_LOOP ( 'NONE', ( #2256, #526, #2407, #444 ) ) ;
#2217 = CARTESIAN_POINT ( 'NONE',  ( 3.810000000000004494, 0.000000000000000000, -7.500000000000000000 ) ) ;
#2218 = CARTESIAN_POINT ( 'NONE',  ( -1.269999999999993356, -5.204748896376247001E-17, 7.500000000000000000 ) ) ;
#2219 = VECTOR ( 'NONE', #619, 1000.000000000000000 ) ;
#2220 = CARTESIAN_POINT ( 'NONE',  ( -13.97000000000000064, -1.600000000000000755, -7.500000000000000000 ) ) ;
#2221 = ORIENTED_EDGE ( 'NONE', *, *, #1832, .F. ) ;
#2222 = VECTOR ( 'NONE', #3053, 1000.000000000000000 ) ;
#2223 = DIRECTION ( 'NONE',  ( -0.000000000000000000, 1.000000000000000000, -0.000000000000000000 ) ) ;
#2224 = CIRCLE ( 'NONE', #814, 0.4999999999999987232 ) ;
#2225 = EDGE_CURVE ( 'NONE', #2577, #926, #3046, .T. ) ;
#2226 = LINE ( 'NONE', #1480, #1390 ) ;
#2227 = ORIENTED_EDGE ( 'NONE', *, *, #1988, .F. ) ;
#2228 = LINE ( 'NONE', #1700, #2432 ) ;
#2229 = ORIENTED_EDGE ( 'NONE', *, *, #2153, .T. ) ;
#2230 = ORIENTED_EDGE ( 'NONE', *, *, #2853, .F. ) ;
#2231 = CARTESIAN_POINT ( 'NONE',  ( 8.890000000000005898, -1.600000000000000755, -7.500000000000000000 ) ) ;
#2232 = AXIS2_PLACEMENT_3D ( 'NONE', #1907, #3164, #3178 ) ;
#2233 = DIRECTION ( 'NONE',  ( 0.000000000000000000, 0.000000000000000000, 1.000000000000000000 ) ) ;
#2234 = DIRECTION ( 'NONE',  ( -0.000000000000000000, 1.000000000000000000, -0.000000000000000000 ) ) ;
#2235 = CARTESIAN_POINT ( 'NONE',  ( 0.000000000000000000, 1.600000000000000089, -5.406411661539461733 ) ) ;
#2236 = EDGE_CURVE ( 'NONE', #2895, #809, #2827, .T. ) ;
#2237 = DIRECTION ( 'NONE',  ( -0.000000000000000000, 1.000000000000000000, -0.000000000000000000 ) ) ;
#2238 = ADVANCED_BREP_SHAPE_REPRESENTATION ( 'SAMMY-C21', ( #2741, #2788, #1760, #574, #1691, #974 ), #1129 ) ;
#2239 = VECTOR ( 'NONE', #2548, 1000.000000000000000 ) ;
#2240 = DIRECTION ( 'NONE',  ( -0.000000000000000000, 1.000000000000000000, -0.000000000000000000 ) ) ;
#2241 = EDGE_LOOP ( 'NONE', ( #2994, #1329, #2884, #2681 ) ) ;
#2242 = EDGE_CURVE ( 'NONE', #2836, #83, #2582, .T. ) ;
#2243 = DIRECTION ( 'NONE',  ( 0.000000000000000000, 0.000000000000000000, 1.000000000000000000 ) ) ;
#2244 = ORIENTED_EDGE ( 'NONE', *, *, #1513, .T. ) ;
#2245 = EDGE_LOOP ( 'NONE', ( #966, #2023, #2456, #450 ) ) ;
#2246 = AXIS2_PLACEMENT_3D ( 'NONE', #336, #1827, #589 ) ;
#2247 = DIRECTION ( 'NONE',  ( -0.000000000000000000, -1.000000000000000000, -0.000000000000000000 ) ) ;
#2248 = DIRECTION ( 'NONE',  ( -0.000000000000000000, 1.000000000000000000, -0.000000000000000000 ) ) ;
#2249 = DIRECTION ( 'NONE',  ( 0.000000000000000000, 0.000000000000000000, -1.000000000000000000 ) ) ;
#2250 = ADVANCED_FACE ( 'NONE', ( #816 ), #607, .F. ) ;
#2251 = ORIENTED_EDGE ( 'NONE', *, *, #2119, .F. ) ;
#2252 = DIRECTION ( 'NONE',  ( -0.000000000000000000, 1.000000000000000000, -0.000000000000000000 ) ) ;
#2253 = EDGE_CURVE ( 'NONE', #1209, #117, #2051, .T. ) ;
#2254 = CIRCLE ( 'NONE', #2863, 0.4999999999999987232 ) ;
#2255 = DIRECTION ( 'NONE',  ( 0.000000000000000000, 0.000000000000000000, 1.000000000000000000 ) ) ;
#2256 = ORIENTED_EDGE ( 'NONE', *, *, #372, .F. ) ;
#2257 = AXIS2_PLACEMENT_3D ( 'NONE', #2264, #2471, #3196 ) ;
#2258 = EDGE_CURVE ( 'NONE', #1265, #1773, #2810, .T. ) ;
#2259 = FACE_OUTER_BOUND ( 'NONE', #581, .T. ) ;
#2260 = VERTEX_POINT ( 'NONE', #851 ) ;
#2261 = EDGE_CURVE ( 'NONE', #636, #789, #43, .T. ) ;
#2262 = ORIENTED_EDGE ( 'NONE', *, *, #1030, .F. ) ;
#2263 = CARTESIAN_POINT ( 'NONE',  ( 15.65319436210239878, 1.600000000000000089, -0.6925855535203084834 ) ) ;
#2264 = CARTESIAN_POINT ( 'NONE',  ( 19.05000000000000782, -5.204748896376247001E-17, -7.500000000000000000 ) ) ;
#2265 = DIRECTION ( 'NONE',  ( 0.000000000000000000, 0.000000000000000000, 1.000000000000000000 ) ) ;
#2266 = CARTESIAN_POINT ( 'NONE',  ( 16.51000000000001222, 0.000000000000000000, 7.500000000000000000 ) ) ;
#2267 = AXIS2_PLACEMENT_3D ( 'NONE', #2786, #2355, #315 ) ;
#2268 = FACE_OUTER_BOUND ( 'NONE', #195, .T. ) ;
#2269 = DIRECTION ( 'NONE',  ( 0.000000000000000000, 0.000000000000000000, 1.000000000000000000 ) ) ;
#2270 = AXIS2_PLACEMENT_3D ( 'NONE', #840, #3016, #2056 ) ;
#2271 = VECTOR ( 'NONE', #597, 1000.000000000000000 ) ;
#2272 = VERTEX_POINT ( 'NONE', #3029 ) ;
#2273 = CARTESIAN_POINT ( 'NONE',  ( -16.51000000000000156, 0.000000000000000000, -7.000000000000002665 ) ) ;
#2274 = ORIENTED_EDGE ( 'NONE', *, *, #2190, .F. ) ;
#2275 = EDGE_LOOP ( 'NONE', ( #2739, #3121, #2962, #2197 ) ) ;
#2276 = VERTEX_POINT ( 'NONE', #1117 ) ;
#2277 = CARTESIAN_POINT ( 'NONE',  ( -19.04999999999999716, -1.600000000000000755, 7.500000000000000000 ) ) ;
#2278 = LINE ( 'NONE', #40, #1639 ) ;
#2279 = DIRECTION ( 'NONE',  ( 0.000000000000000000, 0.000000000000000000, 1.000000000000000000 ) ) ;
#2280 = VERTEX_POINT ( 'NONE', #2106 ) ;
#2281 = FACE_BOUND ( 'NONE', #2403, .T. ) ;
#2282 = EDGE_CURVE ( 'NONE', #1594, #2272, #2551, .T. ) ;
#2283 =( NAMED_UNIT ( * ) PLANE_ANGLE_UNIT ( ) SI_UNIT ( $, .RADIAN. ) );
#2284 = CARTESIAN_POINT ( 'NONE',  ( 6.350000000000004974, 0.000000000000000000, -7.500000000000000000 ) ) ;
#2285 = ORIENTED_EDGE ( 'NONE', *, *, #2787, .F. ) ;
#2286 = ADVANCED_FACE ( 'NONE', ( #566 ), #835, .F. ) ;
#2287 = VECTOR ( 'NONE', #850, 1000.000000000000000 ) ;
#2288 = CARTESIAN_POINT ( 'NONE',  ( -8.889999999999995239, -5.204748896376247001E-17, 7.500000000000000000 ) ) ;
#2289 = VERTEX_POINT ( 'NONE', #1809 ) ;
#2290 = EDGE_LOOP ( 'NONE', ( #1076, #859 ) ) ;
#2291 = EDGE_LOOP ( 'NONE', ( #779, #1999 ) ) ;
#2292 = DIRECTION ( 'NONE',  ( -0.000000000000000000, 1.000000000000000000, -0.000000000000000000 ) ) ;
#2293 = DIRECTION ( 'NONE',  ( 0.000000000000000000, 0.000000000000000000, 1.000000000000000000 ) ) ;
#2294 = CIRCLE ( 'NONE', #1219, 0.4999999999999987232 ) ;
#2295 = DIRECTION ( 'NONE',  ( -0.000000000000000000, 1.000000000000000000, -0.000000000000000000 ) ) ;
#2296 = CARTESIAN_POINT ( 'NONE',  ( 3.810000000000007603, 0.000000000000000000, 7.999999999999998224 ) ) ;
#2297 = DIRECTION ( 'NONE',  ( 1.000000000000000000, -0.000000000000000000, 0.000000000000000000 ) ) ;
#2298 = CYLINDRICAL_SURFACE ( 'NONE', #3170, 0.4999999999999987232 ) ;
#2299 = DIRECTION ( 'NONE',  ( -0.000000000000000000, 1.000000000000000000, -0.000000000000000000 ) ) ;
#2300 = CIRCLE ( 'NONE', #12, 0.4999999999999970024 ) ;
#2301 = DIRECTION ( 'NONE',  ( -0.000000000000000000, 1.000000000000000000, -0.000000000000000000 ) ) ;
#2302 = ORIENTED_EDGE ( 'NONE', *, *, #1036, .F. ) ;
#2303 = AXIS2_PLACEMENT_3D ( 'NONE', #2642, #415, #2387 ) ;
#2304 = ORIENTED_EDGE ( 'NONE', *, *, #1413, .F. ) ;
#2305 = VERTEX_POINT ( 'NONE', #58 ) ;
#2306 = DIRECTION ( 'NONE',  ( -0.000000000000000000, 1.000000000000000000, -0.000000000000000000 ) ) ;
#2307 = CARTESIAN_POINT ( 'NONE',  ( 16.51000000000001222, -1.600000000000000755, 7.000000000000002665 ) ) ;
#2308 = DIRECTION ( 'NONE',  ( 0.000000000000000000, 0.000000000000000000, 1.000000000000000000 ) ) ;
#2309 = FACE_BOUND ( 'NONE', #2735, .T. ) ;
#2310 = AXIS2_PLACEMENT_3D ( 'NONE', #530, #1536, #2515 ) ;
#2311 = CARTESIAN_POINT ( 'NONE',  ( 13.97000000000000597, -1.600000000000000755, -7.000000000000000888 ) ) ;
#2312 = VERTEX_POINT ( 'NONE', #74 ) ;
#2313 = CARTESIAN_POINT ( 'NONE',  ( -20.24999999999998934, -1.600000000000000089, 8.999999999999987566 ) ) ;
#2314 = CARTESIAN_POINT ( 'NONE',  ( -13.97000000000000064, -5.204748896376247001E-17, -7.500000000000000000 ) ) ;
#2315 = EDGE_CURVE ( 'NONE', #151, #2652, #1321, .T. ) ;
#2316 = FACE_OUTER_BOUND ( 'NONE', #1013, .T. ) ;
#2317 = CIRCLE ( 'NONE', #2778, 0.4999999999999987232 ) ;
#2318 = ADVANCED_FACE ( 'NONE', ( #2281, #2036, #801, #1793, #2774, #319, #1555, #2535, #304, #1308, #1064, #1323, #1568, #1941, #1687, #1369, #2868, #2856, #1133, #2392, #2889, #1149, #1909, #3166, #160, #940, #2430, #2156, #2907, #675, #2599, #1206, #2411 ), #2669, .F. ) ;
#2319 = EDGE_CURVE ( 'NONE', #932, #1852, #1188, .T. ) ;
#2320 = VECTOR ( 'NONE', #1056, 1000.000000000000000 ) ;
#2321 = FACE_OUTER_BOUND ( 'NONE', #3115, .T. ) ;
#2322 = ORIENTED_EDGE ( 'NONE', *, *, #1040, .F. ) ;
#2323 = EDGE_CURVE ( 'NONE', #253, #926, #855, .T. ) ;
#2324 = ORIENTED_EDGE ( 'NONE', *, *, #1945, .F. ) ;
#2325 = ORIENTED_EDGE ( 'NONE', *, *, #2655, .T. ) ;
#2326 = CARTESIAN_POINT ( 'NONE',  ( 3.810000000000007603, -1.600000000000000755, 7.999999999999996447 ) ) ;
#2327 = VECTOR ( 'NONE', #2734, 1000.000000000000000 ) ;
#2328 = DIRECTION ( 'NONE',  ( -0.000000000000000000, 1.000000000000000000, -0.000000000000000000 ) ) ;
#2329 = DIRECTION ( 'NONE',  ( 0.000000000000000000, 0.000000000000000000, 1.000000000000000000 ) ) ;
#2330 = FACE_BOUND ( 'NONE', #2339, .T. ) ;
#2331 = DIRECTION ( 'NONE',  ( -0.000000000000000000, 1.000000000000000000, -0.000000000000000000 ) ) ;
#2332 = CARTESIAN_POINT ( 'NONE',  ( 8.890000000000009450, -5.204748896376247001E-17, 7.999999999999998224 ) ) ;
#2333 = CARTESIAN_POINT ( 'NONE',  ( 1.156482317317869358E-15, 0.000000000000000000, 8.999999999999985789 ) ) ;
#2334 = EDGE_CURVE ( 'NONE', #2289, #911, #180, .T. ) ;
#2335 = CARTESIAN_POINT ( 'NONE',  ( 1.270000000000003793, -5.204748896376247001E-17, -7.500000000000000000 ) ) ;
#2336 = AXIS2_PLACEMENT_3D ( 'NONE', #459, #2206, #1925 ) ;
#2337 = CARTESIAN_POINT ( 'NONE',  ( 18.29305882832230168, 0.000000000000000000, -5.406411661539461733 ) ) ;
#2338 = ORIENTED_EDGE ( 'NONE', *, *, #169, .T. ) ;
#2339 = EDGE_LOOP ( 'NONE', ( #2767, #906 ) ) ;
#2340 = EDGE_LOOP ( 'NONE', ( #2380, #2079 ) ) ;
#2341 = CARTESIAN_POINT ( 'NONE',  ( 13.97000000000000952, 0.000000000000000000, 7.500000000000000000 ) ) ;
#2342 = EDGE_CURVE ( 'NONE', #2441, #2276, #2820, .T. ) ;
#2343 = DIRECTION ( 'NONE',  ( 0.000000000000000000, 0.000000000000000000, 1.000000000000000000 ) ) ;
#2344 = DIRECTION ( 'NONE',  ( 0.000000000000000000, 0.000000000000000000, 1.000000000000000000 ) ) ;
#2345 = CARTESIAN_POINT ( 'NONE',  ( -19.05000000000000071, -5.204748896376247001E-17, -7.999999999999996447 ) ) ;
#2346 = AXIS2_PLACEMENT_3D ( 'NONE', #1134, #2193, #2174 ) ;
#2347 = CARTESIAN_POINT ( 'NONE',  ( -11.42999999999999616, 0.000000000000000000, 7.999999999999998224 ) ) ;
#2348 = CARTESIAN_POINT ( 'NONE',  ( 6.350000000000008527, 0.000000000000000000, 7.500000000000000000 ) ) ;
#2349 = DIRECTION ( 'NONE',  ( -0.000000000000000000, 1.000000000000000000, -0.000000000000000000 ) ) ;
#2350 = DIRECTION ( 'NONE',  ( 0.000000000000000000, 0.000000000000000000, 1.000000000000000000 ) ) ;
#2351 = ADVANCED_FACE ( 'NONE', ( #123 ), #1649, .F. ) ;
#2352 = ORIENTED_EDGE ( 'NONE', *, *, #2813, .T. ) ;
#2353 = ORIENTED_EDGE ( 'NONE', *, *, #1267, .F. ) ;
#2354 = VERTEX_POINT ( 'NONE', #2192 ) ;
#2355 = DIRECTION ( 'NONE',  ( -0.000000000000000000, 1.000000000000000000, -0.000000000000000000 ) ) ;
#2356 = CIRCLE ( 'NONE', #2762, 0.4999999999999987232 ) ;
#2357 = SURFACE_STYLE_FILL_AREA ( #364 ) ;
#2358 = AXIS2_PLACEMENT_3D ( 'NONE', #655, #694, #3150 ) ;
#2359 = FACE_BOUND ( 'NONE', #2404, .T. ) ;
#2360 = CARTESIAN_POINT ( 'NONE',  ( -6.349999999999994316, 0.000000000000000000, 7.999999999999998224 ) ) ;
#2361 = CARTESIAN_POINT ( 'NONE',  ( -1.269999999999996909, -5.204748896376247001E-17, -7.999999999999998224 ) ) ;
#2362 = DIRECTION ( 'NONE',  ( -0.000000000000000000, 1.000000000000000000, -0.000000000000000000 ) ) ;
#2363 = CARTESIAN_POINT ( 'NONE',  ( 15.65319436210239878, 1.600000000000000089, 0.000000000000000000 ) ) ;
#2364 = UNCERTAINTY_MEASURE_WITH_UNIT (LENGTH_MEASURE( 1.000000000000000082E-05 ), #888, 'distance_accuracy_value', 'NONE');
#2365 = MECHANICAL_DESIGN_GEOMETRIC_PRESENTATION_REPRESENTATION (  '', ( #1952 ), #3143 ) ;
#2366 = FACE_OUTER_BOUND ( 'NONE', #237, .T. ) ;
#2367 = CIRCLE ( 'NONE', #864, 0.4999999999999978351 ) ;
#2368 = ORIENTED_EDGE ( 'NONE', *, *, #3017, .T. ) ;
#2369 = ORIENTED_EDGE ( 'NONE', *, *, #790, .T. ) ;
#2370 = ORIENTED_EDGE ( 'NONE', *, *, #2258, .F. ) ;
#2371 = AXIS2_PLACEMENT_3D ( 'NONE', #468, #1010, #2978 ) ;
#2372 = ADVANCED_FACE ( 'NONE', ( #1875 ), #2630, .F. ) ;
#2373 = EDGE_LOOP ( 'NONE', ( #2738, #1230, #2693, #2848 ) ) ;
#2374 = DIRECTION ( 'NONE',  ( -0.000000000000000000, 1.000000000000000000, -0.000000000000000000 ) ) ;
#2375 = FACE_OUTER_BOUND ( 'NONE', #1484, .T. ) ;
#2376 = LINE ( 'NONE', #139, #1696 ) ;
#2377 = DIRECTION ( 'NONE',  ( -0.000000000000000000, 1.000000000000000000, -0.000000000000000000 ) ) ;
#2378 = DIRECTION ( 'NONE',  ( -0.000000000000000000, 1.000000000000000000, -0.000000000000000000 ) ) ;
#2379 = EDGE_LOOP ( 'NONE', ( #1930, #1396, #2141, #753 ) ) ;
#2380 = ORIENTED_EDGE ( 'NONE', *, *, #1647, .F. ) ;
#2381 = ADVANCED_FACE ( 'NONE', ( #3130 ), #712, .F. ) ;
#2382 = PLANE ( 'NONE',  #1962 ) ;
#2383 = FACE_OUTER_BOUND ( 'NONE', #1770, .T. ) ;
#2384 = EDGE_CURVE ( 'NONE', #99, #116, #1176, .T. ) ;
#2385 = ORIENTED_EDGE ( 'NONE', *, *, #2620, .F. ) ;
#2386 = VERTEX_POINT ( 'NONE', #402 ) ;
#2387 = DIRECTION ( 'NONE',  ( 0.000000000000000000, 0.000000000000000000, 1.000000000000000000 ) ) ;
#2388 = ORIENTED_EDGE ( 'NONE', *, *, #2421, .F. ) ;
#2389 = ORIENTED_EDGE ( 'NONE', *, *, #2584, .F. ) ;
#2390 = DIRECTION ( 'NONE',  ( 0.000000000000000000, 0.000000000000000000, 1.000000000000000000 ) ) ;
#2391 = DIRECTION ( 'NONE',  ( -0.000000000000000000, 1.000000000000000000, -0.000000000000000000 ) ) ;
#2392 = FACE_BOUND ( 'NONE', #3174, .T. ) ;
#2393 = CARTESIAN_POINT ( 'NONE',  ( 16.51000000000001222, -5.204748896376247001E-17, 7.500000000000000000 ) ) ;
#2394 = LINE ( 'NONE', #1169, #1727 ) ;
#2395 = VERTEX_POINT ( 'NONE', #1424 ) ;
#2396 = CARTESIAN_POINT ( 'NONE',  ( 19.05000000000001137, 0.000000000000000000, 7.000000000000002665 ) ) ;
#2397 = AXIS2_PLACEMENT_3D ( 'NONE', #2890, #2690, #461 ) ;
#2398 = ORIENTED_EDGE ( 'NONE', *, *, #976, .T. ) ;
#2399 = EDGE_CURVE ( 'NONE', #2150, #1346, #2612, .T. ) ;
#2400 = CARTESIAN_POINT ( 'NONE',  ( 16.51000000000000867, -1.600000000000000755, -7.000000000000002665 ) ) ;
#2401 = AXIS2_PLACEMENT_3D ( 'NONE', #1950, #3139, #2200 ) ;
#2402 = CARTESIAN_POINT ( 'NONE',  ( -13.97000000000000064, -5.204748896376247001E-17, -7.500000000000000000 ) ) ;
#2403 = EDGE_LOOP ( 'NONE', ( #820, #443 ) ) ;
#2404 = EDGE_LOOP ( 'NONE', ( #539, #3127 ) ) ;
#2405 = EDGE_CURVE ( 'NONE', #2641, #282, #2376, .T. ) ;
#2406 = CARTESIAN_POINT ( 'NONE',  ( -1.352575499813416737, 0.000000000000000000, 1.352575499813416737 ) ) ;
#2407 = ORIENTED_EDGE ( 'NONE', *, *, #2166, .T. ) ;
#2408 = EDGE_LOOP ( 'NONE', ( #1544, #2624 ) ) ;
#2409 = DIRECTION ( 'NONE',  ( 0.000000000000000000, 0.000000000000000000, 1.000000000000000000 ) ) ;
#2410 =( GEOMETRIC_REPRESENTATION_CONTEXT ( 3 ) GLOBAL_UNCERTAINTY_ASSIGNED_CONTEXT ( ( #2617 ) ) GLOBAL_UNIT_ASSIGNED_CONTEXT ( ( #86, #812, #1115 ) ) REPRESENTATION_CONTEXT ( 'NONE', 'WORKASPACE' ) );
#2411 = FACE_OUTER_BOUND ( 'NONE', #1894, .T. ) ;
#2412 = DIRECTION ( 'NONE',  ( 0.000000000000000000, 0.000000000000000000, 1.000000000000000000 ) ) ;
#2413 = AXIS2_PLACEMENT_3D ( 'NONE', #1222, #1971, #1246 ) ;
#2414 = DIRECTION ( 'NONE',  ( -0.000000000000000000, 1.000000000000000000, -0.000000000000000000 ) ) ;
#2415 = ORIENTED_EDGE ( 'NONE', *, *, #3017, .F. ) ;
#2416 = CARTESIAN_POINT ( 'NONE',  ( 1.270000000000007123, -1.600000000000000755, 7.000000000000000888 ) ) ;
#2417 = VERTEX_POINT ( 'NONE', #2137 ) ;
#2418 = CYLINDRICAL_SURFACE ( 'NONE', #2525, 0.4999999999999987232 ) ;
#2419 = DIRECTION ( 'NONE',  ( 0.000000000000000000, 0.000000000000000000, 1.000000000000000000 ) ) ;
#2420 = EDGE_CURVE ( 'NONE', #1852, #789, #2726, .T. ) ;
#2421 = EDGE_CURVE ( 'NONE', #1145, #1453, #2158, .T. ) ;
#2422 = CIRCLE ( 'NONE', #804, 0.4999999999999987232 ) ;
#2423 = ORIENTED_EDGE ( 'NONE', *, *, #264, .T. ) ;
#2424 = VERTEX_POINT ( 'NONE', #1519 ) ;
#2425 = EDGE_CURVE ( 'NONE', #312, #438, #2207, .T. ) ;
#2426 = EDGE_LOOP ( 'NONE', ( #1658, #1377, #2529, #671 ) ) ;
#2427 = ORIENTED_EDGE ( 'NONE', *, *, #1988, .T. ) ;
#2428 = DIRECTION ( 'NONE',  ( -1.000000000000000000, 0.000000000000000000, 1.284980352575412453E-16 ) ) ;
#2429 = AXIS2_PLACEMENT_3D ( 'NONE', #3200, #2990, #1976 ) ;
#2430 = FACE_BOUND ( 'NONE', #360, .T. ) ;
#2431 = DIRECTION ( 'NONE',  ( -0.000000000000000000, 1.000000000000000000, -0.000000000000000000 ) ) ;
#2432 = VECTOR ( 'NONE', #1483, 1000.000000000000000 ) ;
#2433 = DIRECTION ( 'NONE',  ( 0.000000000000000000, 0.000000000000000000, 1.000000000000000000 ) ) ;
#2434 = ORIENTED_EDGE ( 'NONE', *, *, #2199, .F. ) ;
#2435 = AXIS2_PLACEMENT_3D ( 'NONE', #167, #907, #946 ) ;
#2436 = EDGE_LOOP ( 'NONE', ( #2802, #2943 ) ) ;
#2437 = DIRECTION ( 'NONE',  ( -0.000000000000000000, 1.000000000000000000, -0.000000000000000000 ) ) ;
#2438 = EDGE_CURVE ( 'NONE', #527, #3087, #769, .T. ) ;
#2439 = DIRECTION ( 'NONE',  ( -0.000000000000000000, 1.000000000000000000, -0.000000000000000000 ) ) ;
#2440 = ORIENTED_EDGE ( 'NONE', *, *, #112, .F. ) ;
#2441 = VERTEX_POINT ( 'NONE', #1958 ) ;
#2442 = EDGE_LOOP ( 'NONE', ( #1915, #3047, #2721, #464 ) ) ;
#2443 = FACE_OUTER_BOUND ( 'NONE', #2932, .T. ) ;
#2444 = DIRECTION ( 'NONE',  ( 0.000000000000000000, 0.000000000000000000, 1.000000000000000000 ) ) ;
#2445 = DIRECTION ( 'NONE',  ( -0.000000000000000000, -1.000000000000000000, -0.000000000000000000 ) ) ;
#2446 = CARTESIAN_POINT ( 'NONE',  ( 0.000000000000000000, 0.000000000000000000, 0.000000000000000000 ) ) ;
#2447 = VECTOR ( 'NONE', #956, 1000.000000000000000 ) ;
#2448 = ORIENTED_EDGE ( 'NONE', *, *, #546, .T. ) ;
#2449 = CARTESIAN_POINT ( 'NONE',  ( -16.51000000000000156, -1.600000000000000755, -7.999999999999996447 ) ) ;
#2450 = AXIS2_PLACEMENT_3D ( 'NONE', #920, #1668, #1403 ) ;
#2451 = CYLINDRICAL_SURFACE ( 'NONE', #1161, 0.4999999999999970024 ) ;
#2452 = VECTOR ( 'NONE', #2419, 1000.000000000000000 ) ;
#2453 = ORIENTED_EDGE ( 'NONE', *, *, #2225, .F. ) ;
#2454 = CARTESIAN_POINT ( 'NONE',  ( 1.270000000000003793, 0.000000000000000000, -7.999999999999998224 ) ) ;
#2455 = ORIENTED_EDGE ( 'NONE', *, *, #2420, .F. ) ;
#2456 = ORIENTED_EDGE ( 'NONE', *, *, #1374, .F. ) ;
#2457 = CARTESIAN_POINT ( 'NONE',  ( -8.889999999999995239, -5.204748896376247001E-17, 7.500000000000000000 ) ) ;
#2458 = LINE ( 'NONE', #1503, #68 ) ;
#2459 = EDGE_CURVE ( 'NONE', #911, #794, #1015, .T. ) ;
#2460 = DIRECTION ( 'NONE',  ( -0.000000000000000000, 1.000000000000000000, -0.000000000000000000 ) ) ;
#2461 = DIRECTION ( 'NONE',  ( -0.000000000000000000, 1.000000000000000000, -0.000000000000000000 ) ) ;
#2462 = LINE ( 'NONE', #1477, #134 ) ;
#2463 = CARTESIAN_POINT ( 'NONE',  ( -8.889999999999995239, -5.204748896376247001E-17, 7.000000000000000888 ) ) ;
#2464 = ORIENTED_EDGE ( 'NONE', *, *, #1364, .F. ) ;
#2465 = CIRCLE ( 'NONE', #1900, 0.4999999999999987232 ) ;
#2466 = DIRECTION ( 'NONE',  ( 0.000000000000000000, 0.000000000000000000, 1.000000000000000000 ) ) ;
#2467 = ORIENTED_EDGE ( 'NONE', *, *, #886, .F. ) ;
#2468 = VERTEX_POINT ( 'NONE', #504 ) ;
#2469 = DIRECTION ( 'NONE',  ( 0.000000000000000000, 0.000000000000000000, 1.000000000000000000 ) ) ;
#2470 = EDGE_CURVE ( 'NONE', #2395, #1011, #269, .T. ) ;
#2471 = DIRECTION ( 'NONE',  ( -0.000000000000000000, 1.000000000000000000, -0.000000000000000000 ) ) ;
#2472 = VECTOR ( 'NONE', #2570, 1000.000000000000000 ) ;
#2473 = DIRECTION ( 'NONE',  ( 0.000000000000000000, 0.000000000000000000, -1.000000000000000000 ) ) ;
#2474 = ORIENTED_EDGE ( 'NONE', *, *, #2012, .T. ) ;
#2475 = VECTOR ( 'NONE', #2894, 1000.000000000000000 ) ;
#2476 = AXIS2_PLACEMENT_3D ( 'NONE', #1782, #1540, #2255 ) ;
#2477 = DIRECTION ( 'NONE',  ( -0.000000000000000000, 1.000000000000000000, -0.000000000000000000 ) ) ;
#2478 = EDGE_LOOP ( 'NONE', ( #2496, #795, #1869, #2951 ) ) ;
#2480 = EDGE_CURVE ( 'NONE', #1779, #1627, #1764, .T. ) ;
#2479 = CARTESIAN_POINT ( 'NONE',  ( 19.05000000000001137, -1.600000000000000755, 7.500000000000000000 ) ) ;
#2481 = ORIENTED_EDGE ( 'NONE', *, *, #219, .F. ) ;
#2482 = ORIENTED_EDGE ( 'NONE', *, *, #1320, .T. ) ;
#2483 = CARTESIAN_POINT ( 'NONE',  ( 18.29305882832230168, 1.600000000000000089, 0.6925855535203084834 ) ) ;
#2484 = AXIS2_PLACEMENT_3D ( 'NONE', #1940, #2920, #672 ) ;
#2485 = CYLINDRICAL_SURFACE ( 'NONE', #2567, 0.4999999999999987232 ) ;
#2486 = PLANE ( 'NONE',  #1012 ) ;
#2487 = DIRECTION ( 'NONE',  ( 0.000000000000000000, 0.000000000000000000, -1.000000000000000000 ) ) ;
#2488 =( LENGTH_UNIT ( ) NAMED_UNIT ( * ) SI_UNIT ( .MILLI., .METRE. ) );
#2489 = EDGE_CURVE ( 'NONE', #1810, #1684, #1584, .T. ) ;
#2490 = AXIS2_PLACEMENT_3D ( 'NONE', #138, #3108, #900 ) ;
#2491 = CARTESIAN_POINT ( 'NONE',  ( 3.810000000000004494, -1.600000000000000755, -7.500000000000000000 ) ) ;
#2492 = ORIENTED_EDGE ( 'NONE', *, *, #3207, .F. ) ;
#2493 = CIRCLE ( 'NONE', #1730, 0.4999999999999987232 ) ;
#2494 = AXIS2_PLACEMENT_3D ( 'NONE', #1491, #1505, #1753 ) ;
#2495 = LINE ( 'NONE', #1468, #29 ) ;
#2496 = ORIENTED_EDGE ( 'NONE', *, *, #2757, .F. ) ;
#2497 = ORIENTED_EDGE ( 'NONE', *, *, #1642, .T. ) ;
#2498 = FACE_OUTER_BOUND ( 'NONE', #2607, .T. ) ;
#2499 = ADVANCED_FACE ( 'NONE', ( #2500 ), #1275, .F. ) ;
#2500 = FACE_OUTER_BOUND ( 'NONE', #2426, .T. ) ;
#2501 = CARTESIAN_POINT ( 'NONE',  ( -16.50999999999999801, -5.204748896376247001E-17, 7.999999999999996447 ) ) ;
#2502 = FACE_BOUND ( 'NONE', #1075, .T. ) ;
#2503 = CYLINDRICAL_SURFACE ( 'NONE', #1826, 0.4999999999999970024 ) ;
#2504 = AXIS2_PLACEMENT_3D ( 'NONE', #2564, #1098, #2308 ) ;
#2505 = DIRECTION ( 'NONE',  ( -0.000000000000000000, 1.000000000000000000, -0.000000000000000000 ) ) ;
#2506 = VERTEX_POINT ( 'NONE', #3208 ) ;
#2507 = EDGE_CURVE ( 'NONE', #1447, #331, #595, .T. ) ;
#2508 = LINE ( 'NONE', #2799, #1911 ) ;
#2509 = VERTEX_POINT ( 'NONE', #10 ) ;
#2510 = ORIENTED_EDGE ( 'NONE', *, *, #2948, .F. ) ;
#2511 = VERTEX_POINT ( 'NONE', #3181 ) ;
#2512 = CARTESIAN_POINT ( 'NONE',  ( -6.349999999999994316, -5.204748896376247001E-17, 7.000000000000000888 ) ) ;
#2513 = AXIS2_PLACEMENT_3D ( 'NONE', #1704, #2689, #1459 ) ;
#2514 = EDGE_CURVE ( 'NONE', #2760, #1715, #1841, .T. ) ;
#2515 = DIRECTION ( 'NONE',  ( 0.000000000000000000, 0.000000000000000000, 1.000000000000000000 ) ) ;
#2516 = CARTESIAN_POINT ( 'NONE',  ( -1.352575499813416737, 1.600000000000000089, 1.352575499813416737 ) ) ;
#2517 = ORIENTED_EDGE ( 'NONE', *, *, #259, .F. ) ;
#2518 = VECTOR ( 'NONE', #1363, 1000.000000000000000 ) ;
#2519 = DIRECTION ( 'NONE',  ( 0.000000000000000000, 1.000000000000000000, 0.000000000000000000 ) ) ;
#2520 = ADVANCED_FACE ( 'NONE', ( #1016 ), #2485, .F. ) ;
#2521 = DIRECTION ( 'NONE',  ( -0.000000000000000000, 1.000000000000000000, -0.000000000000000000 ) ) ;
#2522 = VECTOR ( 'NONE', #1312, 1000.000000000000000 ) ;
#2523 = AXIS2_PLACEMENT_3D ( 'NONE', #3189, #2185, #2243 ) ;
#2524 = VERTEX_POINT ( 'NONE', #1722 ) ;
#2525 = AXIS2_PLACEMENT_3D ( 'NONE', #682, #2659, #3137 ) ;
#2526 = CARTESIAN_POINT ( 'NONE',  ( -16.51000000000000156, -1.600000000000000755, -7.500000000000000000 ) ) ;
#2527 = ORIENTED_EDGE ( 'NONE', *, *, #2604, .F. ) ;
#2528 = ORIENTED_EDGE ( 'NONE', *, *, #3165, .F. ) ;
#2529 = ORIENTED_EDGE ( 'NONE', *, *, #3011, .T. ) ;
#2530 = CARTESIAN_POINT ( 'NONE',  ( -8.889999999999998792, 0.000000000000000000, -7.000000000000000888 ) ) ;
#2531 = DIRECTION ( 'NONE',  ( 0.000000000000000000, 0.000000000000000000, 1.000000000000000000 ) ) ;
#2532 = CARTESIAN_POINT ( 'NONE',  ( -20.91044565852956083, 2.000000000000000000, -4.242748111540175948 ) ) ;
#2533 = AXIS2_PLACEMENT_3D ( 'NONE', #2457, #985, #1534 ) ;
#2534 = CARTESIAN_POINT ( 'NONE',  ( -8.889999999999995239, -1.600000000000000755, 7.500000000000000000 ) ) ;
#2535 = FACE_BOUND ( 'NONE', #1058, .T. ) ;
#2536 = CARTESIAN_POINT ( 'NONE',  ( 18.29305882832230168, 1.600000000000000089, -0.6925855535203084834 ) ) ;
#2537 = CARTESIAN_POINT ( 'NONE',  ( -19.05000000000000071, -1.600000000000000755, -7.000000000000002665 ) ) ;
#2538 = AXIS2_PLACEMENT_3D ( 'NONE', #800, #1305, #586 ) ;
#2539 = DIRECTION ( 'NONE',  ( 0.000000000000000000, 0.000000000000000000, 1.000000000000000000 ) ) ;
#2540 = VERTEX_POINT ( 'NONE', #460 ) ;
#2541 = ORIENTED_EDGE ( 'NONE', *, *, #968, .F. ) ;
#2542 = EDGE_LOOP ( 'NONE', ( #3155, #2625 ) ) ;
#2543 = CARTESIAN_POINT ( 'NONE',  ( 15.65319436210239878, 1.600000000000000089, 0.000000000000000000 ) ) ;
#2544 = DIRECTION ( 'NONE',  ( 0.000000000000000000, 0.000000000000000000, 1.000000000000000000 ) ) ;
#2545 = CIRCLE ( 'NONE', #216, 0.4999999999999987232 ) ;
#2546 = LINE ( 'NONE', #1872, #704 ) ;
#2547 = EDGE_CURVE ( 'NONE', #1692, #282, #2213, .T. ) ;
#2548 = DIRECTION ( 'NONE',  ( -0.000000000000000000, 1.000000000000000000, -0.000000000000000000 ) ) ;
#2549 = EDGE_CURVE ( 'NONE', #1684, #3021, #2701, .T. ) ;
#2550 = EDGE_CURVE ( 'NONE', #2871, #118, #2458, .T. ) ;
#2551 = LINE ( 'NONE', #624, #725 ) ;
#2552 = EDGE_LOOP ( 'NONE', ( #716, #1802, #1579, #1887 ) ) ;
#2553 = LINE ( 'NONE', #1864, #2773 ) ;
#2554 = EDGE_CURVE ( 'NONE', #826, #2280, #1233, .T. ) ;
#2555 = DIRECTION ( 'NONE',  ( -0.000000000000000000, 1.000000000000000000, -0.000000000000000000 ) ) ;
#2556 = MECHANICAL_DESIGN_GEOMETRIC_PRESENTATION_REPRESENTATION (  '', ( #1270 ), #2410 ) ;
#2557 = DIRECTION ( 'NONE',  ( -0.000000000000000000, 1.000000000000000000, -0.000000000000000000 ) ) ;
#2558 = EDGE_LOOP ( 'NONE', ( #2171, #412, #3162, #3089 ) ) ;
#2559 = VECTOR ( 'NONE', #212, 1000.000000000000000 ) ;
#2560 = ORIENTED_EDGE ( 'NONE', *, *, #1995, .F. ) ;
#2561 = VERTEX_POINT ( 'NONE', #487 ) ;
#2562 = DIRECTION ( 'NONE',  ( -0.000000000000000000, 1.000000000000000000, -0.000000000000000000 ) ) ;
#2563 = CARTESIAN_POINT ( 'NONE',  ( 6.350000000000008527, -1.600000000000000755, 7.500000000000000000 ) ) ;
#2564 = CARTESIAN_POINT ( 'NONE',  ( -3.809999999999997389, -1.600000000000000755, -7.500000000000000000 ) ) ;
#2565 = EDGE_CURVE ( 'NONE', #2753, #1561, #277, .T. ) ;
#2566 = FACE_BOUND ( 'NONE', #697, .T. ) ;
#2567 = AXIS2_PLACEMENT_3D ( 'NONE', #2997, #969, #2444 ) ;
#2568 = DIRECTION ( 'NONE',  ( -0.000000000000000000, 1.000000000000000000, -0.000000000000000000 ) ) ;
#2569 = DIRECTION ( 'NONE',  ( -0.000000000000000000, 1.000000000000000000, -0.000000000000000000 ) ) ;
#2570 = DIRECTION ( 'NONE',  ( -0.000000000000000000, 1.000000000000000000, -0.000000000000000000 ) ) ;
#2571 = CARTESIAN_POINT ( 'NONE',  ( -8.889999999999998792, -5.204748896376247001E-17, -7.500000000000000000 ) ) ;
#2572 = EDGE_CURVE ( 'NONE', #2576, #51, #2047, .T. ) ;
#2573 = CIRCLE ( 'NONE', #1136, 0.4999999999999987232 ) ;
#2574 = CARTESIAN_POINT ( 'NONE',  ( -16.51000000000000156, -5.204748896376247001E-17, -7.999999999999996447 ) ) ;
#2575 = EDGE_LOOP ( 'NONE', ( #2464, #1440 ) ) ;
#2576 = VERTEX_POINT ( 'NONE', #2307 ) ;
#2577 = VERTEX_POINT ( 'NONE', #563 ) ;
#2578 = DIRECTION ( 'NONE',  ( -0.000000000000000000, 1.000000000000000000, -0.000000000000000000 ) ) ;
#2579 = VECTOR ( 'NONE', #2960, 1000.000000000000000 ) ;
#2580 = DIRECTION ( 'NONE',  ( -0.000000000000000000, 1.000000000000000000, -0.000000000000000000 ) ) ;
#2581 = FACE_BOUND ( 'NONE', #669, .T. ) ;
#2582 = LINE ( 'NONE', #355, #1734 ) ;
#2583 = CARTESIAN_POINT ( 'NONE',  ( -8.889999999999995239, 0.000000000000000000, 7.500000000000000000 ) ) ;
#2584 = EDGE_CURVE ( 'NONE', #1430, #1209, #1751, .T. ) ;
#2585 = CYLINDRICAL_SURFACE ( 'NONE', #1797, 0.4999999999999987232 ) ;
#2586 = CARTESIAN_POINT ( 'NONE',  ( -3.809999999999993836, -1.600000000000000755, 7.999999999999998224 ) ) ;
#2587 = DIRECTION ( 'NONE',  ( -0.000000000000000000, 1.000000000000000000, -0.000000000000000000 ) ) ;
#2588 = CIRCLE ( 'NONE', #2533, 0.4999999999999987232 ) ;
#2589 = EDGE_CURVE ( 'NONE', #2766, #21, #1234, .T. ) ;
#2590 = ORIENTED_EDGE ( 'NONE', *, *, #2459, .T. ) ;
#2591 = EDGE_LOOP ( 'NONE', ( #348, #2398, #734, #1310 ) ) ;
#2592 = EDGE_LOOP ( 'NONE', ( #1256, #2893 ) ) ;
#2593 = DIRECTION ( 'NONE',  ( -0.000000000000000000, 1.000000000000000000, -0.000000000000000000 ) ) ;
#2594 = DIRECTION ( 'NONE',  ( -0.000000000000000000, 1.000000000000000000, -0.000000000000000000 ) ) ;
#2595 = CIRCLE ( 'NONE', #213, 0.4999999999999970024 ) ;
#2596 = DIRECTION ( 'NONE',  ( 0.000000000000000000, 0.000000000000000000, -1.000000000000000000 ) ) ;
#2597 = DIRECTION ( 'NONE',  ( 0.000000000000000000, 0.000000000000000000, 1.000000000000000000 ) ) ;
#2598 = CIRCLE ( 'NONE', #3213, 0.4999999999999970024 ) ;
#2599 = FACE_BOUND ( 'NONE', #2076, .T. ) ;
#2600 = LINE ( 'NONE', #181, #743 ) ;
#2601 = PLANE ( 'NONE',  #545 ) ;
#2602 = DIRECTION ( 'NONE',  ( -0.000000000000000000, 1.000000000000000000, -0.000000000000000000 ) ) ;
#2603 = CYLINDRICAL_SURFACE ( 'NONE', #2883, 0.4999999999999987232 ) ;
#2604 = EDGE_CURVE ( 'NONE', #1265, #3122, #2465, .T. ) ;
#2605 = ORIENTED_EDGE ( 'NONE', *, *, #449, .F. ) ;
#2606 = VERTEX_POINT ( 'NONE', #1079 ) ;
#2607 = EDGE_LOOP ( 'NONE', ( #1742, #2712, #2352, #3103 ) ) ;
#2608 = VERTEX_POINT ( 'NONE', #1097 ) ;
#2609 = CARTESIAN_POINT ( 'NONE',  ( 19.05000000000001137, -5.204748896376247001E-17, 7.000000000000002665 ) ) ;
#2610 = ADVANCED_FACE ( 'NONE', ( #1114 ), #104, .F. ) ;
#2611 = FACE_OUTER_BOUND ( 'NONE', #2216, .T. ) ;
#2612 = LINE ( 'NONE', #383, #325 ) ;
#2613 = DIRECTION ( 'NONE',  ( 0.000000000000000000, 0.000000000000000000, 1.000000000000000000 ) ) ;
#2614 = CARTESIAN_POINT ( 'NONE',  ( 8.890000000000009450, 0.000000000000000000, 7.999999999999998224 ) ) ;
#2615 = ORIENTED_EDGE ( 'NONE', *, *, #79, .F. ) ;
#2616 = LINE ( 'NONE', #1671, #1081 ) ;
#2617 = UNCERTAINTY_MEASURE_WITH_UNIT (LENGTH_MEASURE( 1.000000000000000082E-05 ), #86, 'distance_accuracy_value', 'NONE');
#2618 = CIRCLE ( 'NONE', #2930, 0.4999999999999987232 ) ;
#2619 = ORIENTED_EDGE ( 'NONE', *, *, #3179, .T. ) ;
#2620 = EDGE_CURVE ( 'NONE', #176, #2577, #3024, .T. ) ;
#2621 = DIRECTION ( 'NONE',  ( -1.000000000000000000, 0.000000000000000000, 1.284980352575412453E-16 ) ) ;
#2622 = CARTESIAN_POINT ( 'NONE',  ( 19.05000000000001137, 0.000000000000000000, 7.999999999999996447 ) ) ;
#2623 = AXIS2_PLACEMENT_3D ( 'NONE', #3008, #1789, #100 ) ;
#2624 = ORIENTED_EDGE ( 'NONE', *, *, #1179, .F. ) ;
#2625 = ORIENTED_EDGE ( 'NONE', *, *, #673, .T. ) ;
#2626 = AXIS2_PLACEMENT_3D ( 'NONE', #792, #2059, #2765 ) ;
#2627 = ORIENTED_EDGE ( 'NONE', *, *, #2913, .F. ) ;
#2628 = CARTESIAN_POINT ( 'NONE',  ( -3.809999999999993836, 0.000000000000000000, 7.500000000000000000 ) ) ;
#2629 = CARTESIAN_POINT ( 'NONE',  ( -1.352575499813416737, 1.600000000000000089, 1.352575499813416737 ) ) ;
#2630 = CYLINDRICAL_SURFACE ( 'NONE', #2925, 0.4999999999999970024 ) ;
#2631 = CARTESIAN_POINT ( 'NONE',  ( -6.349999999999994316, -5.204748896376247001E-17, 7.500000000000000000 ) ) ;
#2632 = DIRECTION ( 'NONE',  ( 0.000000000000000000, 0.000000000000000000, -1.000000000000000000 ) ) ;
#2633 = EDGE_LOOP ( 'NONE', ( #207, #1533, #2635, #202 ) ) ;
#2634 = LINE ( 'NONE', #1407, #665 ) ;
#2635 = ORIENTED_EDGE ( 'NONE', *, *, #380, .F. ) ;
#2636 = CARTESIAN_POINT ( 'NONE',  ( -13.96999999999999709, -5.204748896376247001E-17, 7.500000000000000000 ) ) ;
#2637 = EDGE_CURVE ( 'NONE', #2305, #2760, #1582, .T. ) ;
#2638 = AXIS2_PLACEMENT_3D ( 'NONE', #1400, #1630, #2390 ) ;
#2639 = CARTESIAN_POINT ( 'NONE',  ( 15.65319436210239878, 0.000000000000000000, -0.6925855535203084834 ) ) ;
#2640 = VERTEX_POINT ( 'NONE', #848 ) ;
#2641 = VERTEX_POINT ( 'NONE', #70 ) ;
#2642 = CARTESIAN_POINT ( 'NONE',  ( 13.97000000000000597, 0.000000000000000000, -7.500000000000000000 ) ) ;
#2643 = ORIENTED_EDGE ( 'NONE', *, *, #585, .F. ) ;
#2644 = ORIENTED_EDGE ( 'NONE', *, *, #1693, .F. ) ;
#2645 = CYLINDRICAL_SURFACE ( 'NONE', #776, 0.4999999999999987232 ) ;
#2646 = AXIS2_PLACEMENT_3D ( 'NONE', #606, #1601, #2888 ) ;
#2647 = FACE_OUTER_BOUND ( 'NONE', #2633, .T. ) ;
#2648 = DIRECTION ( 'NONE',  ( 0.000000000000000000, 0.000000000000000000, 1.000000000000000000 ) ) ;
#2649 = LINE ( 'NONE', #1370, #3001 ) ;
#2650 = EDGE_CURVE ( 'NONE', #2561, #1065, #1072, .T. ) ;
#2651 = FACE_OUTER_BOUND ( 'NONE', #2754, .T. ) ;
#2652 = VERTEX_POINT ( 'NONE', #1597 ) ;
#2653 = DIRECTION ( 'NONE',  ( 1.000000000000000000, 0.000000000000000000, 0.000000000000000000 ) ) ;
#2654 =( GEOMETRIC_REPRESENTATION_CONTEXT ( 3 ) GLOBAL_UNCERTAINTY_ASSIGNED_CONTEXT ( ( #370 ) ) GLOBAL_UNIT_ASSIGNED_CONTEXT ( ( #837, #2283, #608 ) ) REPRESENTATION_CONTEXT ( 'NONE', 'WORKASPACE' ) );
#2655 = EDGE_CURVE ( 'NONE', #2657, #1865, #2422, .T. ) ;
#2656 = ADVANCED_FACE ( 'NONE', ( #351 ), #1061, .F. ) ;
#2657 = VERTEX_POINT ( 'NONE', #798 ) ;
#2658 = CLOSED_SHELL ( 'NONE', ( #554, #162, #2040, #3, #1454, #892 ) ) ;
#2659 = DIRECTION ( 'NONE',  ( -0.000000000000000000, 1.000000000000000000, -0.000000000000000000 ) ) ;
#2660 = EDGE_CURVE ( 'NONE', #2188, #2117, #1488, .T. ) ;
#2661 = CARTESIAN_POINT ( 'NONE',  ( 13.97000000000000952, 0.000000000000000000, 7.999999999999998224 ) ) ;
#2662 = ORIENTED_EDGE ( 'NONE', *, *, #1754, .T. ) ;
#2663 = ORIENTED_EDGE ( 'NONE', *, *, #3078, .F. ) ;
#2664 = FACE_OUTER_BOUND ( 'NONE', #2800, .T. ) ;
#2665 = EDGE_LOOP ( 'NONE', ( #726, #2078 ) ) ;
#2666 = ORIENTED_EDGE ( 'NONE', *, *, #1560, .T. ) ;
#2667 = DIRECTION ( 'NONE',  ( 0.000000000000000000, 0.000000000000000000, -1.000000000000000000 ) ) ;
#2668 = EDGE_CURVE ( 'NONE', #1202, #2874, #2102, .T. ) ;
#2669 = PLANE ( 'NONE',  #2358 ) ;
#2670 = CARTESIAN_POINT ( 'NONE',  ( 3.102575499813417181, 1.600000000000000089, -3.102575499813417625 ) ) ;
#2671 = ADVANCED_FACE ( 'NONE', ( #3009 ), #2758, .F. ) ;
#2672 = AXIS2_PLACEMENT_3D ( 'NONE', #919, #440, #2923 ) ;
#2673 = CARTESIAN_POINT ( 'NONE',  ( -19.04999999999999716, -5.204748896376247001E-17, 7.500000000000000000 ) ) ;
#2674 = VERTEX_POINT ( 'NONE', #286 ) ;
#2675 = APPLICATION_PROTOCOL_DEFINITION ( 'draft international standard', 'automotive_design', 1998, #791 ) ;
#2676 = EDGE_LOOP ( 'NONE', ( #1629, #2212, #1410, #3055 ) ) ;
#2677 = CARTESIAN_POINT ( 'NONE',  ( -20.24999999999998934, -1.600000000000000089, -0.000000000000000000 ) ) ;
#2678 = AXIS2_PLACEMENT_3D ( 'NONE', #1921, #2594, #120 ) ;
#2679 = DIRECTION ( 'NONE',  ( -0.000000000000000000, 1.000000000000000000, -0.000000000000000000 ) ) ;
#2680 = EDGE_CURVE ( 'NONE', #1865, #2657, #2618, .T. ) ;
#2681 = ORIENTED_EDGE ( 'NONE', *, *, #2887, .F. ) ;
#2682 = AXIS2_PLACEMENT_3D ( 'NONE', #2231, #1987, #2981 ) ;
#2683 = AXIS2_PLACEMENT_3D ( 'NONE', #465, #2859, #2875 ) ;
#2684 = FACE_OUTER_BOUND ( 'NONE', #1837, .T. ) ;
#2685 = ORIENTED_EDGE ( 'NONE', *, *, #2019, .T. ) ;
#2686 = EDGE_LOOP ( 'NONE', ( #1798, #2474 ) ) ;
#2687 = DIRECTION ( 'NONE',  ( 0.000000000000000000, 0.000000000000000000, 1.000000000000000000 ) ) ;
#2688 = AXIS2_PLACEMENT_3D ( 'NONE', #1556, #2555, #1850 ) ;
#2689 = DIRECTION ( 'NONE',  ( -0.000000000000000000, 1.000000000000000000, -0.000000000000000000 ) ) ;
#2690 = DIRECTION ( 'NONE',  ( -0.000000000000000000, 1.000000000000000000, -0.000000000000000000 ) ) ;
#2691 = CARTESIAN_POINT ( 'NONE',  ( 6.350000000000008527, -5.204748896376247001E-17, 7.000000000000000888 ) ) ;
#2692 =( GEOMETRIC_REPRESENTATION_CONTEXT ( 3 ) GLOBAL_UNCERTAINTY_ASSIGNED_CONTEXT ( ( #3100 ) ) GLOBAL_UNIT_ASSIGNED_CONTEXT ( ( #2488, #1020, #492 ) ) REPRESENTATION_CONTEXT ( 'NONE', 'WORKASPACE' ) );
#2693 = ORIENTED_EDGE ( 'NONE', *, *, #2801, .T. ) ;
#2694 = EDGE_CURVE ( 'NONE', #170, #186, #2278, .T. ) ;
#2695 = CARTESIAN_POINT ( 'NONE',  ( -20.91044565852956083, 2.000000000000000000, 4.242748111540175948 ) ) ;
#2696 = DIRECTION ( 'NONE',  ( -0.000000000000000000, 1.000000000000000000, -0.000000000000000000 ) ) ;
#2697 = VERTEX_POINT ( 'NONE', #1790 ) ;
#2698 = ORIENTED_EDGE ( 'NONE', *, *, #1754, .F. ) ;
#2699 = ORIENTED_EDGE ( 'NONE', *, *, #1374, .T. ) ;
#2700 = CARTESIAN_POINT ( 'NONE',  ( 13.97000000000000597, -5.204748896376247001E-17, -7.500000000000000000 ) ) ;
#2701 = LINE ( 'NONE', #1473, #381 ) ;
#2702 = LINE ( 'NONE', #475, #2851 ) ;
#2703 = CIRCLE ( 'NONE', #1516, 0.4999999999999987232 ) ;
#2704 = DIRECTION ( 'NONE',  ( -0.000000000000000000, 1.000000000000000000, -0.000000000000000000 ) ) ;
#2705 = COLOUR_RGB ( '',0.7921568627450980005, 0.8196078431372548767, 0.9333333333333333481 ) ;
#2706 = CARTESIAN_POINT ( 'NONE',  ( -6.349999999999997868, 0.000000000000000000, -7.999999999999998224 ) ) ;
#2707 = VECTOR ( 'NONE', #2089, 1000.000000000000000 ) ;
#2708 = EDGE_CURVE ( 'NONE', #2652, #151, #3075, .T. ) ;
#2709 = ORIENTED_EDGE ( 'NONE', *, *, #2421, .T. ) ;
#2710 = DIRECTION ( 'NONE',  ( 0.000000000000000000, 0.000000000000000000, 1.000000000000000000 ) ) ;
#2711 = EDGE_LOOP ( 'NONE', ( #2302, #314, #2181, #1681 ) ) ;
#2712 = ORIENTED_EDGE ( 'NONE', *, *, #115, .F. ) ;
#2713 = DIRECTION ( 'NONE',  ( -0.000000000000000000, 1.000000000000000000, -0.000000000000000000 ) ) ;
#2714 = DIRECTION ( 'NONE',  ( 0.7071067811865475727, 0.000000000000000000, -0.7071067811865474617 ) ) ;
#2715 = CARTESIAN_POINT ( 'NONE',  ( -1.352575499813416737, 0.000000000000000000, -1.352575499813416737 ) ) ;
#2716 = CARTESIAN_POINT ( 'NONE',  ( -1.352575499813416737, 1.600000000000000089, -1.352575499813416737 ) ) ;
#2717 = CARTESIAN_POINT ( 'NONE',  ( -1.269999999999993356, 0.000000000000000000, 7.500000000000000000 ) ) ;
#2718 = VECTOR ( 'NONE', #1365, 1000.000000000000114 ) ;
#2719 = ADVANCED_FACE ( 'NONE', ( #2902 ), #934, .T. ) ;
#2720 = DIRECTION ( 'NONE',  ( -0.000000000000000000, 1.000000000000000000, -0.000000000000000000 ) ) ;
#2721 = ORIENTED_EDGE ( 'NONE', *, *, #2887, .T. ) ;
#2722 = DIRECTION ( 'NONE',  ( -0.7071067811865475727, 0.000000000000000000, -0.7071067811865475727 ) ) ;
#2723 = ORIENTED_EDGE ( 'NONE', *, *, #1926, .F. ) ;
#2724 = ORIENTED_EDGE ( 'NONE', *, *, #933, .F. ) ;
#2725 = DIRECTION ( 'NONE',  ( 0.000000000000000000, 0.000000000000000000, 1.000000000000000000 ) ) ;
#2726 = LINE ( 'NONE', #756, #274 ) ;
#2727 = AXIS2_PLACEMENT_3D ( 'NONE', #561, #2292, #2804 ) ;
#2728 = DIRECTION ( 'NONE',  ( 0.000000000000000000, 0.000000000000000000, 1.000000000000000000 ) ) ;
#2729 = EDGE_CURVE ( 'NONE', #186, #1024, #1162, .T. ) ;
#2730 = SHAPE_DEFINITION_REPRESENTATION ( #2191, #2238 ) ;
#2731 = FACE_OUTER_BOUND ( 'NONE', #1919, .T. ) ;
#2732 = AXIS2_PLACEMENT_3D ( 'NONE', #2526, #295, #49 ) ;
#2733 = AXIS2_PLACEMENT_3D ( 'NONE', #2284, #2720, #977 ) ;
#2734 = DIRECTION ( 'NONE',  ( -0.000000000000000000, -1.000000000000000000, -0.000000000000000000 ) ) ;
#2736 = EDGE_CURVE ( 'NONE', #1361, #2606, #436, .T. ) ;
#2735 = EDGE_LOOP ( 'NONE', ( #2517, #2467 ) ) ;
#2737 = DIRECTION ( 'NONE',  ( -0.000000000000000000, 1.000000000000000000, -0.000000000000000000 ) ) ;
#2738 = ORIENTED_EDGE ( 'NONE', *, *, #2983, .F. ) ;
#2739 = ORIENTED_EDGE ( 'NONE', *, *, #1695, .F. ) ;
#2740 = DIRECTION ( 'NONE',  ( -0.000000000000000000, 1.000000000000000000, -0.000000000000000000 ) ) ;
#2741 = MANIFOLD_SOLID_BREP ( 'Boss-Extrude2', #1678 ) ;
#2742 = DIRECTION ( 'NONE',  ( -0.000000000000000000, -1.000000000000000000, -0.000000000000000000 ) ) ;
#2743 = CYLINDRICAL_SURFACE ( 'NONE', #3068, 0.4999999999999987232 ) ;
#2744 = ORIENTED_EDGE ( 'NONE', *, *, #1821, .F. ) ;
#2745 = FACE_OUTER_BOUND ( 'NONE', #1191, .T. ) ;
#2746 = EDGE_CURVE ( 'NONE', #3021, #2186, #61, .T. ) ;
#2747 = ADVANCED_FACE ( 'NONE', ( #2664 ), #3074, .F. ) ;
#2748 = DIRECTION ( 'NONE',  ( -0.000000000000000000, 1.000000000000000000, -0.000000000000000000 ) ) ;
#2749 = ORIENTED_EDGE ( 'NONE', *, *, #2507, .F. ) ;
#2750 = ADVANCED_FACE ( 'NONE', ( #1886 ), #1903, .F. ) ;
#2751 = VECTOR ( 'NONE', #2775, 1000.000000000000000 ) ;
#2752 = FACE_OUTER_BOUND ( 'NONE', #210, .T. ) ;
#2753 = VERTEX_POINT ( 'NONE', #1682 ) ;
#2754 = EDGE_LOOP ( 'NONE', ( #1211, #1532, #2819, #2803 ) ) ;
#2755 = ORIENTED_EDGE ( 'NONE', *, *, #1409, .T. ) ;
#2756 = CARTESIAN_POINT ( 'NONE',  ( -13.96999999999999709, 0.000000000000000000, 7.999999999999998224 ) ) ;
#2757 = EDGE_CURVE ( 'NONE', #670, #2965, #1420, .T. ) ;
#2758 = CYLINDRICAL_SURFACE ( 'NONE', #2310, 0.4999999999999987232 ) ;
#2759 = CARTESIAN_POINT ( 'NONE',  ( 1.270000000000007123, -5.204748896376247001E-17, 7.500000000000000000 ) ) ;
#2760 = VERTEX_POINT ( 'NONE', #1614 ) ;
#2761 = DIRECTION ( 'NONE',  ( 0.000000000000000000, 0.000000000000000000, 1.000000000000000000 ) ) ;
#2762 = AXIS2_PLACEMENT_3D ( 'NONE', #1351, #2103, #1319 ) ;
#2763 = LINE ( 'NONE', #537, #192 ) ;
#2764 = ORIENTED_EDGE ( 'NONE', *, *, #463, .T. ) ;
#2765 = DIRECTION ( 'NONE',  ( 0.000000000000000000, 0.000000000000000000, 1.000000000000000000 ) ) ;
#2766 = VERTEX_POINT ( 'NONE', #174 ) ;
#2767 = ORIENTED_EDGE ( 'NONE', *, *, #2046, .F. ) ;
#2768 = ORIENTED_EDGE ( 'NONE', *, *, #2549, .T. ) ;
#2769 = DIRECTION ( 'NONE',  ( -0.000000000000000000, 1.000000000000000000, -0.000000000000000000 ) ) ;
#2770 = CARTESIAN_POINT ( 'NONE',  ( 6.350000000000004974, -1.600000000000000755, -7.500000000000000000 ) ) ;
#2771 = CARTESIAN_POINT ( 'NONE',  ( -20.91044565852956083, 2.000000000000000000, -4.242748111540175948 ) ) ;
#2772 = LINE ( 'NONE', #366, #570 ) ;
#2773 = VECTOR ( 'NONE', #1621, 1000.000000000000000 ) ;
#2774 = FACE_BOUND ( 'NONE', #2592, .T. ) ;
#2775 = DIRECTION ( 'NONE',  ( -0.000000000000000000, 1.000000000000000000, -0.000000000000000000 ) ) ;
#2776 = AXIS2_PLACEMENT_3D ( 'NONE', #2479, #1228, #3203 ) ;
#2777 = DIRECTION ( 'NONE',  ( 0.000000000000000000, 0.000000000000000000, 1.000000000000000000 ) ) ;
#2778 = AXIS2_PLACEMENT_3D ( 'NONE', #324, #3065, #838 ) ;
#2779 = PRODUCT_DEFINITION_FORMATION_WITH_SPECIFIED_SOURCE ( 'ANY', '', #178, .NOT_KNOWN. ) ;
#2780 = ORIENTED_EDGE ( 'NONE', *, *, #1593, .T. ) ;
#2781 = CIRCLE ( 'NONE', #2123, 0.4999999999999970024 ) ;
#2782 = DIRECTION ( 'NONE',  ( -0.000000000000000000, 1.000000000000000000, -0.000000000000000000 ) ) ;
#2783 = ORIENTED_EDGE ( 'NONE', *, *, #2565, .T. ) ;
#2784 = ORIENTED_EDGE ( 'NONE', *, *, #522, .F. ) ;
#2785 = EDGE_LOOP ( 'NONE', ( #1626, #1922 ) ) ;
#2786 = CARTESIAN_POINT ( 'NONE',  ( -3.809999999999997389, 0.000000000000000000, -7.500000000000000000 ) ) ;
#2787 = EDGE_CURVE ( 'NONE', #1572, #2260, #857, .T. ) ;
#2788 = MANIFOLD_SOLID_BREP ( 'Boss-Extrude3[1]', #693 ) ;
#2789 = CARTESIAN_POINT ( 'NONE',  ( 1.270000000000003793, -1.600000000000000755, -7.500000000000000000 ) ) ;
#2790 = CARTESIAN_POINT ( 'NONE',  ( -17.60302925832301923, 2.000000000000000000, -4.242748111540175948 ) ) ;
#2791 = CIRCLE ( 'NONE', #145, 0.4999999999999987232 ) ;
#2792 = CARTESIAN_POINT ( 'NONE',  ( -8.889999999999995239, -5.204748896376247001E-17, 7.999999999999998224 ) ) ;
#2793 = DIRECTION ( 'NONE',  ( 0.000000000000000000, 0.000000000000000000, 1.000000000000000000 ) ) ;
#2794 = EDGE_LOOP ( 'NONE', ( #413, #3171 ) ) ;
#2795 = LINE ( 'NONE', #802, #363 ) ;
#2796 = CARTESIAN_POINT ( 'NONE',  ( 6.350000000000004974, 0.000000000000000000, -7.000000000000000888 ) ) ;
#2797 = DIRECTION ( 'NONE',  ( 0.000000000000000000, 0.000000000000000000, 1.000000000000000000 ) ) ;
#2798 = CIRCLE ( 'NONE', #3210, 0.4999999999999970024 ) ;
#2799 = CARTESIAN_POINT ( 'NONE',  ( -20.91044565852956083, 2.000000000000000000, -4.242748111540175948 ) ) ;
#2800 = EDGE_LOOP ( 'NONE', ( #2821, #2935, #1428, #845 ) ) ;
#2801 = EDGE_CURVE ( 'NONE', #1594, #2540, #2228, .T. ) ;
#2802 = ORIENTED_EDGE ( 'NONE', *, *, #736, .T. ) ;
#2803 = ORIENTED_EDGE ( 'NONE', *, *, #2094, .F. ) ;
#2804 = DIRECTION ( 'NONE',  ( 0.000000000000000000, 0.000000000000000000, 1.000000000000000000 ) ) ;
#2805 = CIRCLE ( 'NONE', #1415, 0.4999999999999987232 ) ;
#2806 = DIRECTION ( 'NONE',  ( 0.000000000000000000, 0.000000000000000000, 1.000000000000000000 ) ) ;
#2807 = AXIS2_PLACEMENT_3D ( 'NONE', #1414, #1464, #647 ) ;
#2808 = FACE_OUTER_BOUND ( 'NONE', #579, .T. ) ;
#2809 = FACE_OUTER_BOUND ( 'NONE', #2558, .T. ) ;
#2810 = LINE ( 'NONE', #2347, #3109 ) ;
#2811 = VERTEX_POINT ( 'NONE', #3105 ) ;
#2812 = DIRECTION ( 'NONE',  ( 0.000000000000000000, 0.000000000000000000, 1.000000000000000000 ) ) ;
#2813 = EDGE_CURVE ( 'NONE', #3177, #3211, #2495, .T. ) ;
#2814 = LINE ( 'NONE', #2844, #496 ) ;
#2815 = CYLINDRICAL_SURFACE ( 'NONE', #27, 0.4999999999999987232 ) ;
#2816 = ADVANCED_FACE ( 'NONE', ( #2684 ), #1717, .F. ) ;
#2817 = AXIS2_PLACEMENT_3D ( 'NONE', #2220, #2460, #2279 ) ;
#2818 = CARTESIAN_POINT ( 'NONE',  ( -20.91044565852956083, 2.000000000000000000, -4.242748111540175948 ) ) ;
#2819 = ORIENTED_EDGE ( 'NONE', *, *, #343, .T. ) ;
#2820 = CIRCLE ( 'NONE', #535, 0.4999999999999987232 ) ;
#2821 = ORIENTED_EDGE ( 'NONE', *, *, #169, .F. ) ;
#2822 = ORIENTED_EDGE ( 'NONE', *, *, #1343, .F. ) ;
#2823 = CARTESIAN_POINT ( 'NONE',  ( 6.350000000000008527, 0.000000000000000000, 7.000000000000000888 ) ) ;
#2824 = CARTESIAN_POINT ( 'NONE',  ( -6.349999999999997868, -5.204748896376247001E-17, -7.500000000000000000 ) ) ;
#2825 = CARTESIAN_POINT ( 'NONE',  ( -3.809999999999997389, 0.000000000000000000, -7.000000000000000888 ) ) ;
#2826 = CYLINDRICAL_SURFACE ( 'NONE', #2646, 0.4999999999999970024 ) ;
#2827 = LINE ( 'NONE', #1338, #3003 ) ;
#2828 = ADVANCED_FACE ( 'NONE', ( #454 ), #1731, .F. ) ;
#2829 = CYLINDRICAL_SURFACE ( 'NONE', #2121, 0.4999999999999987232 ) ;
#2830 = CARTESIAN_POINT ( 'NONE',  ( -17.60302925832301923, 0.000000000000000000, 4.242748111540175948 ) ) ;
#2831 = VECTOR ( 'NONE', #2578, 1000.000000000000000 ) ;
#2832 = CARTESIAN_POINT ( 'NONE',  ( 3.810000000000004494, -1.600000000000000755, -7.500000000000000000 ) ) ;
#2833 = AXIS2_PLACEMENT_3D ( 'NONE', #1007, #2240, #479 ) ;
#2834 = ORIENTED_EDGE ( 'NONE', *, *, #862, .F. ) ;
#2835 = EDGE_LOOP ( 'NONE', ( #2605, #962, #432, #3033 ) ) ;
#2836 = VERTEX_POINT ( 'NONE', #763 ) ;
#2837 = CARTESIAN_POINT ( 'NONE',  ( -1.269999999999993356, -1.600000000000000755, 7.999999999999998224 ) ) ;
#2838 = VECTOR ( 'NONE', #2929, 1000.000000000000000 ) ;
#2839 = DIRECTION ( 'NONE',  ( 0.000000000000000000, 1.000000000000000000, 0.000000000000000000 ) ) ;
#2840 = PLANE ( 'NONE',  #1786 ) ;
#2841 = FACE_BOUND ( 'NONE', #166, .T. ) ;
#2842 = DIRECTION ( 'NONE',  ( -0.000000000000000000, 1.000000000000000000, -0.000000000000000000 ) ) ;
#2843 = DIRECTION ( 'NONE',  ( -0.000000000000000000, -1.000000000000000000, -0.000000000000000000 ) ) ;
#2844 = CARTESIAN_POINT ( 'NONE',  ( 18.29305882832230168, 1.600000000000000089, 0.000000000000000000 ) ) ;
#2845 = FACE_OUTER_BOUND ( 'NONE', #720, .T. ) ;
#2846 = VERTEX_POINT ( 'NONE', #235 ) ;
#2847 = EDGE_CURVE ( 'NONE', #1965, #132, #551, .T. ) ;
#2848 = ORIENTED_EDGE ( 'NONE', *, *, #546, .F. ) ;
#2849 = ORIENTED_EDGE ( 'NONE', *, *, #1106, .F. ) ;
#2850 = CARTESIAN_POINT ( 'NONE',  ( 19.05000000000000782, -1.600000000000000755, -7.500000000000000000 ) ) ;
#2851 = VECTOR ( 'NONE', #2445, 1000.000000000000000 ) ;
#2852 = DIRECTION ( 'NONE',  ( -0.000000000000000000, 1.000000000000000000, -0.000000000000000000 ) ) ;
#2853 = EDGE_CURVE ( 'NONE', #1865, #1469, #1253, .T. ) ;
#2854 = CARTESIAN_POINT ( 'NONE',  ( -8.889999999999998792, -5.204748896376247001E-17, -7.999999999999998224 ) ) ;
#2855 = VECTOR ( 'NONE', #2876, 1000.000000000000000 ) ;
#2856 = FACE_BOUND ( 'NONE', #1092, .T. ) ;
#2857 = DIRECTION ( 'NONE',  ( -0.000000000000000000, 1.000000000000000000, -0.000000000000000000 ) ) ;
#2858 = CARTESIAN_POINT ( 'NONE',  ( 1.270000000000003793, -5.204748896376247001E-17, -7.500000000000000000 ) ) ;
#2859 = DIRECTION ( 'NONE',  ( -0.000000000000000000, 1.000000000000000000, -0.000000000000000000 ) ) ;
#2860 = DIRECTION ( 'NONE',  ( 0.000000000000000000, 0.000000000000000000, 1.000000000000000000 ) ) ;
#2861 = ORIENTED_EDGE ( 'NONE', *, *, #938, .F. ) ;
#2862 = ORIENTED_EDGE ( 'NONE', *, *, #1030, .T. ) ;
#2863 = AXIS2_PLACEMENT_3D ( 'NONE', #1131, #849, #2329 ) ;
#2864 = DIRECTION ( 'NONE',  ( 0.000000000000000000, -0.000000000000000000, -1.000000000000000000 ) ) ;
#2865 = ORIENTED_EDGE ( 'NONE', *, *, #2989, .F. ) ;
#2866 = DIRECTION ( 'NONE',  ( -0.000000000000000000, 1.000000000000000000, -0.000000000000000000 ) ) ;
#2867 = CYLINDRICAL_SURFACE ( 'NONE', #2490, 0.4999999999999987232 ) ;
#2868 = FACE_BOUND ( 'NONE', #1659, .T. ) ;
#2869 = DIRECTION ( 'NONE',  ( -0.000000000000000000, -1.000000000000000000, -0.000000000000000000 ) ) ;
#2870 = DIRECTION ( 'NONE',  ( -0.000000000000000000, 1.000000000000000000, -0.000000000000000000 ) ) ;
#2871 = VERTEX_POINT ( 'NONE', #1983 ) ;
#2872 = DIRECTION ( 'NONE',  ( 0.000000000000000000, 0.000000000000000000, 1.000000000000000000 ) ) ;
#2873 = AXIS2_PLACEMENT_3D ( 'NONE', #2084, #3061, #2544 ) ;
#2874 = VERTEX_POINT ( 'NONE', #2203 ) ;
#2875 = DIRECTION ( 'NONE',  ( 0.000000000000000000, 0.000000000000000000, 1.000000000000000000 ) ) ;
#2876 = DIRECTION ( 'NONE',  ( -0.000000000000000000, 1.000000000000000000, -0.000000000000000000 ) ) ;
#2877 = AXIS2_PLACEMENT_3D ( 'NONE', #1820, #2306, #1580 ) ;
#2878 = ORIENTED_EDGE ( 'NONE', *, *, #411, .F. ) ;
#2879 = ORIENTED_EDGE ( 'NONE', *, *, #1948, .F. ) ;
#2880 = CIRCLE ( 'NONE', #657, 0.4999999999999978351 ) ;
#2881 = EDGE_CURVE ( 'NONE', #2980, #2168, #2214, .T. ) ;
#2882 = ORIENTED_EDGE ( 'NONE', *, *, #1102, .T. ) ;
#2883 = AXIS2_PLACEMENT_3D ( 'NONE', #78, #1089, #821 ) ;
#2884 = ORIENTED_EDGE ( 'NONE', *, *, #1898, .T. ) ;
#2885 = PLANE ( 'NONE',  #1557 ) ;
#2886 = EDGE_CURVE ( 'NONE', #932, #809, #1499, .T. ) ;
#2887 = EDGE_CURVE ( 'NONE', #751, #3192, #1743, .T. ) ;
#2888 = DIRECTION ( 'NONE',  ( 0.000000000000000000, 0.000000000000000000, 1.000000000000000000 ) ) ;
#2889 = FACE_BOUND ( 'NONE', #1437, .T. ) ;
#2890 = CARTESIAN_POINT ( 'NONE',  ( 19.05000000000001137, 0.000000000000000000, 7.500000000000000000 ) ) ;
#2891 = ADVANCED_FACE ( 'NONE', ( #981 ), #1241, .T. ) ;
#2892 = CARTESIAN_POINT ( 'NONE',  ( 11.43000000000001037, 0.000000000000000000, 7.500000000000000000 ) ) ;
#2893 = ORIENTED_EDGE ( 'NONE', *, *, #449, .T. ) ;
#2894 = DIRECTION ( 'NONE',  ( 0.000000000000000000, 0.000000000000000000, 1.000000000000000000 ) ) ;
#2895 = VERTEX_POINT ( 'NONE', #1966 ) ;
#2896 = LINE ( 'NONE', #1525, #3092 ) ;
#2897 = AXIS2_PLACEMENT_3D ( 'NONE', #1888, #400, #1423 ) ;
#2898 = CARTESIAN_POINT ( 'NONE',  ( 6.350000000000008527, -1.600000000000000755, 7.999999999999996447 ) ) ;
#2899 = EDGE_LOOP ( 'NONE', ( #510, #299, #3020, #1610 ) ) ;
#2900 = EDGE_LOOP ( 'NONE', ( #775, #389 ) ) ;
#2901 = EDGE_CURVE ( 'NONE', #3122, #3102, #2934, .T. ) ;
#2902 = FACE_OUTER_BOUND ( 'NONE', #2245, .T. ) ;
#2903 = ORIENTED_EDGE ( 'NONE', *, *, #2081, .T. ) ;
#2904 = ORIENTED_EDGE ( 'NONE', *, *, #447, .F. ) ;
#2905 = DIRECTION ( 'NONE',  ( 0.000000000000000000, 0.000000000000000000, 1.000000000000000000 ) ) ;
#2906 = AXIS2_PLACEMENT_3D ( 'NONE', #3045, #1353, #3077 ) ;
#2907 = FACE_BOUND ( 'NONE', #1701, .T. ) ;
#2908 = FACE_OUTER_BOUND ( 'NONE', #765, .T. ) ;
#2909 = CARTESIAN_POINT ( 'NONE',  ( -20.91044565852956083, 2.000000000000000000, -4.242748111540175948 ) ) ;
#2910 = EDGE_LOOP ( 'NONE', ( #2904, #2055, #3153, #2685 ) ) ;
#2911 = CIRCLE ( 'NONE', #1158, 0.4999999999999987232 ) ;
#2912 = ORIENTED_EDGE ( 'NONE', *, *, #1273, .T. ) ;
#2913 = EDGE_CURVE ( 'NONE', #1209, #1430, #77, .T. ) ;
#2914 = FACE_OUTER_BOUND ( 'NONE', #2591, .T. ) ;
#2915 = CARTESIAN_POINT ( 'NONE',  ( 19.05000000000001137, -1.600000000000000755, 7.500000000000000000 ) ) ;
#2916 = EDGE_LOOP ( 'NONE', ( #272, #1059 ) ) ;
#2917 = DIRECTION ( 'NONE',  ( -0.000000000000000000, 1.000000000000000000, -0.000000000000000000 ) ) ;
#2918 = EDGE_LOOP ( 'NONE', ( #1284, #2131, #708, #3169 ) ) ;
#2919 = ORIENTED_EDGE ( 'NONE', *, *, #2342, .F. ) ;
#2920 = DIRECTION ( 'NONE',  ( -0.000000000000000000, 1.000000000000000000, -0.000000000000000000 ) ) ;
#2921 = EDGE_CURVE ( 'NONE', #1388, #2999, #2573, .T. ) ;
#2922 = CIRCLE ( 'NONE', #1531, 0.4999999999999987232 ) ;
#2923 = DIRECTION ( 'NONE',  ( 0.000000000000000000, 0.000000000000000000, 1.000000000000000000 ) ) ;
#2924 = CARTESIAN_POINT ( 'NONE',  ( -3.809999999999993836, -5.204748896376247001E-17, 7.500000000000000000 ) ) ;
#2925 = AXIS2_PLACEMENT_3D ( 'NONE', #199, #1927, #954 ) ;
#2926 = CARTESIAN_POINT ( 'NONE',  ( 6.350000000000008527, -1.600000000000000755, 7.500000000000000000 ) ) ;
#2927 = EDGE_LOOP ( 'NONE', ( #1595, #560, #2950, #1227 ) ) ;
#2928 = ORIENTED_EDGE ( 'NONE', *, *, #2901, .F. ) ;
#2929 = DIRECTION ( 'NONE',  ( 0.000000000000000000, 0.000000000000000000, -1.000000000000000000 ) ) ;
#2930 = AXIS2_PLACEMENT_3D ( 'NONE', #1291, #302, #1565 ) ;
#2931 = CARTESIAN_POINT ( 'NONE',  ( 20.25000000000001776, 0.000000000000000000, -9.000000000000015987 ) ) ;
#2932 = EDGE_LOOP ( 'NONE', ( #649, #740, #2369, #2993 ) ) ;
#2933 = AXIS2_PLACEMENT_3D ( 'NONE', #2850, #1870, #1127 ) ;
#2934 = LINE ( 'NONE', #723, #1029 ) ;
#2935 = ORIENTED_EDGE ( 'NONE', *, *, #1367, .T. ) ;
#2936 = ORIENTED_EDGE ( 'NONE', *, *, #1679, .T. ) ;
#2937 = DIRECTION ( 'NONE',  ( 0.000000000000000000, 0.000000000000000000, 1.000000000000000000 ) ) ;
#2938 = CIRCLE ( 'NONE', #721, 0.4999999999999987232 ) ;
#2939 = CARTESIAN_POINT ( 'NONE',  ( 8.890000000000005898, 0.000000000000000000, -7.500000000000000000 ) ) ;
#2940 = AXIS2_PLACEMENT_3D ( 'NONE', #2964, #2722, #5 ) ;
#2941 = CARTESIAN_POINT ( 'NONE',  ( -16.50999999999999801, -1.600000000000000755, 7.999999999999996447 ) ) ;
#2942 = AXIS2_PLACEMENT_3D ( 'NONE', #773, #1462, #1037 ) ;
#2943 = ORIENTED_EDGE ( 'NONE', *, *, #1221, .T. ) ;
#2944 = ADVANCED_FACE ( 'NONE', ( #512 ), #1514, .F. ) ;
#2945 = CARTESIAN_POINT ( 'NONE',  ( -11.42999999999999616, -1.600000000000000755, 7.999999999999998224 ) ) ;
#2946 = ORIENTED_EDGE ( 'NONE', *, *, #1478, .T. ) ;
#2947 = CIRCLE ( 'NONE', #483, 0.4999999999999987232 ) ;
#2948 = EDGE_CURVE ( 'NONE', #2386, #217, #481, .T. ) ;
#2949 = CARTESIAN_POINT ( 'NONE',  ( -8.889999999999998792, 0.000000000000000000, -7.500000000000000000 ) ) ;
#2950 = ORIENTED_EDGE ( 'NONE', *, *, #1197, .T. ) ;
#2951 = ORIENTED_EDGE ( 'NONE', *, *, #632, .F. ) ;
#2952 = DIRECTION ( 'NONE',  ( -0.000000000000000000, 1.000000000000000000, -0.000000000000000000 ) ) ;
#2953 = CARTESIAN_POINT ( 'NONE',  ( 3.810000000000004494, 0.000000000000000000, -7.000000000000000888 ) ) ;
#2954 = LINE ( 'NONE', #287, #1432 ) ;
#2955 = EDGE_CURVE ( 'NONE', #1810, #2186, #1834, .T. ) ;
#2956 = AXIS2_PLACEMENT_3D ( 'NONE', #2534, #2124, #2597 ) ;
#2957 = PLANE ( 'NONE',  #2494 ) ;
#2958 = CARTESIAN_POINT ( 'NONE',  ( 8.890000000000009450, -1.600000000000000755, 7.999999999999998224 ) ) ;
#2959 = CIRCLE ( 'NONE', #784, 0.4999999999999987232 ) ;
#2960 = DIRECTION ( 'NONE',  ( -0.000000000000000000, 1.000000000000000000, -0.000000000000000000 ) ) ;
#2961 = VECTOR ( 'NONE', #2439, 1000.000000000000000 ) ;
#2962 = ORIENTED_EDGE ( 'NONE', *, *, #2736, .T. ) ;
#2963 = EDGE_CURVE ( 'NONE', #499, #2652, #1313, .T. ) ;
#2964 = CARTESIAN_POINT ( 'NONE',  ( -1.352575499813416737, 1.600000000000000089, -1.352575499813416737 ) ) ;
#2965 = VERTEX_POINT ( 'NONE', #1529 ) ;
#2966 = ORIENTED_EDGE ( 'NONE', *, *, #1560, .F. ) ;
#2967 = CARTESIAN_POINT ( 'NONE',  ( 19.05000000000000782, 0.000000000000000000, -7.000000000000002665 ) ) ;
#2968 = DIRECTION ( 'NONE',  ( 0.000000000000000000, 0.000000000000000000, 1.000000000000000000 ) ) ;
#2969 = LINE ( 'NONE', #2715, #532 ) ;
#2970 = CIRCLE ( 'NONE', #2504, 0.4999999999999987232 ) ;
#2971 = ORIENTED_EDGE ( 'NONE', *, *, #219, .T. ) ;
#2972 = ADVANCED_FACE ( 'NONE', ( #327 ), #557, .F. ) ;
#2973 = CARTESIAN_POINT ( 'NONE',  ( 0.000000000000000000, 0.000000000000000000, 0.000000000000000000 ) ) ;
#2974 = VECTOR ( 'NONE', #2742, 1000.000000000000000 ) ;
#2975 = CARTESIAN_POINT ( 'NONE',  ( 3.810000000000004494, 0.000000000000000000, -7.500000000000000000 ) ) ;
#2976 = VERTEX_POINT ( 'NONE', #2992 ) ;
#2977 = COLOUR_RGB ( '',0.7921568627450980005, 0.8196078431372548767, 0.9333333333333333481 ) ;
#2978 = DIRECTION ( 'NONE',  ( 0.000000000000000000, 0.000000000000000000, 1.000000000000000000 ) ) ;
#2979 = ORIENTED_EDGE ( 'NONE', *, *, #2342, .T. ) ;
#2980 = VERTEX_POINT ( 'NONE', #1558 ) ;
#2981 = DIRECTION ( 'NONE',  ( 0.000000000000000000, 0.000000000000000000, 1.000000000000000000 ) ) ;
#2982 = CARTESIAN_POINT ( 'NONE',  ( -1.269999999999996909, -1.600000000000000755, -7.500000000000000000 ) ) ;
#2983 = EDGE_CURVE ( 'NONE', #567, #2028, #2508, .T. ) ;
#2984 = EDGE_CURVE ( 'NONE', #567, #1240, #578, .T. ) ;
#2985 = DIRECTION ( 'NONE',  ( -0.000000000000000000, 1.000000000000000000, -0.000000000000000000 ) ) ;
#2986 = AXIS2_PLACEMENT_3D ( 'NONE', #2007, #2477, #3000 ) ;
#2987 = CARTESIAN_POINT ( 'NONE',  ( -1.269999999999996909, -5.204748896376247001E-17, -7.500000000000000000 ) ) ;
#2988 = VECTOR ( 'NONE', #1953, 1000.000000000000000 ) ;
#2989 = EDGE_CURVE ( 'NONE', #1243, #117, #1550, .T. ) ;
#2990 = DIRECTION ( 'NONE',  ( -0.000000000000000000, 1.000000000000000000, -0.000000000000000000 ) ) ;
#2991 = ORIENTED_EDGE ( 'NONE', *, *, #2983, .T. ) ;
#2992 = CARTESIAN_POINT ( 'NONE',  ( -19.04999999999999716, -1.600000000000000755, 7.999999999999996447 ) ) ;
#2993 = ORIENTED_EDGE ( 'NONE', *, *, #938, .T. ) ;
#2994 = ORIENTED_EDGE ( 'NONE', *, *, #2012, .F. ) ;
#2995 = CARTESIAN_POINT ( 'NONE',  ( -20.24999999999998934, 0.000000000000000000, 8.999999999999987566 ) ) ;
#2996 = CIRCLE ( 'NONE', #2021, 0.4999999999999970024 ) ;
#2997 = CARTESIAN_POINT ( 'NONE',  ( 8.890000000000009450, 0.000000000000000000, 7.500000000000000000 ) ) ;
#2998 = DIRECTION ( 'NONE',  ( -0.000000000000000000, 1.000000000000000000, -0.000000000000000000 ) ) ;
#2999 = VERTEX_POINT ( 'NONE', #842 ) ;
#3000 = DIRECTION ( 'NONE',  ( 0.000000000000000000, 0.000000000000000000, 1.000000000000000000 ) ) ;
#3001 = VECTOR ( 'NONE', #2869, 1000.000000000000000 ) ;
#3002 = ORIENTED_EDGE ( 'NONE', *, *, #2650, .F. ) ;
#3003 = VECTOR ( 'NONE', #2297, 1000.000000000000000 ) ;
#3004 = DIRECTION ( 'NONE',  ( -0.000000000000000000, -1.000000000000000000, -0.000000000000000000 ) ) ;
#3005 = EDGE_LOOP ( 'NONE', ( #783, #2492, #190, #651 ) ) ;
#3006 = ORIENTED_EDGE ( 'NONE', *, *, #87, .T. ) ;
#3007 = ORIENTED_EDGE ( 'NONE', *, *, #2787, .T. ) ;
#3008 = CARTESIAN_POINT ( 'NONE',  ( 1.270000000000007123, -1.600000000000000755, 7.500000000000000000 ) ) ;
#3009 = FACE_OUTER_BOUND ( 'NONE', #1939, .T. ) ;
#3010 = DIRECTION ( 'NONE',  ( 0.7071067811865474617, 0.000000000000000000, -0.7071067811865474617 ) ) ;
#3011 = EDGE_CURVE ( 'NONE', #458, #2606, #875, .T. ) ;
#3012 = FACE_OUTER_BOUND ( 'NONE', #2241, .T. ) ;
#3013 = DIRECTION ( 'NONE',  ( -0.000000000000000000, 1.000000000000000000, -0.000000000000000000 ) ) ;
#3014 = DIRECTION ( 'NONE',  ( 1.000000000000000000, -0.000000000000000000, 0.000000000000000000 ) ) ;
#3015 = ADVANCED_FACE ( 'NONE', ( #2321 ), #1591, .F. ) ;
#3016 = DIRECTION ( 'NONE',  ( 0.000000000000000000, 1.000000000000000000, -0.000000000000000000 ) ) ;
#3017 = EDGE_CURVE ( 'NONE', #1985, #21, #3038, .T. ) ;
#3018 = ORIENTED_EDGE ( 'NONE', *, *, #2881, .T. ) ;
#3019 = DIRECTION ( 'NONE',  ( 1.000000000000000000, 0.000000000000000000, 0.000000000000000000 ) ) ;
#3020 = ORIENTED_EDGE ( 'NONE', *, *, #2963, .T. ) ;
#3021 = VERTEX_POINT ( 'NONE', #2574 ) ;
#3022 = EDGE_LOOP ( 'NONE', ( #2755, #375 ) ) ;
#3023 = LINE ( 'NONE', #3073, #2831 ) ;
#3024 = CIRCLE ( 'NONE', #1482, 0.4999999999999978351 ) ;
#3025 = CARTESIAN_POINT ( 'NONE',  ( -19.05000000000000071, -1.600000000000000755, -7.500000000000000000 ) ) ;
#3026 = CARTESIAN_POINT ( 'NONE',  ( -3.809999999999997389, 0.000000000000000000, -7.500000000000000000 ) ) ;
#3027 = FACE_BOUND ( 'NONE', #2291, .T. ) ;
#3028 = VECTOR ( 'NONE', #1604, 1000.000000000000000 ) ;
#3029 = CARTESIAN_POINT ( 'NONE',  ( -20.91044565852956083, 0.000000000000000000, 4.242748111540175948 ) ) ;
#3030 = ORIENTED_EDGE ( 'NONE', *, *, #518, .F. ) ;
#3031 = SURFACE_STYLE_FILL_AREA ( #1066 ) ;
#3032 = LINE ( 'NONE', #2796, #3085 ) ;
#3033 = ORIENTED_EDGE ( 'NONE', *, *, #2813, .F. ) ;
#3034 = CIRCLE ( 'NONE', #2732, 0.4999999999999970024 ) ;
#3035 = ADVANCED_FACE ( 'NONE', ( #1268 ), #1543, .F. ) ;
#3036 = CARTESIAN_POINT ( 'NONE',  ( 6.350000000000008527, -5.204748896376247001E-17, 7.999999999999998224 ) ) ;
#3037 = CIRCLE ( 'NONE', #2688, 0.4999999999999978351 ) ;
#3038 = LINE ( 'NONE', #1576, #1289 ) ;
#3039 = VERTEX_POINT ( 'NONE', #1090 ) ;
#3040 = ORIENTED_EDGE ( 'NONE', *, *, #1883, .T. ) ;
#3041 = ORIENTED_EDGE ( 'NONE', *, *, #2550, .F. ) ;
#3042 = DIRECTION ( 'NONE',  ( -0.000000000000000000, 1.000000000000000000, -0.000000000000000000 ) ) ;
#3043 = DIRECTION ( 'NONE',  ( -0.000000000000000000, 1.000000000000000000, -0.000000000000000000 ) ) ;
#3044 = DIRECTION ( 'NONE',  ( -1.000000000000000000, 0.000000000000000000, 1.284980352575412453E-16 ) ) ;
#3045 = CARTESIAN_POINT ( 'NONE',  ( -13.97000000000000064, -1.600000000000000755, -7.500000000000000000 ) ) ;
#3046 = LINE ( 'NONE', #1084, #2146 ) ;
#3047 = ORIENTED_EDGE ( 'NONE', *, *, #683, .F. ) ;
#3048 = CARTESIAN_POINT ( 'NONE',  ( -11.42999999999999616, -5.204748896376247001E-17, 7.999999999999998224 ) ) ;
#3049 = EDGE_CURVE ( 'NONE', #1202, #2280, #806, .T. ) ;
#3050 = CARTESIAN_POINT ( 'NONE',  ( -3.809999999999997389, -1.600000000000000755, -7.000000000000000888 ) ) ;
#3051 = CARTESIAN_POINT ( 'NONE',  ( 1.270000000000003793, 0.000000000000000000, -7.500000000000000000 ) ) ;
#3052 = AXIS2_PLACEMENT_3D ( 'NONE', #533, #2461, #229 ) ;
#3053 = DIRECTION ( 'NONE',  ( 0.7071067811865475727, 0.000000000000000000, 0.7071067811865474617 ) ) ;
#3054 = VERTEX_POINT ( 'NONE', #2075 ) ;
#3055 = ORIENTED_EDGE ( 'NONE', *, *, #852, .T. ) ;
#3056 = ORIENTED_EDGE ( 'NONE', *, *, #2119, .T. ) ;
#3057 = CARTESIAN_POINT ( 'NONE',  ( 3.810000000000004494, -5.204748896376247001E-17, -7.000000000000000888 ) ) ;
#3058 = CIRCLE ( 'NONE', #1306, 0.4999999999999970024 ) ;
#3059 = CLOSED_SHELL ( 'NONE', ( #1426, #3117, #1750, #1616, #508, #711, #1539, #2250, #2828, #1778, #1507, #3060, #939, #760, #1465, #1747, #1435, #2671, #1307, #2610, #1404, #2816, #2499, #1232, #2747, #347, #2750, #2656, #2381, #2, #489, #2372, #1545, #1812, #646, #1686, #2318, #69, #2003, #3035, #322, #2067, #1070, #1408, #698, #1588, #2520, #594, #1781, #3066, #3120, #771, #486, #2286, #1141, #2972, #2944, #615, #1609, #1660, #222, #701, #3088, #247, #663, #824, #626, #147, #1360, #1709 ) ) ;
#3060 = ADVANCED_FACE ( 'NONE', ( #2259 ), #1025, .F. ) ;
#3061 = DIRECTION ( 'NONE',  ( -0.000000000000000000, 1.000000000000000000, -0.000000000000000000 ) ) ;
#3062 = CARTESIAN_POINT ( 'NONE',  ( 13.97000000000000597, 0.000000000000000000, -7.000000000000000888 ) ) ;
#3063 = DIRECTION ( 'NONE',  ( -0.000000000000000000, 1.000000000000000000, -0.000000000000000000 ) ) ;
#3064 = CARTESIAN_POINT ( 'NONE',  ( -17.60302925832301923, 0.000000000000000000, -4.242748111540175948 ) ) ;
#3065 = DIRECTION ( 'NONE',  ( -0.000000000000000000, 1.000000000000000000, -0.000000000000000000 ) ) ;
#3066 = ADVANCED_FACE ( 'NONE', ( #2752 ), #1297, .F. ) ;
#3067 = PLANE ( 'NONE',  #1498 ) ;
#3068 = AXIS2_PLACEMENT_3D ( 'NONE', #517, #1276, #2265 ) ;
#3069 = ORIENTED_EDGE ( 'NONE', *, *, #3076, .F. ) ;
#3070 = AXIS2_PLACEMENT_3D ( 'NONE', #884, #367, #2648 ) ;
#3071 = ORIENTED_EDGE ( 'NONE', *, *, #2108, .T. ) ;
#3072 = ORIENTED_EDGE ( 'NONE', *, *, #1280, .T. ) ;
#3073 = CARTESIAN_POINT ( 'NONE',  ( -3.809999999999993836, 0.000000000000000000, 7.999999999999998224 ) ) ;
#3074 = CYLINDRICAL_SURFACE ( 'NONE', #909, 0.4999999999999987232 ) ;
#3075 = CIRCLE ( 'NONE', #231, 0.4999999999999987232 ) ;
#3076 = EDGE_CURVE ( 'NONE', #809, #789, #1041, .T. ) ;
#3077 = DIRECTION ( 'NONE',  ( 0.000000000000000000, 0.000000000000000000, 1.000000000000000000 ) ) ;
#3078 = EDGE_CURVE ( 'NONE', #1684, #1810, #3034, .T. ) ;
#3079 = DIRECTION ( 'NONE',  ( 0.000000000000000000, 0.000000000000000000, 1.000000000000000000 ) ) ;
#3080 = DIRECTION ( 'NONE',  ( -0.000000000000000000, 1.000000000000000000, -0.000000000000000000 ) ) ;
#3081 = CARTESIAN_POINT ( 'NONE',  ( -1.269999999999996909, -1.600000000000000755, -7.999999999999998224 ) ) ;
#3082 = CIRCLE ( 'NONE', #2877, 0.4999999999999987232 ) ;
#3083 = EDGE_CURVE ( 'NONE', #83, #1346, #2058, .T. ) ;
#3084 = DIRECTION ( 'NONE',  ( -0.000000000000000000, 1.000000000000000000, -0.000000000000000000 ) ) ;
#3085 = VECTOR ( 'NONE', #1035, 1000.000000000000000 ) ;
#3086 = AXIS2_PLACEMENT_3D ( 'NONE', #1171, #1373, #2872 ) ;
#3087 = VERTEX_POINT ( 'NONE', #2337 ) ;
#3088 = ADVANCED_FACE ( 'NONE', ( #2095 ), #345, .F. ) ;
#3089 = ORIENTED_EDGE ( 'NONE', *, *, #1137, .T. ) ;
#3090 = ORIENTED_EDGE ( 'NONE', *, *, #2459, .F. ) ;
#3091 = CARTESIAN_POINT ( 'NONE',  ( 11.43000000000001037, 0.000000000000000000, 7.000000000000000888 ) ) ;
#3092 = VECTOR ( 'NONE', #1974, 1000.000000000000000 ) ;
#3093 = SURFACE_STYLE_USAGE ( .BOTH. , #2120 ) ;
#3094 = DIRECTION ( 'NONE',  ( 0.7071067811865475727, 0.000000000000000000, -0.7071067811865475727 ) ) ;
#3095 = DIRECTION ( 'NONE',  ( -0.7071067811865474617, 0.000000000000000000, 0.7071067811865474617 ) ) ;
#3096 = DIRECTION ( 'NONE',  ( 0.000000000000000000, 0.000000000000000000, 1.000000000000000000 ) ) ;
#3097 = DIRECTION ( 'NONE',  ( -0.000000000000000000, 1.000000000000000000, -0.000000000000000000 ) ) ;
#3098 = ORIENTED_EDGE ( 'NONE', *, *, #1497, .T. ) ;
#3099 = APPLICATION_PROTOCOL_DEFINITION ( 'draft international standard', 'automotive_design', 1998, #631 ) ;
#3100 = UNCERTAINTY_MEASURE_WITH_UNIT (LENGTH_MEASURE( 1.000000000000000082E-05 ), #2488, 'distance_accuracy_value', 'NONE');
#3101 = DIRECTION ( 'NONE',  ( -0.000000000000000000, 1.000000000000000000, -0.000000000000000000 ) ) ;
#3102 = VERTEX_POINT ( 'NONE', #111 ) ;
#3103 = ORIENTED_EDGE ( 'NONE', *, *, #2082, .T. ) ;
#3104 = AXIS2_PLACEMENT_3D ( 'NONE', #1475, #2870, #1405 ) ;
#3105 = CARTESIAN_POINT ( 'NONE',  ( -13.96999999999999709, -1.600000000000000755, 7.000000000000000888 ) ) ;
#3106 = EDGE_LOOP ( 'NONE', ( #1562, #1577 ) ) ;
#3107 = DIRECTION ( 'NONE',  ( -1.000000000000000000, 0.000000000000000000, -0.000000000000000000 ) ) ;
#3108 = DIRECTION ( 'NONE',  ( -0.000000000000000000, 1.000000000000000000, -0.000000000000000000 ) ) ;
#3109 = VECTOR ( 'NONE', #2842, 1000.000000000000000 ) ;
#3110 = CARTESIAN_POINT ( 'NONE',  ( 18.29305882832230168, 1.600000000000000089, 0.6925855535203084834 ) ) ;
#3111 = DIRECTION ( 'NONE',  ( 0.000000000000000000, 1.000000000000000000, 0.000000000000000000 ) ) ;
#3112 = DIRECTION ( 'NONE',  ( -0.000000000000000000, 1.000000000000000000, -0.000000000000000000 ) ) ;
#3113 = ORIENTED_EDGE ( 'NONE', *, *, #1795, .F. ) ;
#3114 = CARTESIAN_POINT ( 'NONE',  ( 3.810000000000007603, 0.000000000000000000, 7.500000000000000000 ) ) ;
#3115 = EDGE_LOOP ( 'NONE', ( #203, #1172, #1818, #2936 ) ) ;
#3116 = DIRECTION ( 'NONE',  ( -0.000000000000000000, 1.000000000000000000, -0.000000000000000000 ) ) ;
#3117 = ADVANCED_FACE ( 'NONE', ( #3134 ), #1895, .F. ) ;
#3118 = DIRECTION ( 'NONE',  ( -0.000000000000000000, 1.000000000000000000, -0.000000000000000000 ) ) ;
#3119 = EDGE_CURVE ( 'NONE', #2976, #923, #905, .T. ) ;
#3120 = ADVANCED_FACE ( 'NONE', ( #1848 ), #610, .F. ) ;
#3121 = ORIENTED_EDGE ( 'NONE', *, *, #1510, .F. ) ;
#3122 = VERTEX_POINT ( 'NONE', #2179 ) ;
#3123 = VECTOR ( 'NONE', #2998, 1000.000000000000000 ) ;
#3124 = VECTOR ( 'NONE', #1890, 1000.000000000000000 ) ;
#3125 = DIRECTION ( 'NONE',  ( -0.000000000000000000, 1.000000000000000000, -0.000000000000000000 ) ) ;
#3126 = ORIENTED_EDGE ( 'NONE', *, *, #2886, .T. ) ;
#3127 = ORIENTED_EDGE ( 'NONE', *, *, #1474, .F. ) ;
#3128 = PLANE ( 'NONE',  #622 ) ;
#3129 = CARTESIAN_POINT ( 'NONE',  ( 11.43000000000000682, -1.600000000000000755, -7.500000000000000000 ) ) ;
#3130 = FACE_OUTER_BOUND ( 'NONE', #2552, .T. ) ;
#3131 = DIRECTION ( 'NONE',  ( -0.000000000000000000, 1.000000000000000000, -0.000000000000000000 ) ) ;
#3132 = CYLINDRICAL_SURFACE ( 'NONE', #1933, 0.4999999999999987232 ) ;
#3133 = ORIENTED_EDGE ( 'NONE', *, *, #3083, .T. ) ;
#3134 = FACE_OUTER_BOUND ( 'NONE', #915, .T. ) ;
#3135 = AXIS2_PLACEMENT_3D ( 'NONE', #1487, #241, #2233 ) ;
#3136 = ORIENTED_EDGE ( 'NONE', *, *, #3011, .F. ) ;
#3137 = DIRECTION ( 'NONE',  ( 0.000000000000000000, 0.000000000000000000, 1.000000000000000000 ) ) ;
#3138 = EDGE_CURVE ( 'NONE', #2577, #176, #452, .T. ) ;
#3139 = DIRECTION ( 'NONE',  ( -0.000000000000000000, 1.000000000000000000, -0.000000000000000000 ) ) ;
#3140 = VECTOR ( 'NONE', #84, 1000.000000000000000 ) ;
#3141 = ORIENTED_EDGE ( 'NONE', *, *, #2694, .T. ) ;
#3142 = VERTEX_POINT ( 'NONE', #2586 ) ;
#3143 =( GEOMETRIC_REPRESENTATION_CONTEXT ( 3 ) GLOBAL_UNCERTAINTY_ASSIGNED_CONTEXT ( ( #1391 ) ) GLOBAL_UNIT_ASSIGNED_CONTEXT ( ( #1871, #1628, #251 ) ) REPRESENTATION_CONTEXT ( 'NONE', 'WORKASPACE' ) );
#3144 = PRESENTATION_STYLE_ASSIGNMENT (( #913 ) ) ;
#3145 = ORIENTED_EDGE ( 'NONE', *, *, #1071, .T. ) ;
#3146 = CIRCLE ( 'NONE', #1711, 0.4999999999999970024 ) ;
#3147 = VERTEX_POINT ( 'NONE', #2830 ) ;
#3148 = DIRECTION ( 'NONE',  ( -0.000000000000000000, 1.000000000000000000, -0.000000000000000000 ) ) ;
#3149 = EDGE_CURVE ( 'NONE', #556, #2386, #1712, .T. ) ;
#3150 = DIRECTION ( 'NONE',  ( 0.000000000000000000, 0.000000000000000000, 1.000000000000000000 ) ) ;
#3151 = CARTESIAN_POINT ( 'NONE',  ( -17.60302925832301923, 2.000000000000000000, 4.242748111540175948 ) ) ;
#3152 = FACE_OUTER_BOUND ( 'NONE', #197, .T. ) ;
#3153 = ORIENTED_EDGE ( 'NONE', *, *, #1040, .T. ) ;
#3154 = CARTESIAN_POINT ( 'NONE',  ( -1.269999999999996909, -1.600000000000000755, -7.500000000000000000 ) ) ;
#3155 = ORIENTED_EDGE ( 'NONE', *, *, #844, .T. ) ;
#3156 = CARTESIAN_POINT ( 'NONE',  ( -8.889999999999998792, -5.204748896376247001E-17, -7.000000000000000888 ) ) ;
#3157 = CIRCLE ( 'NONE', #2232, 0.4999999999999987232 ) ;
#3158 = LINE ( 'NONE', #1638, #2855 ) ;
#3159 = EDGE_CURVE ( 'NONE', #635, #1142, #722, .T. ) ;
#3160 = ORIENTED_EDGE ( 'NONE', *, *, #453, .T. ) ;
#3161 = DIRECTION ( 'NONE',  ( -0.000000000000000000, 1.000000000000000000, -0.000000000000000000 ) ) ;
#3162 = ORIENTED_EDGE ( 'NONE', *, *, #1102, .F. ) ;
#3163 = EDGE_LOOP ( 'NONE', ( #2151, #1924, #2780, #846 ) ) ;
#3164 = DIRECTION ( 'NONE',  ( -0.000000000000000000, 1.000000000000000000, -0.000000000000000000 ) ) ;
#3165 = EDGE_CURVE ( 'NONE', #2874, #469, #2634, .T. ) ;
#3166 = FACE_BOUND ( 'NONE', #2436, .T. ) ;
#3167 = DIRECTION ( 'NONE',  ( 0.000000000000000000, 1.000000000000000000, -0.000000000000000000 ) ) ;
#3168 = LINE ( 'NONE', #1151, #2447 ) ;
#3169 = ORIENTED_EDGE ( 'NONE', *, *, #141, .F. ) ;
#3170 = AXIS2_PLACEMENT_3D ( 'NONE', #2583, #1829, #2812 ) ;
#3171 = ORIENTED_EDGE ( 'NONE', *, *, #1205, .T. ) ;
#3172 = FACE_OUTER_BOUND ( 'NONE', #1381, .T. ) ;
#3173 = CARTESIAN_POINT ( 'NONE',  ( 11.43000000000001037, -5.204748896376247001E-17, 7.500000000000000000 ) ) ;
#3174 = EDGE_LOOP ( 'NONE', ( #1758, #3071 ) ) ;
#3175 = DIRECTION ( 'NONE',  ( 0.000000000000000000, 0.000000000000000000, 1.000000000000000000 ) ) ;
#3176 = ORIENTED_EDGE ( 'NONE', *, *, #1926, .T. ) ;
#3177 = VERTEX_POINT ( 'NONE', #643 ) ;
#3178 = DIRECTION ( 'NONE',  ( 0.000000000000000000, 0.000000000000000000, 1.000000000000000000 ) ) ;
#3179 = EDGE_CURVE ( 'NONE', #2608, #2895, #1389, .T. ) ;
#3180 = VECTOR ( 'NONE', #1858, 1000.000000000000000 ) ;
#3181 = CARTESIAN_POINT ( 'NONE',  ( -13.97000000000000064, -5.204748896376247001E-17, -7.999999999999998224 ) ) ;
#3182 = LINE ( 'NONE', #1707, #153 ) ;
#3183 = VERTEX_POINT ( 'NONE', #2416 ) ;
#3184 = FILL_AREA_STYLE_COLOUR ( '', #1860 ) ;
#3185 = EDGE_CURVE ( 'NONE', #1965, #738, #2161, .T. ) ;
#3186 = CARTESIAN_POINT ( 'NONE',  ( -3.809999999999997389, -1.600000000000000755, -7.999999999999998224 ) ) ;
#3187 = ORIENTED_EDGE ( 'NONE', *, *, #1096, .T. ) ;
#3188 = CIRCLE ( 'NONE', #1645, 0.4999999999999970024 ) ;
#3190 = EDGE_CURVE ( 'NONE', #1240, #1819, #2616, .T. ) ;
#3189 = CARTESIAN_POINT ( 'NONE',  ( 6.350000000000008527, 0.000000000000000000, 7.500000000000000000 ) ) ;
#3191 = ORIENTED_EDGE ( 'NONE', *, *, #2399, .F. ) ;
#3192 = VERTEX_POINT ( 'NONE', #184 ) ;
#3193 = LINE ( 'NONE', #2263, #407 ) ;
#3194 = VECTOR ( 'NONE', #964, 1000.000000000000000 ) ;
#3195 = AXIS2_PLACEMENT_3D ( 'NONE', #803, #3084, #1796 ) ;
#3196 = DIRECTION ( 'NONE',  ( 0.000000000000000000, 0.000000000000000000, 1.000000000000000000 ) ) ;
#3197 = DIRECTION ( 'NONE',  ( -0.000000000000000000, 1.000000000000000000, -0.000000000000000000 ) ) ;
#3198 = LINE ( 'NONE', #2716, #2083 ) ;
#3199 = DIRECTION ( 'NONE',  ( 0.000000000000000000, 0.000000000000000000, 1.000000000000000000 ) ) ;
#3200 = CARTESIAN_POINT ( 'NONE',  ( 16.51000000000000867, -5.204748896376247001E-17, -7.500000000000000000 ) ) ;
#3201 = ORIENTED_EDGE ( 'NONE', *, *, #3207, .T. ) ;
#3202 = VECTOR ( 'NONE', #439, 1000.000000000000000 ) ;
#3203 = DIRECTION ( 'NONE',  ( 0.000000000000000000, 0.000000000000000000, 1.000000000000000000 ) ) ;
#3204 = VERTEX_POINT ( 'NONE', #1192 ) ;
#3205 = ORIENTED_EDGE ( 'NONE', *, *, #1849, .F. ) ;
#3206 = DIRECTION ( 'NONE',  ( -0.000000000000000000, 1.000000000000000000, -0.000000000000000000 ) ) ;
#3207 = EDGE_CURVE ( 'NONE', #1453, #1145, #2880, .T. ) ;
#3208 = CARTESIAN_POINT ( 'NONE',  ( 3.810000000000004494, -5.204748896376247001E-17, -7.999999999999998224 ) ) ;
#3209 = CARTESIAN_POINT ( 'NONE',  ( -1.269999999999993356, 0.000000000000000000, 7.000000000000000888 ) ) ;
#3210 = AXIS2_PLACEMENT_3D ( 'NONE', #2926, #715, #2208 ) ;
#3211 = VERTEX_POINT ( 'NONE', #357 ) ;
#3212 = DIRECTION ( 'NONE',  ( 0.000000000000000000, 0.000000000000000000, 1.000000000000000000 ) ) ;
#3213 = AXIS2_PLACEMENT_3D ( 'NONE', #1168, #1633, #676 ) ;
#3214 = CARTESIAN_POINT ( 'NONE',  ( -17.60302925832301923, 2.000000000000000000, -4.242748111540175948 ) ) ;
#3215 = CIRCLE ( 'NONE', #1624, 0.4999999999999987232 ) ;
ENDSEC;
END-ISO-10303-21;
